Week,Date_Time,Timepoint,PA1,PA2,PA3,PA4,PA5,PA6,PA7,PA8,PA9,PA10,PA11,PA12,PH1,PH2,PH3,PH4,PH5,PH6,PH7,PH8,PH9,PH10,PH11,PH12,PCOM-SOURCE
1,7/24/2023 0:01,1,25.875,26.125,26.125,26.25,26.25,26.25,26.25,26.25,26.375,26.25,26.25,26.375,25.75,25.875,25.875,25.875,25.75,26,26,25.875,25.875,26.125,25.75,25.75,26.625
1,7/24/2023 0:31,2,25.625,26,26,26.125,26.125,26.125,26.125,26.125,26.125,26.125,26.125,26.25,25.5,25.75,25.75,25.75,25.5,25.875,25.75,25.625,25.625,25.875,25.5,25.625,26.5
1,7/24/2023 1:01,3,25.75,26,26,26.125,26.125,26.125,26.125,26.125,26.125,26.125,26.125,26.25,25.5,25.75,25.75,25.625,25.5,25.875,25.75,25.625,25.625,25.875,25.5,25.625,26.5
1,7/24/2023 1:31,4,25.625,26,26,26.125,26.125,26.125,26.125,26.125,26.125,26.125,26.125,26.25,25.5,25.75,25.75,25.75,25.5,25.875,25.75,25.625,25.625,25.875,25.5,25.625,26.5
1,7/24/2023 2:01,5,25.625,26,26,26.125,26,26.125,26.125,26.125,26.125,26.125,26.125,26.25,25.5,25.75,25.75,25.625,25.5,25.875,25.75,25.625,25.625,25.875,25.5,25.625,26.5
1,7/24/2023 2:31,6,25.75,26,26.125,26.125,26.125,26.125,26.125,26.125,26.25,26.125,26.125,26.25,25.5,25.75,25.75,25.75,25.5,25.875,25.75,25.625,25.625,25.875,25.5,25.625,26.5
1,7/24/2023 3:01,7,25.75,26,26.125,26.125,26.125,26.125,26.125,26.125,26.25,26.125,26.125,26.25,25.5,25.75,25.75,25.625,25.5,25.875,25.75,25.625,25.625,25.875,25.5,25.625,26.5
1,7/24/2023 3:31,8,25.75,26,26.125,26.125,26.125,26.25,26.125,26.125,26.25,26.125,26.125,26.375,25.5,25.75,25.75,25.75,25.625,25.875,25.875,25.75,25.75,25.875,25.625,25.625,26.5
1,7/24/2023 4:01,9,25.875,26.125,26.25,26.25,26.25,26.25,26.25,26.25,26.375,26.25,26.125,26.375,25.625,25.875,25.875,25.875,25.75,26,25.875,25.75,25.75,26,25.625,25.75,26.5
1,7/24/2023 4:31,10,25.625,26,26,26.125,26.125,26.125,26.125,26.125,26.125,26.125,26.125,26.25,25.5,25.75,25.75,25.625,25.5,25.875,25.75,25.625,25.625,25.875,25.5,25.625,26.375
1,7/24/2023 5:01,11,25.625,26,26,26.125,26,26.125,26,26.125,26.125,26,26,26.25,25.375,25.625,25.625,25.625,25.5,25.75,25.75,25.5,25.5,25.75,25.375,25.5,26.375
1,7/24/2023 5:31,12,25.625,26,26,26.125,26,26.125,26.125,26.125,26.125,26,26,26.25,25.5,25.75,25.75,25.625,25.5,25.875,25.75,25.625,25.625,25.875,25.5,25.625,26.375
1,7/24/2023 6:01,13,25.625,26,26.125,26.125,26.125,26.125,26.125,26.125,26.25,26.125,26,26.25,25.5,25.75,25.75,25.75,25.625,25.875,25.75,25.625,25.625,25.875,25.5,25.625,26.375
1,7/24/2023 6:31,14,25.625,26,26,26.125,26.125,26.125,26.125,26.125,26.25,26.125,26,26.25,25.5,25.75,25.75,25.75,25.625,25.875,25.875,25.625,25.625,25.875,25.5,25.625,26.25
1,7/24/2023 7:01,15,25.75,26,26.125,26.125,26.125,26.125,26.125,26.125,26.25,26.125,26,26.375,25.5,25.75,25.75,25.75,25.625,25.875,25.875,25.625,25.625,25.875,25.5,25.625,26.25
1,7/24/2023 7:31,16,25.625,26,26,26.125,26,26.125,26.125,26.125,26.125,26,26,26.25,25.5,25.625,25.625,25.625,25.5,25.75,25.75,25.5,25.5,25.75,25.375,25.5,26.25
1,7/24/2023 8:01,17,26.125,26.375,26.5,26.625,26.5,26.5,26.625,26.625,26.75,26.5,26.5,26.625,25.875,26.125,26.125,26.125,26,26.25,26.25,26.125,26.125,26.25,26,26,26.375
1,7/24/2023 8:31,18,26.375,26.625,26.875,26.875,26.625,26.875,26.75,26.75,26.875,26.75,26.625,26.875,26.25,26.5,26.5,26.375,26.375,26.625,26.5,26.375,26.375,26.625,26.375,26.375,26.5
1,7/24/2023 9:01,19,26.5,26.625,27,26.875,26.75,26.875,26.75,26.75,26.875,26.75,26.625,27.125,26.5,26.75,26.75,26.625,26.625,26.875,26.75,26.625,26.625,26.875,26.625,26.625,26.5
1,7/24/2023 9:31,20,26.625,26.75,27,27,26.875,27,26.875,26.875,27,26.875,26.75,27.125,26.5,26.75,26.75,26.75,26.625,26.875,26.875,26.75,26.75,27,26.625,26.625,26.5
1,7/24/2023 10:01,21,26.625,26.875,27.125,27,26.875,27,26.875,26.875,27,26.875,26.75,27.125,26.625,26.875,26.75,26.75,26.625,26.875,26.875,26.75,26.75,27,26.625,26.625,26.5
1,7/24/2023 10:31,22,27.25,27.25,27.75,27.625,27.25,27.75,27.625,27.375,27.625,27.125,27.125,27.375,27.25,27.5,27.375,27.375,27.25,27.5,27.375,27.25,27.25,27.25,26.875,26.875,26.75
1,7/24/2023 11:01,23,27.125,27.125,27.5,27.5,27.125,27.5,27.375,27.125,27.375,27.125,27,27.25,27,27.25,27.125,27.125,27.125,27.25,27.125,27,27,27.125,26.75,26.875,26.625
1,7/24/2023 11:31,24,27.125,27.25,27.625,27.5,27.25,27.375,27.25,27.125,27.25,27.125,27,27.375,27,27.25,27.125,27.125,27,27.25,27.125,27,27,27.25,26.875,26.875,26.75
1,7/24/2023 12:01,25,27,27.125,27.375,27.25,27.125,27.25,27.125,27,27.125,27,26.875,27.25,26.75,27,27,26.875,26.875,27,27.125,26.875,26.875,27.125,26.75,26.75,26.625
1,7/24/2023 12:31,26,26.875,27.125,27.375,27.25,27,27.25,27.125,27,27.125,27,26.875,27.25,26.875,27.125,27,27,26.875,27.125,27.125,27,27,27.125,26.875,26.875,26.625
1,7/24/2023 13:01,27,26.875,27,27.25,27.125,27,27.25,27,27,27.125,26.875,26.875,27.125,26.75,27,27,27,26.875,27.125,27.125,26.875,26.875,27.125,26.75,26.875,26.625
1,7/24/2023 13:31,28,26.75,27,27.25,27,27,27.125,26.875,27,27,26.75,26.75,27.125,26.75,27,26.875,26.875,26.75,27,27,26.875,26.875,27.125,26.75,26.75,26.75
1,7/24/2023 14:01,29,26.75,27,27.25,27,26.875,27.125,26.75,26.875,26.875,26.625,26.5,27,26.75,27,26.75,26.875,26.75,27,27,26.875,26.75,27.125,26.75,26.75,26.75
1,7/24/2023 14:31,30,26.75,27,27.25,27,26.875,27.125,26.875,26.875,27,26.75,26.625,27,26.75,26.875,26.875,26.875,26.75,26.875,27,26.875,26.75,27.125,26.625,26.75,26.75
1,7/24/2023 15:01,31,26.875,27.125,27.375,27.125,27.125,27.25,27,27,27.125,27,26.875,27.25,26.75,27.125,27,27,27,27.25,27.125,27,27,27.375,27,26.875,26.875
1,7/24/2023 15:31,32,26.75,27,27.25,27.125,27,27.25,27,27,27.125,26.875,26.875,27.25,26.75,27.125,27,27,26.875,27.25,27.125,27,27,27.375,27,27,26.75
1,7/24/2023 16:01,33,26.75,27,27,27.125,26.875,27,27,27,27,26.875,26.75,27.125,26.625,26.875,26.875,26.875,26.75,27,27,26.875,26.875,27.125,26.75,26.75,26.75
1,7/24/2023 16:31,34,26.625,26.875,26.875,27,26.875,27,26.875,26.875,26.875,26.875,26.75,27.125,26.5,26.75,26.75,26.75,26.625,26.875,26.875,26.75,26.75,27,26.625,26.625,26.625
1,7/24/2023 17:01,35,26.625,26.875,27,27,26.875,27,27,27,27,26.875,26.75,27.125,26.625,26.875,26.75,26.75,26.625,27,26.875,26.75,26.75,27.125,26.75,26.75,26.75
1,7/24/2023 17:31,36,26.625,26.875,27,26.875,26.875,27,26.875,26.875,26.875,26.75,26.75,27.125,26.5,26.75,26.75,26.75,26.625,27,26.875,26.75,26.75,27,26.625,26.625,26.625
1,7/24/2023 18:01,37,26.5,26.75,26.875,26.875,26.75,26.875,26.75,26.75,26.75,26.625,26.625,27,26.375,26.75,26.625,26.625,26.5,26.875,26.75,26.625,26.625,27,26.625,26.625,26.5
1,7/24/2023 18:31,38,26.25,26.625,26.625,26.625,26.625,26.75,26.625,26.625,26.625,26.5,26.5,26.875,26.25,26.625,26.625,26.5,26.375,26.75,26.625,26.625,26.5,26.875,26.5,26.5,26.5
1,7/24/2023 19:01,39,26.25,26.5,26.625,26.625,26.5,26.625,26.625,26.625,26.5,26.5,26.5,26.875,26.25,26.5,26.625,26.5,26.375,26.75,26.625,26.625,26.5,26.75,26.5,26.5,26.5
1,7/24/2023 19:31,40,26.25,26.5,26.5,26.5,26.5,26.625,26.5,26.625,26.5,26.375,26.5,26.75,26.25,26.5,26.375,26.375,26.25,26.625,26.5,26.5,26.375,26.75,26.375,26.375,26.375
1,7/24/2023 20:01,41,26.25,26.5,26.5,26.625,26.5,26.625,26.5,26.625,26.5,26.5,26.5,26.75,26.25,26.5,26.375,26.375,26.25,26.625,26.5,26.5,26.375,26.75,26.375,26.375,26.375
1,7/24/2023 20:31,42,26.25,26.5,26.5,26.625,26.5,26.625,26.625,26.625,26.5,26.5,26.5,26.875,26.25,26.5,26.375,26.5,26.25,26.625,26.5,26.5,26.375,26.75,26.375,26.375,26.5
1,7/24/2023 21:01,43,26.25,26.5,26.625,26.625,26.5,26.625,26.625,26.625,26.375,26.5,26.5,26.875,26.25,26.5,26.5,26.5,26.375,26.75,26.625,26.5,26.5,26.75,26.375,26.5,26.5
1,7/24/2023 21:31,44,26.25,26.5,26.5,26.625,26.5,26.625,26.5,26.625,26.5,26.5,26.5,26.75,26.25,26.5,26.5,26.5,26.25,26.75,26.5,26.5,26.5,26.75,26.375,26.375,26.5
1,7/24/2023 22:01,45,26.125,26.5,26.5,26.5,26.375,26.625,26.5,26.5,26.375,26.375,26.375,26.75,26.125,26.5,26.5,26.375,26.25,26.625,26.5,26.5,26.375,26.75,26.375,26.375,26.375
1,7/24/2023 22:31,46,26,26.375,26.375,26.375,26.25,26.375,26.375,26.5,26.25,26.25,26.375,26.625,26,26.375,26.25,26.25,26.125,26.5,26.375,26.375,26.25,26.625,26.125,26.25,26.375
1,7/24/2023 23:01,47,26,26.25,26.25,26.375,26.25,26.375,26.375,26.375,26.375,26.25,26.375,26.625,26,26.375,26.25,26.25,26.125,26.5,26.375,26.375,26.25,26.625,26.125,26.125,26.25
1,7/24/2023 23:31,48,26.125,26.375,26.375,26.5,26.375,26.5,26.5,26.5,26.5,26.375,26.375,26.75,26.125,26.375,26.375,26.375,26.25,26.625,26.5,26.375,26.375,26.625,26.25,26.25,26.25
1,7/25/2023 0:01,49,25.75,26.125,26.125,26.25,26.125,26.125,26.125,26.25,26.125,26.125,26.125,26.375,25.75,26.125,26.125,26,25.875,26.25,26.125,26.125,26,26.25,25.875,25.875,26.125
1,7/25/2023 0:31,50,25.875,26.125,26.125,26.375,26.125,26.25,26.25,26.375,26.125,26.25,26.25,26.5,25.875,26.125,26.125,26.125,26,26.375,26.25,26.125,26.125,26.375,26,26,26.125
1,7/25/2023 1:01,51,25.875,26.25,26.25,26.375,26.25,26.375,26.375,26.375,26.25,26.25,26.25,26.625,26,26.25,26.25,26.25,26,26.375,26.25,26.25,26.25,26.5,26,26.125,26.125
1,7/25/2023 1:31,52,25.875,26.125,26.125,26.25,26.125,26.25,26.25,26.25,26.125,26.125,26.25,26.5,25.875,26.125,26.125,26.125,26,26.375,26.25,26.125,26.125,26.375,26,26,26.125
1,7/25/2023 2:01,53,25.875,26.125,26.125,26.25,26.125,26.25,26.25,26.25,26.125,26.125,26.25,26.5,25.875,26.125,26.125,26.125,26,26.375,26.25,26.125,26.125,26.375,26,26,26.125
1,7/25/2023 2:31,54,25.875,26.125,26.125,26.25,26.125,26.25,26.125,26.25,26.125,26.125,26.125,26.5,25.875,26.125,26.125,26.125,26,26.375,26.25,26.125,26.125,26.375,26,26,26
1,7/25/2023 3:01,55,25.75,26,26,26.125,26,26.125,26.125,26.125,26.125,26,26.125,26.375,25.75,26,26,26,25.875,26.25,26.125,26,26,26.25,25.875,25.875,26
1,7/25/2023 3:31,56,25.875,26.125,26.125,26.25,26.125,26.125,26.125,26.25,26,26.125,26.125,26.375,25.75,26.125,26,26,25.875,26.25,26.125,26.125,26,26.25,25.875,25.875,26
1,7/25/2023 4:01,57,25.75,26.125,26.125,26.25,26,26.125,26.125,26.25,26.125,26.125,26.125,26.375,25.75,26,26,26,25.875,26.25,26.125,26,26,26.25,25.875,25.875,26
1,7/25/2023 4:31,58,25.75,26,26,26.125,26,26.125,26,26.125,26,26,26,26.375,25.75,26,25.875,25.875,25.75,26.125,26,26,25.875,26.25,25.75,25.75,26
1,7/25/2023 5:01,59,25.75,26,26,26.125,26,26.125,26.125,26.125,26,26,26,26.375,25.75,26,26,26,25.875,26.25,26.125,26,26,26.25,25.875,25.875,26
1,7/25/2023 5:31,60,25.75,26,26.125,26.125,26,26.125,26.125,26.125,26.125,26,26.125,26.375,25.75,26.125,26.125,26,25.875,26.25,26.125,26.125,26,26.25,25.875,26,25.875
1,7/25/2023 6:01,61,25.75,26,26.125,26.125,26,26.125,26.125,26.125,26.125,26,26,26.375,25.75,26.125,26.125,26,25.875,26.25,26.125,26.125,26,26.375,25.875,26,26
1,7/25/2023 6:31,62,25.75,26,26.125,26.125,26,26.125,26,26.125,26.125,26,26,26.375,25.75,26.125,26.125,26,25.875,26.25,26.125,26,26,26.25,25.875,26,25.875
1,7/25/2023 7:01,63,25.75,26,26.125,26.125,26,26.125,26.125,26.125,26.125,26,26,26.375,25.75,26.125,26.125,26,25.875,26.25,26.125,26.125,26,26.25,25.875,26,25.875
1,7/25/2023 7:31,64,25.75,26.125,26.125,26.125,26,26.25,26.125,26.125,26.25,26,26,26.375,25.875,26.125,26.125,26.125,26,26.25,26.125,26.125,26.125,26.375,26,26,25.875
1,7/25/2023 8:01,65,25.875,26.125,26.125,26.25,26.125,26.25,26.125,26.25,26.25,26.125,26.125,26.375,25.875,26.125,26.125,26.125,26,26.375,26.25,26.125,26.125,26.375,26,26,25.875
1,7/25/2023 8:31,66,26,26.25,26.375,26.375,26.25,26.375,26.25,26.375,26.5,26.25,26.25,26.5,26,26.375,26.25,26.25,26.125,26.5,26.375,26.25,26.25,26.5,26.125,26.25,26
1,7/25/2023 9:01,67,26.25,26.5,26.625,26.625,26.5,26.75,26.5,26.5,26.75,26.375,26.375,26.875,26.375,26.75,26.75,26.625,26.625,26.875,26.875,26.75,26.75,27,26.625,26.625,26.125
1,7/25/2023 9:31,68,26.25,26.5,26.75,26.625,26.5,26.75,26.5,26.625,26.75,26.5,26.375,26.875,26.375,26.75,26.75,26.625,26.625,26.875,26.875,26.75,26.75,27,26.625,26.625,26.125
1,7/25/2023 10:01,69,26.625,26.875,27.125,27,26.875,27.125,26.875,26.875,27.125,26.875,26.625,27.125,26.875,27.25,27.25,27.125,27,27.25,27.25,27.125,27.125,27.375,27,27,26.375
1,7/25/2023 10:31,70,27.125,27,27.75,27.625,27.125,27.625,27.625,27.25,27.75,27.125,27,27.375,27.875,28.25,28.125,27.875,27.75,28,28,27.875,27.875,27.625,27.25,27.375,26.625
1,7/25/2023 11:01,71,27.625,27.5,28.125,28.125,27.75,28.25,27.625,27.375,27.75,27.25,27.25,27.5,27.875,28.375,28.25,28.125,28.125,28.25,27.75,27.75,27.75,27.75,27.375,27.375,26.875
1,7/25/2023 11:31,72,27.75,27.75,28.375,27.875,27.75,28,27.375,27.5,27.625,27.25,27.375,27.5,27.875,28.25,28.125,27.75,27.625,27.75,27.625,27.5,27.5,27.75,27.375,27.375,27
1,7/25/2023 12:01,73,27.375,27.625,28,27.5,27.5,27.625,27.25,27.625,27.5,27.25,27.25,27.5,27.5,27.875,27.625,27.5,27.375,27.5,27.625,27.375,27.375,27.625,27.375,27.25,27.375
1,7/25/2023 12:31,74,27.125,27.5,27.75,27.375,27.5,27.625,27.375,27.625,27.5,27.25,27.25,27.625,27.25,27.625,27.5,27.375,27.25,27.5,27.5,27.375,27.375,27.625,27.375,27.375,27.375
1,7/25/2023 13:01,75,27,27.375,27.625,27.375,27.5,27.5,27.25,27.375,27.375,27.125,27.125,27.5,27.125,27.5,27.375,27.25,27.25,27.5,27.5,27.375,27.375,27.625,27.25,27.25,27.125
1,7/25/2023 13:31,76,26.875,27.25,27.375,27.125,27.25,27.375,27.125,27.125,27.25,27,27,27.375,26.875,27.25,27.25,27.125,27.125,27.375,27.375,27.25,27.125,27.5,27.125,27.125,27
1,7/25/2023 14:01,77,27.125,27.625,27.625,27.5,27.5,27.625,27.375,27.5,27.625,27.375,27.25,27.625,27.125,27.5,27.375,27.375,27.25,27.5,27.625,27.375,27.375,27.75,27.375,27.375,27.25
1,7/25/2023 14:31,78,27.25,27.625,27.75,27.625,27.625,27.75,27.5,27.625,27.75,27.375,27.375,27.75,27.25,27.625,27.5,27.5,27.5,27.625,27.625,27.625,27.5,27.75,27.5,27.5,27.375
1,7/25/2023 15:01,79,27.125,27.5,27.625,27.5,27.5,27.625,27.375,27.5,27.625,27.375,27.25,27.75,27.125,27.5,27.5,27.375,27.375,27.625,27.625,27.5,27.5,27.875,27.5,27.5,27.25
1,7/25/2023 15:31,80,27,27.375,27.5,27.5,27.375,27.5,27.375,27.375,27.5,27.25,27.125,27.5,27,27.375,27.375,27.375,27.375,27.625,27.625,27.5,27.5,27.75,27.375,27.5,27
1,7/25/2023 16:01,81,26.875,27.125,27.375,27.25,27.25,27.375,27.25,27.25,27.25,27.125,27,27.375,26.875,27.25,27.25,27.125,27.125,27.375,27.375,27.25,27.25,27.5,27.125,27.125,26.875
1,7/25/2023 16:31,82,26.75,27.125,27.25,27.25,27.125,27.25,27.125,27.125,27.125,27,27,27.375,26.75,27.125,27.125,27,26.875,27.25,27.125,27.125,27.125,27.375,27,27,26.875
1,7/25/2023 17:01,83,26.625,26.875,27.125,27,27,27.125,27,27,27,26.875,26.875,27.25,26.625,26.875,27,26.875,26.75,27.125,27.125,27,26.875,27.25,26.875,26.875,26.875
1,7/25/2023 17:31,84,26.5,26.75,27,27,26.875,27,26.875,26.875,26.875,26.75,26.75,27.125,26.5,26.875,26.875,26.75,26.625,27,27,26.875,26.875,27.125,26.75,26.75,26.75
1,7/25/2023 18:01,85,26.375,26.625,26.75,26.75,26.625,26.75,26.75,26.75,26.75,26.625,26.625,27,26.375,26.625,26.625,26.625,26.5,26.875,26.75,26.625,26.625,26.875,26.5,26.5,26.625
1,7/25/2023 18:31,86,26.375,26.625,26.75,26.75,26.625,26.75,26.75,26.75,26.75,26.625,26.625,27,26.375,26.625,26.625,26.625,26.5,26.875,26.75,26.625,26.625,26.875,26.5,26.5,26.625
1,7/25/2023 19:01,87,26.25,26.5,26.5,26.625,26.5,26.625,26.625,26.625,26.625,26.5,26.5,26.875,26.25,26.5,26.5,26.5,26.375,26.75,26.625,26.625,26.5,26.75,26.375,26.5,26.5
1,7/25/2023 19:31,88,26.25,26.5,26.625,26.625,26.5,26.625,26.625,26.625,26.75,26.5,26.5,26.875,26.25,26.5,26.5,26.5,26.375,26.75,26.625,26.625,26.5,26.75,26.375,26.5,26.5
1,7/25/2023 20:01,89,26.125,26.375,26.5,26.625,26.375,26.5,26.5,26.625,26.5,26.5,26.5,26.75,26.125,26.375,26.375,26.375,26.25,26.625,26.5,26.5,26.375,26.75,26.25,26.375,26.375
1,7/25/2023 20:31,90,26.125,26.5,26.5,26.625,26.5,26.625,26.5,26.625,26.625,26.5,26.5,26.75,26.25,26.5,26.5,26.375,26.25,26.625,26.5,26.5,26.375,26.75,26.25,26.375,26.375
1,7/25/2023 21:01,91,26.25,26.5,26.5,26.625,26.375,26.5,26.5,26.625,26.75,26.5,26.5,26.75,26.125,26.375,26.375,26.375,26.25,26.625,26.5,26.5,26.375,26.75,26.25,26.375,26.5
1,7/25/2023 21:31,92,26.125,26.5,26.5,26.625,26.375,26.5,26.5,26.625,26.625,26.5,26.5,26.75,26.125,26.375,26.375,26.375,26.25,26.625,26.5,26.5,26.375,26.625,26.25,26.25,26.5
1,7/25/2023 22:01,93,26.125,26.5,26.375,26.5,26.375,26.5,26.5,26.5,26.625,26.375,26.5,26.75,26.125,26.375,26.375,26.375,26.25,26.625,26.5,26.375,26.375,26.625,26.25,26.25,26.375
1,7/25/2023 22:31,94,26.125,26.375,26.375,26.5,26.375,26.5,26.5,26.5,26.625,26.375,26.5,26.75,26.125,26.375,26.375,26.375,26.25,26.5,26.5,26.375,26.375,26.625,26.25,26.25,26.375
1,7/25/2023 23:01,95,26.125,26.5,26.5,26.625,26.375,26.5,26.5,26.5,26.625,26.375,26.5,26.75,26.125,26.375,26.375,26.375,26.25,26.625,26.5,26.375,26.375,26.625,26.25,26.375,26.375
1,7/25/2023 23:31,96,26.125,26.5,26.5,26.5,26.375,26.5,26.5,26.5,26.625,26.375,26.5,26.75,26.125,26.375,26.375,26.375,26.25,26.625,26.5,26.375,26.375,26.625,26.25,26.25,26.375
1,7/26/2023 0:01,97,26.125,26.5,26.5,26.625,26.375,26.5,26.5,26.5,26.75,26.5,26.5,26.75,26.25,26.5,26.375,26.375,26.25,26.625,26.5,26.5,26.375,26.75,26.25,26.375,26.375
1,7/26/2023 0:31,98,26.125,26.375,26.5,26.5,26.375,26.5,26.5,26.5,26.625,26.375,26.5,26.75,26.125,26.375,26.375,26.375,26.25,26.625,26.5,26.5,26.375,26.625,26.25,26.375,26.375
1,7/26/2023 1:01,99,26.125,26.375,26.375,26.5,26.375,26.5,26.5,26.5,26.625,26.375,26.375,26.75,26.125,26.375,26.375,26.375,26.25,26.625,26.5,26.375,26.375,26.625,26.25,26.25,26.375
1,7/26/2023 1:31,100,26,26.375,26.375,26.5,26.25,26.375,26.375,26.375,26.5,26.25,26.375,26.625,26,26.375,26.25,26.25,26.125,26.5,26.375,26.375,26.25,26.625,26.125,26.25,26.25
1,7/26/2023 2:01,101,26,26.25,26.375,26.375,26.25,26.375,26.375,26.375,26.375,26.25,26.375,26.625,26,26.25,26.25,26.25,26.125,26.5,26.375,26.25,26.25,26.5,26.125,26.25,26.25
1,7/26/2023 2:31,102,26,26.25,26.25,26.375,26.25,26.375,26.25,26.375,26.375,26.25,26.25,26.625,26,26.25,26.25,26.125,26,26.375,26.375,26.25,26.25,26.5,26,26.125,26.25
1,7/26/2023 3:01,103,25.75,26.125,26.125,26.25,26,26.125,26.125,26.25,26.25,26.125,26.125,26.375,25.75,26,26.125,26,25.875,26.25,26.125,26.125,26,26.375,25.875,26,26.125
1,7/26/2023 3:31,104,25.875,26.125,26.125,26.25,26.125,26.25,26.25,26.375,26.375,26.125,26.25,26.5,25.875,26.125,26.125,26.125,26,26.375,26.25,26.125,26.125,26.375,26,26.125,26.125
1,7/26/2023 4:01,105,25.875,26.125,26.125,26.25,26.125,26.25,26.25,26.375,26.375,26.25,26.25,26.5,25.875,26.125,26.25,26.125,26,26.5,26.25,26.25,26.25,26.5,26.125,26.125,26.125
1,7/26/2023 4:31,106,25.875,26.125,26.125,26.25,26.125,26.25,26.25,26.25,26.25,26.125,26.125,26.5,25.875,26.125,26.125,26.125,26,26.375,26.25,26.25,26.125,26.375,26,26.125,26.125
1,7/26/2023 5:01,107,25.875,26.125,26.125,26.25,26.125,26.25,26.25,26.375,26.375,26.125,26.25,26.5,25.875,26.125,26.25,26.125,26,26.375,26.25,26.25,26.25,26.5,26,26.125,26.125
1,7/26/2023 5:31,108,25.875,26.125,26.125,26.25,26.125,26.25,26.25,26.375,26.375,26.125,26.25,26.5,25.875,26.25,26.25,26.125,26,26.5,26.375,26.25,26.25,26.5,26.125,26.125,26.125
1,7/26/2023 6:01,109,25.875,26.125,26.125,26.25,26.125,26.25,26.25,26.25,26.25,26.125,26.125,26.5,25.875,26.125,26.125,26.125,26,26.375,26.25,26.125,26.125,26.375,26,26,26.125
1,7/26/2023 6:31,110,25.875,26.125,26.125,26.25,26.125,26.25,26.125,26.25,26.25,26.125,26.125,26.375,25.875,26.125,26.125,26,25.875,26.375,26.25,26.125,26.125,26.375,26,26,26.125
1,7/26/2023 7:01,111,26,26.25,26.25,26.375,26.125,26.25,26.25,26.375,26.375,26.25,26.25,26.5,25.875,26.25,26.25,26.125,26,26.375,26.25,26.25,26.25,26.5,26,26.125,26.125
1,7/26/2023 7:31,112,26,26.25,26.375,26.375,26.25,26.375,26.375,26.375,26.5,26.25,26.25,26.625,26,26.25,26.25,26.25,26.125,26.5,26.375,26.25,26.25,26.5,26.125,26.125,26.25
1,7/26/2023 8:01,113,26.125,26.375,26.5,26.5,26.375,26.5,26.5,26.5,26.75,26.375,26.375,26.75,26.125,26.375,26.375,26.375,26.25,26.5,26.5,26.375,26.375,26.625,26.25,26.25,26.25
1,7/26/2023 8:31,114,26.375,26.5,26.625,26.625,26.5,26.625,26.625,26.625,26.75,26.5,26.5,26.875,26.25,26.5,26.5,26.5,26.375,26.625,26.625,26.5,26.5,26.75,26.375,26.375,26.375
1,7/26/2023 9:01,115,26.625,26.75,26.75,26.875,26.75,26.875,26.75,26.75,27,26.75,26.625,27.125,26.5,26.875,26.75,26.75,26.625,26.875,26.875,26.75,26.75,27,26.625,26.625,26.375
1,7/26/2023 9:31,116,27,27.25,27.375,27.375,27.25,27.375,27.375,27.375,27.75,27.375,27.125,27.625,27.25,27.625,27.375,27.375,27.375,27.5,27.625,27.375,27.375,27.625,27.25,27.125,26.5
1,7/26/2023 10:01,117,27.375,27.625,28.125,27.5,27.5,27.75,27.25,27.125,27.625,27.125,27,27.625,27.875,28.25,28,28,28,28,28,27.875,27.875,28.125,27.75,27.75,26.625
1,7/26/2023 10:31,118,27.125,27.5,27.875,27.5,27.5,27.875,27.5,27.375,28,27.25,27.125,27.625,28.25,28.625,28.25,28.25,28.125,28.125,28.25,28.125,28.125,27.875,27.5,27.5,26.875
1,7/26/2023 11:01,119,28,28,28.625,28.375,28.25,28.625,27.875,27.75,28.125,27.5,27.625,27.875,28.5,28.75,28.375,28.5,28.375,28.5,28.125,27.875,27.875,28,27.5,27.5,27.25
1,7/26/2023 11:31,120,28.75,28.75,29.25,28.5,28.5,28.625,28,28.25,28.25,27.875,28,28.125,28.75,29.25,28.75,28.25,28.125,28.125,28.125,27.875,27.875,28.125,27.75,27.625,27.375
1,7/26/2023 12:01,121,28.25,28.25,28.625,28,28.125,28.125,27.75,28,27.875,27.75,27.75,27.875,28,28.25,27.875,27.75,27.625,27.75,27.875,27.625,27.625,27.875,27.5,27.5,27.25
1,7/26/2023 12:31,122,27.75,28,28.125,27.875,27.875,27.875,27.75,28,27.75,27.625,27.625,27.875,27.625,27.875,27.625,27.625,27.5,27.625,27.75,27.5,27.5,27.875,27.375,27.375,27.375
1,7/26/2023 13:01,123,27.5,27.875,27.875,27.75,28,27.75,27.625,27.75,27.875,27.625,27.5,27.875,27.5,27.75,27.5,27.5,27.375,27.5,27.625,27.5,27.375,27.75,27.375,27.375,27.5
1,7/26/2023 13:31,124,27.5,27.875,27.875,27.75,28,27.75,27.625,27.75,27.875,27.625,27.5,27.875,27.375,27.75,27.375,27.5,27.375,27.5,27.625,27.5,27.375,27.75,27.375,27.375,27.5
1,7/26/2023 14:01,125,27.625,28,28,27.875,28,27.875,27.75,27.75,27.875,27.625,27.625,27.75,27.375,27.75,27.5,27.5,27.375,27.625,27.75,27.5,27.5,27.75,27.375,27.375,27.375
1,7/26/2023 14:31,126,27.375,27.75,27.75,27.625,27.625,27.625,27.5,27.5,27.5,27.375,27.25,27.625,27.125,27.5,27.25,27.25,27.25,27.375,27.5,27.25,27.25,27.5,27.125,27.125,27.25
1,7/26/2023 15:01,127,27.25,27.5,27.625,27.5,27.5,27.5,27.375,27.375,27.5,27.25,27.25,27.625,27,27.375,27.25,27.125,27.125,27.375,27.375,27.25,27.125,27.5,27.125,27.125,27.25
1,7/26/2023 15:31,128,26.875,27.25,27.375,27.25,27.125,27.25,27.125,27.125,27.25,27.125,27,27.375,26.875,27.125,27.125,27,27,27.25,27.25,27.125,27,27.375,27,27,27.125
1,7/26/2023 16:01,129,26.75,27,27.25,27.125,27,27.125,27,27,27.125,26.875,26.875,27.25,26.75,27,27,26.875,26.875,27.125,27.125,27,26.875,27.25,26.875,26.875,27.25
1,7/26/2023 16:31,130,26.75,27,27.25,27,27,27.125,27,27,27.125,26.875,26.875,27.25,26.75,27,27,26.875,26.875,27.125,27.125,27,26.875,27.25,26.875,26.875,27.25
1,7/26/2023 17:01,131,26.625,27,27.125,27,26.875,27.125,27,27,27.125,26.875,26.875,27.25,26.75,27,27,26.875,26.75,27.125,27,26.875,26.875,27.125,26.75,26.875,27.25
1,7/26/2023 17:31,132,26.625,26.875,27,26.875,26.875,27,26.875,26.875,27,26.75,26.875,27.125,26.5,26.875,26.875,26.75,26.75,27,27,26.875,26.875,27.125,26.75,26.75,27.125
1,7/26/2023 18:01,133,26.5,26.875,27,26.875,26.75,27,26.75,26.875,27,26.75,26.75,27.125,26.5,26.875,26.75,26.75,26.625,27,26.875,26.75,26.75,27,26.625,26.625,27.25
1,7/26/2023 18:31,134,26.5,26.875,26.875,26.875,26.75,26.875,26.75,26.875,27,26.75,26.75,27.125,26.5,26.75,26.75,26.625,26.625,26.875,26.875,26.75,26.75,27,26.625,26.625,27.25
1,7/26/2023 19:01,135,26.375,26.75,26.75,26.75,26.625,26.875,26.75,26.75,26.75,26.625,26.75,27,26.375,26.75,26.625,26.625,26.5,26.875,26.75,26.625,26.625,26.875,26.5,26.5,27.125
1,7/26/2023 19:31,136,26.25,26.625,26.75,26.625,26.5,26.75,26.625,26.75,26.75,26.625,26.625,27,26.25,26.625,26.625,26.5,26.375,26.75,26.625,26.625,26.5,26.75,26.5,26.5,27.125
1,7/26/2023 20:01,137,26.25,26.625,26.625,26.625,26.5,26.75,26.625,26.75,26.75,26.625,26.625,27,26.25,26.5,26.625,26.5,26.375,26.75,26.625,26.625,26.5,26.75,26.5,26.5,27.125
1,7/26/2023 20:31,138,26.125,26.5,26.625,26.625,26.5,26.625,26.625,26.625,26.75,26.5,26.625,26.875,26.25,26.5,26.5,26.375,26.375,26.75,26.625,26.5,26.5,26.75,26.375,26.5,27
1,7/26/2023 21:01,139,26.125,26.5,26.625,26.5,26.375,26.625,26.5,26.625,26.75,26.5,26.5,26.875,26.125,26.5,26.5,26.375,26.25,26.625,26.5,26.5,26.375,26.625,26.25,26.375,27
1,7/26/2023 21:31,140,26,26.5,26.5,26.5,26.375,26.625,26.5,26.625,26.625,26.5,26.5,26.875,26.125,26.375,26.375,26.25,26.25,26.625,26.5,26.375,26.375,26.625,26.25,26.25,27
1,7/26/2023 22:01,141,26,26.375,26.375,26.375,26.25,26.375,26.375,26.5,26.375,26.375,26.5,26.75,26,26.25,26.25,26.25,26.125,26.5,26.375,26.25,26.25,26.5,26.125,26.125,26.875
1,7/26/2023 22:31,142,25.875,26.25,26.25,26.375,26.25,26.375,26.375,26.5,26.375,26.25,26.375,26.625,25.875,26.125,26.125,26.125,26,26.375,26.25,26.125,26.125,26.375,26,26,26.875
1,7/26/2023 23:01,143,26,26.375,26.375,26.375,26.25,26.375,26.375,26.5,26.375,26.375,26.375,26.75,25.875,26.25,26.25,26.125,26.125,26.375,26.25,26.25,26.25,26.375,26,26.125,26.75
1,7/26/2023 23:31,144,25.75,26.125,26.125,26.25,26.125,26.25,26.25,26.375,26.125,26.125,26.25,26.5,25.75,26,26,26,25.875,26.125,26.125,26,26,26.25,25.75,25.875,26.75
1,7/27/2023 0:01,145,25.75,26.125,26.125,26.25,26,26.25,26.125,26.375,26.25,26.125,26.25,26.5,25.75,26,26,25.875,25.875,26.25,26.125,26,26,26.25,25.75,25.875,26.875
1,7/27/2023 0:31,146,25.75,26.125,26.125,26.25,26,26.25,26.125,26.375,26.125,26.125,26.25,26.5,25.75,26,26,25.875,25.75,26.125,26,26,25.875,26.125,25.75,25.875,26.875
1,7/27/2023 1:01,147,25.75,26.125,26.125,26.25,26,26.25,26.125,26.375,26.125,26.125,26.25,26.5,25.75,26,26,25.875,25.75,26.125,26,25.875,25.875,26.125,25.75,25.875,26.75
1,7/27/2023 1:31,148,25.625,26,26,26.125,25.875,26.125,26,26.25,26,26,26.125,26.375,25.5,25.875,25.875,25.75,25.625,26,25.875,25.875,25.75,26,25.625,25.75,26.75
1,7/27/2023 2:01,149,25.625,26,26,26.125,25.875,26,26,26.25,26,26,26.125,26.375,25.5,25.875,25.875,25.75,25.625,26,25.875,25.75,25.75,26,25.625,25.625,26.75
1,7/27/2023 2:31,150,25.625,26,26,26.125,25.875,26,26,26.25,26.125,26,26.125,26.375,25.5,25.875,25.875,25.75,25.625,26,25.875,25.75,25.75,26,25.625,25.625,26.75
1,7/27/2023 3:01,151,25.5,26,25.875,26,25.875,26,25.875,26.125,25.875,25.875,26,26.25,25.5,25.75,25.75,25.625,25.5,25.875,25.75,25.75,25.625,25.875,25.5,25.625,26.625
1,7/27/2023 3:31,152,25.5,26,26,26,25.875,26,26,26.125,26,26,26,26.25,25.5,25.75,25.875,25.75,25.625,26,25.875,25.75,25.75,26,25.625,25.625,26.625
1,7/27/2023 4:01,153,25.625,26,26,26,25.875,26,26,26.125,26.125,26,26.125,26.375,25.5,25.875,25.75,25.75,25.625,26,25.875,25.75,25.75,26,25.625,25.625,26.625
1,7/27/2023 4:31,154,25.625,26,26,26,25.875,26,26,26.125,26.125,26,26.125,26.375,25.5,25.875,25.75,25.75,25.625,26,25.875,25.75,25.75,26,25.625,25.625,26.625
1,7/27/2023 5:01,155,25.75,26,26.125,26.125,26,26.125,26.125,26.25,26.25,26.125,26.125,26.375,25.625,25.875,25.875,25.875,25.75,26,26,25.875,25.75,26.125,25.75,25.75,26.625
1,7/27/2023 5:31,156,25.75,26.125,26.125,26.125,26,26.125,26.125,26.25,26.25,26.125,26.125,26.5,25.75,26,25.875,25.875,25.75,26.125,26,25.875,25.875,26.125,25.75,25.75,26.75
1,7/27/2023 6:01,157,25.75,26.125,26.125,26.125,26,26.125,26,26.25,26.25,26.125,26.125,26.375,25.625,25.875,25.875,25.75,25.75,26,26,25.875,25.75,26.125,25.75,25.75,26.75
1,7/27/2023 6:31,158,25.75,26.125,26.125,26.125,26,26.125,26,26.125,26.25,26,26.125,26.375,25.625,25.875,25.875,25.75,25.75,26,26,25.875,25.75,26.125,25.75,25.75,26.625
1,7/27/2023 7:01,159,25.875,26.125,26.125,26.125,26,26.125,26.125,26.25,26.25,26.125,26.125,26.5,25.75,25.875,25.875,25.875,25.75,26,26,25.875,25.75,26.125,25.75,25.75,26.625
1,7/27/2023 7:31,160,25.875,26.125,26.25,26.25,26.125,26.25,26.125,26.25,26.375,26.125,26.25,26.5,25.75,26,26,25.875,25.875,26.125,26.125,26,25.875,26.25,25.75,25.875,26.625
1,7/27/2023 8:01,161,26.5,26.625,26.875,26.875,26.625,26.875,26.75,26.875,27,26.875,26.75,27.125,26.25,26.5,26.5,26.5,26.5,26.75,26.75,26.625,26.5,26.875,26.5,26.5,26.75
1,7/27/2023 8:31,162,26.875,27,27.375,27.25,27.125,27.375,27,27.125,27.5,26.875,27,27.5,26.875,27.25,27.25,27.125,27.125,27.375,27.375,27.25,27.25,27.5,27.25,27.25,26.75
1,7/27/2023 9:01,163,26.75,27.125,27.375,27,27.25,27.5,26.875,27.25,27.75,26.875,26.875,27.875,27.625,28,27.875,27.75,27.875,28,28,27.875,28,28.25,27.875,28,26.75
1,7/27/2023 9:31,164,27,27.5,28,27.375,27.5,27.875,27.375,27.5,28,27.25,27.25,27.875,27.875,28.375,28.25,28.125,28.125,28.25,28.375,28.125,28.25,28.375,28,28.125,26.875
1,7/27/2023 10:01,165,27.125,27.375,27.875,27.375,27.375,27.625,27.25,27.25,27.625,27.125,27.125,27.625,27.75,28.125,28.125,28,28,28.125,28.125,28,28,28.25,27.875,28,26.75
1,7/27/2023 10:31,166,27.625,27.5,28.375,28,27.5,28.125,28,27.5,28.25,27.375,27.25,27.75,28.375,28.75,28.625,28.375,28.5,28.5,28.5,28.375,28.5,28.25,27.875,27.875,27
1,7/27/2023 11:01,167,28.625,28.125,29,28.875,28.5,28.875,28.125,27.875,28.25,27.625,27.625,28,28.75,29,28.875,28.875,28.875,29,28.5,28.375,28.375,28.375,28,28,27.25
1,7/27/2023 11:31,168,28.875,28.625,29.375,28.875,28.5,28.75,28,28.125,28.25,27.75,27.875,28.125,28.875,29.375,29,28.5,28.375,28.625,28.375,28.25,28.25,28.5,28.125,28.125,27.125
1,7/27/2023 12:01,169,28.375,28.25,28.75,28.25,28.125,28.25,27.875,28.125,28,27.625,27.75,28,28.125,28.5,28.25,28,27.875,28.125,28.125,28,27.875,28.25,27.875,27.875,27.25
1,7/27/2023 12:31,170,28,28.125,28.5,28.125,28.125,28.125,27.875,28.25,28,27.75,27.75,28,27.875,28.25,28,27.875,27.875,28.125,28.125,28,27.875,28.25,27.875,27.875,27.375
1,7/27/2023 13:01,171,27.75,28.125,28.25,28,28.125,28,27.875,28.125,28,27.75,27.75,28,27.75,28.125,27.875,27.75,27.75,28,28,27.875,27.875,28.125,27.75,27.75,27.375
1,7/27/2023 13:31,172,27.625,27.875,28,27.875,27.875,27.875,27.625,27.875,27.875,27.625,27.5,27.875,27.5,27.875,27.75,27.625,27.625,27.875,27.875,27.75,27.625,28,27.625,27.625,27.5
1,7/27/2023 14:01,173,27.625,28,28.125,27.875,27.875,28,27.75,27.875,28,27.75,27.625,28,27.625,28.125,27.875,27.625,27.625,28,27.875,27.875,27.75,28.125,27.75,27.75,27.375
1,7/27/2023 14:31,174,27.625,28.125,28.125,27.875,28,28,27.75,27.875,28,27.75,27.625,28,27.625,28.125,27.875,27.625,27.75,28.125,28,27.875,27.875,28.125,27.75,27.875,27.375
1,7/27/2023 15:01,175,27.625,28,28.125,27.875,27.875,28,27.625,27.75,28,27.75,27.5,28,27.5,28,27.875,27.625,27.625,28,28,27.875,27.875,28.125,27.875,27.875,27.25
1,7/27/2023 15:31,176,27.5,27.75,27.875,27.75,27.75,27.875,27.625,27.625,27.75,27.625,27.375,27.875,27.375,27.875,27.75,27.625,27.625,28,27.875,27.875,27.875,28.125,27.75,27.875,27.25
1,7/27/2023 16:01,177,27.125,27.375,27.625,27.5,27.375,27.5,27.25,27.375,27.5,27.25,27.125,27.5,27.125,27.625,27.5,27.25,27.375,27.625,27.625,27.5,27.5,27.75,27.375,27.5,27.375
1,7/27/2023 16:31,178,27,27.25,27.375,27.375,27.25,27.25,27.125,27.25,27.25,27.125,27,27.375,26.75,27.25,27.25,27,27,27.375,27.25,27.125,27.125,27.5,27.125,27.125,27.375
1,7/27/2023 17:01,179,27,27.125,27.25,27.25,27.125,27.125,27.125,27.25,27.25,27.125,27,27.25,26.75,27.125,27,26.875,26.875,27.125,27.125,27,27,27.375,27,26.875,27.5
1,7/27/2023 17:31,180,26.75,27,27.125,27.125,27,27.125,26.875,27.125,27.125,27,26.875,27.25,26.5,26.875,26.75,26.625,26.625,27,26.875,26.75,26.75,27.125,26.625,26.625,27.25
1,7/27/2023 18:01,181,26.625,26.875,27,27,26.875,27,26.75,26.875,27,26.75,26.75,27.125,26.375,26.75,26.625,26.5,26.5,26.875,26.75,26.625,26.625,27,26.5,26.625,27.25
1,7/27/2023 18:31,182,26.375,26.75,26.875,26.75,26.625,26.875,26.625,26.875,26.875,26.625,26.625,27,26.25,26.625,26.625,26.375,26.5,26.75,26.625,26.625,26.5,26.875,26.5,26.5,27.125
1,7/27/2023 19:01,183,26.25,26.5,26.625,26.625,26.5,26.625,26.5,26.625,26.75,26.5,26.375,26.75,26.125,26.5,26.375,26.25,26.25,26.625,26.5,26.375,26.375,26.625,26.25,26.25,27.125
1,7/27/2023 19:31,184,26.125,26.5,26.5,26.5,26.375,26.5,26.375,26.625,26.625,26.375,26.375,26.75,26,26.375,26.25,26.125,26.125,26.5,26.375,26.25,26.25,26.625,26.125,26.25,27.25
1,7/27/2023 20:01,185,26.125,26.375,26.5,26.5,26.375,26.5,26.375,26.5,26.625,26.375,26.375,26.625,26,26.375,26.25,26.125,26.125,26.375,26.375,26.25,26.25,26.5,26.125,26.125,27.125
1,7/27/2023 20:31,186,26,26.25,26.25,26.375,26.25,26.25,26.25,26.375,26.375,26.25,26.25,26.5,25.75,26.125,26,26,25.875,26.125,26.125,26,26,26.25,25.875,25.875,27
1,7/27/2023 21:01,187,25.875,26.125,26.125,26.25,26.125,26.125,26.125,26.25,26.25,26.125,26.125,26.375,25.75,26,25.875,25.75,25.75,26,26,25.875,25.75,26.125,25.75,25.75,27
1,7/27/2023 21:31,188,25.75,26,26,26.125,26,26,25.875,26.125,26.125,26,26,26.25,25.5,25.875,25.75,25.625,25.625,25.875,25.875,25.75,25.625,26,25.625,25.625,27
1,7/27/2023 22:01,189,25.625,26,25.875,26,25.875,26,25.875,26,26.125,25.875,25.875,26.125,25.375,25.75,25.625,25.5,25.5,25.75,25.75,25.625,25.5,25.875,25.5,25.5,27
1,7/27/2023 22:31,190,25.625,25.875,25.75,25.875,25.75,25.875,25.75,26,26,25.75,25.75,26.125,25.375,25.625,25.5,25.5,25.375,25.625,25.625,25.5,25.5,25.75,25.375,25.375,26.875
1,7/27/2023 23:01,191,25.5,25.75,25.75,25.875,25.75,25.75,25.75,25.875,25.875,25.75,25.625,26,25.25,25.625,25.375,25.375,25.375,25.625,25.625,25.5,25.375,25.75,25.375,25.25,26.875
1,7/27/2023 23:31,192,25.5,25.75,25.75,25.875,25.75,25.75,25.75,25.875,26,25.75,25.75,26,25.25,25.5,25.375,25.375,25.375,25.625,25.625,25.5,25.375,25.75,25.25,25.25,26.875
1,7/28/2023 0:01,193,25.5,25.75,25.75,25.875,25.75,25.75,25.75,25.875,25.875,25.75,25.75,26,25.25,25.5,25.375,25.375,25.25,25.5,25.625,25.375,25.25,25.75,25.25,25.25,26.875
1,7/28/2023 0:31,194,25.625,25.875,25.875,25.875,25.75,25.875,25.75,25.875,26,25.75,25.75,26.125,25.25,25.5,25.375,25.375,25.375,25.625,25.625,25.5,25.375,25.75,25.25,25.25,26.875
1,7/28/2023 1:01,195,25.5,25.75,25.75,25.875,25.75,25.75,25.625,25.875,25.875,25.625,25.625,26,25.125,25.5,25.375,25.375,25.25,25.5,25.5,25.375,25.25,25.625,25.25,25.25,26.875
1,7/28/2023 1:31,196,25.625,25.875,25.875,25.875,25.75,25.875,25.75,26,26,25.75,25.75,26.125,25.25,25.625,25.375,25.375,25.375,25.625,25.625,25.5,25.375,25.75,25.25,25.25,26.75
1,7/28/2023 2:01,197,25.625,25.875,25.875,25.875,25.75,25.875,25.75,26,26,25.75,25.75,26.125,25.25,25.625,25.375,25.375,25.375,25.625,25.625,25.5,25.375,25.75,25.25,25.25,26.75
1,7/28/2023 2:31,198,25.5,25.75,25.75,25.875,25.75,25.875,25.75,26,26,25.75,25.75,26.125,25.25,25.5,25.375,25.375,25.25,25.5,25.625,25.375,25.25,25.75,25.25,25.25,26.75
1,7/28/2023 3:01,199,25.5,25.75,25.75,25.875,25.75,25.875,25.75,25.875,25.875,25.75,25.75,26,25.125,25.5,25.375,25.375,25.25,25.5,25.625,25.375,25.25,25.625,25.25,25.25,26.75
1,7/28/2023 3:31,200,25.5,25.75,25.75,25.75,25.625,25.75,25.625,25.875,25.875,25.625,25.625,26,25.125,25.5,25.25,25.25,25.25,25.5,25.5,25.375,25.25,25.625,25.125,25.125,26.75
1,7/28/2023 4:01,201,25.5,25.75,25.75,25.75,25.625,25.75,25.625,25.875,25.875,25.625,25.625,26,25.125,25.5,25.375,25.25,25.25,25.5,25.5,25.375,25.25,25.625,25.25,25.125,26.75
1,7/28/2023 4:31,202,25.5,25.75,25.75,25.75,25.625,25.75,25.625,25.875,25.875,25.625,25.625,26,25.125,25.5,25.375,25.25,25.25,25.5,25.5,25.375,25.25,25.625,25.25,25.25,26.75
1,7/28/2023 5:01,203,25.375,25.75,25.75,25.75,25.625,25.75,25.625,25.875,25.875,25.625,25.625,26,25.125,25.5,25.25,25.25,25.25,25.5,25.5,25.375,25.25,25.625,25.25,25.125,26.625
1,7/28/2023 5:31,204,25.375,25.625,25.75,25.75,25.625,25.75,25.625,25.875,25.875,25.625,25.625,26,25.125,25.5,25.25,25.25,25.25,25.5,25.5,25.375,25.25,25.625,25.125,25.125,26.625
1,7/28/2023 6:01,205,25.375,25.625,25.75,25.75,25.625,25.75,25.625,25.75,25.875,25.625,25.625,25.875,25.125,25.5,25.25,25.25,25.25,25.5,25.5,25.375,25.25,25.625,25.25,25.125,26.625
1,7/28/2023 6:31,206,25.375,25.625,25.625,25.625,25.625,25.625,25.5,25.75,25.875,25.5,25.5,25.875,25,25.375,25.25,25.125,25.125,25.375,25.375,25.25,25.125,25.5,25.125,25.125,26.625
1,7/28/2023 7:01,207,25.375,25.625,25.625,25.75,25.625,25.625,25.625,25.75,25.875,25.625,25.625,25.875,25,25.375,25.25,25.125,25.125,25.375,25.375,25.25,25.125,25.625,25.125,25.125,26.625
1,7/28/2023 7:31,208,25.375,25.625,25.75,25.75,25.625,25.75,25.625,25.75,25.875,25.625,25.625,26,25.125,25.375,25.25,25.25,25.125,25.375,25.5,25.25,25.25,25.625,25.125,25.125,26.625
1,7/28/2023 8:01,209,25.5,25.75,25.75,25.875,25.75,25.75,25.75,25.875,26,25.75,25.625,26,25.25,25.5,25.375,25.375,25.25,25.5,25.5,25.375,25.25,25.625,25.25,25.25,26.625
1,7/28/2023 8:31,210,26.25,26.375,26.625,26.5,26.375,26.5,26.25,26.5,26.75,26.25,26.25,26.75,25.875,26.25,26.125,26,26.125,26.25,26.375,26.125,26.125,26.5,26.125,26.125,26.625
1,7/28/2023 9:01,211,26.5,26.625,26.875,26.625,26.625,26.625,26.375,26.75,26.875,26.375,26.5,27,26.75,27,26.875,26.75,26.75,27,27.125,26.875,26.875,27.25,26.875,26.875,26.75
1,7/28/2023 9:31,212,27.125,27.375,27.5,27.25,27.25,27.375,27.25,27.5,27.75,27.25,27,27.625,27.5,27.875,27.625,27.625,27.625,27.75,27.875,27.625,27.625,27.875,27.5,27.375,26.75
1,7/28/2023 10:01,213,27.5,27.75,28.375,27.5,27.5,27.875,27.125,27.125,27.75,27,26.875,27.5,28.25,28.5,28.25,28.25,28.125,28.25,28.25,28.125,28,28.25,27.875,27.875,26.875
1,7/28/2023 10:31,214,27.375,27.625,28.125,27.5,27.5,27.875,27.375,27.375,28.125,27.125,27,27.5,28.5,28.75,28.5,28.375,28.375,28.25,28.25,28.25,28.25,28,27.5,27.5,26.875
1,7/28/2023 11:01,215,28.125,27.875,28.75,28.375,28.125,28.5,27.5,27.75,28,27.375,27.375,27.75,28.375,28.75,28.375,28.5,28.375,28.625,27.875,27.75,27.75,27.875,27.375,27.375,26.875
1,7/28/2023 11:31,216,28.5,28.5,29,28.25,28.125,28.25,27.625,28,27.875,27.875,27.625,27.875,28.5,29.375,28.625,28.125,27.875,28,27.75,27.875,27.625,27.875,27.5,27.5,27
1,7/28/2023 12:01,217,28.5,28.5,28.875,28.125,28.125,28.125,27.875,28.25,28,27.875,27.75,28.125,28.125,28.5,28.125,27.875,27.75,27.875,27.875,27.875,27.625,28,27.625,27.75,27.125
1,7/28/2023 12:31,218,28,28.125,28.375,28,28,28,27.875,28.25,27.875,27.75,27.625,28,27.75,28.125,27.875,27.75,27.625,27.875,27.75,27.75,27.625,27.875,27.5,27.625,27.25
1,7/28/2023 13:01,219,27.5,27.875,27.875,27.75,27.75,27.75,27.625,27.75,27.75,27.5,27.375,27.875,27.375,27.75,27.5,27.5,27.375,27.5,27.5,27.5,27.375,27.625,27.25,27.375,27.125
1,7/28/2023 13:31,220,27.375,27.75,27.75,27.625,27.625,27.625,27.5,27.625,27.625,27.375,27.375,27.75,27.25,27.625,27.375,27.375,27.25,27.5,27.5,27.5,27.375,27.625,27.25,27.25,27.125
1,7/28/2023 14:01,221,27.125,27.5,27.5,27.375,27.375,27.375,27.25,27.375,27.375,27.25,27.125,27.5,26.875,27.375,27.125,27.125,27,27.25,27.25,27.25,27,27.375,27,27,27.125
1,7/28/2023 14:31,222,27,27.25,27.25,27.25,27.25,27.25,27.125,27.25,27.25,27,27,27.375,26.75,27.125,26.875,26.875,26.75,27,27.125,27,26.875,27.125,26.75,26.875,27.5
1,7/28/2023 15:01,223,26.75,27.125,27.125,27.125,27,27.125,27,27,27.125,26.875,26.875,27.25,26.625,26.875,26.75,26.75,26.625,26.875,26.875,26.75,26.625,27,26.625,26.625,27.125
1,7/28/2023 15:31,224,26.625,26.75,26.875,26.875,26.75,26.75,26.75,26.75,26.875,26.625,26.625,27,26.25,26.625,26.375,26.5,26.375,26.625,26.625,26.625,26.375,26.75,26.5,26.375,27.125
1,7/28/2023 16:01,225,26.25,26.5,26.5,26.5,26.375,26.5,26.375,26.5,26.625,26.375,26.375,26.625,26,26.375,26.125,26.125,26,26.25,26.25,26.25,26,26.5,26.125,26.125,27
1,7/28/2023 16:31,226,26.125,26.375,26.375,26.5,26.375,26.375,26.375,26.5,26.5,26.25,26.25,26.625,25.75,26.125,26,26,25.875,26.125,26.125,26.125,26,26.375,26,26,27.125
1,7/28/2023 17:01,227,26.125,26.375,26.375,26.5,26.375,26.375,26.375,26.5,26.5,26.375,26.25,26.625,25.75,26.125,26,26,25.875,26.125,26.125,26.125,25.875,26.25,26,25.875,27
1,7/28/2023 17:31,228,26.125,26.375,26.5,26.5,26.375,26.375,26.375,26.5,26.5,26.375,26.375,26.625,25.75,26.125,26,25.875,25.875,26.125,26.125,26,25.875,26.25,25.875,25.875,27
1,7/28/2023 18:01,229,26,26.25,26.25,26.375,26.25,26.25,26.25,26.375,26.375,26.125,26.125,26.5,25.625,26,25.875,25.75,25.75,26,26,25.875,25.75,26.125,25.75,25.75,27
1,7/28/2023 18:31,230,25.875,26.125,26.125,26.125,26.125,26.125,26.125,26.25,26.25,26.125,26.125,26.375,25.5,25.875,25.75,25.75,25.625,25.875,25.875,25.75,25.75,26,25.75,25.75,27
1,7/28/2023 19:01,231,25.75,26,26,26,26,26,25.875,26.125,26.125,26,26,26.25,25.375,25.75,25.625,25.625,25.5,25.75,25.75,25.625,25.5,25.875,25.625,25.625,26.875
1,7/28/2023 19:31,232,25.5,25.875,25.875,25.875,25.875,25.875,25.75,25.875,26,25.875,25.875,26.125,25.25,25.625,25.5,25.375,25.375,25.625,25.625,25.5,25.375,25.75,25.375,25.5,26.875
1,7/28/2023 20:01,233,25.5,25.875,25.75,25.875,25.75,25.875,25.75,25.875,25.875,25.75,25.875,26.125,25.25,25.5,25.375,25.375,25.25,25.625,25.625,25.5,25.375,25.75,25.375,25.375,26.875
1,7/28/2023 20:31,234,25.5,25.75,25.75,25.875,25.75,25.875,25.75,25.875,25.875,25.75,25.875,26.125,25.25,25.5,25.375,25.375,25.25,25.625,25.625,25.5,25.375,25.75,25.375,25.375,26.75
1,7/28/2023 21:01,235,25.375,25.75,25.75,25.75,25.75,25.75,25.625,25.75,25.875,25.625,25.75,26,25.125,25.5,25.375,25.375,25.25,25.5,25.5,25.375,25.25,25.625,25.375,25.375,26.75
1,7/28/2023 21:31,236,25.375,25.625,25.625,25.625,25.625,25.625,25.5,25.75,25.75,25.625,25.625,25.875,25,25.375,25.25,25.25,25.125,25.5,25.5,25.25,25.25,25.625,25.25,25.25,26.75
1,7/28/2023 22:01,237,25.25,25.625,25.625,25.625,25.625,25.625,25.5,25.75,25.75,25.625,25.625,25.875,25,25.375,25.25,25.25,25.125,25.375,25.375,25.25,25.125,25.5,25.25,25.25,26.75
1,7/28/2023 22:31,238,25.375,25.625,25.625,25.625,25.625,25.625,25.625,25.75,25.75,25.625,25.625,25.875,25,25.375,25.25,25.25,25.125,25.375,25.375,25.25,25.25,25.625,25.25,25.25,26.75
1,7/28/2023 23:01,239,25.375,25.625,25.625,25.75,25.625,25.75,25.625,25.75,25.75,25.625,25.625,25.875,25,25.375,25.25,25.25,25.125,25.375,25.5,25.25,25.25,25.625,25.25,25.25,26.75
1,7/28/2023 23:31,240,25.375,25.625,25.625,25.75,25.625,25.75,25.625,25.75,25.75,25.625,25.75,25.875,25,25.375,25.25,25.25,25.125,25.375,25.5,25.25,25.25,25.625,25.25,25.25,26.75
1,7/29/2023 0:01,241,25.375,25.625,25.75,25.75,25.625,25.75,25.625,25.75,25.875,25.625,25.75,26,25,25.375,25.25,25.25,25.125,25.5,25.5,25.25,25.25,25.625,25.25,25.25,26.75
1,7/29/2023 0:31,242,25.375,25.625,25.625,25.75,25.625,25.75,25.625,25.75,25.875,25.625,25.75,26,25,25.375,25.25,25.25,25.125,25.5,25.5,25.25,25.25,25.625,25.25,25.25,26.75
1,7/29/2023 1:01,243,25.375,25.75,25.75,25.75,25.625,25.75,25.625,25.75,25.875,25.625,25.75,26,25.125,25.375,25.25,25.25,25.25,25.5,25.5,25.375,25.25,25.625,25.25,25.25,26.75
1,7/29/2023 1:31,244,25.375,25.625,25.625,25.75,25.625,25.75,25.625,25.75,25.875,25.625,25.75,25.875,25,25.375,25.25,25.25,25.125,25.375,25.375,25.25,25.25,25.625,25.25,25.25,26.75
1,7/29/2023 2:01,245,25.375,25.625,25.625,25.75,25.625,25.75,25.625,25.75,25.75,25.625,25.625,25.875,25,25.375,25.25,25.25,25.125,25.375,25.375,25.25,25.125,25.625,25.25,25.25,26.75
1,7/29/2023 2:31,246,25.375,25.625,25.625,25.75,25.625,25.625,25.625,25.75,25.75,25.625,25.625,25.875,25,25.25,25.125,25.25,25.125,25.375,25.375,25.25,25.125,25.5,25.125,25.125,26.75
1,7/29/2023 3:01,247,25.375,25.625,25.625,25.625,25.625,25.625,25.5,25.75,25.75,25.625,25.625,25.875,25,25.25,25.125,25.125,25,25.25,25.375,25.125,25.125,25.5,25.125,25.125,26.75
1,7/29/2023 3:31,248,25.25,25.625,25.625,25.625,25.625,25.625,25.625,25.75,25.75,25.625,25.625,25.875,25,25.25,25.125,25.125,25.125,25.375,25.375,25.125,25.125,25.5,25.125,25.125,26.625
1,7/29/2023 4:01,249,25.25,25.625,25.625,25.625,25.625,25.625,25.5,25.75,25.625,25.625,25.625,25.875,24.875,25.25,25.125,25.125,25,25.25,25.25,25.125,25,25.5,25.125,25.125,26.625
1,7/29/2023 4:31,250,25.25,25.625,25.625,25.625,25.625,25.625,25.5,25.625,25.625,25.625,25.625,25.875,24.875,25.25,25.125,25.125,25,25.25,25.25,25.125,25,25.5,25.125,25.125,26.625
1,7/29/2023 5:01,251,25.25,25.5,25.5,25.625,25.625,25.625,25.5,25.625,25.625,25.5,25.625,25.875,24.875,25.25,25.125,25.125,25,25.25,25.25,25.125,25,25.375,25,25.125,26.625
1,7/29/2023 5:31,252,25.25,25.5,25.5,25.625,25.625,25.625,25.5,25.625,25.625,25.5,25.625,25.75,24.875,25.25,25.125,25.125,25,25.25,25.25,25.125,25,25.375,25,25.125,26.625
1,7/29/2023 6:01,253,25.375,25.625,25.625,25.75,25.625,25.625,25.625,25.75,25.75,25.625,25.625,25.875,25,25.25,25.125,25.125,25,25.375,25.375,25.25,25.125,25.5,25.125,25.125,26.625
1,7/29/2023 6:31,254,25.375,25.625,25.625,25.75,25.625,25.75,25.625,25.75,25.75,25.625,25.75,25.875,25,25.25,25.25,25.25,25.125,25.375,25.375,25.25,25.125,25.5,25.125,25.25,26.625
1,7/29/2023 7:01,255,25.5,25.75,25.75,25.875,25.75,25.875,25.75,25.875,25.875,25.75,25.75,26,25.125,25.5,25.375,25.375,25.25,25.625,25.5,25.375,25.375,25.625,25.25,25.375,26.625
1,7/29/2023 7:31,256,25.5,25.75,25.875,25.875,25.75,25.875,25.75,25.875,25.75,25.75,25.75,26.125,25.125,25.5,25.375,25.375,25.25,25.625,25.5,25.375,25.375,25.625,25.375,25.375,26.5
1,7/29/2023 8:01,257,25.875,26,26.125,26.25,26,26.125,26.125,26.25,26.25,26.25,26.125,26.375,25.5,25.875,25.75,25.75,25.625,26,25.875,25.75,25.75,26,25.75,25.75,26.625
1,7/29/2023 8:31,258,25.875,26,26.25,26.25,26.125,26.25,26.25,26.25,26.25,26.25,26.125,26.5,25.625,25.875,25.75,25.75,25.75,26,25.875,25.75,25.75,26,25.75,25.75,26.625
1,7/29/2023 9:01,259,26.25,26.5,26.625,26.625,26.5,26.5,26.5,26.625,26.75,26.375,26.375,26.875,26.125,26.375,26.375,26.25,26.25,26.5,26.5,26.25,26.25,26.5,26.125,26.25,26.625
1,7/29/2023 9:31,260,26.5,26.625,26.75,26.75,26.625,26.75,26.625,26.75,26.75,26.625,26.5,26.875,26.25,26.625,26.5,26.375,26.375,26.625,26.625,26.375,26.375,26.625,26.25,26.375,26.625
1,7/29/2023 10:01,261,26.75,27,27.25,27,26.875,27,26.875,26.875,27.125,26.75,26.625,27.25,27,27.25,27.125,27,26.875,27.125,27.125,27,27,27.125,26.75,26.875,26.75
1,7/29/2023 10:31,262,27.25,27.5,28,27.625,27.375,27.75,27.625,27.375,28,27.25,27,27.625,27.75,28.25,27.75,27.625,27.625,27.75,27.625,27.5,27.5,27.375,27,27.125,26.75
1,7/29/2023 11:01,263,28.125,27.875,28.625,28.375,28,28.375,27.75,27.875,28,27.625,27.375,27.875,28.125,28.75,28.125,28.125,28,28.25,27.75,27.625,27.625,27.75,27.25,27.375,26.875
1,7/29/2023 11:31,264,28.75,28.75,29.25,28.5,28.25,28.5,27.875,28.25,28.125,28.125,27.75,28.125,28.5,29.25,28.75,28,27.875,28,27.875,27.75,27.625,27.875,27.5,27.625,26.875
1,7/29/2023 12:01,265,28.75,28.75,29.125,28.375,28.25,28.25,28.125,28.375,28.125,28.375,27.875,28.25,28.125,28.625,28.25,27.875,27.75,28,27.875,27.75,27.625,28,27.625,27.625,27.125
1,7/29/2023 12:31,266,28.375,28.5,28.75,28.375,28.25,28.25,28.25,28.375,28.125,28.125,27.75,28.25,28,28.375,28,27.875,27.75,27.875,27.875,27.75,27.75,28,27.625,27.75,27.125
1,7/29/2023 13:01,267,28.125,28.25,28.375,28.25,28.25,28.125,28.125,28.25,28.125,28,27.75,28.25,27.75,28.125,27.875,27.75,27.625,27.875,27.875,27.75,27.625,28,27.5,27.625,27.25
1,7/29/2023 13:31,268,28.125,28.5,28.375,28.25,28.375,28.125,28.125,28.125,28.25,28,27.75,28.25,27.75,28.25,27.875,27.75,27.75,27.875,28,27.75,27.75,28,27.625,27.75,27.125
1,7/29/2023 14:01,269,27.875,28.25,28.125,28.125,28.125,28,27.875,28,28,27.875,27.75,28.125,27.5,28,27.75,27.625,27.625,27.75,27.875,27.625,27.625,27.875,27.5,27.625,27.25
1,7/29/2023 14:31,270,27.5,27.875,27.875,27.875,27.75,27.75,27.75,27.75,27.75,27.625,27.5,27.875,27.25,27.625,27.375,27.375,27.375,27.5,27.5,27.375,27.375,27.625,27.25,27.375,27.25
1,7/29/2023 15:01,271,27.25,27.5,27.625,27.5,27.5,27.5,27.5,27.5,27.5,27.375,27.25,27.625,27.125,27.375,27.25,27.25,27.125,27.375,27.375,27.25,27.25,27.5,27.125,27.25,27.125
1,7/29/2023 15:31,272,27,27.25,27.375,27.25,27.125,27.25,27.25,27.25,27.25,27.125,27,27.375,26.875,27.25,27.125,27,26.875,27.25,27.125,27,27,27.25,26.875,27,27
1,7/29/2023 16:01,273,26.875,27,27.125,27.125,27,27.125,27,27.125,27.125,27,26.875,27.25,26.75,27,27,26.875,26.75,27,27,26.875,26.875,27.125,26.75,26.875,27
1,7/29/2023 16:31,274,26.75,27,27.125,27.125,27,27.125,27,27.125,27.125,27,26.875,27.25,26.625,26.875,26.875,26.75,26.75,27,27,26.75,26.75,27.125,26.75,26.75,27
1,7/29/2023 17:01,275,26.625,26.875,27.125,27.125,26.875,27,27,27,27,26.875,26.875,27.125,26.5,26.875,26.75,26.75,26.625,27,26.875,26.75,26.75,27,26.75,26.75,26.875
1,7/29/2023 17:31,276,26.625,26.875,27,27,26.875,27,26.875,26.875,27,26.875,26.75,27.125,26.375,26.75,26.75,26.625,26.625,26.875,26.875,26.75,26.625,27,26.625,26.625,26.875
1,7/29/2023 18:01,277,26.375,26.625,26.75,26.75,26.625,26.75,26.625,26.75,26.75,26.625,26.625,27,26.25,26.625,26.5,26.5,26.375,26.75,26.625,26.625,26.5,26.875,26.5,26.5,26.75
1,7/29/2023 18:31,278,26.25,26.5,26.625,26.625,26.5,26.625,26.5,26.625,26.75,26.5,26.5,26.75,26.125,26.375,26.375,26.25,26.25,26.5,26.5,26.375,26.25,26.625,26.25,26.25,26.625
1,7/29/2023 19:01,279,26.125,26.375,26.5,26.5,26.375,26.5,26.375,26.5,26.625,26.375,26.375,26.625,26,26.375,26.25,26.25,26.125,26.375,26.375,26.25,26.125,26.5,26.125,26.125,26.5
1,7/29/2023 19:31,280,26,26.25,26.375,26.375,26.25,26.375,26.25,26.375,26.5,26.375,26.375,26.625,25.875,26.125,26.125,26.125,26,26.25,26.25,26.125,26,26.375,26,26.125,26.5
1,7/29/2023 20:01,281,26,26.25,26.375,26.375,26.25,26.375,26.25,26.375,26.375,26.25,26.25,26.5,25.75,26.125,26,26,25.875,26.125,26.125,26,26,26.25,25.875,26,26.375
1,7/29/2023 20:31,282,25.875,26.125,26.25,26.25,26.125,26.25,26.125,26.375,26.25,26.25,26.25,26.5,25.75,26,26,25.875,25.75,26.125,26.125,25.875,25.875,26.25,25.875,25.875,26.375
1,7/29/2023 21:01,283,25.875,26.125,26.25,26.25,26.125,26.375,26.125,26.375,26.375,26.25,26.25,26.5,25.75,26,26,25.875,25.875,26.125,26.125,26,25.875,26.25,25.875,25.875,26.375
1,7/29/2023 21:31,284,25.875,26.125,26.125,26.25,26.125,26.25,26.125,26.25,26.25,26.25,26.25,26.5,25.75,26,26,25.875,25.75,26.125,26,25.875,25.875,26.125,25.875,25.875,26.375
1,7/29/2023 22:01,285,25.875,26.125,26.125,26.25,26.125,26.25,26.125,26.25,26.25,26.125,26.25,26.5,25.625,25.875,25.875,25.875,25.75,26,26,25.875,25.75,26.125,25.75,25.875,26.375
1,7/29/2023 22:31,286,25.875,26.125,26.125,26.125,26,26.25,26,26.25,26.25,26.125,26.125,26.375,25.625,25.875,25.875,25.75,25.75,26,26,25.875,25.75,26.125,25.75,25.75,26.25
1,7/29/2023 23:01,287,25.75,26,26.125,26.125,26,26.125,26,26.125,26.125,26.125,26.125,26.375,25.5,25.875,25.75,25.75,25.625,25.875,25.875,25.75,25.75,26,25.75,25.75,26.25
1,7/29/2023 23:31,288,25.75,26,26.125,26.125,26,26.125,26,26.125,26.125,26.125,26.125,26.375,25.5,25.875,25.75,25.75,25.625,25.875,25.875,25.75,25.75,26,25.75,25.75,26.25
1,7/30/2023 0:01,289,25.75,26,26.125,26.125,26,26.125,26,26.125,26.125,26,26.125,26.375,25.5,25.875,25.75,25.75,25.625,25.875,25.875,25.75,25.625,26,25.75,25.75,26.25
1,7/30/2023 0:31,290,25.75,26,26,26,26,26.125,26,26.125,26.125,26,26.125,26.25,25.5,25.75,25.75,25.625,25.625,25.875,25.875,25.75,25.625,26,25.75,25.75,26.25
1,7/30/2023 1:01,291,25.625,26,26,26,25.875,26.125,25.875,26.125,26.125,26,26,26.25,25.5,25.75,25.75,25.625,25.625,25.875,25.875,25.75,25.625,26,25.75,25.625,26.125
1,7/30/2023 1:31,292,25.625,26,26,26,26,26.125,26,26.125,26.125,26,26.125,26.25,25.5,25.75,25.75,25.625,25.625,25.875,25.875,25.75,25.625,26,25.625,25.75,26.25
1,7/30/2023 2:01,293,25.75,26,26,26,25.875,26.125,25.875,26.125,26,26,26,26.25,25.5,25.75,25.625,25.625,25.5,25.875,25.75,25.625,25.625,26,25.625,25.625,26.125
1,7/30/2023 2:31,294,25.5,25.875,25.875,25.875,25.75,25.875,25.75,26,25.875,25.875,25.875,26.125,25.25,25.625,25.5,25.5,25.375,25.625,25.625,25.5,25.375,25.75,25.375,25.5,26.125
1,7/30/2023 3:01,295,25.5,25.75,25.75,25.875,25.625,25.75,25.75,25.875,25.875,25.75,25.875,26.125,25.25,25.5,25.375,25.375,25.25,25.5,25.625,25.375,25.25,25.75,25.375,25.375,26
1,7/30/2023 3:31,296,25.375,25.625,25.625,25.75,25.625,25.625,25.625,25.75,25.75,25.625,25.75,26,25.125,25.375,25.25,25.25,25.125,25.375,25.375,25.25,25.125,25.625,25.25,25.25,26
1,7/30/2023 4:01,297,25.25,25.5,25.5,25.625,25.5,25.5,25.5,25.625,25.625,25.625,25.625,25.875,25,25.25,25.125,25.125,25,25.25,25.25,25.125,25,25.5,25.125,25.125,25.875
1,7/30/2023 4:31,298,25.125,25.375,25.375,25.5,25.375,25.5,25.375,25.625,25.5,25.5,25.5,25.75,24.875,25.125,25,25,24.875,25.25,25.125,25,24.875,25.375,25,25,25.75
1,7/30/2023 5:01,299,25,25.375,25.25,25.375,25.25,25.375,25.25,25.5,25.5,25.375,25.375,25.625,24.75,25,24.875,24.875,24.75,25.125,25.125,24.875,24.875,25.25,24.875,25,25.75
1,7/30/2023 5:31,300,25.125,25.375,25.375,25.375,25.375,25.375,25.375,25.5,25.5,25.5,25.5,25.75,24.75,25,24.875,25,24.875,25.125,25.125,25,24.875,25.25,24.875,25,25.75
1,7/30/2023 6:01,301,25.125,25.375,25.375,25.375,25.375,25.375,25.375,25.5,25.5,25.5,25.5,25.625,24.75,25,24.875,24.875,24.875,25.125,25.125,25,24.875,25.25,24.875,24.875,25.75
1,7/30/2023 6:31,302,25.125,25.375,25.25,25.375,25.25,25.375,25.25,25.5,25.5,25.375,25.375,25.625,24.75,25,24.875,24.875,24.75,25.125,25.125,24.875,24.875,25.25,24.875,24.875,25.75
1,7/30/2023 7:01,303,25.25,25.5,25.5,25.625,25.5,25.625,25.5,25.625,25.75,25.625,25.625,25.875,24.875,25.125,25,25,25,25.25,25.25,25.125,25,25.375,25,25.125,25.75
1,7/30/2023 7:31,304,25.5,25.625,25.75,25.875,25.625,25.75,25.75,26,26,25.875,25.875,26.125,25,25.375,25.25,25.375,25.25,25.5,25.625,25.5,25.375,25.75,25.375,25.375,25.75
1,7/30/2023 8:01,305,25.625,25.875,26,26,25.875,26,26,26.125,26.25,26,26,26.375,25.25,25.625,25.5,25.5,25.5,25.75,25.75,25.625,25.5,25.875,25.625,25.625,25.875
1,7/30/2023 8:31,306,26.25,26.25,26.625,26.625,26.375,26.5,26.5,26.625,26.75,26.375,26.375,27,25.875,26.25,26.125,26.125,26.125,26.25,26.375,26.25,26.125,26.5,26.125,26.125,26
1,7/30/2023 9:01,307,26.5,26.625,26.875,26.75,26.625,26.625,26.75,26.875,26.875,26.625,26.625,27.125,26.625,27,26.75,26.75,26.75,26.875,27,26.875,26.875,27.125,26.75,26.75,26.125
1,7/30/2023 9:31,308,27,27,27.25,27.25,26.875,27,27.125,27.25,27.25,27,26.75,27.375,27.125,27.375,27.25,27.125,27.125,27.25,27.375,27.125,27.25,27.5,27,26.875,26.125
1,7/30/2023 10:01,309,27.625,27.625,28.25,27.5,27.375,27.875,27.125,27.125,27.625,26.875,26.75,27.625,28,28.25,28,28,27.875,28,28,27.75,27.75,28,27.5,27.625,26.625
1,7/30/2023 10:31,310,27.5,27.75,28.5,27.625,27.5,28.125,27.625,27.5,28.25,27.125,27,27.75,28.625,29.125,28.5,28.375,28.375,28.375,28.375,28.25,28.25,28,27.5,27.5,26.75
1,7/30/2023 11:01,311,28.375,28.25,29.125,28.625,28.375,28.875,27.875,28,28.25,27.625,27.5,28,28.75,29.125,28.625,28.75,28.625,28.875,28.25,28,28,28.125,27.625,27.625,26.875
1,7/30/2023 11:31,312,29,29.125,29.625,28.625,28.5,28.875,28,28.375,28.25,28.125,27.75,28.25,29,29.625,29.125,28.5,28.25,28.375,28.125,28,27.875,28.25,27.75,27.875,27
1,7/30/2023 12:01,313,28.875,29,29.375,28.5,28.375,28.5,28.25,28.5,28.25,28.25,27.875,28.375,28.5,28.875,28.5,28.25,28,28.25,28.125,28,27.875,28.25,27.875,27.875,27.375
1,7/30/2023 12:31,314,28.375,28.625,28.875,28.5,28.375,28.375,28.375,28.5,28.25,28.125,27.75,28.375,28.125,28.625,28.125,28.125,28,28.125,28.125,28,27.875,28.25,27.875,28,27.5
1,7/30/2023 13:01,315,28.125,28.375,28.375,28.25,28.125,28.125,28.125,28.125,28,27.875,27.625,28.25,27.75,28.125,27.875,27.75,27.75,27.875,28,27.75,27.625,28,27.625,27.625,27.625
1,7/30/2023 13:31,316,27.875,28.25,28.25,28.125,28,28,28,28,27.875,27.75,27.5,28.125,27.625,28,27.75,27.625,27.625,27.75,27.875,27.75,27.625,27.875,27.5,27.625,27.5
1,7/30/2023 14:01,317,27.5,27.875,27.875,27.75,27.75,27.75,27.625,27.75,27.625,27.5,27.375,27.875,27.375,27.75,27.5,27.5,27.375,27.5,27.5,27.375,27.375,27.75,27.25,27.375,27.375
1,7/30/2023 14:31,318,27.125,27.5,27.5,27.5,27.375,27.375,27.375,27.375,27.375,27.25,27.125,27.5,27,27.375,27.125,27.125,27,27.25,27.25,27.125,27.125,27.375,27,27.125,27.25
1,7/30/2023 15:01,319,27,27.25,27.375,27.25,27.125,27.25,27.125,27.25,27.25,27.125,27,27.375,26.875,27.25,27,27,26.875,27.125,27.125,27,27,27.25,26.875,27,27.125
1,7/30/2023 15:31,320,26.875,27.125,27.25,27.125,27,27.125,27,27.125,27.125,27,26.875,27.25,26.75,27.125,27,26.875,26.75,27,27.125,26.875,26.875,27.25,26.875,26.875,27
1,7/30/2023 16:01,321,26.75,27,27.125,27,26.875,27,26.875,27,27,26.875,26.875,27.25,26.625,27,26.875,26.75,26.75,27,27,26.875,26.75,27.125,26.75,26.75,26.875
1,7/30/2023 16:31,322,26.625,26.75,26.875,26.875,26.75,26.875,26.75,26.875,26.75,26.75,26.625,27,26.375,26.75,26.625,26.625,26.5,26.75,26.75,26.625,26.5,26.875,26.5,26.625,26.625
1,7/30/2023 17:01,323,26.375,26.625,26.75,26.75,26.625,26.625,26.625,26.75,26.75,26.625,26.5,26.875,26.25,26.5,26.375,26.375,26.25,26.5,26.5,26.375,26.375,26.75,26.375,26.375,26.5
1,7/30/2023 17:31,324,26.25,26.5,26.625,26.625,26.5,26.5,26.5,26.625,26.625,26.5,26.5,26.75,26.125,26.375,26.25,26.25,26.125,26.375,26.375,26.25,26.25,26.625,26.125,26.25,26.375
1,7/30/2023 18:01,325,26.125,26.375,26.375,26.5,26.375,26.375,26.375,26.5,26.375,26.375,26.375,26.625,25.875,26.25,26.125,26.125,26,26.25,26.25,26.125,26,26.375,26,26.125,26.25
1,7/30/2023 18:31,326,26,26.25,26.25,26.375,26.25,26.25,26.25,26.375,26.25,26.25,26.25,26.5,25.75,26,25.875,25.875,25.75,26,26,25.875,25.875,26.25,25.875,25.875,26.125
1,7/30/2023 19:01,327,25.875,26.125,26.125,26.125,26.125,26.125,26.125,26.25,26.25,26.125,26.125,26.375,25.625,25.875,25.75,25.75,25.625,26,25.875,25.75,25.75,26.125,25.75,25.75,26
1,7/30/2023 19:31,328,25.875,26,26.125,26.125,26,26,26,26.25,26.125,26.125,26.125,26.375,25.5,25.875,25.75,25.75,25.625,25.875,25.875,25.75,25.625,26,25.75,25.75,25.875
1,7/30/2023 20:01,329,25.75,26,25.875,26,25.875,26,25.875,26.125,26,26,26,26.25,25.5,25.75,25.625,25.625,25.5,25.75,25.75,25.625,25.5,25.875,25.625,25.625,25.625
1,7/30/2023 20:31,330,25.75,26,25.875,26,25.875,25.875,25.875,26.125,26,26,26,26.25,25.375,25.75,25.625,25.625,25.5,25.75,25.75,25.625,25.5,25.875,25.625,25.625,25.375
1,7/30/2023 21:01,331,25.75,26,26,26,25.875,26,25.875,26.125,26,26,26,26.25,25.375,25.75,25.625,25.625,25.5,25.75,25.75,25.625,25.5,25.875,25.625,25.625,25.375
1,7/30/2023 21:31,332,25.625,26,25.875,26,25.875,25.875,25.875,26.125,26,26,26,26.25,25.375,25.625,25.5,25.5,25.375,25.75,25.75,25.625,25.5,25.875,25.5,25.625,25.25
1,7/30/2023 22:01,333,25.625,25.875,25.875,25.875,25.75,25.875,25.75,26,25.875,25.875,25.875,26.125,25.25,25.625,25.5,25.5,25.375,25.625,25.625,25.5,25.375,25.75,25.5,25.5,25.625
1,7/30/2023 22:31,334,25.5,25.75,25.75,25.75,25.75,25.75,25.75,25.875,25.875,25.75,25.75,26,25.125,25.5,25.375,25.375,25.25,25.5,25.5,25.375,25.25,25.625,25.375,25.375,25.5
1,7/30/2023 23:01,335,25.5,25.75,25.625,25.75,25.625,25.75,25.625,25.875,25.875,25.75,25.75,26,25.125,25.5,25.375,25.375,25.25,25.5,25.5,25.375,25.25,25.625,25.375,25.375,25.375
1,7/30/2023 23:31,336,25.5,25.75,25.75,25.875,25.75,25.75,25.75,25.875,25.875,25.75,25.875,26.125,25.25,25.5,25.375,25.375,25.25,25.5,25.625,25.375,25.25,25.75,25.375,25.375,25.375
2,7/31/2023 0:01,337,25.5,25.75,25.75,25.75,25.75,25.75,25.75,25.875,25.875,25.75,25.875,26.125,25.125,25.5,25.375,25.375,25.25,25.5,25.5,25.375,25.25,25.625,25.375,25.375,25.25
2,7/31/2023 0:31,338,25.5,25.75,25.75,25.875,25.75,25.875,25.75,26,25.875,25.875,25.875,26.125,25.25,25.5,25.375,25.375,25.25,25.625,25.625,25.5,25.375,25.75,25.375,25.375,25
2,7/31/2023 1:01,339,25.625,25.875,25.875,25.875,25.75,25.875,25.75,26,25.875,25.875,25.875,26.125,25.25,25.5,25.5,25.5,25.375,25.625,25.625,25.5,25.375,25.75,25.375,25.5,24.875
2,7/31/2023 1:31,340,25.5,25.75,25.75,25.875,25.75,25.875,25.75,26,25.875,25.875,25.875,26.125,25.25,25.5,25.375,25.375,25.375,25.625,25.625,25.5,25.375,25.75,25.375,25.5,24.875
2,7/31/2023 2:01,341,25.5,25.75,25.75,25.875,25.75,25.75,25.75,25.875,25.875,25.875,25.875,26.125,25.25,25.5,25.375,25.375,25.25,25.625,25.625,25.375,25.375,25.75,25.375,25.375,24.875
2,7/31/2023 2:31,342,25.5,25.75,25.75,25.875,25.75,25.75,25.75,25.875,25.875,25.875,25.875,26.125,25.25,25.5,25.375,25.375,25.375,25.625,25.625,25.5,25.375,25.75,25.375,25.5,24.875
2,7/31/2023 3:01,343,25.625,25.875,25.75,25.875,25.75,25.875,25.75,26,25.875,25.875,25.875,26.125,25.25,25.5,25.5,25.5,25.375,25.625,25.625,25.5,25.375,25.75,25.5,25.5,24.875
2,7/31/2023 3:31,344,25.5,25.875,25.875,25.875,25.75,25.875,25.75,26,25.875,25.875,25.875,26.125,25.25,25.5,25.5,25.5,25.375,25.625,25.625,25.5,25.375,25.75,25.375,25.5,24.875
2,7/31/2023 4:01,345,25.5,25.875,25.75,25.875,25.75,25.875,25.75,26,25.875,25.875,25.875,26.125,25.25,25.5,25.5,25.5,25.375,25.625,25.625,25.5,25.375,25.75,25.375,25.5,24.875
2,7/31/2023 4:31,346,25.5,25.75,25.75,25.875,25.75,25.875,25.75,26,25.875,25.875,25.875,26.125,25.25,25.5,25.5,25.5,25.375,25.625,25.625,25.5,25.375,25.75,25.375,25.5,24.875
2,7/31/2023 5:01,347,25.5,25.75,25.75,25.875,25.75,25.75,25.75,25.875,25.875,25.875,25.875,26.125,25.25,25.5,25.5,25.375,25.375,25.625,25.625,25.5,25.375,25.75,25.375,25.375,24.75
2,7/31/2023 5:31,348,25.5,25.75,25.75,25.875,25.75,25.75,25.75,26,25.875,25.875,25.875,26.125,25.25,25.5,25.5,25.375,25.375,25.625,25.625,25.5,25.375,25.75,25.375,25.5,24.75
2,7/31/2023 6:01,349,25.5,25.75,25.75,25.875,25.75,25.875,25.75,26,25.875,25.875,25.875,26.125,25.25,25.5,25.5,25.5,25.375,25.625,25.625,25.5,25.375,25.75,25.375,25.5,24.75
2,7/31/2023 6:31,350,25.625,25.875,25.875,25.875,25.75,25.875,25.875,26,25.875,25.875,26,26.125,25.25,25.625,25.5,25.5,25.375,25.625,25.625,25.5,25.5,25.875,25.5,25.5,24.75
2,7/31/2023 7:01,351,25.75,26,26,26,25.875,26,26,26.125,26,26,26,26.25,25.375,25.75,25.625,25.625,25.5,25.75,25.75,25.625,25.5,25.875,25.625,25.625,24.875
2,7/31/2023 7:31,352,25.75,26,26,26.125,26,26,26,26.125,26.125,26.125,26,26.375,25.5,25.75,25.625,25.625,25.625,25.875,25.875,25.75,25.625,26,25.625,25.625,24.875
2,7/31/2023 8:01,353,26.125,26.25,26.5,26.5,26.375,26.5,26.375,26.5,26.75,26.5,26.375,26.75,25.75,26.125,26.125,26,26,26.25,26.25,26.125,26.125,26.375,26,26,24.875
2,7/31/2023 8:31,354,26.625,26.625,27,26.875,26.75,26.875,26.75,26.875,27,26.75,26.625,27.25,26.25,26.75,26.5,26.5,26.5,26.75,26.75,26.625,26.5,26.875,26.5,26.5,25.125
2,7/31/2023 9:01,355,26.875,27,27.25,27.125,27,27.125,27,27.125,27.125,27,27,27.375,27,27.375,27.25,27.125,27.125,27.375,27.375,27.25,27.25,27.5,27.125,27.125,25.625
2,7/31/2023 9:31,356,27.25,27.375,27.625,27.5,27.25,27.375,27.5,27.375,27.625,27.375,27.125,27.75,27.5,27.75,27.625,27.5,27.5,27.5,27.625,27.5,27.5,27.75,27.25,27.25,26.75
2,7/31/2023 10:01,357,27.625,27.75,28.125,27.625,27.5,27.75,27.5,27.5,27.75,27.375,27,27.875,27.875,28.125,27.875,27.875,27.75,27.875,27.875,27.75,27.625,28,27.5,27.5,26.875
2,7/31/2023 10:31,358,27.25,27.5,27.75,27.375,27.375,27.5,27.25,27.25,27.375,27.125,26.875,27.5,27.375,27.75,27.5,27.375,27.375,27.5,27.5,27.375,27.375,27.625,27.125,27.25,26.875
2,7/31/2023 11:01,359,27,27.125,27.375,27.25,27,27.125,27,27.125,27.125,26.875,26.75,27.25,26.875,27.25,27,27,26.875,27.125,27.125,27,26.875,27.25,26.875,26.875,26.875
2,7/31/2023 11:31,360,27.125,27.375,27.5,27.25,27.125,27.25,27.125,27.375,27.25,27.125,26.875,27.375,27,27.625,27.25,27,26.875,27.125,27,27,26.875,27.125,26.75,26.875,26.875
2,7/31/2023 12:01,361,27.5,27.75,28,27.5,27.375,27.375,27.5,27.625,27.5,27.625,27.125,27.5,27.125,27.5,27.25,27.125,27,27.25,27.25,27.125,27,27.375,27,27,27.125
2,7/31/2023 12:31,362,27.5,27.75,27.875,27.625,27.5,27.5,27.625,27.875,27.625,27.75,27.375,27.625,27.125,27.5,27.25,27.125,27.125,27.25,27.25,27.25,27.125,27.5,27.125,27.125,27.125
2,7/31/2023 13:01,363,27.5,27.75,27.75,27.75,27.625,27.5,27.625,27.75,27.625,27.625,27.375,27.625,27,27.5,27.125,27.125,27.125,27.25,27.375,27.25,27.125,27.375,27.125,27.125,27.25
2,7/31/2023 13:31,364,27.5,27.75,27.75,27.625,27.625,27.5,27.5,27.625,27.5,27.375,27.375,27.625,27,27.375,27.125,27.125,27,27.125,27.25,27.125,27,27.375,27,27,27.125
2,7/31/2023 14:01,365,27.125,27.5,27.5,27.375,27.375,27.25,27.25,27.375,27.375,27.125,27.125,27.375,26.75,27.125,26.875,26.875,26.75,26.875,27,26.875,26.75,27.125,26.75,26.75,27
2,7/31/2023 14:31,366,27.25,27.5,27.5,27.375,27.375,27.375,27.25,27.375,27.375,27.25,27.125,27.5,26.75,27.25,27,26.875,26.75,27,27.125,27,26.875,27.125,26.75,26.875,27.125
2,7/31/2023 15:01,367,27,27.375,27.375,27.25,27.25,27.25,27.125,27.25,27.25,27.125,27,27.375,26.625,27,26.75,26.75,26.625,26.875,26.875,26.75,26.625,27.125,26.75,26.75,27
2,7/31/2023 15:31,368,26.75,27,27.125,27,26.875,27,26.875,27,26.875,26.875,26.75,27.125,26.375,26.75,26.5,26.5,26.375,26.625,26.625,26.625,26.375,26.875,26.5,26.5,27
2,7/31/2023 16:01,369,26.375,26.625,26.75,26.625,26.625,26.625,26.625,26.625,26.75,26.5,26.5,26.875,26,26.375,26.25,26.25,26.125,26.375,26.375,26.25,26.125,26.625,26.125,26.25,27
2,7/31/2023 16:31,370,26.25,26.5,26.5,26.625,26.375,26.5,26.375,26.5,26.5,26.375,26.375,26.625,25.875,26.125,26,26,25.875,26.125,26.125,26,25.875,26.375,26,26,27
2,7/31/2023 17:01,371,26.125,26.375,26.375,26.375,26.25,26.25,26.25,26.375,26.375,26.25,26.125,26.5,25.75,26,25.875,25.875,25.75,26,26,25.875,25.75,26.25,25.75,25.875,26.875
2,7/31/2023 17:31,372,26,26.25,26.25,26.375,26.25,26.25,26.25,26.375,26.25,26.25,26.125,26.5,25.625,25.875,25.75,25.75,25.625,25.875,25.875,25.75,25.625,26.125,25.75,25.75,26.875
2,7/31/2023 18:01,373,26,26.125,26.25,26.25,26.125,26.25,26.125,26.375,26.25,26.125,26.125,26.5,25.5,25.875,25.75,25.75,25.625,25.875,25.875,25.75,25.625,26.125,25.75,25.75,26.875
2,7/31/2023 18:31,374,25.75,26,26.125,26.125,26,26.125,26,26.25,26.125,26,26,26.375,25.5,25.75,25.625,25.625,25.5,25.75,25.75,25.625,25.625,26,25.625,25.625,26.875
2,7/31/2023 19:01,375,25.75,26,26,26.125,25.875,26,25.875,26.125,26.125,26,25.875,26.25,25.375,25.75,25.625,25.625,25.5,25.75,25.75,25.625,25.5,25.875,25.625,25.625,26.875
2,7/31/2023 19:31,376,25.625,25.875,25.875,26,25.875,25.875,25.875,26,26,25.875,25.875,26.25,25.25,25.625,25.5,25.5,25.375,25.625,25.625,25.5,25.375,25.75,25.5,25.5,26.875
2,7/31/2023 20:01,377,25.5,25.875,25.875,25.875,25.75,25.875,25.75,26,25.875,25.875,25.75,26.125,25.25,25.625,25.5,25.375,25.375,25.625,25.625,25.5,25.375,25.75,25.375,25.5,26.75
2,7/31/2023 20:31,378,25.5,25.75,25.75,25.875,25.75,25.75,25.75,26,25.875,25.75,25.75,26.125,25.125,25.5,25.375,25.375,25.25,25.5,25.5,25.375,25.25,25.75,25.375,25.375,26.75
2,7/31/2023 21:01,379,25.375,25.75,25.75,25.875,25.625,25.75,25.75,25.875,25.875,25.75,25.75,26.125,25.125,25.375,25.375,25.375,25.25,25.5,25.5,25.375,25.25,25.625,25.25,25.375,26.75
2,7/31/2023 21:31,380,25.375,25.625,25.75,25.75,25.625,25.75,25.625,25.875,25.75,25.75,25.625,26,25.125,25.375,25.25,25.375,25.25,25.5,25.5,25.375,25.25,25.625,25.25,25.25,26.75
2,7/31/2023 22:01,381,25.375,25.625,25.625,25.75,25.625,25.625,25.625,25.875,25.75,25.625,25.625,26,25,25.375,25.25,25.25,25.125,25.375,25.375,25.25,25.125,25.625,25.25,25.25,26.625
2,7/31/2023 22:31,382,25.375,25.625,25.625,25.75,25.625,25.625,25.625,25.875,25.75,25.625,25.625,26,25,25.375,25.25,25.25,25.125,25.375,25.375,25.25,25.25,25.625,25.25,25.25,26.625
2,7/31/2023 23:01,383,25.375,25.625,25.625,25.75,25.625,25.625,25.625,25.875,25.75,25.625,25.625,26,25,25.375,25.25,25.25,25.125,25.375,25.375,25.25,25.25,25.625,25.25,25.25,26.625
2,7/31/2023 23:31,384,25.375,25.625,25.625,25.75,25.625,25.625,25.625,25.875,25.75,25.625,25.625,26,25,25.375,25.25,25.25,25.125,25.375,25.375,25.25,25.25,25.625,25.25,25.25,26.625
2,8/1/2023 0:01,385,25.375,25.625,25.625,25.75,25.625,25.625,25.625,25.875,25.75,25.625,25.625,26,25,25.375,25.25,25.25,25.125,25.375,25.375,25.25,25.25,25.625,25.25,25.25,26.625
2,8/1/2023 0:31,386,25.375,25.625,25.625,25.75,25.625,25.625,25.625,25.75,25.75,25.625,25.625,26,25,25.375,25.25,25.25,25.125,25.375,25.375,25.25,25.125,25.5,25.125,25.25,26.625
2,8/1/2023 1:01,387,25.25,25.5,25.625,25.625,25.625,25.5,25.5,25.75,25.625,25.625,25.625,25.875,24.875,25.25,25.125,25.125,25,25.25,25.25,25.125,25.125,25.5,25.125,25.125,26.625
2,8/1/2023 1:31,388,25.25,25.5,25.5,25.625,25.5,25.5,25.5,25.75,25.625,25.5,25.5,25.875,24.875,25.25,25.125,25.125,25,25.25,25.25,25.125,25,25.375,25,25.125,26.625
2,8/1/2023 2:01,389,25.125,25.375,25.375,25.5,25.375,25.5,25.375,25.625,25.5,25.5,25.375,25.75,24.75,25.125,25,25,24.875,25.125,25.125,25,24.875,25.375,25,25,26.625
2,8/1/2023 2:31,390,25.125,25.375,25.375,25.5,25.375,25.375,25.375,25.5,25.5,25.5,25.375,25.75,24.625,25,24.875,24.875,24.75,25,25,24.875,24.875,25.25,24.875,24.875,26.625
2,8/1/2023 3:01,391,25.125,25.375,25.375,25.5,25.375,25.5,25.375,25.625,25.5,25.5,25.375,25.75,24.625,25,24.875,24.875,24.875,25.125,25.125,25,24.875,25.25,24.875,24.875,26.625
2,8/1/2023 3:31,392,25.125,25.375,25.375,25.5,25.375,25.375,25.375,25.625,25.5,25.5,25.375,25.75,24.625,25,24.875,24.875,24.75,25.125,25,24.875,24.875,25.25,24.875,24.875,26.5
2,8/1/2023 4:01,393,25.125,25.375,25.375,25.5,25.375,25.5,25.375,25.625,25.5,25.5,25.375,25.75,24.75,25,25,24.875,24.875,25.125,25.125,25,24.875,25.25,24.875,25,26.5
2,8/1/2023 4:31,394,25.125,25.5,25.5,25.625,25.375,25.5,25.5,25.75,25.5,25.5,25.375,25.75,24.75,25.125,25,25,24.875,25.125,25.125,25,25,25.375,25,25,26.5
2,8/1/2023 5:01,395,25.25,25.5,25.5,25.625,25.5,25.5,25.5,25.75,25.5,25.5,25.5,25.875,24.75,25.125,25.125,25.125,25,25.25,25.25,25.125,25,25.375,25,25,26.5
2,8/1/2023 5:31,396,25.125,25.375,25.5,25.5,25.375,25.5,25.5,25.625,25.5,25.5,25.375,25.75,24.75,25.125,25,25,24.875,25.125,25.125,25,24.875,25.375,25,25,26.375
2,8/1/2023 6:01,397,25.125,25.375,25.375,25.5,25.375,25.375,25.375,25.625,25.5,25.5,25.375,25.75,24.75,25,25,24.875,24.875,25.125,25.125,25,24.875,25.25,24.875,24.875,26.375
2,8/1/2023 6:31,398,25,25.25,25.25,25.375,25.25,25.375,25.375,25.5,25.375,25.375,25.375,25.625,24.625,25,24.875,24.875,24.75,25,25,24.875,24.75,25.125,24.75,24.875,26.375
2,8/1/2023 7:01,399,25.125,25.375,25.375,25.5,25.375,25.375,25.375,25.625,25.5,25.5,25.375,25.75,24.625,25,24.875,24.875,24.75,25,25,24.875,24.875,25.25,24.875,24.875,26.5
2,8/1/2023 7:31,400,25.25,25.5,25.5,25.625,25.5,25.5,25.5,25.75,25.625,25.5,25.5,25.875,24.75,25.125,25,25,24.875,25.125,25.25,25,25,25.375,25,25,26.5
2,8/1/2023 8:01,401,25.375,25.625,25.75,25.75,25.625,25.75,25.75,25.875,25.875,25.75,25.625,26.125,25,25.375,25.25,25.25,25.125,25.375,25.375,25.25,25.25,25.5,25.25,25.25,26.5
2,8/1/2023 8:31,402,25.625,25.875,26,26,25.875,26,25.875,26.125,26.125,25.875,25.875,26.25,25.25,25.625,25.625,25.5,25.375,25.75,25.75,25.5,25.5,25.875,25.5,25.5,26.5
2,8/1/2023 9:01,403,25.875,26.25,26.375,26.25,26.125,26.25,26.125,26.25,26.25,26.125,26.125,26.5,25.75,26.125,26,25.875,25.875,26.125,26.125,26,25.875,26.25,25.875,25.875,26.5
2,8/1/2023 9:31,404,26.125,26.375,26.5,26.5,26.375,26.5,26.375,26.5,26.625,26.25,26.25,26.625,25.875,26.25,26.125,26.125,26,26.125,26.25,26,26,26.375,26,26,26.5
2,8/1/2023 10:01,405,27.125,27.375,27.75,27,26.875,27.375,26.75,26.875,27.375,26.625,26.625,27.25,27.375,27.5,27.375,27.375,27.125,27.375,27.25,27.125,27,27.375,26.875,27,26.625
2,8/1/2023 10:31,406,27.25,27.5,28,27.375,27.25,27.75,27.25,27.25,27.875,26.875,27,27.375,28,28.125,27.875,27.75,27.75,27.75,27.625,27.5,27.5,27.5,27,27,26.625
2,8/1/2023 11:01,407,28,27.875,28.625,28.125,28,28.5,27.5,27.625,28,27.25,27.25,27.625,28.125,28.375,28,28.125,28,28.25,27.625,27.5,27.375,27.625,27.125,27.125,26.75
2,8/1/2023 11:31,408,28.5,28.625,29,28.125,28,28.375,27.625,27.75,27.75,27.625,27.5,27.875,28.25,28.5,28.375,27.875,27.875,27.875,27.625,27.5,27.375,27.75,27.25,27.25,26.75
2,8/1/2023 12:01,409,28.25,28.5,28.875,28,27.875,28.25,27.875,27.875,27.875,28.125,27.625,28,27.875,28.25,28,27.75,27.625,27.75,27.75,27.625,27.5,27.875,27.375,27.5,27.125
2,8/1/2023 12:31,410,27.875,28,28.375,27.875,27.75,27.875,27.875,27.75,27.875,27.75,27.5,28,27.5,27.875,27.75,27.5,27.5,27.625,27.625,27.5,27.375,27.75,27.375,27.375,27.25
2,8/1/2023 13:01,411,27.75,27.875,28,27.875,27.75,27.75,27.875,27.625,27.75,27.75,27.5,27.875,27.375,27.75,27.5,27.375,27.375,27.5,27.625,27.5,27.375,27.75,27.375,27.375,27.25
2,8/1/2023 13:31,412,27.5,27.75,27.75,27.625,27.625,27.625,27.625,27.625,27.625,27.5,27.375,27.75,27.125,27.5,27.25,27.25,27.25,27.375,27.375,27.375,27.125,27.5,27.125,27.25,27.125
2,8/1/2023 14:01,413,27.375,27.75,27.625,27.5,27.5,27.5,27.5,27.5,27.5,27.5,27.375,27.625,27,27.5,27.25,27.125,27.125,27.25,27.375,27.25,27.125,27.5,27.125,27.125,27.125
2,8/1/2023 14:31,414,27.25,27.625,27.625,27.5,27.375,27.5,27.375,27.375,27.5,27.25,27.25,27.5,27,27.375,27.125,27.125,27,27.125,27.25,27.125,27,27.375,27,27,27.125
2,8/1/2023 15:01,415,27.125,27.5,27.5,27.375,27.375,27.375,27.375,27.375,27.5,27.25,27.125,27.5,27,27.25,27.125,27.125,27,27.125,27.25,27.125,27,27.375,27,27.125,27.125
2,8/1/2023 15:31,416,27,27.25,27.375,27.25,27.125,27.25,27.125,27.125,27.125,27,26.875,27.25,26.75,27.125,26.875,26.875,26.875,27,27.125,27,26.875,27.25,26.875,26.875,27
2,8/1/2023 16:01,417,26.625,26.75,26.75,26.75,26.625,26.625,26.75,26.75,26.75,26.625,26.5,26.75,26.375,26.625,26.5,26.5,26.375,26.5,26.625,26.5,26.375,26.75,26.375,26.375,27
2,8/1/2023 16:31,418,26.375,26.5,26.5,26.75,26.5,26.375,26.625,26.625,26.5,26.5,26.25,26.625,26,26.375,26.125,26.125,26,26.125,26.25,26.125,26,26.375,26,26.125,27
2,8/1/2023 17:01,419,26.25,26.375,26.375,26.625,26.375,26.25,26.5,26.5,26.375,26.375,26.25,26.625,25.75,26.125,26,26,25.875,26.125,26.125,26,25.875,26.25,25.875,26,27
2,8/1/2023 17:31,420,26.125,26.25,26.25,26.375,26.25,26.25,26.375,26.5,25.875,26.25,26.125,26.5,25.75,26,25.875,25.875,25.75,26,26,25.875,25.75,26.125,25.75,25.875,27
2,8/1/2023 18:01,421,26,26.25,26.125,26.375,26.25,26.25,26.25,26.5,26.125,26.25,26.125,26.375,25.625,26,25.75,25.875,25.625,25.875,26,25.75,25.75,26.125,25.75,25.75,27
2,8/1/2023 18:31,422,26,26.125,26.125,26.375,26.25,26.25,26.25,26.375,26.125,26.25,26.125,26.5,25.625,26,25.75,25.875,25.625,25.875,26,25.75,25.75,26.125,25.75,25.75,26.875
2,8/1/2023 19:01,423,25.875,26.125,26.125,26.25,26.125,26.125,26.125,26.375,26.125,26.125,26,26.375,25.5,25.875,25.75,25.75,25.625,25.75,25.875,25.75,25.625,26,25.625,25.75,26.75
2,8/1/2023 19:31,424,25.875,26,26,26.25,26.125,26.125,26.125,26.25,26.125,26,26,26.375,25.5,25.875,25.625,25.75,25.5,25.75,25.875,25.625,25.625,26,25.625,25.625,26.75
2,8/1/2023 20:01,425,25.875,26.125,26.125,26.25,26.125,26.125,26.125,26.375,26.125,26.125,26,26.375,25.5,25.875,25.75,25.75,25.625,25.875,25.875,25.75,25.75,26,25.75,25.75,26.75
2,8/1/2023 20:31,426,25.75,26,26,26.125,26,26.125,26.125,26.25,26.125,26,26,26.25,25.5,25.875,25.625,25.75,25.5,25.75,25.75,25.625,25.625,25.875,25.625,25.625,26.75
2,8/1/2023 21:01,427,25.75,26,26,26.125,26,26,26,26.25,26,26,25.875,26.25,25.375,25.75,25.5,25.625,25.375,25.625,25.75,25.625,25.5,25.875,25.5,25.5,26.875
2,8/1/2023 21:31,428,25.625,25.875,25.875,26,25.875,25.875,25.875,26.125,25.875,25.875,25.875,26.125,25.25,25.625,25.375,25.5,25.25,25.5,25.625,25.5,25.375,25.75,25.375,25.375,26.75
2,8/1/2023 22:01,429,25.625,25.875,25.875,26,25.875,25.875,25.875,26.125,26,25.875,25.875,26.125,25.25,25.625,25.375,25.5,25.25,25.5,25.625,25.5,25.375,25.75,25.375,25.375,26.75
2,8/1/2023 22:31,430,25.75,26,25.875,26.125,25.875,25.875,26,26.125,26,25.875,25.875,26.125,25.25,25.625,25.375,25.5,25.25,25.5,25.625,25.5,25.375,25.75,25.375,25.375,26.75
2,8/1/2023 23:01,431,25.625,25.875,25.875,26,25.875,25.875,25.875,26.125,26,25.875,25.875,26.125,25.25,25.625,25.375,25.5,25.25,25.5,25.625,25.375,25.375,25.75,25.375,25.375,26.75
2,8/1/2023 23:31,432,25.75,26,25.875,26.125,26,26,26,26.125,26,25.875,25.875,26.125,25.25,25.625,25.375,25.5,25.25,25.5,25.625,25.5,25.375,25.75,25.375,25.375,26.625
2,8/2/2023 0:01,433,25.625,25.875,25.875,26,25.875,25.875,25.875,26.125,25.875,25.875,25.75,26.125,25.125,25.5,25.375,25.375,25.25,25.5,25.5,25.375,25.25,25.625,25.25,25.375,26.625
2,8/2/2023 0:31,434,25.5,25.75,25.75,25.875,25.75,25.75,25.75,26,25.875,25.75,25.75,26.125,25.125,25.5,25.25,25.375,25.125,25.375,25.5,25.375,25.25,25.625,25.25,25.25,26.625
2,8/2/2023 1:01,435,25.5,25.75,25.75,25.875,25.75,25.75,25.75,26,25.875,25.75,25.75,26.125,25.125,25.5,25.25,25.375,25.125,25.375,25.5,25.375,25.25,25.625,25.25,25.25,26.625
2,8/2/2023 1:31,436,25.625,25.875,25.75,26,25.875,25.875,25.875,26.125,25.875,25.875,25.75,26.125,25.125,25.5,25.375,25.375,25.25,25.5,25.625,25.375,25.25,25.625,25.25,25.375,26.625
2,8/2/2023 2:01,437,25.625,25.875,25.875,26,25.875,25.875,25.875,26.125,25.875,25.875,25.875,26.125,25.25,25.625,25.375,25.5,25.25,25.5,25.625,25.375,25.375,25.75,25.375,25.375,26.625
2,8/2/2023 2:31,438,25.625,25.75,25.75,26,25.875,25.875,25.875,26,25.875,25.75,25.75,26.125,25.125,25.5,25.375,25.375,25.25,25.5,25.5,25.375,25.25,25.625,25.25,25.375,26.5
2,8/2/2023 3:01,439,25.5,25.75,25.75,25.875,25.75,25.75,25.75,26,25.75,25.75,25.625,26,25.125,25.5,25.25,25.375,25.125,25.375,25.375,25.25,25.125,25.5,25.25,25.25,26.5
2,8/2/2023 3:31,440,25.375,25.625,25.625,25.875,25.625,25.625,25.75,25.875,25.75,25.625,25.625,26,25,25.375,25.25,25.25,25.125,25.25,25.375,25.25,25.125,25.5,25.125,25.25,26.5
2,8/2/2023 4:01,441,25.5,25.625,25.625,25.875,25.75,25.75,25.75,25.875,25.75,25.625,25.625,26,25,25.375,25.25,25.375,25.125,25.375,25.375,25.25,25.125,25.5,25.125,25.25,26.5
2,8/2/2023 4:31,442,25.5,25.75,25.75,25.875,25.75,25.875,25.75,26,25.875,25.75,25.75,26,25.125,25.5,25.375,25.375,25.25,25.375,25.5,25.375,25.25,25.625,25.25,25.25,26.5
2,8/2/2023 5:01,443,25.625,25.875,25.875,26,25.875,25.875,25.875,26.125,25.875,25.875,25.75,26.125,25.25,25.625,25.5,25.5,25.25,25.5,25.625,25.375,25.375,25.75,25.375,25.375,26.5
2,8/2/2023 5:31,444,25.625,25.75,25.75,26,25.875,25.875,25.875,26,25.875,25.875,25.75,26.125,25.125,25.5,25.375,25.5,25.25,25.5,25.625,25.375,25.375,25.625,25.375,25.375,26.5
2,8/2/2023 6:01,445,25.5,25.75,25.75,25.875,25.75,25.875,25.875,26,25.875,25.75,25.75,26.125,25.125,25.5,25.375,25.5,25.25,25.5,25.5,25.375,25.375,25.625,25.25,25.375,26.5
2,8/2/2023 6:31,446,25.5,25.75,25.75,25.875,25.75,25.75,25.75,26,25.875,25.75,25.75,26,25.125,25.5,25.375,25.375,25.25,25.5,25.5,25.375,25.25,25.625,25.25,25.25,26.5
2,8/2/2023 7:01,447,25.625,25.75,25.75,26,25.75,25.875,25.75,26,25.875,25.75,25.75,26.125,25.25,25.5,25.375,25.5,25.25,25.5,25.625,25.375,25.375,25.625,25.25,25.375,26.375
2,8/2/2023 7:31,448,25.75,26,26,26.125,26,26.125,26,26.25,26.25,26,26,26.375,25.375,25.875,25.625,25.75,25.625,25.875,25.875,25.75,25.625,26,25.625,25.625,26.375
2,8/2/2023 8:01,449,26.25,26.375,26.625,26.75,26.375,26.625,26.625,26.625,26.875,26.5,26.375,26.875,25.875,26.25,26.25,26.25,26.125,26.375,26.375,26.25,26.25,26.5,26.25,26.25,26.375
2,8/2/2023 8:31,450,26.625,26.625,26.875,27,26.625,26.875,26.75,26.875,27,26.625,26.625,27.125,26.25,26.75,26.625,26.625,26.5,26.75,26.75,26.625,26.625,26.875,26.625,26.625,26.5
2,8/2/2023 9:01,451,26.875,26.875,27,27.125,26.875,27,27,27.125,27.125,27,26.875,27.25,27,27.375,27.375,27.25,27.25,27.5,27.5,27.25,27.25,27.625,27.25,27.25,26.5
2,8/2/2023 9:31,452,27.25,27.25,27.375,27.5,27.125,27.375,27.5,27.375,27.5,27.25,27,27.625,27.5,27.75,27.875,27.625,27.625,27.875,27.75,27.625,27.625,28,27.5,27.375,26.625
2,8/2/2023 10:01,453,27.25,27.375,27.625,27.375,27.125,27.5,27.125,27.125,27.5,27,27,27.5,27.625,27.875,27.875,27.75,27.625,27.875,27.75,27.625,27.625,27.875,27.5,27.625,26.5
2,8/2/2023 10:31,454,27.125,27.375,27.875,27.625,27.375,27.75,27.625,27.5,28.125,27.25,27.125,27.75,28.125,28.625,28.25,28.125,28,28.125,28,27.875,28,27.75,27.375,27.375,26.625
2,8/2/2023 11:01,455,27.5,27.625,28.125,27.875,27.75,28.125,27.5,27.5,27.875,27.25,27.25,27.625,28.25,28.25,28,28.125,28,28.375,27.875,27.625,27.625,27.625,27.25,27.125,26.75
2,8/2/2023 11:31,456,27.375,27.5,27.875,27.5,27.375,27.625,27.375,27.25,27.5,27.25,27.125,27.5,27.875,28.125,27.75,27.625,27.5,27.75,27.375,27.375,27.25,27.5,27,27,26.75
2,8/2/2023 12:01,457,27,27.125,27.5,27.25,27.125,27.25,27,27,27.125,27,26.875,27.25,27,27.25,27.125,27,26.875,27.125,27,26.875,26.875,27.125,26.75,26.75,26.75
2,8/2/2023 12:31,458,26.75,27,27.25,27.125,27,27.125,27,27,27.125,26.875,26.75,27.25,26.75,27.125,27,26.875,26.75,27,27,26.875,26.75,27.125,26.75,26.75,26.75
2,8/2/2023 13:01,459,26.875,27,27.25,27.125,27,27.125,27,27,27.125,26.875,26.75,27.25,26.75,27.125,26.875,26.875,26.75,27,27,26.875,26.75,27.125,26.75,26.75,26.75
2,8/2/2023 13:31,460,26.75,26.875,27.125,27,26.875,27,26.875,27,27,26.75,26.75,27.125,26.625,26.875,26.75,26.75,26.625,26.875,26.875,26.75,26.625,27,26.625,26.625,26.875
2,8/2/2023 14:01,461,26.875,27,27.25,27.125,26.875,27,27,27,27,26.875,26.75,27.125,26.625,27,26.75,26.75,26.625,26.875,26.875,26.75,26.625,27,26.625,26.75,26.875
2,8/2/2023 14:31,462,26.875,27,27.25,27.125,27,27,27,27,27,26.875,26.75,27.125,26.625,27,26.75,26.75,26.625,26.875,26.875,26.75,26.625,27,26.625,26.75,26.875
2,8/2/2023 15:01,463,26.625,26.875,27,26.875,26.75,26.875,26.875,26.875,26.875,26.75,26.625,27,26.5,26.75,26.5,26.625,26.5,26.625,26.75,26.625,26.5,26.875,26.5,26.625,26.75
2,8/2/2023 15:31,464,26.5,26.625,26.75,26.75,26.625,26.625,26.625,26.75,26.75,26.5,26.5,26.875,26.25,26.625,26.375,26.5,26.25,26.5,26.625,26.5,26.375,26.75,26.5,26.5,26.75
2,8/2/2023 16:01,465,26.375,26.5,26.625,26.625,26.5,26.5,26.5,26.625,26.625,26.5,26.375,26.75,26.25,26.625,26.25,26.5,26.25,26.5,26.5,26.375,26.25,26.625,26.375,26.375,26.625
2,8/2/2023 16:31,466,26.375,26.5,26.5,26.625,26.5,26.5,26.5,26.625,26.5,26.5,26.375,26.625,26.125,26.5,26.25,26.375,26.125,26.375,26.5,26.375,26.25,26.625,26.375,26.375,26.75
2,8/2/2023 17:01,467,26.375,26.625,26.625,26.75,26.5,26.625,26.625,26.75,26.75,26.5,26.5,26.75,26.25,26.625,26.375,26.5,26.25,26.5,26.5,26.5,26.25,26.75,26.375,26.5,26.625
2,8/2/2023 17:31,468,26.375,26.625,26.625,26.625,26.5,26.625,26.5,26.75,26.75,26.5,26.5,26.75,26.25,26.625,26.25,26.5,26.25,26.5,26.5,26.375,26.25,26.625,26.375,26.5,26.625
2,8/2/2023 18:01,469,26.125,26.375,26.375,26.5,26.375,26.375,26.375,26.5,26.375,26.25,26.25,26.5,26,26.375,26.125,26.25,26,26.25,26.25,26.25,26.125,26.5,26.125,26.25,26.625
2,8/2/2023 18:31,470,26,26.25,26.25,26.25,26.125,26.125,26.25,26.375,26.25,26.125,26.125,26.375,25.875,26.375,26,26.25,25.875,26.125,26.25,26.125,26,26.375,26.125,26.125,26.5
2,8/2/2023 19:01,471,25.875,26.25,26.125,26.25,26.125,26.125,26.125,26.375,26.25,26.125,26,26.375,25.875,26.375,26,26.125,25.875,26.125,26.25,26.125,26,26.375,26.125,26.125,26.375
2,8/2/2023 19:31,472,25.875,26.125,26.125,26.125,26.125,26.125,26.125,26.375,26.25,26,26,26.375,25.875,26.375,26,26.125,25.875,26.125,26.25,26.125,26,26.375,26.125,26.125,26.25
2,8/2/2023 20:01,473,25.875,26.125,26.125,26.125,26.125,26.125,26.125,26.25,26.25,26,26,26.375,25.875,26.375,26,26.25,25.875,26.25,26.25,26.125,26,26.375,26.125,26.125,26.25
2,8/2/2023 20:31,474,25.75,26.125,26.125,26.125,26,26.125,26,26.25,26.125,26,25.875,26.25,25.875,26.25,25.875,26.125,25.875,26.125,26.25,26.125,26,26.375,26,26.125,26.125
2,8/2/2023 21:01,475,25.75,26,26.125,26.125,26,26,26,26.25,26.125,25.875,25.875,26.25,25.75,26.25,25.875,26.125,25.875,26.125,26.125,26,25.875,26.25,26,26,26.125
2,8/2/2023 21:31,476,25.75,26,26,26,25.875,26,26,26.125,26,25.875,25.875,26.25,25.75,26.125,25.875,26,25.75,26,26.125,26,25.875,26.25,26,26,26.125
2,8/2/2023 22:01,477,25.75,26,26,26,25.875,26,26,26.125,26,25.875,25.875,26.125,25.75,26.125,25.75,26,25.75,26,26.125,26,25.875,26.25,25.875,26,26
2,8/2/2023 22:31,478,25.625,26,25.875,26,25.875,25.875,25.875,26.125,26,25.875,25.75,26.125,25.75,26.125,25.75,26,25.75,26,26,25.875,25.75,26.125,25.875,25.875,26
2,8/2/2023 23:01,479,25.625,26,26,26,25.875,26,25.875,26.125,26,25.875,25.875,26.125,25.75,26.125,25.75,26,25.75,26,26.125,26,25.875,26.25,25.875,26,26
2,8/2/2023 23:31,480,25.625,26,26,26,25.875,25.875,25.875,26.125,26,25.875,25.75,26.125,25.75,26.125,25.75,26,25.75,26,26,25.875,25.75,26.125,25.875,26,26
2,8/3/2023 0:01,481,25.625,26,26,26,25.875,25.875,25.875,26.125,26,25.875,25.75,26.125,25.75,26.125,25.75,26,25.75,26,26,25.875,25.75,26.125,25.875,26,25.875
2,8/3/2023 0:31,482,25.625,26,25.875,25.875,25.75,25.875,25.875,26.125,25.875,25.75,25.75,26.125,25.75,26.125,25.75,26,25.75,26,26,25.875,25.75,26.125,25.875,25.875,25.875
2,8/3/2023 1:01,483,25.625,26,25.875,25.875,25.875,25.875,25.875,26.125,26,25.75,25.75,26.125,25.75,26.125,25.75,26,25.75,26,26.125,26,25.875,26.125,25.875,26,25.875
2,8/3/2023 1:31,484,25.625,26,25.875,25.875,25.875,25.875,25.875,26.125,26,25.75,25.75,26.125,25.75,26.125,25.75,26,25.75,26,26.125,26,25.875,26.25,25.875,26,25.875
2,8/3/2023 2:01,485,25.625,26,26,26,25.875,25.875,25.875,26.125,26,25.875,25.75,26.125,25.75,26.125,25.875,26,25.75,26.125,26.125,26,25.875,26.25,25.875,26,25.875
2,8/3/2023 2:31,486,25.625,26,26,26,25.875,25.875,25.875,26.125,26,25.875,25.75,26.125,25.75,26.125,25.875,26,25.75,26.125,26.125,26,25.875,26.25,26,26,25.875
2,8/3/2023 3:01,487,25.625,26,26,26,25.875,26,25.875,26.125,26,25.875,25.75,26.125,25.75,26.125,25.875,26.125,25.875,26.125,26.125,26,25.875,26.25,26,26,25.875
2,8/3/2023 3:31,488,25.625,26,26,26,25.875,25.875,25.875,26.125,26,25.875,25.75,26.125,25.75,26.125,25.875,26,25.75,26,26.125,26,25.875,26.25,25.875,26,25.875
2,8/3/2023 4:01,489,25.625,26,26,26,25.875,25.875,25.875,26.125,26,25.875,25.75,26.125,25.75,26.125,25.875,26.125,25.75,26.125,26.125,26,25.875,26.25,26,26,25.75
2,8/3/2023 4:31,490,25.625,26,25.875,25.875,25.75,25.875,25.875,26.125,25.875,25.75,25.75,26.125,25.75,26.125,25.75,26,25.75,26,26.125,26,25.875,26.25,25.875,26,25.75
2,8/3/2023 5:01,491,25.625,26,26,26,25.875,25.875,25.875,26.125,26,25.875,25.75,26.125,25.75,26.125,25.875,26,25.75,26,26.125,26,25.875,26.25,25.875,26,25.75
2,8/3/2023 5:31,492,25.625,26,26,25.875,25.875,25.875,25.875,26.125,26,25.875,25.75,26.125,25.75,26.125,25.875,26,25.75,26,26.125,26,25.875,26.25,25.875,26,25.875
2,8/3/2023 6:01,493,25.5,25.875,25.875,25.875,25.75,25.875,25.75,26,25.875,25.75,25.75,26.125,25.75,26.125,25.75,26,25.75,26,26,25.875,25.875,26.125,25.875,25.875,25.875
2,8/3/2023 6:31,494,25.5,25.875,25.875,25.875,25.75,25.875,25.875,26,25.875,25.75,25.75,26.125,25.75,26.125,25.75,26,25.75,26,26,25.875,25.875,26.125,25.875,26,25.75
2,8/3/2023 7:01,495,25.625,26,26,26,25.875,25.875,25.875,26.125,26,25.875,25.75,26.125,25.75,26.125,25.875,26,25.75,26,26.125,26,25.875,26.25,26,26,25.875
2,8/3/2023 7:31,496,25.875,26.125,26.25,26.25,26,26.125,26.125,26.375,26.25,26.125,26,26.375,26,26.375,26.125,26.25,26.125,26.375,26.375,26.25,26.25,26.5,26.25,26.25,25.875
2,8/3/2023 8:01,497,26.25,26.5,26.625,26.625,26.5,26.5,26.5,26.625,26.75,26.375,26.375,26.75,26.375,26.75,26.625,26.625,26.375,26.625,26.75,26.625,26.5,26.875,26.5,26.5,26
2,8/3/2023 8:31,498,26.75,26.875,27.125,27.125,26.875,27,26.875,27,27.25,26.75,26.75,27.25,26.75,27.125,27.125,27,26.875,27.125,27.125,27,27,27.25,26.875,27,26.125
2,8/3/2023 9:01,499,26.75,26.75,27,27,26.75,26.875,26.875,26.875,26.875,26.75,26.75,27.125,26.875,27.125,27.125,27.125,27,27.125,27.125,27,27,27.375,27,27,26.25
2,8/3/2023 9:31,500,27.5,27.25,27.625,27.75,27.25,27.5,27.625,27.375,27.625,27.25,27,27.625,27.375,27.625,27.75,27.625,27.5,27.625,27.625,27.5,27.5,27.875,27.25,27.25,26.375
2,8/3/2023 10:01,501,27.75,27.75,28.25,27.875,27.625,28,27.375,27.375,27.75,27.25,27.125,27.875,27.75,28,28,27.75,27.75,27.875,27.875,27.75,27.625,28,27.5,27.5,26.5
2,8/3/2023 10:31,502,27.75,27.875,28.625,28.125,28,28.375,28,28,28.5,27.5,27.5,28.125,28.125,28.375,28.375,28.25,28.125,28.25,28,27.875,27.875,27.75,27.375,27.375,26.75
2,8/3/2023 11:01,503,28.25,28.375,29,28.625,28.75,29,28,28.125,28.375,27.625,27.75,28.25,28.125,28.25,28.25,28,28.125,28.125,27.625,27.5,27.5,27.625,27.25,27.25,26.75
2,8/3/2023 11:31,504,28,28.125,28.5,28.125,28,28.25,27.75,27.75,27.875,27.5,27.5,27.875,27.5,27.75,27.625,27.375,27.375,27.5,27.25,27.125,27,27.375,26.875,27,26.75
2,8/3/2023 12:01,505,27.5,27.625,28,27.625,27.5,27.625,27.375,27.375,27.5,27.25,27.125,27.625,26.875,27.125,27.125,27,26.875,27,27,26.875,26.75,27.125,26.75,26.75,26.75
2,8/3/2023 12:31,506,27.125,27.375,27.625,27.375,27.25,27.375,27.25,27.375,27.375,27.125,27,27.5,26.75,27.125,27,26.875,26.75,27,27,26.875,26.75,27.125,26.75,26.75,26.875
2,8/3/2023 13:01,507,26.875,27.125,27.375,27.125,27,27.25,27,27.125,27.125,26.875,26.875,27.25,26.625,27,26.875,26.75,26.625,26.875,26.875,26.75,26.75,27,26.625,26.75,26.75
2,8/3/2023 13:31,508,26.75,26.875,27.25,27,26.875,27,26.875,27,27,26.75,26.75,27.125,26.5,26.875,26.75,26.75,26.625,26.875,26.875,26.75,26.625,27,26.625,26.75,26.75
2,8/3/2023 14:01,509,26.5,26.75,27,26.75,26.75,26.875,26.625,26.75,26.875,26.625,26.5,27,26.375,26.875,26.625,26.625,26.5,26.75,26.75,26.625,26.625,26.875,26.625,26.625,26.75
2,8/3/2023 14:31,510,26.5,26.875,27,26.75,26.75,26.875,26.625,26.75,26.875,26.5,26.5,27,26.5,26.875,26.75,26.75,26.625,26.875,26.875,26.75,26.625,27,26.625,26.625,27.125
2,8/3/2023 15:01,511,26.625,26.875,27,26.875,26.75,26.875,26.75,26.875,27,26.625,26.625,27,26.625,27,26.75,26.75,26.625,26.875,26.875,26.75,26.75,27.125,26.75,26.75,26.875
2,8/3/2023 15:31,512,26.5,26.75,27,26.75,26.625,26.875,26.625,26.75,26.875,26.5,26.5,26.875,26.625,27,26.75,26.75,26.625,26.875,27,26.75,26.75,27.125,26.75,26.75,26.875
2,8/3/2023 16:01,513,26.375,26.625,26.875,26.625,26.625,26.75,26.625,26.625,26.75,26.5,26.375,26.75,26.5,26.875,26.75,26.75,26.625,26.75,26.875,26.75,26.625,27,26.625,26.75,26.875
2,8/3/2023 16:31,514,26.25,26.5,26.625,26.5,26.5,26.625,26.5,26.625,26.625,26.375,26.25,26.75,26.375,26.75,26.625,26.625,26.5,26.75,26.75,26.625,26.625,26.875,26.625,26.625,26.875
2,8/3/2023 17:01,515,26.125,26.375,26.625,26.5,26.375,26.5,26.375,26.5,26.5,26.375,26.25,26.625,26.25,26.75,26.5,26.625,26.375,26.625,26.75,26.625,26.5,26.875,26.5,26.625,26.875
2,8/3/2023 17:31,516,26,26.25,26.375,26.375,26.25,26.375,26.25,26.375,26.375,26.25,26.125,26.5,26.125,26.625,26.375,26.5,26.25,26.625,26.625,26.5,26.375,26.75,26.5,26.5,26.75
2,8/3/2023 18:01,517,25.875,26.125,26.25,26.25,26.125,26.25,26.125,26.25,26.25,26,26,26.375,26.125,26.625,26.375,26.5,26.25,26.5,26.5,26.5,26.375,26.75,26.5,26.5,26.75
2,8/3/2023 18:31,518,25.75,26,26.125,26,26,26.125,26,26.125,26.125,25.875,25.875,26.25,26.125,26.5,26.25,26.375,26.125,26.5,26.5,26.375,26.25,26.625,26.375,26.5,26.75
2,8/3/2023 19:01,519,25.5,25.875,26,25.875,25.75,25.875,25.75,26,25.875,25.75,25.75,26.125,26,26.375,26.125,26.375,26.125,26.375,26.375,26.25,26.25,26.625,26.25,26.375,26.75
2,8/3/2023 19:31,520,25.375,25.75,25.875,25.75,25.75,25.875,25.75,25.875,25.875,25.625,25.625,26,26,26.375,26.125,26.25,26,26.375,26.375,26.25,26.25,26.625,26.25,26.375,26.75
2,8/3/2023 20:01,521,25.375,25.625,25.75,25.75,25.625,25.75,25.625,25.875,25.875,25.5,25.5,25.875,26,26.375,26.125,26.25,26,26.375,26.375,26.25,26.125,26.5,26.25,26.25,26.75
2,8/3/2023 20:31,522,25.375,25.625,25.75,25.625,25.625,25.75,25.625,25.75,25.75,25.5,25.5,25.875,26,26.375,26.125,26.25,26,26.375,26.375,26.25,26.25,26.5,26.25,26.25,26.625
2,8/3/2023 21:01,523,25.25,25.5,25.625,25.625,25.5,25.625,25.5,25.75,25.5,25.5,25.375,25.875,25.875,26.375,26,26.25,26,26.25,26.25,26.25,26.125,26.5,26.125,26.25,26.625
2,8/3/2023 21:31,524,25.125,25.375,25.5,25.375,25.375,25.5,25.375,25.625,25.5,25.375,25.375,25.625,25.875,26.25,25.875,26.125,25.875,26.25,26.25,26.125,26.125,26.375,26.125,26.125,26.625
2,8/3/2023 22:01,525,25,25.375,25.5,25.375,25.375,25.5,25.375,25.5,25.5,25.375,25.375,25.625,25.875,26.25,25.875,26.125,25.875,26.125,26.25,26.125,26,26.375,26,26.125,26.5
2,8/3/2023 22:31,526,25,25.25,25.375,25.375,25.25,25.375,25.375,25.5,25.375,25.25,25.25,25.5,25.75,26.25,25.875,26.125,25.875,26.125,26.125,26,26,26.25,26,26.125,26.5
2,8/3/2023 23:01,527,25,25.25,25.375,25.375,25.25,25.375,25.25,25.375,25.375,25.25,25.25,25.5,25.75,26.125,25.875,26.125,25.875,26.125,26.125,26,26,26.375,26,26.125,26.5
2,8/3/2023 23:31,528,25,25.25,25.375,25.375,25.25,25.375,25.25,25.375,25.375,25.25,25.125,25.5,25.75,26.125,25.75,26,25.75,26,26.125,26,25.875,26.25,26,26,26.5
2,8/4/2023 0:01,529,24.875,25.125,25.25,25.25,25.125,25.25,25.125,25.375,25.25,25.125,25,25.375,25.75,26.125,25.75,26,25.75,26,26,25.875,25.75,26.125,25.875,26,26.5
2,8/4/2023 0:31,530,25,25.25,25.375,25.25,25.25,25.25,25.25,25.375,25.375,25.125,25.125,25.5,25.75,26.125,25.75,26,25.75,26.125,26.125,26,25.875,26.25,26,26,26.375
2,8/4/2023 1:01,531,24.875,25.125,25.25,25.25,25.125,25.25,25.125,25.25,25.25,25.125,25,25.375,25.75,26.125,25.75,26,25.75,26,26.125,26,25.875,26.25,26,26,26.125
2,8/4/2023 1:31,532,24.875,25.25,25.375,25.25,25.125,25.25,25.25,25.375,25.375,25.125,25.125,25.5,25.75,26.25,25.875,26.125,25.875,26.125,26.125,26,26,26.375,26,26.125,26.375
2,8/4/2023 2:01,533,24.875,25.25,25.375,25.25,25.25,25.375,25.25,25.375,25.375,25.125,25.125,25.5,25.75,26.25,25.875,26.125,25.875,26.125,26.125,26,26,26.375,26,26.125,26.375
2,8/4/2023 2:31,534,24.875,25.25,25.25,25.25,25.125,25.25,25.25,25.375,25.375,25.125,25.125,25.5,25.75,26.125,25.75,26,25.75,26,26.125,26,25.875,26.25,26,26,26.125
2,8/4/2023 3:01,535,24.875,25.125,25.25,25.25,25.125,25.25,25.25,25.375,25.375,25.125,25.125,25.5,25.75,26.125,25.75,26,25.75,26,26,26,25.875,26.25,26,26,26.375
2,8/4/2023 3:31,536,24.75,25,25.125,25.125,25,25.125,25.125,25.25,25.125,25,25,25.25,25.625,26,25.625,25.875,25.625,26,26,25.875,25.75,26.125,25.875,25.875,26.375
2,8/4/2023 4:01,537,24.75,25,25.125,25.125,25,25.125,25.125,25.25,25.125,25.125,25,25.25,25.75,26.125,25.75,26.125,25.75,26.125,26.125,26,26,26.25,25.875,26,26.375
2,8/4/2023 4:31,538,24.75,25.125,25.25,25.125,25.125,25.25,25.125,25.25,25.25,25.125,25,25.25,25.875,26.25,25.875,26.125,25.875,26.25,26.125,26,26.125,26.25,26,26.125,26.375
2,8/4/2023 5:01,539,24.75,25.125,25.25,25.25,25.125,25.25,25.25,25.25,25.25,25.125,25.125,25.375,25.875,26.25,25.875,26.125,25.875,26.25,26.125,26.125,26.125,26.375,26,26.125,26.375
2,8/4/2023 5:31,540,24.875,25.25,25.375,25.25,25.25,25.375,25.25,25.375,25.375,25.25,25.25,25.5,26,26.375,26,26.25,26,26.375,26.25,26.25,26.25,26.375,26.125,26.25,26.375
2,8/4/2023 6:01,541,24.875,25.25,25.375,25.25,25.125,25.25,25.25,25.375,25.375,25.25,25.125,25.5,25.875,26.25,25.875,26.125,25.875,26.25,26.125,26.125,26.125,26.375,26,26.125,26.25
2,8/4/2023 6:31,542,24.875,25.125,25.25,25.25,25.125,25.25,25.125,25.25,25.25,25.125,25.125,25.375,25.75,26.125,25.875,26,25.875,26.125,26.125,26,26,26.25,26,26,26.25
2,8/4/2023 7:01,543,25,25.375,25.5,25.375,25.375,25.5,25.375,25.5,25.5,25.375,25.375,25.625,25.875,26.25,26.125,26.25,26,26.375,26.375,26.25,26.25,26.5,26.125,26.25,26.375
2,8/4/2023 7:31,544,25.25,25.625,25.75,25.75,25.625,25.75,25.625,25.75,25.875,25.625,25.5,26,26,26.375,26.25,26.375,26.25,26.5,26.5,26.375,26.375,26.625,26.375,26.5,26.375
2,8/4/2023 8:01,545,25.5,25.75,26,26,25.875,26,25.875,26,26.125,25.75,25.75,26.25,26.125,26.5,26.375,26.5,26.25,26.625,26.625,26.5,26.5,26.75,26.5,26.5,26.375
2,8/4/2023 8:31,546,26.125,26.25,26.5,26.5,26.25,26.5,26.25,26.375,26.625,26.125,26.125,26.625,26.625,26.875,27,26.875,26.75,27,27,26.875,26.875,27.125,26.75,26.875,26.375
2,8/4/2023 9:01,547,26.375,26.375,26.625,26.75,26.375,26.5,26.625,26.625,26.75,26.375,26.375,26.875,26.875,27.125,27.25,27.125,27,27.25,27.25,27.125,27.125,27.375,27,27,26.375
2,8/4/2023 9:31,548,27.125,26.875,27.25,27.375,26.875,27.125,27.25,27.125,27.25,26.875,26.75,27.375,27.375,27.625,27.625,27.5,27.375,27.625,27.625,27.375,27.375,27.75,27.25,27.25,26.5
2,8/4/2023 10:01,549,27.125,27.125,27.5,27.25,26.875,27.25,27,27,27.25,26.75,26.75,27.25,27.125,27.5,27.5,27.375,27.25,27.5,27.375,27.25,27.25,27.5,27,27.125,26.5
2,8/4/2023 10:31,550,26.75,26.875,27.25,27,26.875,27.125,26.875,26.875,27.125,26.625,26.625,27.125,26.875,27.25,27.125,27,27,27.125,27.125,27,27,27.125,26.75,26.875,26.5
2,8/4/2023 11:01,551,27,27.125,27.5,27.25,27.125,27.375,26.875,27,27.125,26.75,26.625,27.125,27,27.375,27.375,27,27,27.25,27,26.875,26.875,27.125,26.75,26.75,26.5
2,8/4/2023 11:31,552,26.75,26.875,27.25,26.875,26.875,27.125,26.75,26.75,26.875,26.625,26.5,27,26.75,27,27,26.75,26.75,26.875,26.875,26.625,26.75,27,26.625,26.625,26.5
2,8/4/2023 12:01,553,26.5,26.75,27,26.75,26.75,26.875,26.625,26.75,26.75,26.5,26.5,26.875,26.375,26.875,26.75,26.625,26.5,26.75,26.75,26.625,26.625,26.875,26.5,26.625,26.5
2,8/4/2023 12:31,554,26.5,26.625,26.875,26.75,26.625,26.75,26.625,26.75,26.75,26.5,26.5,26.875,26.375,26.75,26.625,26.625,26.5,26.75,26.75,26.625,26.5,26.875,26.5,26.5,26.875
2,8/4/2023 13:01,555,26.875,27,27.25,27.125,27,27.125,27.125,27.125,27.125,26.875,26.875,27.25,26.75,27,27,26.875,26.75,27,27.125,26.875,26.875,27.25,26.875,26.875,26.875
2,8/4/2023 13:31,556,26.875,27,27.375,27.125,27,27.125,27,27.125,27.125,26.875,26.875,27.25,26.625,27,27,26.875,26.75,27,27,26.875,26.875,27.25,26.875,26.875,26.875
2,8/4/2023 14:01,557,26.75,27,27.25,27,27,27.125,27,27,27.125,26.75,26.75,27.25,26.5,27,26.875,26.875,26.75,27,27,26.875,26.875,27.125,26.875,26.875,26.875
2,8/4/2023 14:31,558,26.75,27,27.25,27,27,27.125,26.875,27,27.25,26.75,26.75,27.25,26.625,27.125,27,26.875,26.75,27.125,27.125,26.875,26.875,27.25,26.875,27,28
2,8/4/2023 15:01,559,26.875,27.125,27.375,27.125,27.125,27.25,27,27.125,27.25,27,26.875,27.375,26.75,27.125,27.125,27,26.875,27.125,27.125,27,27,27.375,27,27.125,26.75
2,8/4/2023 15:31,560,26.875,27.125,27.375,27.125,27,27.25,27.125,27,27.25,26.875,26.875,27.25,26.75,27.125,27.125,27,27,27.25,27.25,27.125,27.125,27.375,27,27.125,26.625
2,8/4/2023 16:01,561,26.625,26.75,27,26.875,26.75,26.875,26.875,26.875,26.875,26.75,26.625,27,26.375,26.875,26.75,26.75,26.625,26.875,26.875,26.75,26.75,27.125,26.75,26.75,26.5
2,8/4/2023 16:31,562,26.5,26.625,26.75,26.75,26.625,26.625,26.625,26.75,26.75,26.5,26.375,26.875,26.125,26.625,26.5,26.625,26.375,26.625,26.75,26.625,26.5,26.875,26.625,26.625,26.625
2,8/4/2023 17:01,563,26.375,26.5,26.625,26.625,26.5,26.625,26.625,26.625,26.75,26.5,26.375,26.75,26.125,26.625,26.375,26.5,26.25,26.625,26.625,26.5,26.5,26.875,26.5,26.5,26.5
2,8/4/2023 17:31,564,26.125,26.375,26.5,26.375,26.375,26.375,26.375,26.5,26.5,26.25,26.25,26.625,25.875,26.375,26.125,26.25,26.125,26.375,26.375,26.25,26.25,26.625,26.375,26.375,26.375
2,8/4/2023 18:01,565,26,26.25,26.25,26.25,26.25,26.25,26.25,26.375,26.375,26.125,26.125,26.5,25.875,26.375,26.125,26.25,26,26.25,26.375,26.25,26.125,26.625,26.25,26.25,26.375
2,8/4/2023 18:31,566,25.875,26.125,26.25,26.125,26.125,26.125,26.125,26.375,26.25,26,26,26.375,25.875,26.375,26.125,26.25,26,26.25,26.375,26.25,26.125,26.625,26.25,26.25,26.25
2,8/4/2023 19:01,567,25.875,26.125,26.125,26.125,26.125,26.125,26.125,26.25,26.25,26,26,26.375,25.875,26.375,26.125,26.25,26,26.375,26.375,26.25,26.125,26.625,26.25,26.25,26.25
2,8/4/2023 19:31,568,25.875,26.125,26.125,26.125,26.125,26.125,26.125,26.25,26.25,26,26,26.375,25.875,26.375,26.125,26.25,26,26.375,26.375,26.25,26.125,26.625,26.25,26.25,26.125
2,8/4/2023 20:01,569,25.75,26,26.125,26.125,26,26.125,26,26.25,26.125,26,25.875,26.375,25.875,26.375,26.125,26.25,26,26.375,26.375,26.25,26.125,26.5,26.25,26.25,26.125
2,8/4/2023 20:31,570,25.75,26,26.125,26,26,26,26,26.25,26.125,25.875,25.875,26.25,25.875,26.25,26,26.25,26,26.25,26.375,26.25,26.125,26.5,26.25,26.25,26.125
2,8/4/2023 21:01,571,25.625,26,26.125,26,26,26,26,26.125,26.125,25.875,25.875,26.25,25.875,26.25,26,26.25,26,26.25,26.375,26.125,26.125,26.5,26.125,26.25,26
2,8/4/2023 21:31,572,25.625,26,26.125,25.875,25.875,26,25.875,26.125,26,25.875,25.75,26.25,25.75,26.25,26,26.125,25.875,26.25,26.25,26.125,26.125,26.5,26.125,26.125,26
2,8/4/2023 22:01,573,25.5,25.875,26,25.875,25.875,25.875,25.875,26,26,25.75,25.75,26.125,25.75,26.25,25.875,26.125,25.875,26.125,26.25,26.125,26,26.375,26.125,26.125,26
2,8/4/2023 22:31,574,25.5,25.875,26,25.875,25.875,25.875,25.875,26,26,25.75,25.75,26.125,25.75,26.25,26,26.125,25.875,26.25,26.25,26.125,26,26.375,26.125,26.125,25.875
2,8/4/2023 23:01,575,25.625,25.875,26,25.875,25.875,25.875,25.875,26,26,25.75,25.75,26.125,25.75,26.25,26,26.125,25.875,26.125,26.25,26.125,26,26.375,26.125,26.125,25.875
2,8/4/2023 23:31,576,25.5,25.875,25.875,25.875,25.875,25.875,25.875,26,25.875,25.75,25.75,26.125,25.75,26.25,25.875,26.125,25.875,26.125,26.25,26.125,26,26.375,26.125,26.125,25.875
2,8/5/2023 0:01,577,25.5,25.875,25.875,25.875,25.75,25.875,25.875,26,25.875,25.75,25.75,26.125,25.75,26.125,25.875,26.125,25.875,26.125,26.25,26,26,26.375,26,26.125,25.875
2,8/5/2023 0:31,578,25.5,25.75,25.875,25.875,25.75,25.875,25.75,26,25.875,25.75,25.625,26.125,25.75,26.125,25.75,26,25.75,26,26.125,26,25.875,26.25,26,26,25.875
2,8/5/2023 1:01,579,25.5,25.875,25.875,25.875,25.75,25.875,25.875,26,25.875,25.75,25.75,26.125,25.75,26.125,25.875,26.125,25.875,26.125,26.125,26,25.875,26.375,26,26,25.875
2,8/5/2023 1:31,580,25.375,25.75,25.875,25.75,25.75,25.75,25.75,25.875,25.875,25.625,25.625,26,25.75,26.125,25.75,26,25.75,26.125,26.125,26,25.875,26.25,26,26,25.875
2,8/5/2023 2:01,581,25.375,25.625,25.75,25.75,25.625,25.75,25.75,25.875,25.875,25.625,25.625,26,25.75,26,25.75,26,25.75,26,26.125,26,25.875,26.25,25.875,26,25.75
2,8/5/2023 2:31,582,25.375,25.625,25.75,25.625,25.625,25.625,25.75,25.875,25.75,25.625,25.625,25.875,25.625,26,25.75,25.875,25.75,26,26,25.875,25.875,26.25,25.875,26,25.75
2,8/5/2023 3:01,583,25.375,25.625,25.75,25.75,25.625,25.75,25.75,25.875,25.875,25.625,25.625,26,25.625,26.125,25.75,26,25.75,26,26.125,25.875,25.875,26.25,25.875,26,25.75
2,8/5/2023 3:31,584,25.375,25.625,25.75,25.75,25.625,25.75,25.75,25.875,25.75,25.625,25.625,26,25.625,26,25.75,26,25.75,26,26,25.875,25.875,26.25,25.875,26,25.75
2,8/5/2023 4:01,585,25.375,25.625,25.75,25.75,25.625,25.75,25.75,25.875,25.75,25.625,25.625,26,25.625,26,25.75,25.875,25.625,26,26,25.875,25.75,26.125,25.875,25.875,25.75
2,8/5/2023 4:31,586,25.375,25.625,25.75,25.75,25.625,25.625,25.75,25.875,25.75,25.625,25.5,26,25.625,26,25.625,25.875,25.625,25.875,26,25.875,25.75,26.125,25.875,25.875,25.75
2,8/5/2023 5:01,587,25.5,25.75,25.75,25.75,25.625,25.75,25.75,25.875,25.875,25.625,25.625,26,25.625,26.125,25.75,26,25.75,26,26,25.875,25.875,26.25,25.875,25.875,25.75
2,8/5/2023 5:31,588,25.375,25.625,25.75,25.75,25.625,25.625,25.75,25.875,25.75,25.625,25.5,26,25.625,26,25.75,26,25.75,26,26,25.875,25.75,26.125,25.875,25.875,25.75
2,8/5/2023 6:01,589,25.375,25.625,25.625,25.75,25.625,25.625,25.75,25.875,25.75,25.625,25.5,25.875,25.625,26,25.75,25.875,25.625,26,26,25.875,25.75,26.125,25.875,25.875,25.75
2,8/5/2023 6:31,590,25.375,25.5,25.625,25.625,25.5,25.5,25.625,25.75,25.625,25.5,25.375,25.875,25.5,25.875,25.625,25.75,25.5,25.875,25.875,25.75,25.625,26,25.75,25.75,25.75
2,8/5/2023 7:01,591,25.375,25.625,25.625,25.75,25.625,25.625,25.75,25.875,25.75,25.625,25.5,26,25.5,26,25.625,25.875,25.625,25.875,26,25.875,25.75,26.125,25.875,25.875,25.75
2,8/5/2023 7:31,592,25.625,26,26,26.125,26,26,26,26.25,26.25,26,25.875,26.375,25.875,26.25,26.125,26.25,26,26.375,26.375,26.25,26.25,26.5,26.25,26.25,25.75
2,8/5/2023 8:01,593,25.875,26.125,26.25,26.25,26.125,26.25,26.125,26.25,26.25,26.125,26,26.5,26,26.375,26.25,26.375,26.125,26.375,26.5,26.375,26.25,26.625,26.25,26.375,25.875
2,8/5/2023 8:31,594,25.875,26.125,26.25,26.25,26.125,26.25,26.125,26.25,26.25,26.125,26,26.375,26,26.375,26.125,26.25,26.125,26.375,26.375,26.25,26.125,26.5,26.125,26.25,25.875
2,8/5/2023 9:01,595,26.125,26.25,26.5,26.375,26.25,26.375,26.375,26.5,26.5,26.25,26.125,26.625,26.125,26.5,26.375,26.375,26.25,26.5,26.5,26.375,26.25,26.625,26.25,26.375,26
2,8/5/2023 9:31,596,26.375,26.5,26.625,26.75,26.5,26.625,26.625,26.625,26.75,26.5,26.375,26.75,26.375,26.75,26.5,26.5,26.375,26.625,26.625,26.5,26.375,26.75,26.5,26.5,26.125
2,8/5/2023 10:01,597,26.75,26.875,27.125,27,26.875,27,26.875,26.875,27,26.625,26.5,27.125,26.75,27,26.75,26.75,26.625,26.875,26.875,26.75,26.625,27,26.625,26.625,26.25
2,8/5/2023 10:31,598,27.375,27.375,27.875,27.75,27.625,27.75,27.5,27.5,27.75,27,27,27.5,27.25,27.75,27.5,27.625,27.5,27.625,27.25,27.25,27.125,27.25,26.875,26.875,26.375
2,8/5/2023 11:01,599,27.75,27.75,28.125,28.125,28,28.125,27.5,27.5,27.75,27.125,27.125,27.625,27.375,27.625,27.625,27.5,27.625,27.625,27.25,27.125,27,27.25,26.875,26.875,26.625
2,8/5/2023 11:31,600,27.5,27.75,27.875,27.625,27.625,27.75,27.375,27.375,27.5,27.125,27,27.5,27.125,27.375,27.375,27.25,27.125,27.25,27.25,27,26.875,27.25,26.875,26.875,26.75
2,8/5/2023 12:01,601,27.25,27.375,27.5,27.375,27.25,27.375,27.125,27.125,27.25,27,26.875,27.375,26.75,27.125,26.875,26.875,26.875,27,26.875,26.75,26.625,27,26.75,26.75,26.75
2,8/5/2023 12:31,602,26.875,27,27.25,27.125,27,27.125,27,27,27.125,26.875,26.75,27.25,26.5,26.875,26.75,26.75,26.625,26.875,26.875,26.75,26.625,27,26.625,26.625,26.625
2,8/5/2023 13:01,603,26.875,27,27.25,27.125,27,27.125,27,27.125,27.125,26.875,26.875,27.25,26.75,27,26.875,26.875,26.75,27,27,26.875,26.75,27.125,26.75,26.875,27.125
2,8/5/2023 13:31,604,26.625,26.875,27.125,26.875,26.75,27,26.75,26.875,27,26.625,26.625,27.125,26.5,26.875,26.75,26.75,26.625,26.875,26.875,26.75,26.75,27.125,26.75,26.75,26.875
2,8/5/2023 14:01,605,26.625,26.875,27.125,26.875,26.875,27,26.75,27,27.125,26.625,26.75,27.125,26.5,27,26.875,26.875,26.75,27,27,26.875,26.875,27.125,26.875,26.875,27.375
2,8/5/2023 14:31,606,26.875,27.25,27.375,27.125,27.125,27.25,27.125,27.25,27.375,27,27,27.375,26.75,27.25,27.25,27.125,27,27.25,27.375,27.125,27.125,27.5,27.125,27.125,28
2,8/5/2023 15:01,607,26.875,27.25,27.375,27.125,27.125,27.25,27,27.125,27.25,27,27,27.5,26.75,27.125,27.125,27.125,27,27.125,27.25,27,27,27.375,27,27.125,26.875
2,8/5/2023 15:31,608,26.75,27.125,27.375,27.125,27,27.125,27,27,27.125,26.875,26.75,27.125,26.75,27.125,27,27,27,27.125,27.25,27,27.125,27.375,27,27.125,26.75
2,8/5/2023 16:01,609,26.5,26.75,27,26.875,26.75,26.875,26.75,26.875,26.875,26.625,26.5,27,26.5,26.875,26.875,26.875,26.75,26.875,27,26.75,26.75,27.125,26.75,26.875,26.75
2,8/5/2023 16:31,610,26.5,26.75,26.875,26.875,26.625,26.875,26.75,26.75,26.875,26.625,26.5,27,26.375,26.875,26.75,26.75,26.625,26.875,26.875,26.75,26.75,27,26.75,26.75,26.875
2,8/5/2023 17:01,611,26.25,26.5,26.75,26.625,26.5,26.625,26.5,26.625,26.75,26.5,26.375,26.875,26.25,26.75,26.625,26.625,26.5,26.75,26.75,26.625,26.625,27,26.625,26.625,26.875
2,8/5/2023 17:31,612,26.375,26.625,26.75,26.625,26.5,26.625,26.625,26.75,26.75,26.5,26.375,26.875,26.25,26.625,26.5,26.625,26.375,26.625,26.75,26.625,26.5,26.875,26.5,26.5,26.875
2,8/5/2023 18:01,613,26.125,26.375,26.5,26.5,26.375,26.5,26.375,26.5,26.5,26.375,26.25,26.625,26.125,26.5,26.375,26.5,26.25,26.5,26.625,26.5,26.375,26.75,26.5,26.5,26.75
2,8/5/2023 18:31,614,26,26.25,26.5,26.375,26.25,26.375,26.25,26.5,26.375,26.25,26.125,26.625,26.125,26.5,26.25,26.375,26.125,26.375,26.5,26.375,26.25,26.75,26.5,26.375,26.75
2,8/5/2023 19:01,615,25.875,26.25,26.375,26.25,26.125,26.25,26.25,26.375,26.375,26.125,26.125,26.5,26,26.5,26.125,26.375,26.125,26.375,26.5,26.375,26.25,26.625,26.375,26.375,26.875
2,8/5/2023 19:31,616,25.75,26.125,26.25,26.125,26.125,26.25,26.125,26.375,26.25,26,26,26.375,26,26.375,26.125,26.375,26.125,26.375,26.375,26.25,26.25,26.625,26.25,26.25,26.75
2,8/5/2023 20:01,617,25.625,26,26.125,26.125,26,26.125,26,26.25,26.125,26,26,26.375,26,26.375,26.125,26.25,26,26.25,26.375,26.25,26.125,26.625,26.25,26.25,26.75
2,8/5/2023 20:31,618,25.625,26,26.125,26,26,26.125,26,26.25,26.125,26,25.875,26.25,26,26.375,26,26.25,26,26.25,26.375,26.25,26.125,26.5,26.25,26.25,26.75
2,8/5/2023 21:01,619,25.625,26,26,26,25.875,26,26,26.125,26.125,25.875,25.875,26.25,25.875,26.375,26,26.25,25.875,26.125,26.25,26.125,26,26.5,26.125,26.125,26.75
2,8/5/2023 21:31,620,25.625,26,26,26,26,26,26,26.25,26.125,25.875,25.875,26.25,25.875,26.25,26,26.25,26,26.25,26.375,26.25,26,26.5,26.125,26.125,26.75
2,8/5/2023 22:01,621,25.625,26,26.125,26,26,26.125,26,26.25,26.125,26,25.875,26.25,26,26.375,26.125,26.25,26,26.25,26.375,26.25,26.125,26.625,26.25,26.25,26.75
2,8/5/2023 22:31,622,25.5,25.875,26,26,25.875,26,26,26.125,26,25.875,25.875,26.25,25.875,26.25,25.875,26.125,25.875,26.125,26.25,26.125,26,26.5,26.125,26.125,26.75
2,8/5/2023 23:01,623,25.5,26,26,26,25.875,26,26,26.125,26,25.875,25.875,26.25,25.875,26.375,26,26.25,26,26.25,26.25,26.125,26.125,26.5,26.125,26.125,26.625
2,8/5/2023 23:31,624,25.5,26,26,26,25.875,26,26,26.125,26.125,25.875,25.875,26.25,26,26.375,26.125,26.25,26,26.25,26.375,26.25,26.125,26.5,26.125,26.25,26.625
2,8/6/2023 0:01,625,25.5,26,26,26,25.875,26,26,26.125,26,25.875,25.875,26.25,25.875,26.25,26,26.25,26,26.25,26.375,26.125,26.125,26.5,26.125,26.25,26.75
2,8/6/2023 0:31,626,25.5,26,26,25.875,25.875,26,26,26.125,26,25.875,25.875,26.125,25.875,26.25,26,26.25,25.875,26.25,26.25,26.125,26,26.5,26.125,26.125,26.625
2,8/6/2023 1:01,627,25.375,25.625,25.625,25.75,25.625,25.75,25.75,25.875,25.75,25.625,25.625,25.875,25.625,26,25.75,25.875,25.625,26,26,25.875,25.75,26.25,25.875,25.875,26.5
2,8/6/2023 1:31,628,25.25,25.625,25.625,25.75,25.625,25.625,25.75,25.875,25.75,25.625,25.5,25.875,25.625,26,25.75,25.875,25.625,26,26,25.875,25.75,26.25,25.875,25.875,26.5
2,8/6/2023 2:01,629,25.375,25.625,25.625,25.75,25.625,25.75,25.75,25.875,25.75,25.625,25.5,26,25.75,26.125,25.75,26,25.75,26,26.125,26,25.875,26.25,26,26,26.5
2,8/6/2023 2:31,630,25.375,25.625,25.75,25.75,25.625,25.75,25.75,25.875,25.875,25.625,25.625,26,25.75,26.125,25.75,26,25.75,26,26.125,26,25.875,26.25,26,26,26.5
2,8/6/2023 3:01,631,25.375,25.75,25.75,25.75,25.625,25.75,25.75,25.875,25.875,25.625,25.625,26,25.75,26.125,25.875,26,25.75,26.125,26.125,26,25.875,26.375,26,26,26.5
2,8/6/2023 3:31,632,25.5,25.75,25.75,25.875,25.75,25.875,25.75,25.875,25.875,25.75,25.625,26,25.75,26.125,25.875,26,25.75,26.125,26.125,26,25.875,26.375,26,26,26.5
2,8/6/2023 4:01,633,25.5,25.75,25.875,25.875,25.75,25.875,25.875,26,26,25.75,25.75,26.125,25.75,26.125,25.875,26.125,25.875,26.125,26.25,26.125,26,26.375,26.125,26,26.5
2,8/6/2023 4:31,634,25.375,25.75,25.75,25.875,25.625,25.875,25.75,26,25.875,25.75,25.625,26.125,25.75,26.125,25.75,26,25.75,26,26.125,26,25.875,26.25,26,26,26.5
2,8/6/2023 5:01,635,25.375,25.75,25.75,25.875,25.75,25.875,25.75,26,25.875,25.75,25.625,26.125,25.75,26.125,25.75,26,25.75,26,26.125,26,25.875,26.25,26,26,26.5
2,8/6/2023 5:31,636,25.5,25.75,25.75,25.875,25.75,25.875,25.75,26,25.875,25.75,25.625,26,25.75,26.125,25.75,26,25.75,26,26.125,26,25.875,26.25,26,26,26.5
2,8/6/2023 6:01,637,25.5,25.75,25.875,25.875,25.75,25.875,25.875,26,25.875,25.75,25.625,26.125,25.75,26.125,25.875,26.125,25.75,26.125,26.125,26,25.875,26.375,26,26,26.5
2,8/6/2023 6:31,638,25.25,25.625,25.625,25.75,25.625,25.625,25.625,25.875,25.75,25.625,25.5,25.875,25.75,26.125,25.75,26,25.75,26,26,26,25.875,26.25,25.875,25.875,26.5
2,8/6/2023 7:01,639,25.25,25.5,25.5,25.625,25.5,25.5,25.625,25.75,25.625,25.5,25.375,25.75,25.625,26,25.625,25.875,25.625,26,26,25.875,25.75,26.125,25.875,25.875,26.375
2,8/6/2023 7:31,640,25.625,25.75,25.875,26,25.875,26,26,26.125,26.125,25.875,25.75,26.25,25.875,26.25,26,26.125,26,26.25,26.375,26.25,26.125,26.5,26.125,26.125,26.5
2,8/6/2023 8:01,641,26.125,26.25,26.5,26.625,26.375,26.5,26.5,26.625,26.75,26.5,26.375,26.875,26.25,26.625,26.5,26.625,26.375,26.625,26.75,26.625,26.5,26.875,26.5,26.5,26.5
2,8/6/2023 8:31,642,26.625,26.5,26.875,26.875,26.625,26.75,26.875,26.875,26.875,26.75,26.5,27,26.5,26.875,26.75,26.75,26.625,26.875,26.875,26.75,26.625,27.125,26.75,26.75,26.5
2,8/6/2023 9:01,643,26.75,26.625,26.875,27,26.625,26.75,26.875,26.75,26.75,26.75,26.5,27,26.75,27.125,27,27,26.875,27.125,27.125,27,26.875,27.25,27,27,26.5
2,8/6/2023 9:31,644,26.875,26.875,27.125,27.125,26.875,27.125,27.125,27.125,27.375,27,26.75,27.375,27.125,27.375,27.375,27.25,27.25,27.375,27.375,27.25,27.25,27.5,27.125,27.125,26.625
2,8/6/2023 10:01,645,27.625,27.5,27.875,27.625,27.5,27.75,27.25,27.5,27.625,27.125,27.125,27.875,27.625,27.875,27.875,27.75,27.625,27.75,27.75,27.625,27.625,27.875,27.375,27.5,26.625
2,8/6/2023 10:31,646,27.625,27.75,28.5,27.875,27.75,28.125,27.75,27.875,28.25,27.375,27.25,28,28,28.375,28.25,28,28,28.125,27.875,27.875,27.75,27.625,27.25,27.25,26.75
2,8/6/2023 11:01,647,28,28,28.625,28.25,28.125,28.25,27.75,27.875,28,27.5,27.375,27.875,27.75,28,27.875,27.625,27.75,27.75,27.5,27.375,27.375,27.5,27.125,27.125,26.875
2,8/6/2023 11:31,648,28.5,28.625,29,28.125,28.125,28.125,27.75,27.875,27.875,27.75,27.5,28,27.75,28.125,27.875,27.375,27.5,27.5,27.5,27.25,27.25,27.5,27.125,27.125,27
2,8/6/2023 12:01,649,28.25,28.625,29,28.125,28,28,28,28,28,27.875,27.625,28.125,27.5,27.875,27.625,27.375,27.375,27.5,27.5,27.375,27.25,27.625,27.25,27.25,27.375
2,8/6/2023 12:31,650,28,28.125,28.375,28.125,27.875,27.875,28,27.875,27.875,27.875,27.625,28.125,27.25,27.625,27.375,27.25,27.25,27.5,27.5,27.25,27.25,27.5,27.25,27.25,27.625
2,8/6/2023 13:01,651,28.125,28.125,28.25,28.25,27.875,27.875,28.125,28,28,27.875,27.75,28.125,27.25,27.625,27.375,27.375,27.375,27.5,27.5,27.375,27.25,27.625,27.25,27.25,27.75
2,8/6/2023 13:31,652,28.25,28,28.125,28.125,27.875,27.875,27.875,28,28,27.75,27.75,28.125,27.125,27.625,27.25,27.375,27.25,27.5,27.5,27.375,27.25,27.625,27.25,27.375,27.75
2,8/6/2023 14:01,653,27.875,27.875,28,28,27.75,27.75,27.875,27.75,28,27.75,27.625,28.125,27.125,27.5,27.25,27.25,27.25,27.5,27.5,27.375,27.25,27.5,27.25,27.25,27.75
2,8/6/2023 14:31,654,27.75,27.875,28,27.875,27.75,27.75,27.75,27.75,27.875,27.5,27.625,28,27.125,27.5,27.25,27.25,27.25,27.375,27.5,27.25,27.25,27.5,27.25,27.25,28.125
2,8/6/2023 15:01,655,27.625,27.75,27.875,27.75,27.625,27.75,27.625,27.625,27.75,27.5,27.5,27.875,27.125,27.375,27.25,27.25,27.125,27.25,27.375,27.25,27.125,27.5,27.25,27.25,27.25
2,8/6/2023 15:31,656,27.25,27.5,27.625,27.5,27.375,27.5,27.5,27.5,27.5,27.375,27.25,27.625,26.875,27.25,27,27.125,27,27.25,27.25,27.125,27,27.5,27.125,27.125,27.125
2,8/6/2023 16:01,657,26.875,27.125,27.25,27.25,27,27.125,27.125,27.25,27.125,27,27,27.25,26.75,27,26.75,26.875,26.75,27,27,26.875,26.75,27.25,26.875,26.875,26.875
2,8/6/2023 16:31,658,26.75,26.875,27,27,26.875,26.875,26.875,27.125,27,26.875,26.75,27.125,26.5,26.875,26.625,26.75,26.625,26.875,26.875,26.75,26.625,27.125,26.75,26.75,26.875
2,8/6/2023 17:01,659,26.625,26.75,26.875,26.875,26.75,26.75,26.875,27,26.875,26.75,26.625,27,26.5,26.875,26.5,26.75,26.5,26.75,26.875,26.75,26.625,27,26.75,26.625,26.75
2,8/6/2023 17:31,660,26.375,26.625,26.75,26.75,26.625,26.625,26.625,26.875,26.75,26.625,26.625,26.875,26.375,26.75,26.5,26.625,26.375,26.75,26.75,26.625,26.5,27,26.625,26.625,26.625
2,8/6/2023 18:01,661,26.25,26.625,26.625,26.625,26.5,26.625,26.625,26.75,26.75,26.5,26.5,26.75,26.375,26.75,26.375,26.625,26.375,26.625,26.75,26.625,26.5,26.875,26.625,26.625,26.5
2,8/6/2023 18:31,662,26.25,26.625,26.625,26.625,26.5,26.625,26.625,26.75,26.75,26.5,26.5,26.875,26.375,26.75,26.5,26.75,26.5,26.75,26.875,26.625,26.625,27,26.625,26.625,26.375
2,8/6/2023 19:01,663,26.25,26.5,26.625,26.625,26.5,26.625,26.5,26.75,26.75,26.375,26.375,26.75,26.375,26.75,26.5,26.625,26.375,26.75,26.75,26.625,26.5,27,26.625,26.625,26.375
2,8/6/2023 19:31,664,26,26.375,26.375,26.375,26.375,26.375,26.375,26.625,26.5,26.375,26.375,26.625,26.25,26.625,26.375,26.5,26.25,26.625,26.625,26.625,26.5,26.875,26.5,26.5,26.25
2,8/6/2023 20:01,665,26,26.25,26.25,26.375,26.25,26.375,26.375,26.5,26.375,26.25,26.25,26.5,26.125,26.5,26.25,26.5,26.25,26.5,26.625,26.5,26.375,26.75,26.5,26.5,26.125
2,8/6/2023 20:31,666,25.875,26.25,26.25,26.25,26.125,26.25,26.25,26.375,26.25,26.125,26.125,26.375,26,26.5,26.125,26.375,26.125,26.375,26.5,26.375,26.25,26.625,26.375,26.375,26
2,8/6/2023 21:01,667,25.875,26.25,26.25,26.25,26.25,26.25,26.25,26.5,26.375,26.125,26.125,26.5,26.125,26.5,26.25,26.375,26.125,26.5,26.5,26.375,26.25,26.75,26.5,26.5,26
2,8/6/2023 21:31,668,25.875,26.125,26.25,26.25,26.125,26.25,26.125,26.375,26.25,26.125,26,26.375,26,26.5,26.125,26.375,26.125,26.375,26.5,26.375,26.25,26.625,26.375,26.375,25.875
2,8/6/2023 22:01,669,25.875,26.125,26.125,26.125,26.125,26.125,26.125,26.375,26.25,26,26,26.375,26,26.375,26.125,26.25,26,26.375,26.375,26.25,26.125,26.625,26.25,26.25,25.875
2,8/6/2023 22:31,670,25.75,26,26.125,26.125,26,26.125,26,26.25,26.125,26,25.875,26.25,25.875,26.375,26,26.25,26,26.25,26.25,26.125,26.125,26.5,26.125,26.125,25.75
2,8/6/2023 23:01,671,25.75,26,26.125,26.125,26,26,26,26.25,26.125,26,25.875,26.25,25.875,26.25,26,26.125,25.875,26.25,26.25,26.125,26,26.5,26.125,26.125,25.75
2,8/6/2023 23:31,672,25.75,26,26.125,26.125,26,26,26,26.25,26.125,25.875,25.875,26.25,25.875,26.25,26,26.25,25.875,26.25,26.25,26.125,26,26.5,26.125,26.125,25.75
3,8/7/2023 0:01,673,25.75,26,26.125,26.125,26,26.125,26,26.25,26.125,26,25.875,26.25,25.875,26.375,26,26.25,26,26.25,26.375,26.25,26.125,26.5,26.125,26.125,25.75
3,8/7/2023 0:31,674,25.75,26,26.125,26.125,26,26.125,26,26.25,26.125,26,25.875,26.25,26,26.375,26.125,26.25,26,26.25,26.375,26.25,26.125,26.625,26.125,26.25,25.75
3,8/7/2023 1:01,675,25.75,26.125,26.125,26.125,26.125,26.125,26.125,26.25,26.25,26,26,26.375,26,26.375,26.125,26.25,26,26.375,26.375,26.25,26.125,26.625,26.25,26.25,25.75
3,8/7/2023 1:31,676,25.75,26,26.125,26.125,26,26.125,26.125,26.25,26.125,26,26,26.25,26,26.375,26,26.25,26,26.25,26.375,26.25,26.125,26.5,26.125,26.25,25.625
3,8/7/2023 2:01,677,25.75,26.125,26.125,26.125,26,26.125,26.125,26.25,26.25,26,26,26.375,26,26.375,26.125,26.25,26,26.375,26.375,26.25,26.25,26.625,26.25,26.25,25.625
3,8/7/2023 2:31,678,25.875,26.125,26.125,26.25,26.125,26.25,26.125,26.375,26.25,26.125,26,26.375,26.125,26.375,26.25,26.375,26.125,26.375,26.5,26.375,26.25,26.625,26.375,26.375,25.625
3,8/7/2023 3:01,679,25.875,26.125,26.25,26.25,26.125,26.25,26.25,26.375,26.25,26.125,26.125,26.375,26.125,26.5,26.25,26.375,26.125,26.5,26.5,26.375,26.25,26.625,26.375,26.25,25.625
3,8/7/2023 3:31,680,25.875,26.25,26.25,26.375,26.125,26.25,26.25,26.375,26.375,26.125,26.125,26.5,26.125,26.5,26.25,26.5,26.25,26.5,26.5,26.375,26.375,26.75,26.375,26.375,25.75
3,8/7/2023 4:01,681,25.875,26.25,26.25,26.375,26.25,26.375,26.25,26.375,26.375,26.25,26.125,26.5,26.125,26.5,26.25,26.5,26.25,26.5,26.5,26.5,26.375,26.75,26.5,26.375,25.75
3,8/7/2023 4:31,682,25.875,26.25,26.25,26.375,26.125,26.25,26.25,26.375,26.375,26.125,26.125,26.5,26.125,26.5,26.25,26.375,26.25,26.5,26.5,26.375,26.25,26.625,26.375,26.375,25.75
3,8/7/2023 5:01,683,26,26.25,26.375,26.375,26.25,26.375,26.25,26.375,26.375,26.25,26.125,26.5,26.125,26.5,26.25,26.5,26.25,26.5,26.5,26.5,26.375,26.75,26.5,26.375,25.75
3,8/7/2023 5:31,684,26,26.25,26.375,26.375,26.25,26.375,26.25,26.5,26.375,26.25,26.125,26.5,26.125,26.5,26.375,26.5,26.25,26.625,26.625,26.5,26.375,26.75,26.5,26.375,25.75
3,8/7/2023 6:01,685,26,26.25,26.375,26.375,26.25,26.375,26.375,26.5,26.375,26.25,26.125,26.5,26.25,26.5,26.375,26.5,26.25,26.625,26.625,26.5,26.375,26.75,26.5,26.5,25.75
3,8/7/2023 6:31,686,26,26.375,26.375,26.375,26.25,26.375,26.375,26.5,26.375,26.25,26.25,26.5,26.25,26.625,26.375,26.5,26.25,26.625,26.625,26.5,26.375,26.75,26.5,26.5,25.75
3,8/7/2023 7:01,687,26.125,26.5,26.5,26.5,26.375,26.5,26.5,26.625,26.5,26.375,26.375,26.625,26.375,26.75,26.5,26.625,26.5,26.75,26.75,26.625,26.625,26.875,26.5,26.625,25.75
3,8/7/2023 7:31,688,26.125,26.5,26.5,26.5,26.375,26.5,26.5,26.625,26.625,26.375,26.375,26.625,26.375,26.75,26.5,26.625,26.375,26.75,26.75,26.625,26.5,26.875,26.5,26.5,25.75
3,8/7/2023 8:01,689,26.25,26.625,26.5,26.625,26.5,26.5,26.5,26.625,26.625,26.5,26.375,26.625,26.375,26.625,26.5,26.625,26.375,26.75,26.75,26.625,26.5,26.875,26.5,26.5,25.875
3,8/7/2023 8:31,690,26.375,26.625,26.625,26.75,26.625,26.625,26.625,26.75,26.75,26.625,26.5,26.75,26.5,26.75,26.625,26.75,26.5,26.875,26.75,26.625,26.625,26.875,26.5,26.625,25.875
3,8/7/2023 9:01,691,26.625,26.875,27,27,26.75,26.875,26.875,27,27,26.875,26.75,27,26.75,27,26.875,26.875,26.75,27,27,26.875,26.875,27.125,26.75,26.75,26.125
3,8/7/2023 9:31,692,26.625,27,27,27,26.875,27,27,27,27,26.875,26.75,27.125,26.75,27,26.875,26.875,26.75,27,27,26.875,26.75,27.125,26.75,26.75,26.125
3,8/7/2023 10:01,693,26.625,26.875,27,27,26.75,26.875,26.875,26.875,27,26.75,26.75,27,26.625,26.875,26.75,26.75,26.625,26.875,26.875,26.75,26.75,27,26.625,26.625,26.25
3,8/7/2023 10:31,694,27,27.25,27.375,27.25,27.125,27.25,27.25,27.25,27.375,27,27,27.375,27,27.25,27.125,27.125,27,27.25,27.125,27,27,27.25,26.875,26.875,26.375
3,8/7/2023 11:01,695,27.75,27.75,28.125,28,27.875,27.875,27.625,27.625,27.75,27.375,27.25,27.75,27.5,27.75,27.625,27.5,27.5,27.625,27.375,27.25,27.25,27.5,27.125,27.125,26.625
3,8/7/2023 11:31,696,27.625,27.875,28,27.75,27.625,27.75,27.5,27.5,27.625,27.375,27.25,27.625,27.25,27.5,27.375,27.25,27.25,27.375,27.375,27.125,27.125,27.375,27,27,26.75
3,8/7/2023 12:01,697,27.75,28,28.375,27.875,27.75,27.75,27.75,27.75,27.75,27.625,27.5,27.875,27.25,27.625,27.5,27.375,27.375,27.5,27.5,27.25,27.25,27.625,27.25,27.125,27.375
3,8/7/2023 12:31,698,27.75,27.875,28.125,28,27.75,27.875,27.875,27.75,27.875,27.75,27.625,28,27.25,27.625,27.375,27.375,27.375,27.5,27.5,27.375,27.25,27.625,27.25,27.25,27.125
3,8/7/2023 13:01,699,28,28,28.25,28.25,27.875,28,28,27.875,28,27.875,27.75,28.125,27.375,27.625,27.5,27.5,27.5,27.625,27.625,27.5,27.375,27.75,27.375,27.375,27.75
3,8/7/2023 13:31,700,28.125,27.875,28.25,28,27.875,27.5,28.5,27.125,26.875,28.125,28.125,28.25,27.375,27.75,27.625,27.5,27.5,27.625,27.75,27.5,27.5,27.75,27.5,27.375,28.125
3,8/7/2023 14:01,701,27.875,27.5,28.125,26.5,24.875,27.25,27.875,27.375,28,27.625,27.5,27.75,27.25,27.625,27.5,27.375,27.375,27.5,27.625,27.375,27.375,27.625,27.375,27.25,27.875
3,8/7/2023 14:31,702,27.375,27.25,27.5,27.375,27.5,27.75,27.375,27.625,27.375,27.25,27.25,27.75,27.125,27.5,27.375,27.375,27.25,27.5,27.5,27.375,27.25,27.625,27.25,27.25,28
3,8/7/2023 15:01,703,27.125,27.25,27.25,27.375,27.375,27.375,27.25,27.25,27.25,27,27.125,27.375,27.125,27.25,27.25,27.125,27.125,27.5,27.375,27.125,27,27.125,27.25,27,27.25
3,8/7/2023 15:31,704,26.875,27.125,27.125,27.25,27.25,27.25,27.125,27.125,27.125,27,27,27.375,26.875,27,26.75,24.875,24.25,24.625,26.875,26.5,26.375,26.875,26.75,26.875,27.125
3,8/7/2023 16:01,705,26.75,27,27.125,27.125,27.125,27.125,27,27,27,26.875,26.875,27.25,26,27.25,27.125,27,26.875,27.5,25.375,27.125,25.5,27.375,25.125,27.125,27
3,8/7/2023 16:31,706,26.625,26.875,27,27,27,27,26.875,26.875,27,26.75,26.75,27.125,26.75,26.875,26.875,26.75,26.625,27.125,27,26.75,26.75,27,26.75,26.75,27
3,8/7/2023 17:01,707,26.625,26.875,27,27,26.875,27,26.875,26.875,27,26.75,26.75,27.125,26.75,26.875,26.875,26.625,26.625,27,26.875,26.75,26.75,27,26.625,26.625,27
3,8/7/2023 17:31,708,26.625,26.875,26.875,27,26.875,27,26.75,26.875,26.875,26.625,26.75,27.125,26.625,26.875,26.75,26.625,26.5,27,26.875,26.75,26.625,27,26.625,26.625,26.875
3,8/7/2023 18:01,709,26.5,26.875,26.875,27,26.75,26.875,26.75,26.875,26.875,26.625,26.625,27.125,26.625,26.875,26.875,26.75,26.625,27,26.875,26.75,26.75,27,26.625,26.625,26.875
3,8/7/2023 18:31,710,26.5,26.75,26.75,26.875,26.75,26.875,26.625,26.75,26.875,26.5,26.625,27,26.5,26.75,26.75,26.625,26.5,27,26.875,26.625,26.625,27,26.5,26.625,26.875
3,8/7/2023 19:01,711,26.375,26.625,26.75,26.75,26.625,26.75,26.5,26.75,26.75,26.5,26.5,26.875,26.5,26.75,26.75,26.5,26.375,26.875,26.75,26.625,26.5,26.875,26.5,26.5,26.75
3,8/7/2023 19:31,712,26.25,26.625,26.625,26.625,26.5,26.625,26.375,26.625,26.625,26.375,26.375,26.875,26.375,26.625,26.625,26.375,26.25,26.75,26.625,26.5,26.375,26.75,26.375,26.375,26.625
3,8/7/2023 20:01,713,26.25,26.625,26.625,26.625,26.5,26.625,26.375,26.625,26.625,26.375,26.375,26.875,26.375,26.625,26.625,26.5,26.375,26.75,26.625,26.5,26.5,26.75,26.375,26.5,26.625
3,8/7/2023 20:31,714,26.25,26.625,26.625,26.625,26.5,26.625,26.375,26.625,26.625,26.375,26.375,26.875,26.375,26.625,26.625,26.5,26.375,26.75,26.625,26.5,26.5,26.75,26.375,26.5,26.5
3,8/7/2023 21:01,715,26.25,26.5,26.5,26.625,26.375,26.625,26.375,26.5,26.625,26.25,26.375,26.75,26.25,26.625,26.5,26.375,26.25,26.75,26.625,26.5,26.375,26.75,26.25,26.375,26.5
3,8/7/2023 21:31,716,26.125,26.5,26.5,26.5,26.375,26.5,26.375,26.5,26.5,26.25,26.25,26.75,26.25,26.5,26.5,26.375,26.25,26.625,26.5,26.375,26.25,26.625,26.25,26.25,26.5
3,8/7/2023 22:01,717,26.125,26.375,26.5,26.5,26.375,26.5,26.25,26.375,26.5,26.125,26.25,26.75,26.125,26.5,26.5,26.25,26.125,26.625,26.5,26.375,26.25,26.625,26.125,26.25,26.5
3,8/7/2023 22:31,718,26,26.375,26.375,26.5,26.25,26.375,26.25,26.375,26.375,26.125,26.125,26.625,26.125,26.375,26.375,26.125,26,26.625,26.5,26.25,26.25,26.5,26.125,26.125,26.375
3,8/7/2023 23:01,719,26,26.375,26.375,26.375,26.25,26.375,26.25,26.375,26.375,26.125,26.125,26.625,26.125,26.375,26.375,26.125,26,26.5,26.375,26.25,26.125,26.5,26.125,26.125,26.375
3,8/7/2023 23:31,720,26,26.375,26.375,26.375,26.25,26.375,26.125,26.375,26.375,26,26.125,26.625,26,26.375,26.25,26.125,26,26.5,26.375,26.125,26.125,26.5,26,26.125,26.375
3,8/8/2023 0:01,721,25.875,26.25,26.25,26.375,26.125,26.25,26.125,26.25,26.25,26,26,26.5,26,26.25,26.25,26,25.875,26.5,26.375,26.125,26,26.375,26,26,26.25
3,8/8/2023 0:31,722,25.875,26.25,26.25,26.25,26.125,26.25,26.125,26.25,26.25,26,26,26.5,26,26.25,26.25,26,25.875,26.5,26.25,26.125,26.125,26.375,26,26,26.25
3,8/8/2023 1:01,723,25.875,26.25,26.25,26.25,26.125,26.25,26,26.125,26.25,25.875,26,26.5,25.875,26.25,26.25,26,25.875,26.375,26.25,26.125,26,26.375,25.875,26,26.25
3,8/8/2023 1:31,724,25.875,26.125,26.125,26.25,26,26.125,26,26.125,26.125,25.875,25.875,26.375,25.875,26.125,26.125,25.875,25.75,26.375,26.25,26,25.875,26.25,25.875,25.875,26.25
3,8/8/2023 2:01,725,25.75,26.125,26.125,26.125,26,26.125,26,26.125,26.125,25.875,25.875,26.375,25.875,26.125,26.125,25.875,25.75,26.25,26.125,26,25.875,26.25,25.75,25.875,26.125
3,8/8/2023 2:31,726,25.75,26.125,26.125,26.125,26,26.125,26,26.125,26.125,25.875,25.875,26.5,25.875,26.125,26.125,25.875,25.75,26.375,26.125,26,25.875,26.25,25.875,25.875,26.125
3,8/8/2023 3:01,727,25.75,26,26.125,26.125,25.875,26.125,25.875,26,26,25.75,25.75,26.5,25.75,26,26,25.875,25.75,26.25,26.125,25.875,25.875,26.25,25.75,25.875,26.125
3,8/8/2023 3:31,728,25.75,26,26.125,26.125,26,26.125,25.875,26,26.125,25.75,25.875,26.5,25.75,26.125,26.125,25.875,25.75,26.25,26.125,25.875,25.875,26.25,25.75,25.875,26.125
3,8/8/2023 4:01,729,25.625,26,26,26,25.875,26,25.75,25.875,26,25.625,25.75,26.375,25.75,26,26,25.75,25.625,26.125,26,25.75,25.75,26.125,25.75,25.75,26
3,8/8/2023 4:31,730,25.75,26,26.125,26.125,25.875,26,25.875,26,26,25.75,25.875,26.5,25.75,26,26,25.75,25.75,26.25,26.125,25.875,25.875,26.125,25.75,25.875,26
3,8/8/2023 5:01,731,25.625,26,26,26,25.875,26,25.75,25.875,26,25.625,25.75,26.5,25.75,26,26,25.75,25.625,26.125,26,25.875,25.875,26.125,25.75,25.75,26
3,8/8/2023 5:31,732,25.625,26,26,26,25.875,26,25.75,26,26,25.75,25.75,26.5,25.75,26,26,25.75,25.625,26.25,26.125,25.875,25.875,26.125,25.75,25.75,26
3,8/8/2023 6:01,733,25.625,26,26,26,25.875,26,25.875,26,26,25.75,25.75,26.625,25.75,26,26,25.75,25.625,26.25,26,25.875,26,26.125,25.75,25.75,26
3,8/8/2023 6:31,734,25.625,26,26,26.125,25.875,26,25.875,26,26,25.75,25.75,26.625,25.75,26,26,25.75,25.625,26.25,26.125,25.875,26,26.125,25.75,25.875,26
3,8/8/2023 7:01,735,25.75,26,26.125,26.125,26,26.125,25.875,26,26.125,25.75,25.875,26.625,25.75,26.125,26.125,25.875,25.75,26.25,26.125,26,26,26.25,25.75,25.875,26
3,8/8/2023 7:31,736,25.875,26.25,26.25,26.375,26.125,26.25,26.125,26.25,26.25,26,26,26.875,25.875,26.125,26.25,26,25.875,26.375,26.25,26.125,26.125,26.375,26,26.125,26.125
3,8/8/2023 8:01,737,26.125,26.375,26.5,26.5,26.375,26.5,26.375,26.375,26.5,26.125,26.25,26.875,26.125,26.375,26.375,26.25,26.125,26.625,26.5,26.25,26.25,26.5,26.125,26.25,26.125
3,8/8/2023 8:31,738,26.25,26.5,26.625,26.625,26.5,26.625,26.5,26.5,26.625,26.375,26.375,26.875,26.25,26.5,26.5,26.375,26.25,26.75,26.625,26.375,26.375,26.625,26.25,26.375,26.25
3,8/8/2023 9:01,739,26.375,26.625,26.75,26.75,26.75,26.75,26.625,26.75,26.75,26.5,26.5,27,26.5,26.75,26.625,26.5,26.375,26.875,26.75,26.625,26.625,26.875,26.5,26.5,26.375
3,8/8/2023 9:31,740,26.75,27,27.125,27.125,27.125,27.125,27.125,27.125,27,26.75,26.875,27.125,26.875,27.25,27,27,26.875,27.375,27.125,26.875,27,27.25,26.875,26.75,26.375
3,8/8/2023 10:01,741,26.875,27.5,27.375,27.5,27.875,27.625,27.375,27.625,27.25,27,27.375,27.125,27.375,27.875,27.375,27.375,27.375,27.875,27.5,27.375,27.625,27.5,27.5,27.25,26.5
3,8/8/2023 10:31,742,27.125,27.5,27.5,27.625,27.625,27.875,27.875,27.75,27.5,27.125,27.5,27.25,27.5,28,27.25,27.5,27.5,28,27.625,27.25,27.875,27.75,27.625,27.125,26.625
3,8/8/2023 11:01,743,27.25,27.625,27.625,27.875,27.875,27.75,27.75,27.875,27.625,27.25,27.75,27.25,27.5,27.875,27.375,27.375,27.625,28,27.5,27.375,27.75,27.625,27.625,27.125,26.875
3,8/8/2023 11:31,744,27.125,27.625,27.5,27.625,27.75,27.625,27.5,27.75,27.5,27.25,27.375,27.25,27.375,27.75,27.25,27.25,27.25,27.625,27.375,27.25,27.625,27.5,27.375,27.125,27
3,8/8/2023 12:01,745,27.125,27.5,27.5,27.5,27.625,27.5,27.375,27.625,27.375,27.25,27.25,27.25,27.25,27.5,27.25,27.125,27.125,27.5,27.375,27.25,27.375,27.375,27.125,27.125,27
3,8/8/2023 12:31,746,27.25,27.375,27.5,27.5,27.875,27.625,27.375,27.5,27.375,27.25,27.25,27.375,27.25,27.5,27.375,27.25,27.125,27.5,27.375,27.25,27.375,27.5,27.25,27.125,27.375
3,8/8/2023 13:01,747,27.125,27.375,27.5,27.375,28,27.5,27.375,27.375,27.375,27.25,27.25,27.375,27.125,27.375,27.375,27.25,27.125,27.5,27.375,27.25,27.25,27.5,27.125,27.125,27.375
3,8/8/2023 13:31,748,26.875,27.125,27.375,27.25,27.25,27.375,27.125,27.25,27.25,27,27,27.375,27,27.375,27.25,27.125,27,27.5,27.25,27.25,27.25,27.375,27,27.125,27.125
3,8/8/2023 14:01,749,26.875,27.125,27.25,27.25,27.125,27.25,27,27.25,27.125,26.875,27,27.25,27,27.25,27.25,27.125,27,27.5,27.25,27.125,27.125,27.375,27,27.125,27
3,8/8/2023 14:31,750,26.75,27,27.125,27.125,27.125,27.125,26.875,27.125,27.125,26.75,26.875,27.25,26.875,27.125,27.125,27,26.875,27.25,27.125,27,27,27.25,26.875,27,27
3,8/8/2023 15:01,751,26.625,27,27.125,27,27,27.125,26.875,27,27,26.75,26.875,27.25,26.75,27.125,27.125,26.875,26.875,27.25,27.125,27,27,27.125,26.75,26.875,27
3,8/8/2023 15:31,752,26.625,27,27,27,26.875,27,26.875,27,27,26.75,26.75,27.25,26.875,27.125,27.125,27,26.875,27.25,27.125,27,27.125,27.25,26.875,26.875,26.875
3,8/8/2023 16:01,753,26.5,26.75,26.875,26.875,26.75,26.875,26.75,26.875,26.875,26.625,26.625,27.125,26.75,27,27,26.875,26.75,27.125,27,26.875,26.875,27.125,26.75,26.75,26.875
3,8/8/2023 16:31,754,26.375,26.75,26.75,26.75,26.625,26.75,26.625,26.75,26.75,26.5,26.5,27.125,26.5,26.75,26.875,26.75,26.625,27,26.875,26.75,26.75,27,26.625,26.625,26.875
3,8/8/2023 17:01,755,26.375,26.75,26.75,26.75,26.625,26.75,26.625,26.75,26.75,26.5,26.5,27.125,26.5,26.75,26.75,26.625,26.5,27,26.875,26.75,26.75,27,26.5,26.625,26.75
3,8/8/2023 17:31,756,26.375,26.625,26.75,26.75,26.625,26.75,26.5,26.75,26.75,26.5,26.5,27.125,26.5,26.75,26.75,26.625,26.5,26.875,26.75,26.625,26.625,26.875,26.5,26.625,26.75
3,8/8/2023 18:01,757,26.25,26.5,26.625,26.625,26.375,26.625,26.375,26.625,26.625,26.25,26.375,27,26.375,26.625,26.625,26.5,26.375,26.75,26.75,26.625,26.625,26.75,26.5,26.5,26.625
3,8/8/2023 18:31,758,26.125,26.5,26.5,26.5,26.375,26.5,26.25,26.5,26.5,26.25,26.25,27,26.25,26.5,26.625,26.375,26.25,26.75,26.625,26.5,26.5,26.75,26.25,26.5,26.625
3,8/8/2023 19:01,759,26,26.375,26.375,26.375,26.25,26.375,26.125,26.375,26.375,26.125,26.125,26.875,26.125,26.375,26.5,26.375,26.25,26.625,26.5,26.375,26.375,26.625,26.25,26.375,26.5
3,8/8/2023 19:31,760,26,26.25,26.375,26.375,26.125,26.375,26.125,26.25,26.25,26,26.125,26.875,26.125,26.375,26.375,26.25,26.125,26.625,26.5,26.25,26.375,26.5,26.125,26.25,26.5
3,8/8/2023 20:01,761,25.875,26.25,26.25,26.375,26.125,26.25,26.125,26.25,26.25,26,26.125,26.875,26.125,26.375,26.375,26.25,26.125,26.5,26.375,26.25,26.25,26.5,26.125,26.25,26.5
3,8/8/2023 20:31,762,25.875,26.25,26.25,26.25,26.125,26.25,26,26.25,26.25,26,26,26.75,26.125,26.375,26.375,26.125,26.125,26.5,26.375,26.25,26.25,26.5,26.125,26.125,26.5
3,8/8/2023 21:01,763,25.875,26.125,26.25,26.25,26,26.25,26,26.25,26.25,25.875,26,26.75,26,26.25,26.375,26.125,26,26.5,26.375,26.25,26.25,26.5,26,26.125,26.375
3,8/8/2023 21:31,764,25.875,26.125,26.25,26.25,26,26.25,26,26.25,26.25,25.875,26,26.875,26,26.25,26.25,26.125,26,26.5,26.375,26.125,26.25,26.375,26,26.125,26.375
3,8/8/2023 22:01,765,25.75,26.125,26.125,26.125,26,26.125,25.875,26.125,26.125,25.875,25.875,26.75,26,26.25,26.25,26.125,26,26.375,26.25,26.125,26.125,26.375,25.875,26.125,26.375
3,8/8/2023 22:31,766,25.75,26.125,26.125,26.25,26,26.125,26,26.125,26.125,25.875,25.875,26.75,26,26.25,26.25,26.125,26,26.375,26.25,26.125,26.25,26.375,26,26.125,26.375
3,8/8/2023 23:01,767,25.75,26.125,26.25,26.25,26,26.25,26,26.125,26.125,25.875,25.875,26.75,26,26.25,26.25,26.125,26,26.375,26.25,26.125,26.25,26.375,26,26.125,26.375
3,8/8/2023 23:31,768,25.75,26.125,26.125,26.25,26,26.125,26,26.125,26.125,25.875,25.875,26.75,26,26.25,26.25,26.125,26,26.375,26.25,26.125,26.25,26.375,26,26.125,26.375
3,8/9/2023 0:01,769,25.75,26.125,26.125,26.125,26,26.125,25.875,26.125,26.125,25.875,25.875,26.75,25.875,26.125,26.25,26,25.875,26.375,26.25,26.125,26.125,26.375,25.875,26,26.375
3,8/9/2023 0:31,770,25.75,26.125,26.125,26.125,26,26.125,25.875,26.125,26.125,25.875,25.875,26.75,25.875,26.125,26.25,26,25.875,26.375,26.25,26.125,26.125,26.375,25.875,26,26.375
3,8/9/2023 1:01,771,25.75,26,26.125,26.125,25.875,26.125,25.875,26.125,26.125,25.75,25.875,26.75,25.875,26.125,26.25,26,25.875,26.375,26.25,26.125,26.125,26.375,25.875,26,26.375
3,8/9/2023 1:31,772,25.75,26,26.125,26.125,25.875,26.125,25.875,26.125,26.125,25.75,25.875,26.75,25.875,26.125,26.25,26,25.875,26.375,26.25,26.125,26.125,26.375,25.875,26,26.5
3,8/9/2023 2:01,773,25.75,26.125,26.125,26.125,26,26.125,25.875,26.125,26.125,25.875,25.875,26.75,25.875,26.125,26.25,26,25.875,26.375,26.25,26.125,26.125,26.375,25.875,26,26.5
3,8/9/2023 2:31,774,25.75,26.125,26.125,26.25,26,26.125,26,26.125,26.125,25.875,25.875,26.75,25.875,26.125,26.25,26,25.875,26.375,26.25,26.125,26.125,26.375,25.875,26,26.5
3,8/9/2023 3:01,775,25.625,26,26,26.125,25.875,26,25.875,26,26,25.75,25.75,26.625,25.875,26.125,26.125,25.875,25.875,26.25,26.125,26,26,26.25,25.75,26,26.375
3,8/9/2023 3:31,776,25.625,26,26,26.125,25.875,26,25.875,26,26,25.75,25.75,26.75,25.75,26.125,26.125,25.875,25.75,26.25,26.125,26,26,26.25,25.75,25.875,26.375
3,8/9/2023 4:01,777,25.625,26,26,26.125,25.875,26,25.75,26,26,25.75,25.75,26.625,25.75,26,26.125,25.875,25.875,26.25,26.125,26,26,26.25,25.75,25.875,26.375
3,8/9/2023 4:31,778,25.625,26,26,26.125,25.875,26,25.75,26,26,25.75,25.75,26.625,25.75,26,26.125,25.875,25.75,26.25,26.125,26,26,26.25,25.75,25.875,26.375
3,8/9/2023 5:01,779,25.625,26,26,26,25.875,26,25.75,26,26,25.625,25.75,26.625,25.75,26,26.125,25.875,25.75,26.25,26.125,26,26,26.25,25.75,25.875,26.375
3,8/9/2023 5:31,780,25.625,26,26,26,25.875,26,25.75,26,26,25.625,25.75,26.625,25.75,26,26.125,25.875,25.75,26.25,26.125,25.875,26,26.25,25.75,25.875,26.375
3,8/9/2023 6:01,781,25.625,26,26,26,25.875,26,25.75,26,26,25.625,25.75,26.625,25.75,26,26.125,25.875,25.75,26.25,26.125,26,26,26.25,25.75,25.875,26.375
3,8/9/2023 6:31,782,25.5,26,25.875,26,25.75,25.875,25.75,25.875,25.875,25.625,25.625,26.625,25.75,26,26,25.875,25.75,26.125,26.125,25.875,26,26.125,25.75,25.875,26.375
3,8/9/2023 7:01,783,25.625,26,26,26.125,25.875,26,25.75,26,26,25.75,25.75,26.625,25.75,26,26.125,25.875,25.75,26.25,26.125,26,26,26.25,25.75,25.875,26.375
3,8/9/2023 7:31,784,25.75,26.125,26.125,26.25,26,26.125,26,26.125,26.125,25.875,25.875,26.75,25.875,26.125,26.25,26.125,26,26.375,26.25,26.125,26.125,26.375,26,26.125,26.375
3,8/9/2023 8:01,785,25.875,26.25,26.25,26.375,26.125,26.375,26.125,26.25,26.25,26,26,26.75,26,26.25,26.375,26.25,26.125,26.5,26.375,26.25,26.25,26.625,26.125,26.25,26.375
3,8/9/2023 8:31,786,26.25,26.5,26.625,26.625,26.5,26.625,26.5,26.5,26.5,26.375,26.375,26.875,26.25,26.5,26.625,26.5,26.375,26.875,26.625,26.625,26.5,26.875,26.5,26.5,26.375
3,8/9/2023 9:01,787,26.625,26.625,26.875,26.75,26.75,27,26.875,26.75,26.75,26.875,26.625,27,27,27.125,27.125,27.25,27.125,27.5,27.375,27.25,27.25,27.375,27.125,27.25,26.5
3,8/9/2023 9:31,788,27.125,27.125,27.375,27.375,27.375,27.5,27.5,27.5,27.125,27,27.25,27,27.5,27.875,27.5,27.75,27.625,28,27.875,27.625,27.625,27.875,27.75,27.5,26.5
3,8/9/2023 10:01,789,26.875,27.25,27.375,27.25,27.375,27.375,27.25,27.5,27.125,27,27.25,27,27.375,27.75,27.375,27.625,27.5,27.875,27.625,27.5,27.625,27.625,27.5,27.375,26.625
3,8/9/2023 10:31,790,26.75,27,27.125,27.125,27,27.125,27,27.125,27,26.75,26.875,27,27,27.25,27.125,27.125,27.125,27.375,27.25,27.125,27.125,27.375,27.125,27,26.625
3,8/9/2023 11:01,791,26.625,27,27.125,27.125,27.125,27.125,27,27.125,27,26.75,26.875,27,26.875,27.125,27,27,27,27.375,27.125,27,27.125,27.125,27,26.875,26.625
3,8/9/2023 11:31,792,26.625,26.875,27,27,27,27,26.875,27,26.875,26.625,26.75,27,26.75,27,26.875,26.75,26.75,27.125,27,26.875,26.875,27,26.75,26.75,26.625
3,8/9/2023 12:01,793,26.75,27,27.125,27,27,27,26.875,27.125,27,26.75,26.75,27,26.75,27,27,26.875,26.75,27.125,27,26.875,27,27.125,26.75,26.75,26.875
3,8/9/2023 12:31,794,26.75,26.875,27,27,27,27,27,27,27,26.75,26.75,27,26.75,27,26.875,26.75,26.625,27.125,26.875,26.75,26.875,27,26.625,26.625,26.75
3,8/9/2023 13:01,795,26.875,27,27.125,27.125,27.125,27.125,27,27,27,26.875,26.875,27.125,26.75,27,27,26.875,26.75,27.125,27,26.875,27,27.125,26.875,26.875,27
3,8/9/2023 13:31,796,26.75,26.875,27,27,27,27,26.875,27,27,26.75,26.75,27.125,26.75,27,27,26.875,26.75,27.125,27,26.875,26.875,27.125,26.75,26.875,26.875
3,8/9/2023 14:01,797,26.625,26.875,26.875,27,26.875,27,26.75,26.875,26.875,26.625,26.625,27.125,26.75,27,27,26.75,26.625,27,27,26.875,26.875,27,26.625,26.625,27
3,8/9/2023 14:31,798,26.625,26.875,27,27,26.875,27,26.75,27,27,26.625,26.75,27.125,26.75,27,27,26.875,26.75,27.125,27,26.875,26.875,27.125,26.75,26.75,27.125
3,8/9/2023 15:01,799,26.5,26.875,26.875,27,26.875,27,26.75,26.875,26.875,26.625,26.75,27.125,26.75,26.875,26.875,26.75,26.625,27,26.875,26.875,26.75,27,26.625,26.75,26.625
3,8/9/2023 15:31,800,26.375,26.75,26.75,26.875,26.625,26.75,26.625,26.75,26.75,26.5,26.625,27,26.625,26.875,26.875,26.75,26.625,27,26.875,26.75,26.875,27,26.625,26.625,26.625
3,8/9/2023 16:01,801,26.25,26.625,26.625,26.75,26.625,26.75,26.5,26.625,26.75,26.375,26.5,26.75,26.5,26.75,26.75,26.625,26.5,26.875,26.75,26.625,26.75,26.875,26.5,26.625,26.625
3,8/9/2023 16:31,802,26.25,26.625,26.625,26.75,26.5,26.625,26.5,26.625,26.625,26.375,26.375,26.75,26.375,26.625,26.625,26.5,26.375,26.75,26.625,26.625,26.625,26.75,26.5,26.5,26.625
3,8/9/2023 17:01,803,26.125,26.375,26.375,26.5,26.375,26.5,26.25,26.375,26.5,26.125,26.125,26.625,26.125,26.375,26.375,26.25,26.125,26.5,26.5,26.375,26.375,26.625,26.125,26.125,26.5
3,8/9/2023 17:31,804,26.125,26.375,26.375,26.5,26.375,26.5,26.25,26.375,26.375,26.125,26.125,26.625,26.125,26.375,26.5,26.25,26.25,26.5,26.5,26.375,26.375,26.5,26.125,26.25,26.375
3,8/9/2023 18:01,805,26,26.25,26.375,26.375,26.25,26.375,26.25,26.375,26.375,26.125,26.125,26.5,26,26.375,26.375,26.125,26.125,26.375,26.375,26.25,26.25,26.5,26.125,26.125,26.25
3,8/9/2023 18:31,806,25.875,26.25,26.25,26.375,26.125,26.25,26,26.25,26.25,26,26,26.5,26,26.25,26.25,26.125,26,26.375,26.375,26.125,26.25,26.375,26,26.125,26.125
3,8/9/2023 19:01,807,25.875,26.125,26.25,26.25,26.125,26.25,26,26.25,26.25,25.875,26,26.375,26,26.25,26.25,26.125,26,26.375,26.375,26.125,26.25,26.375,26,26.125,26.125
3,8/9/2023 19:31,808,25.75,26.125,26.125,26.25,26,26.125,25.875,26.125,26.125,25.875,25.875,26.375,26,26.25,26.25,26,26,26.25,26.25,26.125,26.125,26.375,26,26,26
3,8/9/2023 20:01,809,25.75,26,26.125,26.125,26,26.125,25.875,26,26.125,25.75,25.75,26.25,25.875,26.125,26.125,25.875,25.75,26.25,26.25,26,26.125,26.25,25.875,25.875,25.875
3,8/9/2023 20:31,810,25.625,26,26,26.125,25.875,26,25.75,26,26,25.75,25.75,26.25,25.75,26.125,26.125,25.875,25.75,26.125,26.125,26,26,26.25,25.75,25.875,25.875
3,8/9/2023 21:01,811,25.625,26,26,26.125,25.875,26.125,25.75,26,26,25.75,25.75,26.25,25.75,26.125,26.125,25.875,25.75,26.125,26.125,26,26,26.25,25.75,25.875,25.75
3,8/9/2023 21:31,812,25.625,26,26,26.125,25.875,26,25.75,26,26,25.75,25.75,26.25,25.75,26,26.125,25.875,25.75,26.125,26.125,26,26,26.25,25.75,25.875,25.75
3,8/9/2023 22:01,813,25.625,26,26,26.125,25.875,26,25.75,26,26,25.75,25.75,26.25,25.75,26,26.125,25.875,25.75,26.125,26.125,26,26,26.25,25.75,25.875,25.75
3,8/9/2023 22:31,814,25.625,26,26,26.125,25.875,26,25.75,26,26,25.75,25.75,26.25,25.75,26,26.125,25.875,25.75,26.125,26.125,26,26,26.25,25.75,25.875,25.75
3,8/9/2023 23:01,815,25.625,26,26,26,25.875,26,25.75,26,26,25.625,25.75,26.25,25.75,26,26.125,25.875,25.75,26.125,26.125,25.875,26,26.125,25.75,25.75,25.75
3,8/9/2023 23:31,816,25.5,26,25.875,26,25.875,26,25.75,25.875,25.875,25.625,25.625,26.125,25.75,26,26,25.75,25.625,26.125,26,25.875,25.875,26.125,25.75,25.75,25.75
3,8/10/2023 0:01,817,25.625,26,25.875,26,25.875,26,25.75,25.875,26,25.625,25.625,26.125,25.75,26,26,25.75,25.75,26.125,26.125,25.875,25.875,26.125,25.75,25.75,25.75
3,8/10/2023 0:31,818,25.625,25.875,25.875,26,25.875,26,25.75,26,26,25.625,25.625,26.125,25.75,26,26,25.875,25.75,26.125,26.125,25.875,25.875,26.125,25.75,25.75,25.625
3,8/10/2023 1:01,819,25.625,26,25.875,26,25.875,26,25.75,25.875,26,25.625,25.625,26.125,25.75,26,26,25.75,25.75,26.125,26,25.875,25.875,26.125,25.75,25.75,25.625
3,8/10/2023 1:31,820,25.5,25.875,25.875,26,25.75,25.875,25.75,25.875,25.875,25.625,25.625,26.125,25.75,25.875,26,25.75,25.625,26,26,25.75,25.875,26,25.75,25.75,25.5
3,8/10/2023 2:01,821,25.5,25.875,25.875,25.875,25.75,25.875,25.625,25.875,25.875,25.625,25.5,26.125,25.625,25.875,25.875,25.625,25.5,26,25.875,25.75,25.75,26,25.625,25.625,25.5
3,8/10/2023 2:31,822,25.5,25.75,25.75,25.875,25.625,25.875,25.625,25.75,25.875,25.5,25.5,26.125,25.625,25.875,25.875,25.625,25.5,25.875,25.875,25.75,25.75,26,25.625,25.625,25.375
3,8/10/2023 3:01,823,25.5,25.875,25.875,25.875,25.75,25.875,25.625,25.875,25.875,25.625,25.625,26.125,25.625,25.875,25.875,25.625,25.625,26,26,25.75,25.875,26,25.625,25.625,25.375
3,8/10/2023 3:31,824,25.5,25.75,25.875,25.875,25.75,25.875,25.625,25.75,25.875,25.625,25.5,26.125,25.625,25.875,25.875,25.625,25.5,26,25.875,25.75,25.75,26,25.625,25.625,25.375
3,8/10/2023 4:01,825,25.5,25.875,25.875,25.875,25.75,25.875,25.75,25.875,25.875,25.625,25.625,26.125,25.625,25.875,25.875,25.625,25.625,26,26,25.75,25.75,26,25.625,25.625,25.5
3,8/10/2023 4:31,826,25.5,25.75,25.75,25.875,25.75,25.875,25.625,25.75,25.875,25.5,25.5,26.125,25.625,25.875,25.875,25.625,25.5,25.875,25.875,25.75,25.75,26,25.625,25.625,25.5
3,8/10/2023 5:01,827,25.5,25.75,25.75,25.875,25.75,25.875,25.625,25.75,25.875,25.5,25.5,26,25.625,25.875,25.875,25.625,25.5,25.875,25.875,25.75,25.75,26,25.625,25.625,25.375
3,8/10/2023 5:31,828,25.5,25.75,25.75,25.875,25.75,25.875,25.625,25.75,25.875,25.5,25.5,26,25.625,25.875,25.875,25.625,25.5,25.875,25.875,25.75,25.75,26,25.625,25.625,25.375
3,8/10/2023 6:01,829,25.5,25.75,25.75,25.875,25.75,25.875,25.625,25.75,25.875,25.5,25.5,26,25.625,25.875,25.875,25.625,25.5,25.875,25.875,25.75,25.75,26,25.625,25.625,25.375
3,8/10/2023 6:31,830,25.5,25.75,25.75,25.875,25.625,25.875,25.625,25.75,25.875,25.5,25.5,26,25.625,25.875,25.875,25.625,25.5,25.875,25.875,25.75,25.75,26,25.625,25.625,25.375
3,8/10/2023 7:01,831,25.5,25.875,25.875,26,25.75,25.875,25.75,25.875,25.875,25.625,25.625,26.125,25.75,25.875,26,25.75,25.625,26,26,25.875,25.875,26.125,25.75,25.75,25.375
3,8/10/2023 7:31,832,25.875,26.125,26.25,26.25,26,26.25,26.125,26.125,26.25,26,26,26.375,25.875,26.125,26.25,26.125,26,26.375,26.375,26.125,26.125,26.375,26,26.125,25.5
3,8/10/2023 8:01,833,26.375,26.5,26.625,26.625,26.5,26.75,26.625,26.625,26.75,26.375,26.5,26.75,26.25,26.5,26.625,26.625,26.375,26.75,26.75,26.625,26.5,26.75,26.5,26.5,25.625
3,8/10/2023 8:31,834,26.625,26.75,26.875,26.875,26.875,27,26.875,27,26.875,26.75,26.75,27,26.75,26.875,27,27,26.875,27.125,27.125,27,26.875,27.125,26.75,26.875,25.75
3,8/10/2023 9:01,835,26.625,26.75,27,26.875,26.75,27,26.875,26.875,26.875,26.75,26.625,27,26.75,27,27,27,26.875,27.25,27.125,27,26.875,27.125,26.75,27,25.875
3,8/10/2023 16:03,836,26.375,26.625,26.75,26.25,NA,26.75,26.375,26.5,26.625,26.5,26.5,26.75,26.375,26.75,26.5,26.375,26.5,26.125,26.5,26.375,26.5,26.625,26.375,26.5,26.875
3,8/10/2023 16:33,837,26.375,26.625,26.75,26.125,NA,26.75,26.375,26.5,26.625,26.5,26.5,26.75,26.375,26.75,26.5,26.25,26.5,26.125,26.5,26.375,26.5,26.625,26.25,26.5,26.875
3,8/10/2023 17:03,838,26.25,26.625,26.625,26.125,NA,26.75,26.375,26.5,26.625,26.5,26.5,26.625,26.25,26.625,26.375,26.25,26.375,26,26.5,26.375,26.375,26.5,26.125,26.375,26.875
3,8/10/2023 17:33,839,26.25,26.5,26.625,26.125,NA,26.625,26.25,26.375,26.5,26.375,26.375,26.625,26.25,26.625,26.375,26.125,26.375,26,26.375,26.25,26.375,26.5,26.125,26.375,26.875
3,8/10/2023 18:03,840,26.125,26.5,26.5,26,NA,26.625,26.125,26.25,26.5,26.25,26.375,26.625,26.125,26.625,26.375,26.125,26.375,25.875,26.375,26.25,26.25,26.5,26.125,26.375,26.875
3,8/10/2023 18:33,841,26,26.375,26.5,25.875,NA,26.5,26,26.25,26.375,26.25,26.25,26.625,26.125,26.5,26.375,26.125,26.375,25.875,26.375,26.25,26.25,26.375,26.125,26.375,26.875
3,8/10/2023 19:03,842,26,26.375,26.5,25.875,NA,26.5,26,26.25,26.375,26.25,26.25,26.625,26.125,26.625,26.375,26.125,26.25,25.875,26.375,26.25,26.25,26.375,26.125,26.375,26.75
3,8/10/2023 19:33,843,26,26.25,26.375,25.75,NA,26.375,26,26.125,26.375,26.125,26.125,26.625,26.125,26.5,26.25,26,26.25,25.875,26.25,26.125,26.25,26.375,26,26.375,26.75
3,8/10/2023 20:03,844,26,26.25,26.375,25.75,NA,26.375,26,26.125,26.25,26.125,26.125,26.5,26.125,26.5,26.25,26,26.25,25.75,26.25,26.125,26.125,26.25,26,26.25,26.625
3,8/10/2023 20:33,845,25.875,26.125,26.25,25.75,NA,26.375,25.875,26,26.25,26.125,26.125,26.5,26,26.375,26.125,26,26.25,25.75,26.25,26,26.125,26.25,26,26.25,26.375
3,8/10/2023 21:03,846,25.875,26.125,26.25,25.625,NA,26.375,25.875,26,26.25,26,26.125,26.5,26,26.375,26.125,25.875,26.125,25.75,26.125,26,26,26.25,26,26.25,26
3,8/10/2023 21:33,847,25.75,26.125,26.25,25.625,NA,26.25,25.875,26,26.125,26,26,26.5,25.875,26.375,26.125,25.875,26.125,25.625,26.125,26,26,26.25,26,26.125,25.75
3,8/10/2023 22:03,848,25.75,26.125,26.125,25.625,NA,26.25,25.75,26,26.125,26,26,26.375,26,26.375,26.125,25.875,26.125,25.625,26.125,26,26,26.25,26,26.125,25.5
3,8/10/2023 22:33,849,25.75,26,26.125,25.5,NA,26.125,25.75,25.875,26.125,25.875,26,26.25,25.875,26.25,26,25.75,26,25.625,26,25.875,25.875,26.125,25.75,26,25.25
3,8/10/2023 23:03,850,25.75,26,26.125,25.5,NA,26.125,25.75,25.875,26,25.875,26,26.25,25.75,26.25,25.875,25.75,25.875,25.5,26,25.875,25.875,26,25.75,26,25
3,8/10/2023 23:33,851,25.75,26,26.125,25.5,NA,26.125,25.75,25.75,26,25.875,26,26.25,25.75,26.25,25.875,25.75,25.875,25.5,26,25.875,25.875,26,25.75,26,24.625
3,8/11/2023 0:03,852,25.625,26,26.125,25.5,NA,26.125,25.75,25.75,26,25.875,25.875,26.25,25.75,26.25,25.875,25.75,25.875,25.5,26,25.875,25.875,26.125,25.75,26,24.375
3,8/11/2023 0:33,853,25.625,26,26.125,25.5,NA,26.125,25.75,25.75,26,25.875,25.875,26.25,25.75,26.25,25.875,25.625,25.875,25.5,26,25.875,25.875,26,25.75,26,24
3,8/11/2023 1:03,854,25.625,25.875,26,25.5,NA,26.125,25.75,25.75,26,25.875,25.875,26.25,25.75,26.25,25.875,25.625,25.875,25.5,25.875,25.875,25.875,26,25.625,26,23.625
3,8/11/2023 1:33,855,25.75,26,26.125,25.5,NA,26.125,25.75,25.875,26,25.875,26,26.25,25.75,26.25,25.875,25.625,25.875,25.5,26,25.875,25.875,26,25.75,26,23.625
3,8/11/2023 2:03,856,25.75,26,26.125,25.5,NA,26.125,25.75,25.875,26.125,25.875,26,26.25,25.75,26.25,25.875,25.75,25.875,25.5,26,25.875,25.875,26,25.75,26,23.75
3,8/11/2023 2:33,857,25.75,26,26.125,25.625,NA,26.125,25.75,25.875,26.125,25.875,26,26.375,25.75,26.25,25.875,25.75,25.875,25.5,26,25.875,25.875,26,25.75,26,23.75
3,8/11/2023 3:03,858,25.75,26,26.125,25.625,NA,26.25,25.75,26,26.125,26,26,26.375,25.875,26.25,26,25.875,26,25.625,26,26,26,26.125,25.875,26.125,23.875
3,8/11/2023 3:33,859,25.75,26,26.125,25.625,NA,26.25,25.75,25.875,26.125,26,26,26.375,25.875,26.25,26,25.875,26,25.625,26.125,26,26,26.125,25.875,26.125,23.625
3,8/11/2023 4:03,860,25.875,26,26.25,25.625,NA,26.25,25.875,26,26.125,26,26,26.375,26,26.25,26.125,25.875,26.125,25.625,26.125,26,26,26.125,26,26.125,23.625
3,8/11/2023 4:33,861,25.75,26,26.125,25.625,NA,26.25,25.75,25.875,26.125,25.875,26,26.375,25.875,26.25,26,25.875,26,25.625,26,26,26,26.125,25.875,26,23.75
3,8/11/2023 5:03,862,25.75,26,26.125,25.5,NA,26.125,25.75,25.875,26.125,25.875,26,26.25,25.75,26.125,25.875,25.625,25.875,25.5,25.875,25.875,25.875,26,25.75,25.875,23.75
3,8/11/2023 5:33,863,25.625,25.875,26,25.375,NA,26.125,25.625,25.75,26,25.75,25.875,26.25,25.625,26,25.75,25.5,25.75,25.375,25.75,25.75,25.75,25.875,25.625,25.75,23.625
3,8/11/2023 6:03,864,25.625,25.875,26,25.375,NA,26,25.625,25.75,26,25.75,25.875,26.25,25.625,26,25.75,25.5,25.75,25.375,25.75,25.75,25.625,25.875,25.5,25.75,23.5
3,8/11/2023 6:33,865,25.5,25.875,26,25.375,NA,26,25.625,25.75,25.875,25.75,25.75,26.25,25.625,26,25.75,25.5,25.75,25.375,25.75,25.625,25.625,25.875,25.5,25.75,23.5
3,8/11/2023 7:03,866,25.625,25.875,26,25.375,NA,26,25.625,25.75,26,25.75,25.875,26.375,25.625,26.125,25.875,25.625,25.75,25.375,25.875,25.75,25.625,25.875,25.5,25.875,23.75
3,8/11/2023 7:33,867,25.875,26,26.375,25.75,NA,26.375,26,26,26.25,26.125,26.125,26.625,25.75,26.25,26.25,25.875,26.125,25.625,26.25,26.125,25.875,26.25,25.875,26.25,24.375
3,8/11/2023 8:03,868,26.375,26.375,26.75,26.125,NA,26.875,26.5,26.5,26.625,26.625,26.625,26.75,26.375,26.625,26.75,26.5,26.75,26.125,26.75,26.75,26.5,26.625,26.375,26.75,25
3,8/11/2023 8:33,869,26.75,26.75,27,26.5,NA,27.125,26.875,26.875,26.875,27.125,26.875,26.875,26.75,27,27.125,27,27.125,26.625,27.375,27.25,26.875,27.125,26.75,27.25,25.625
3,8/11/2023 9:03,870,26.625,26.625,27.125,26.375,NA,27,26.75,26.625,26.75,27.125,26.75,26.75,27.125,27.375,27.5,27.25,27.375,26.75,27.625,27.375,27.25,27.25,27,27.625,26
3,8/11/2023 9:33,871,26.875,27.125,27.5,26.875,NA,27.5,27.25,27.25,27.25,27.125,27.25,27,27.375,28.125,27.25,27.625,27.875,27.125,28.25,27.375,27.625,27.625,27.375,27.375,26.875
3,8/11/2023 10:03,872,27,27.375,27.875,27,NA,27.875,27.25,27.5,27.25,27.125,27.5,26.875,27.875,28.5,27.5,27.75,28.375,27.375,28.25,27.75,27.875,27.625,27.625,27.625,28.5
3,8/11/2023 10:33,873,27.125,27.75,27.625,27.875,NA,28.375,28,28,27.75,27.125,28,26.875,28.125,28.625,27.25,27.75,28.75,27.375,28.125,27.25,28.125,27.875,27.625,27.125,33.25
3,8/11/2023 11:03,874,27.125,28,27.625,28,NA,27.875,28.25,28.25,27.5,27.375,28.375,27.125,28.125,28.25,27.25,27.375,29,27.625,27.5,27.125,28.125,27.5,27.875,27.125,27.125
3,8/11/2023 11:33,875,27.375,28.25,27.625,27.5,NA,27.75,27.625,28.25,27.5,27.75,27.75,27.25,28.125,29.5,27.25,27.125,27.875,27.125,27.5,27.125,28.25,27.375,27.375,27.125,27.75
3,8/11/2023 12:03,876,27.5,27.75,27.625,27.25,NA,27.625,27.5,27.875,27.5,27.875,27.5,27.375,27.625,28,27.125,27,27.625,26.875,27.375,27.125,27.5,27.125,27.125,27.125,27.875
3,8/11/2023 12:33,877,27.625,27.5,27.625,27.125,NA,27.625,28.375,27.625,27.625,27.75,27.375,27.5,27.5,27.625,27.25,27.125,27.5,26.875,27.375,27.125,27.375,27.25,27.125,27.125,27.25
3,8/11/2023 13:03,878,27.5,27.375,27.5,27.125,NA,27.625,27.75,27.375,27.625,27.625,27.375,27.5,27.375,27.625,27.375,27.125,27.375,26.875,27.375,27.25,27.375,27.375,27,27.125,28
3,8/11/2023 13:33,879,27.5,27.375,27.625,27.25,NA,27.625,27.75,27.375,27.625,27.625,27.375,27.5,27.25,27.75,27.375,27.125,27.375,26.875,27.375,27.25,27.25,27.375,27.125,27.25,27.875
3,8/11/2023 14:03,880,27.125,27.25,27.375,26.875,NA,27.5,27.25,27.25,27.375,27.25,27.25,27.25,27,27.5,27.125,26.875,27.125,26.625,27.125,27,27,27.125,26.875,27.125,27.25
3,8/11/2023 14:33,881,26.875,27.125,27.25,26.75,NA,27.375,27.125,27,27.25,27.125,27.125,27.125,26.875,27.375,27,26.875,27,26.625,27.125,27,27,27.125,26.875,27,27.125
3,8/11/2023 15:03,882,26.875,27.125,27.375,26.625,NA,27.375,27,27,27.25,27.125,27.125,27.25,27,27.5,27.125,26.875,27.125,26.625,27.125,27.125,27.125,27.125,26.875,27.125,27.25
3,8/11/2023 15:33,883,26.75,27,27.125,26.625,NA,27.25,26.875,27,27.125,26.875,27,27,27,27.5,27.125,27,27.25,26.625,27.125,27,27.125,27.125,27,27.125,27.25
3,8/11/2023 16:03,884,26.625,26.875,27,26.5,NA,27.125,26.625,26.875,26.875,26.75,26.875,26.875,26.875,27.25,27,26.875,27,26.5,27,26.875,27,27,26.75,27.125,27
3,8/11/2023 16:33,885,26.5,26.75,26.875,26.375,NA,27,26.5,26.625,26.875,26.625,26.75,26.75,26.625,27,26.875,26.625,26.875,26.375,26.875,26.75,26.75,26.875,26.625,26.875,27
3,8/11/2023 17:03,886,26.5,26.75,26.875,26.375,NA,26.875,26.5,26.625,26.75,26.625,26.75,26.75,26.5,26.875,26.75,26.625,26.75,26.25,26.75,26.625,26.625,26.75,26.5,26.75,26.875
3,8/11/2023 17:33,887,26.375,26.625,26.75,26.25,NA,26.875,26.375,26.5,26.75,26.5,26.625,26.625,26.375,26.875,26.625,26.5,26.625,26.125,26.625,26.5,26.5,26.75,26.375,26.625,26.875
3,8/11/2023 18:03,888,26.25,26.5,26.625,26.125,NA,26.75,26.25,26.375,26.625,26.375,26.5,26.625,26.375,26.75,26.5,26.375,26.5,26.125,26.625,26.5,26.5,26.625,26.25,26.625,26.875
3,8/11/2023 18:33,889,26.25,26.5,26.625,26.125,NA,26.75,26.25,26.375,26.625,26.375,26.5,26.625,26.375,26.75,26.5,26.375,26.625,26.125,26.625,26.375,26.5,26.625,26.375,26.625,26.875
3,8/11/2023 19:03,890,26.125,26.375,26.625,26.125,NA,26.625,26.125,26.25,26.5,26.25,26.375,26.5,26.25,26.625,26.375,26.25,26.5,26,26.375,26.25,26.5,26.5,26.25,26.375,26.875
3,8/11/2023 19:33,891,26.125,26.375,26.5,26,NA,26.5,26.125,26.25,26.375,26.25,26.25,26.375,26.125,26.5,26.375,26.125,26.375,25.875,26.375,26.25,26.375,26.5,26.125,26.375,26.75
3,8/11/2023 20:03,892,26,26.25,26.5,25.875,NA,26.5,26.125,26.125,26.375,26.25,26.25,26.375,26.125,26.5,26.25,26.125,26.25,25.875,26.25,26.125,26.25,26.375,26.125,26.375,26.875
3,8/11/2023 20:33,893,26,26.25,26.375,25.75,NA,26.5,26,26.125,26.25,26.125,26.125,26.25,26.125,26.375,26.125,26,26.25,25.75,26.25,26,26.125,26.25,26,26.25,26.875
3,8/11/2023 21:03,894,25.875,26.125,26.375,25.75,NA,26.375,26,26.125,26.25,26.125,26.125,26.25,26,26.375,26.125,25.875,26.125,25.625,26.125,25.875,26.125,26.25,26,26.125,26.875
3,8/11/2023 21:33,895,25.875,26.125,26.25,25.75,NA,26.375,25.875,26,26.25,26,26.125,26.25,26,26.375,26.125,25.875,26.125,25.625,26.125,25.875,26,26.125,26,26.125,26.875
3,8/11/2023 22:03,896,25.875,26.125,26.25,25.75,NA,26.375,25.875,26,26.25,26,26.125,26.25,26,26.25,26,25.875,26.125,25.625,26.125,25.875,26,26.125,25.875,26.125,26.75
3,8/11/2023 22:33,897,25.875,26.125,26.25,25.75,NA,26.375,25.875,26,26.25,26,26.125,26.125,25.875,26.25,26,25.875,26,25.625,26,25.875,26,26.125,25.875,26.125,26.75
3,8/11/2023 23:03,898,25.875,26,26.25,25.625,NA,26.25,25.875,26,26.125,26,26,26.125,25.875,26.25,26,25.75,26,25.5,26,25.75,26,26.125,25.75,26,26.75
3,8/11/2023 23:33,899,25.75,26,26.125,25.625,NA,26.25,25.875,25.875,26.125,25.875,26,26.125,25.75,26.125,25.875,25.75,25.875,25.5,25.875,25.75,25.875,26,25.625,26,26.75
3,8/12/2023 0:03,900,25.75,26,26.125,25.625,NA,26.25,25.875,25.875,26.125,25.875,26,26.125,25.75,26.125,25.875,25.625,25.875,25.5,25.875,25.625,25.875,26,25.625,25.875,26.75
3,8/12/2023 0:33,901,25.75,26,26.125,25.625,NA,26.125,25.75,25.875,26.125,25.875,26,26,25.625,26,25.75,25.625,25.75,25.375,25.75,25.625,25.75,25.875,25.625,25.875,26.625
3,8/12/2023 1:03,902,25.75,26,26.125,25.5,NA,26.125,25.75,25.875,26,25.875,26,26,25.625,26,25.75,25.625,25.875,25.375,25.875,25.625,25.75,25.875,25.625,25.875,26.625
3,8/12/2023 1:33,903,25.75,26,26.125,25.625,NA,26.125,25.75,25.875,26,25.875,26,26,25.625,26,25.75,25.625,25.875,25.375,25.875,25.625,25.75,25.875,25.625,25.875,26.625
3,8/12/2023 2:03,904,25.75,26,26.125,25.625,NA,26.125,25.75,25.875,26.125,25.875,25.875,26,25.75,26.125,25.75,25.625,25.875,25.375,25.875,25.625,25.75,25.875,25.625,25.875,26.625
3,8/12/2023 2:33,905,25.75,25.875,26.125,25.5,NA,26.125,25.75,25.875,26,25.875,26,26,25.625,26,25.75,25.625,25.875,25.375,25.75,25.625,25.75,25.875,25.625,25.875,26.625
3,8/12/2023 3:03,906,25.75,25.875,26.125,25.5,NA,26.125,25.75,25.875,26,25.875,25.875,26,25.625,26,25.75,25.625,25.75,25.375,25.75,25.625,25.75,25.875,25.625,25.875,26.625
3,8/12/2023 3:33,907,25.75,25.875,26.125,25.5,NA,26.125,25.75,25.875,26,25.875,25.875,26,25.625,26,25.75,25.625,25.75,25.375,25.75,25.625,25.75,25.875,25.625,25.875,26.625
3,8/12/2023 4:03,908,25.625,25.875,26,25.5,NA,26.125,25.75,25.75,26,25.75,25.875,26,25.625,26,25.75,25.5,25.75,25.375,25.75,25.5,25.75,25.875,25.5,25.75,26.625
3,8/12/2023 4:33,909,25.625,25.875,26,25.5,NA,26.125,25.625,25.75,26,25.75,25.875,25.875,25.625,26,25.625,25.5,25.75,25.375,25.75,25.5,25.75,25.75,25.5,25.75,26.625
3,8/12/2023 5:03,910,25.625,25.875,26,25.375,NA,26,25.625,25.75,25.875,25.75,25.75,25.875,25.625,26,25.625,25.5,25.75,25.375,25.75,25.5,25.625,25.75,25.5,25.75,26.5
3,8/12/2023 5:33,911,25.625,25.875,26,25.5,NA,26,25.625,25.75,25.875,25.75,25.875,25.875,25.625,25.875,25.625,25.5,25.75,25.375,25.75,25.5,25.625,25.75,25.5,25.75,26.5
3,8/12/2023 6:03,912,25.5,25.75,26,25.375,NA,26,25.625,25.75,25.875,25.75,25.875,25.875,25.5,25.875,25.625,25.375,25.625,25.25,25.625,25.375,25.625,25.75,25.375,25.625,26.5
3,8/12/2023 6:33,913,25.625,25.75,26,25.375,NA,26,25.625,25.75,25.875,25.75,25.875,25.875,25.5,25.875,25.625,25.5,25.75,25.25,25.625,25.5,25.625,25.75,25.5,25.75,26.5
3,8/12/2023 7:03,914,25.625,25.875,26.125,25.5,NA,26.125,25.75,25.875,26,25.875,25.875,26,25.625,26,25.75,25.625,25.875,25.375,25.875,25.625,25.75,25.875,25.625,25.875,26.5
3,8/12/2023 7:33,915,25.875,26,26.25,25.75,NA,26.25,25.875,26,26.125,26,26.125,26.125,25.875,26.125,26,25.875,26,25.5,26,25.75,25.875,26,25.75,26.125,26.625
3,8/12/2023 8:03,916,26.125,26.25,26.625,26.125,NA,26.625,26.25,26.25,26.375,26.375,26.375,26.5,26.125,26.5,26.375,26.25,26.5,25.875,26.5,26.25,26.25,26.375,26.125,26.375,26.625
3,8/12/2023 8:33,917,26.625,26.75,27,26.5,NA,27,26.875,26.75,26.875,27,26.75,26.875,26.875,27,27,27,27.125,26.5,27.375,27,26.875,27,26.75,27.125,26.625
3,8/12/2023 9:03,918,26.875,26.875,27.5,26.625,NA,27.375,27,26.875,27,27.375,27,27.125,27.5,27.625,27.625,27.625,27.75,27.125,28,27.625,27.625,27.5,27.375,27.875,26.75
3,8/12/2023 9:33,919,27.375,27.375,27.875,27.125,NA,27.875,27.625,27.625,27.5,27.625,27.625,27.5,28,28.25,27.625,28.125,28.125,27.5,28.375,27.75,28,27.875,27.75,27.75,26.875
3,8/12/2023 10:03,920,27.375,27.875,28.25,27.375,NA,28.25,27.5,28.125,27.5,27.625,28,27.625,28.625,29,28,29,28.625,27.875,28.75,28.125,28.875,28.125,28.125,28,27.5
3,8/12/2023 10:33,921,27.75,28.25,28.125,28.5,NA,28.875,28.5,28.75,28.25,27.75,28.625,27.75,29,29.375,27.875,29,29.125,28.125,28.75,27.875,29.5,28.625,28.375,27.875,27.375
3,8/12/2023 11:03,922,27.875,28.875,28.25,28.625,NA,28.5,28.875,29,28.125,28.125,29,27.875,29.25,29.125,27.875,28.375,29.375,28.375,28.25,27.875,29.5,28.25,28.625,27.875,27.625
3,8/12/2023 11:33,923,28,28.75,28.25,28.125,NA,28.375,28.25,29,28.125,28.375,28.5,28,29,30.125,27.875,28.25,28.5,27.875,28.375,27.75,29.75,28.125,28.125,27.875,27.625
3,8/12/2023 12:03,924,28.125,28.375,28.25,27.875,NA,28.25,28.5,28.625,28,28.375,28.125,28,28.375,28.75,27.75,28,28.25,27.5,28.25,27.625,28.375,27.875,27.75,27.75,27.625
3,8/12/2023 12:33,925,28.25,28.125,28.25,27.75,NA,28.25,29.25,28.25,28.125,28.375,28,28.125,28.25,28.5,27.875,28,28.25,27.5,28.25,27.75,28.25,28,27.75,27.75,27.375
3,8/12/2023 13:03,926,28.125,28,28.125,27.625,NA,28.25,28.625,28,28.125,28.25,28,28,28,28.375,27.875,27.875,28,27.5,28.125,27.75,28,28,27.625,27.75,27.75
3,8/12/2023 13:33,927,27.75,27.75,27.875,27.5,NA,28,28,27.75,27.875,27.875,27.75,27.75,27.625,28.125,27.625,27.625,27.625,27.25,27.625,27.5,27.75,27.75,27.375,27.5,27.625
3,8/12/2023 14:03,928,27.375,27.5,27.625,27.125,NA,27.75,27.5,27.5,27.625,27.5,27.5,27.5,27.375,27.875,27.375,27.375,27.5,27,27.5,27.25,27.5,27.5,27.25,27.375,27.375
3,8/12/2023 14:33,929,27.125,27.375,27.625,27.125,NA,27.625,27.375,27.375,27.5,27.375,27.375,27.375,27.375,28,27.375,27.5,27.5,27,27.625,27.25,27.625,27.5,27.25,27.375,27.375
3,8/12/2023 15:03,930,27.25,27.5,27.75,27.125,NA,27.75,27.375,27.5,27.625,27.5,27.5,27.5,27.5,28,27.625,27.625,27.625,27,27.75,27.5,27.75,27.625,27.375,27.625,27.375
3,8/12/2023 15:33,931,27,27.25,27.375,26.875,NA,27.5,27,27.25,27.25,27.125,27.25,27.125,27.375,27.875,27.375,27.375,27.625,27,27.5,27.25,27.625,27.5,27.25,27.375,27.25
3,8/12/2023 16:03,932,26.75,27,27.125,26.625,NA,27.25,26.75,27,27,26.875,27,27,27,27.375,27.125,27,27.125,26.625,27.125,27,27.125,27.25,27,27.125,27
3,8/12/2023 16:33,933,26.5,26.75,27,26.375,NA,27,26.625,26.75,26.875,26.75,26.75,26.875,26.75,27.125,26.875,26.75,26.875,26.5,26.875,26.75,26.875,27,26.75,27,27.125
3,8/12/2023 17:03,934,26.5,26.875,27,26.375,NA,27,26.625,26.75,26.875,26.75,26.75,26.875,26.5,26.875,26.75,26.5,26.75,26.25,26.75,26.5,26.625,26.75,26.5,26.75,27.125
3,8/12/2023 17:33,935,26.5,26.75,27,26.375,NA,27,26.5,26.75,26.875,26.75,26.75,26.875,26.5,26.75,26.625,26.5,26.625,26.125,26.625,26.5,26.5,26.75,26.375,26.625,27.125
3,8/12/2023 18:03,936,26.5,26.75,27,26.375,NA,27,26.5,26.75,26.875,26.625,26.75,26.875,26.375,26.75,26.625,26.5,26.625,26.125,26.625,26.375,26.5,26.75,26.375,26.625,27.125
3,8/12/2023 18:33,937,26.375,26.625,26.875,26.25,NA,26.875,26.375,26.625,26.75,26.5,26.625,26.75,26.375,26.625,26.5,26.375,26.5,26,26.5,26.375,26.5,26.625,26.25,26.5,27.125
3,8/12/2023 19:03,938,26.25,26.625,26.75,26.125,NA,26.875,26.25,26.5,26.625,26.5,26.5,26.625,26.25,26.625,26.375,26.25,26.375,26,26.375,26.25,26.375,26.5,26.25,26.5,27
3,8/12/2023 19:33,939,26.25,26.625,26.75,26.125,NA,26.875,26.375,26.5,26.625,26.5,26.5,26.625,26.25,26.5,26.375,26.25,26.375,25.875,26.375,26.25,26.375,26.5,26.125,26.375,27
3,8/12/2023 20:03,940,26.25,26.625,26.75,26.125,NA,26.75,26.375,26.5,26.625,26.5,26.5,26.625,26.125,26.5,26.375,26.125,26.25,25.875,26.375,26.125,26.25,26.375,26.125,26.375,27
3,8/12/2023 20:33,941,26.25,26.5,26.75,26.125,NA,26.75,26.25,26.5,26.625,26.375,26.375,26.625,26.125,26.5,26.25,26,26.25,25.75,26.25,26,26.125,26.375,26,26.25,27
3,8/12/2023 21:03,942,26.125,26.375,26.625,26,NA,26.625,26.25,26.375,26.5,26.375,26.375,26.5,26,26.375,26.125,26,26.125,25.75,26.125,25.875,26.125,26.25,26,26.25,26.875
3,8/12/2023 21:33,943,26,26.375,26.625,26,NA,26.625,26.125,26.375,26.5,26.25,26.25,26.375,26,26.25,26,25.875,26.125,25.625,26.125,25.875,26,26.25,26,26.125,26.875
3,8/12/2023 22:03,944,26,26.375,26.5,25.875,NA,26.625,26.125,26.25,26.375,26.25,26.25,26.375,25.875,26.25,26,25.875,26,25.625,26,25.75,26,26.125,26,26.125,26.875
3,8/12/2023 22:33,945,26.125,26.375,26.625,26,NA,26.625,26.125,26.375,26.5,26.25,26.25,26.5,26,26.25,26,25.875,26.125,25.625,26.125,25.875,26,26.125,26,26.125,26.75
3,8/12/2023 23:03,946,26.125,26.375,26.625,26,NA,26.625,26.125,26.375,26.5,26.25,26.25,26.375,25.875,26.25,26,25.875,26.125,25.625,26.125,25.875,26,26.125,26,26.125,26.75
3,8/12/2023 23:33,947,26,26.25,26.5,25.875,NA,26.5,26,26.25,26.375,26.25,26.25,26.375,25.75,26.25,25.875,25.75,25.875,25.5,26,25.75,25.875,26.125,25.75,26,26.75
3,8/13/2023 0:03,948,25.875,26.25,26.375,25.75,NA,26.5,26,26.125,26.375,26.125,26.125,26.25,25.75,26.125,25.875,25.625,25.75,25.375,25.875,25.625,25.75,26,25.625,25.875,26.75
3,8/13/2023 0:33,949,25.875,26.125,26.375,25.625,NA,26.375,25.875,26,26.25,26,26,26.125,25.5,26,25.625,25.375,25.625,25.375,25.75,25.5,25.625,25.875,25.5,25.75,26.625
3,8/13/2023 1:03,950,25.75,26.125,26.25,25.625,NA,26.25,25.875,26,26.125,26,26,26.125,25.5,25.875,25.625,25.375,25.625,25.25,25.625,25.375,25.5,25.75,25.5,25.625,26.625
3,8/13/2023 1:33,951,25.75,26,26.25,25.625,NA,26.25,25.75,26,26.125,25.875,26,26,25.375,25.875,25.625,25.375,25.5,25.25,25.625,25.375,25.5,25.75,25.375,25.625,26.625
3,8/13/2023 2:03,952,25.75,26.125,26.25,25.625,NA,26.25,25.75,26,26.125,25.875,26,26,25.375,25.75,25.5,25.25,25.5,25.125,25.625,25.375,25.5,25.75,25.375,25.625,26.625
3,8/13/2023 2:33,953,25.75,26.125,26.25,25.625,NA,26.25,25.75,26,26.125,25.875,26,26,25.5,25.875,25.5,25.375,25.5,25.125,25.625,25.375,25.5,25.75,25.375,25.625,26.625
3,8/13/2023 3:03,954,25.75,26.125,26.25,25.625,NA,26.25,25.75,26,26.125,25.875,26,26.125,25.375,25.75,25.5,25.375,25.5,25.125,25.625,25.375,25.5,25.625,25.375,25.625,26.625
3,8/13/2023 3:33,955,25.75,26.125,26.25,25.625,NA,26.25,25.875,26,26.125,26,26,26.125,25.5,25.875,25.625,25.375,25.625,25.125,25.625,25.375,25.5,25.75,25.375,25.625,26.625
3,8/13/2023 4:03,956,25.75,26.125,26.25,25.625,NA,26.375,25.875,26,26.125,26,26,26.125,25.5,25.875,25.625,25.375,25.625,25.25,25.625,25.375,25.5,25.75,25.375,25.625,26.625
3,8/13/2023 4:33,957,25.75,26.125,26.25,25.625,NA,26.25,25.875,26,26.125,26,26,26.125,25.5,25.875,25.625,25.375,25.625,25.25,25.625,25.375,25.5,25.75,25.375,25.625,26.625
3,8/13/2023 5:03,958,25.75,26,26.25,25.625,NA,26.25,25.75,26,26.125,26,26,26.125,25.375,25.75,25.5,25.375,25.5,25.125,25.625,25.375,25.5,25.75,25.375,25.625,26.625
3,8/13/2023 5:33,959,25.75,26,26.25,25.5,NA,26.25,25.75,26,26.125,25.875,26,26.125,25.375,25.75,25.5,25.25,25.5,25.125,25.625,25.25,25.5,25.625,25.375,25.625,26.5
3,8/13/2023 6:03,960,25.75,26,26.25,25.5,NA,26.25,25.75,26,26.125,25.875,25.875,26.125,25.375,25.75,25.5,25.375,25.5,25.125,25.625,25.375,25.5,25.75,25.375,25.625,26.5
3,8/13/2023 6:33,961,25.75,26,26.25,25.625,NA,26.25,25.75,26,26.125,25.875,26,26.125,25.375,25.75,25.5,25.375,25.5,25.125,25.625,25.375,25.5,25.625,25.375,25.625,26.5
3,8/13/2023 7:03,962,25.875,26.125,26.375,25.75,NA,26.375,26,26.125,26.25,26.125,26.125,26.25,25.625,26,25.75,25.5,25.75,25.375,25.75,25.5,25.625,25.875,25.5,25.75,26.625
3,8/13/2023 7:33,963,26,26.375,26.5,25.875,NA,26.5,26.125,26.25,26.375,26.25,26.25,26.375,25.75,26.125,26,25.75,26,25.5,26,25.75,25.875,26,25.75,26,26.75
3,8/13/2023 8:03,964,26.5,26.625,27,26.375,NA,27,26.625,26.625,26.875,26.875,26.75,26.875,26.25,26.5,26.5,26.25,26.5,25.875,26.625,26.375,26.5,26.5,26.25,26.625,26.875
3,8/13/2023 8:33,965,27,27,27.25,26.625,NA,27.25,27.125,27,27.125,27.25,27,27.25,26.875,27.125,27.125,26.875,27,26.5,27.25,27,27,27,26.75,27.125,26.875
3,8/13/2023 9:03,966,26.75,26.875,27.375,26.625,NA,27.25,27,26.875,27,27.125,27,27.125,27.375,27.625,27.5,27.25,27.5,26.75,27.75,27.375,27.375,27.375,27.125,27.5,26.875
3,8/13/2023 9:33,967,27.25,27.375,27.625,27.25,NA,27.75,27.375,27.5,27.625,27.5,27.5,27.5,27.875,28.375,27.5,28,28,27.25,28.25,27.5,27.875,27.875,27.5,27.625,27.125
3,8/13/2023 10:03,968,27.25,27.875,28.25,27.375,NA,28.5,27.625,27.875,27.75,27.5,27.875,27.75,28.75,29.125,28.125,29,28.625,27.875,28.75,28.25,28.875,28.125,28.25,28.25,27.75
3,8/13/2023 10:33,969,27.625,28.25,28.125,28.375,NA,28.875,28.375,28.375,28.375,27.625,28.5,27.75,29.125,29.5,28,29,29.25,28.125,28.75,27.875,29.5,28.75,28.375,28,27.75
3,8/13/2023 11:03,970,27.75,28.875,28.25,28.875,NA,28.375,28.25,28.75,28.125,28,28.875,27.875,29.375,29.25,28,28.375,29,28.5,28.375,28,30,28.375,28.75,28,27.75
3,8/13/2023 11:33,971,27.875,28.75,28.25,28.25,NA,28.375,28.125,28.875,28.125,28.375,28.25,28,29.5,29.875,28.125,28.375,28.75,28.125,28.5,28,29.625,28.375,28.375,28,28
3,8/13/2023 12:03,972,27.375,27.75,27.625,27.375,NA,27.75,27.5,27.75,27.625,27.625,27.625,27.5,28.125,28.5,27.75,27.625,27.875,27.5,27.875,27.625,28.125,27.875,27.75,27.75,27.125
3,8/13/2023 12:33,973,27,27.375,27.375,27,NA,27.5,27.25,27.375,27.375,27.25,27.25,27.375,27.625,28.125,27.5,27.5,27.75,27.125,27.5,27.375,27.75,27.625,27.375,27.375,27.25
3,8/13/2023 13:03,974,26.875,27.125,27.25,26.75,NA,27.375,27,27.125,27.125,27.125,27.125,27.125,27.25,27.625,27.25,27.125,27.25,26.875,27.375,27.125,27.375,27.25,27.125,27.125,27.125
3,8/13/2023 13:33,975,26.75,27,27.25,26.75,NA,27.375,26.875,27,27.125,27,27,27.125,27.125,27.5,27.125,27.125,27.25,26.625,27.25,27,27.25,27.125,27,27.125,27.25
3,8/13/2023 14:03,976,26.75,27,27.25,26.625,NA,27.375,26.875,27,27.125,27,27,27.125,27,27.375,27.125,27,27.125,26.625,27.25,27,27.25,27.125,26.875,27.125,27.25
3,8/13/2023 14:33,977,26.875,27.25,27.375,26.875,NA,27.5,27.125,27.125,27.25,27.125,27.25,27.25,27.25,27.75,27.375,27.375,27.375,26.875,27.5,27.25,27.5,27.375,27.125,27.25,27.375
3,8/13/2023 15:03,978,27,27.375,27.625,27,NA,27.625,27.25,27.375,27.5,27.375,27.375,27.5,27.375,27.875,27.5,27.5,27.5,27,27.625,27.5,27.625,27.5,27.25,27.5,27.375
3,8/13/2023 15:33,979,26.875,27.25,27.375,26.875,NA,27.5,27.125,27.25,27.25,27.125,27.25,27.125,27.375,27.75,27.375,27.375,27.625,27,27.5,27.375,27.625,27.5,27.25,27.375,27.375
3,8/13/2023 16:03,980,26.75,27,27.125,26.625,NA,27.375,26.75,27,27.125,27,27,27,27,27.375,27.125,27,27.25,26.75,27.125,27.125,27.125,27.25,27,27.125,27.25
3,8/13/2023 16:33,981,26.625,26.875,27,26.5,NA,27.125,26.625,26.875,27,26.75,26.875,26.875,26.875,27.125,26.875,26.75,27,26.5,27,26.875,26.875,27,26.75,27,27.125
3,8/13/2023 17:03,982,26.625,26.875,27,26.5,NA,27.125,26.625,26.75,27,26.875,26.875,26.875,26.625,27,26.75,26.625,26.75,26.375,26.75,26.75,26.75,26.875,26.625,26.75,27.25
3,8/13/2023 17:33,983,26.5,26.75,26.875,26.25,NA,27,26.5,26.75,26.875,26.625,26.75,26.75,26.625,26.875,26.75,26.5,26.75,26.25,26.75,26.625,26.625,26.75,26.5,26.75,27.125
3,8/13/2023 18:03,984,26.375,26.625,26.875,26.25,NA,26.875,26.375,26.625,26.75,26.625,26.625,26.75,26.5,26.875,26.625,26.5,26.625,26.25,26.625,26.625,26.625,26.75,26.5,26.75,27.125
3,8/13/2023 18:33,985,26.25,26.625,26.75,26.125,NA,26.875,26.375,26.5,26.625,26.5,26.5,26.625,26.5,26.75,26.625,26.375,26.625,26.125,26.625,26.5,26.5,26.75,26.375,26.625,27.125
3,8/13/2023 19:03,986,26.25,26.625,26.75,26.125,NA,26.75,26.25,26.5,26.625,26.5,26.5,26.625,26.375,26.75,26.5,26.375,26.5,26.125,26.5,26.375,26.5,26.625,26.375,26.625,27.125
3,8/13/2023 19:33,987,26.25,26.5,26.75,26,NA,26.75,26.25,26.5,26.625,26.375,26.5,26.625,26.375,26.75,26.5,26.25,26.5,26,26.5,26.375,26.5,26.625,26.25,26.5,27.125
3,8/13/2023 20:03,988,26.125,26.5,26.625,26,NA,26.625,26.125,26.375,26.5,26.375,26.375,26.5,26.25,26.625,26.375,26.125,26.375,26,26.375,26.25,26.375,26.5,26.25,26.375,27.125
3,8/13/2023 20:33,989,26.125,26.5,26.625,26,NA,26.625,26.125,26.375,26.5,26.25,26.375,26.5,26.25,26.625,26.375,26.125,26.375,26,26.375,26.25,26.375,26.5,26.125,26.375,27.125
3,8/13/2023 21:03,990,26,26.375,26.625,26,NA,26.625,26.125,26.375,26.5,26.25,26.375,26.5,26.25,26.625,26.375,26.125,26.375,25.875,26.375,26.25,26.25,26.5,26.125,26.375,27
3,8/13/2023 21:33,991,26,26.375,26.5,25.875,NA,26.625,26.125,26.25,26.5,26.25,26.25,26.375,26.25,26.625,26.375,26.125,26.375,25.875,26.375,26.25,26.25,26.5,26.125,26.375,27
3,8/13/2023 22:03,992,26,26.375,26.5,25.875,NA,26.625,26.125,26.25,26.375,26.25,26.25,26.375,26.25,26.5,26.375,26.125,26.375,25.875,26.375,26.125,26.25,26.5,26.125,26.375,27
3,8/13/2023 22:33,993,26,26.375,26.5,25.875,NA,26.5,26,26.25,26.375,26.25,26.25,26.375,26.125,26.5,26.25,26,26.25,25.875,26.25,26.125,26.25,26.375,26.125,26.25,27
3,8/13/2023 23:03,994,25.875,26.25,26.375,25.75,NA,26.5,26,26.125,26.25,26.125,26.125,26.25,26.125,26.375,26.125,25.875,26.25,25.75,26.125,26,26.125,26.25,26,26.125,26.875
3,8/13/2023 23:33,995,26,26.25,26.375,25.75,NA,26.5,26,26.125,26.25,26.125,26.125,26.25,26.125,26.375,26.125,25.875,26.25,25.75,26.125,26,26.125,26.25,26,26.25,26.875
4,8/14/2023 0:03,996,25.875,26.25,26.375,25.75,NA,26.375,25.875,26.125,26.25,26.125,26.125,26.25,26,26.375,26.125,25.875,26.125,25.625,26.125,26,26,26.25,26,26.125,26.875
4,8/14/2023 0:33,997,25.875,26.125,26.375,25.75,NA,26.375,25.875,26,26.25,26.125,26.125,26.25,26,26.375,26.125,25.875,26.125,25.625,26.125,25.875,26,26.25,25.875,26.125,26.875
4,8/14/2023 1:03,998,25.875,26.125,26.25,25.625,NA,26.375,25.875,26,26.125,26,26.125,26.25,26,26.25,26,25.875,26,25.625,26.125,25.875,26,26.25,25.875,26.125,26.875
4,8/14/2023 1:33,999,25.75,26.125,26.25,25.625,NA,26.25,25.75,26,26.125,26,26,26.125,25.875,26.25,26,25.75,26,25.5,26,25.875,25.875,26.125,25.75,26,26.75
4,8/14/2023 2:03,1000,25.75,26,26.25,25.625,NA,26.25,25.75,26,26.125,26,26,26.125,25.875,26.25,26,25.75,26,25.5,26,25.875,25.875,26.125,25.75,26,26.75
4,8/14/2023 2:33,1001,25.625,26,26.25,25.5,NA,26.25,25.75,25.875,26,25.875,26,26.125,25.875,26.125,25.875,25.75,25.875,25.5,26,25.75,25.875,26.125,25.75,26,26.75
4,8/14/2023 3:03,1002,25.625,26,26.125,25.5,NA,26.25,25.75,25.875,26,25.875,26,26.125,25.875,26.125,25.875,25.625,25.875,25.5,25.875,25.75,25.75,26,25.625,26,26.75
4,8/14/2023 3:33,1003,25.625,26,26.125,25.5,NA,26.125,25.625,25.875,26,25.875,25.875,26.125,25.75,26.125,25.875,25.625,25.875,25.375,25.875,25.75,25.875,26,25.625,26,26.75
4,8/14/2023 4:03,1004,25.625,26,26.25,25.5,NA,26.25,25.75,25.875,26,25.875,26,26.125,25.875,26.125,26,25.75,26,25.5,26,25.75,25.875,26.125,25.75,26,26.75
4,8/14/2023 4:33,1005,25.75,26,26.25,25.625,NA,26.25,25.75,26,26.125,26,26,26.125,25.875,26.25,26,25.75,26,25.5,26,25.875,25.875,26.125,25.75,26,26.75
4,8/14/2023 5:03,1006,25.75,26,26.25,25.5,NA,26.25,25.75,25.875,26.125,25.875,26,26.125,25.875,26.125,26,25.75,26,25.5,26,25.875,25.875,26.125,25.75,26,26.75
4,8/14/2023 5:33,1007,25.75,26.125,26.25,25.625,NA,26.25,25.75,26,26.125,26,26,26.125,25.875,26.25,26,25.75,26,25.5,26,25.875,25.875,26.125,25.75,26,26.75
4,8/14/2023 6:03,1008,25.75,26.125,26.25,25.625,NA,26.25,25.75,25.875,26.125,26,26,26.125,25.875,26.25,26,25.75,26,25.5,26,25.875,25.875,26.125,25.75,26,26.75
4,8/14/2023 6:33,1009,25.75,26.125,26.25,25.625,NA,26.25,25.875,26,26.125,26,26,26.25,26,26.25,26,25.875,26,25.625,26,25.875,26,26.125,25.875,26.125,26.75
4,8/14/2023 7:03,1010,25.875,26.125,26.375,25.75,NA,26.375,25.875,26.125,26.25,26.125,26.125,26.25,26,26.375,26.125,26,26.125,25.625,26.25,26,26,26.25,26,26.25,26.75
4,8/14/2023 7:33,1011,26.125,26.375,26.625,26.125,NA,26.625,26.25,26.375,26.5,26.5,26.375,26.625,26.25,26.625,26.5,26.25,26.375,25.875,26.5,26.25,26.25,26.5,26.125,26.5,26.75
4,8/14/2023 8:03,1012,26.625,26.75,27,26.375,NA,27,26.625,26.75,26.875,26.875,26.75,26.875,26.5,26.875,26.75,26.625,26.75,26.25,26.75,26.625,26.625,26.75,26.5,26.875,26.875
4,8/14/2023 8:33,1013,26.75,26.875,27,26.5,NA,27.125,26.75,26.875,27,27.125,26.875,27,26.875,27.125,27,26.875,27,26.5,27,26.875,27,27,26.75,27.125,27
4,8/14/2023 9:03,1014,26.875,27,27.5,26.625,NA,27.375,27,27.125,27.125,27.25,27.125,27.25,27.375,28,27.5,27.375,27.5,26.875,27.625,27.375,27.5,27.5,27.25,27.5,27
4,8/14/2023 9:33,1015,27.25,27.5,27.75,27.25,NA,27.625,27.5,27.625,27.625,27.625,27.5,27.625,27.75,28.375,27.5,27.875,27.75,27.125,28,27.5,27.75,27.625,27.5,27.5,27.125
4,8/14/2023 10:03,1016,27.75,28.125,28.5,27.875,NA,28.75,28,28.375,28.25,27.75,28.125,28.125,28.375,29,28,28.625,28.5,27.625,28.625,28.125,28.625,27.875,28,28,27.5
4,8/14/2023 10:33,1017,27.375,27.75,27.875,27.5,NA,28.125,27.625,27.75,27.875,27.375,27.75,27.75,28,28.375,27.5,27.75,28,27.375,28,27.625,28.125,27.875,27.75,27.5,27.5
4,8/14/2023 11:03,1018,27.5,28.375,28,28.125,NA,28.125,28,28.25,27.875,27.75,28.25,27.875,28.25,28.5,27.625,27.75,28.375,27.75,27.875,27.625,28.5,27.875,28.125,27.5,27.875
4,8/14/2023 11:33,1019,27.375,27.875,27.625,27.375,NA,27.75,27.375,27.75,27.625,27.375,27.75,27.5,27.625,28,27.375,27.375,27.625,27.25,27.5,27.375,27.75,27.5,27.625,27.375,27.375
4,8/14/2023 12:03,1020,27.375,27.625,27.75,27.625,NA,28,27.375,27.5,27.625,27.375,27.625,27.5,28,28.25,27.625,27.75,28.125,27.375,27.875,27.25,28.125,27.875,27.25,27.375,28.125
4,8/14/2023 12:33,1021,27.375,27.5,27.5,27.25,NA,27.625,27.25,27.375,27.5,27.375,27.375,27.375,27.125,27.5,27.125,27,27.25,26.75,27.25,27,27.25,27.125,27,27.125,27.375
4,8/14/2023 13:03,1022,27.125,27.25,27.375,27,NA,27.5,27.125,27.125,27.375,27.25,27.125,27.25,27,27.25,27,26.875,27,26.625,27.125,26.875,27.125,27,26.875,27,27.125
4,8/14/2023 13:33,1023,26.75,27,27.125,26.625,NA,27.25,26.875,26.875,27.125,27,26.875,27,26.75,27,26.75,26.75,26.875,26.25,26.875,26.625,26.875,26.75,26.625,26.75,27.125
4,8/14/2023 14:03,1024,26.625,26.875,27,26.5,NA,27,26.75,26.75,27,26.875,26.75,26.875,26.625,26.875,26.625,26.625,26.625,26.125,26.75,26.5,26.75,26.625,26.5,26.625,27
4,8/14/2023 14:33,1025,26.5,26.75,26.875,26.5,NA,26.875,26.625,26.625,26.875,26.75,26.625,26.75,26.625,27,26.625,26.75,26.75,26.125,26.875,26.5,26.875,26.75,26.625,26.625,27.125
4,8/14/2023 15:03,1026,26.5,26.875,27,26.5,NA,27,26.75,26.625,27,26.75,26.75,26.875,26.75,27.125,26.75,26.875,26.875,26.375,27,26.75,27,26.875,26.75,26.875,27
4,8/14/2023 15:33,1027,26.5,26.875,27,26.5,NA,26.875,26.625,26.625,26.875,26.75,26.625,26.75,26.875,27.25,26.875,26.875,27,26.5,27.125,26.875,27.125,26.875,26.875,27,27.125
4,8/14/2023 16:03,1028,26.25,26.625,26.75,26.25,NA,26.75,26.5,26.375,26.75,26.5,26.5,26.625,26.625,27,26.75,26.75,26.75,26.375,26.875,26.625,26.75,26.75,26.625,26.75,27
4,8/14/2023 16:33,1029,26.25,26.625,26.75,26.25,NA,26.625,26.5,26.375,26.625,26.5,26.375,26.625,26.5,26.875,26.625,26.625,26.75,26.25,26.75,26.5,26.625,26.75,26.625,26.75,27
4,8/14/2023 17:03,1030,26.125,26.5,26.625,26.125,NA,26.5,26.25,26.25,26.5,26.25,26.25,26.5,26.375,26.75,26.5,26.5,26.625,26.125,26.625,26.375,26.5,26.625,26.5,26.625,27
4,8/14/2023 17:33,1031,25.875,26.25,26.375,25.875,NA,26.25,26.125,26,26.375,26.125,26.125,26.25,26.25,26.625,26.375,26.375,26.5,26,26.5,26.25,26.5,26.5,26.375,26.375,26.75
4,8/14/2023 18:03,1032,25.875,26.125,26.375,25.75,NA,26.125,26,25.875,26.25,26.125,26,26.125,26.25,26.625,26.375,26.375,26.375,25.875,26.5,26.25,26.375,26.375,26.375,26.375,26.75
4,8/14/2023 18:33,1033,25.75,26.125,26.25,25.75,NA,26.125,26,25.875,26.25,26,26,26.125,26.25,26.5,26.375,26.375,26.375,25.875,26.5,26.25,26.375,26.375,26.375,26.375,26.75
4,8/14/2023 19:03,1034,25.75,26.125,26.25,25.75,NA,26.125,26,25.875,26.125,26,26,26.125,26.25,26.5,26.25,26.25,26.375,25.875,26.5,26.25,26.375,26.375,26.25,26.375,26.75
4,8/14/2023 19:33,1035,25.75,26,26.125,25.625,NA,26.125,25.875,25.75,26.125,26,25.875,26,26.25,26.5,26.25,26.25,26.375,25.875,26.5,26.125,26.375,26.375,26.25,26.375,26.625
4,8/14/2023 20:03,1036,25.625,26,26.125,25.625,NA,26,25.875,25.75,26.125,25.875,25.875,26,26.125,26.5,26.25,26.25,26.25,25.75,26.375,26.125,26.25,26.25,26.25,26.25,26.625
4,8/14/2023 20:33,1037,25.625,26,26.125,25.625,NA,26,25.875,25.75,26,25.875,25.875,26,26.125,26.5,26.25,26.25,26.25,25.75,26.375,26.125,26.25,26.25,26.25,26.25,26.625
4,8/14/2023 21:03,1038,25.625,25.875,26.125,25.5,NA,26,25.75,25.75,26,25.875,25.875,25.875,26.125,26.375,26.25,26.125,26.25,25.75,26.375,26.125,26.25,26.25,26.125,26.25,26.625
4,8/14/2023 21:33,1039,25.5,25.875,26,25.5,NA,25.875,25.75,25.625,26,25.875,25.75,25.875,26.125,26.375,26.125,26.125,26.25,25.75,26.25,26,26.125,26.125,26.125,26.125,26.5
4,8/14/2023 22:03,1040,25.5,25.875,26,25.5,NA,25.875,25.75,25.625,25.875,25.75,25.75,25.75,26.125,26.375,26.125,26.125,26.25,25.625,26.25,26,26.125,26.125,26.125,26.125,26.5
4,8/14/2023 22:33,1041,25.5,25.875,26,25.375,NA,25.875,25.75,25.625,25.875,25.75,25.75,25.75,26.125,26.375,26.125,26.125,26.125,25.625,26.25,26,26.125,26.125,26.125,26.125,26.5
4,8/14/2023 23:03,1042,25.5,25.75,26,25.375,NA,25.875,25.625,25.625,25.875,25.75,25.625,25.75,26,26.25,26,26,26.125,25.625,26.25,25.875,26.125,26.125,26,26,26.5
4,8/14/2023 23:33,1043,25.375,25.75,25.875,25.375,NA,25.75,25.625,25.5,25.875,25.75,25.625,25.75,25.875,26.125,26,26,26,25.5,26.125,25.875,26,26,26,26,26.5
4,8/15/2023 0:03,1044,25.25,25.625,25.75,25.25,NA,25.75,25.5,25.375,25.875,25.625,25.5,25.75,25.75,26.125,25.875,25.875,25.875,25.375,26,25.75,25.875,25.875,25.875,25.875,26.5
4,8/15/2023 0:33,1045,25.375,25.75,25.75,25.25,NA,25.75,25.5,25.375,25.875,25.625,25.5,25.625,25.875,26.125,25.875,25.875,25.875,25.375,26,25.75,25.875,25.875,25.875,25.875,26.375
4,8/15/2023 1:03,1046,25.375,25.625,25.75,25.25,NA,25.75,25.5,25.375,25.875,25.625,25.5,25.75,25.875,26.125,25.875,25.875,25.875,25.375,26.125,25.75,25.875,25.875,26,25.875,26.125
4,8/15/2023 1:33,1047,25.375,25.75,25.875,25.25,NA,25.75,25.625,25.5,25.875,25.625,25.625,25.75,25.875,26.25,26,26,26,25.5,26.125,25.875,26,26,26,26,26.375
4,8/15/2023 2:03,1048,25.375,25.75,25.875,25.25,NA,25.75,25.5,25.375,25.875,25.625,25.5,25.75,26,26.25,26,26,26,25.5,26.125,25.875,26,26,26,26,26.5
4,8/15/2023 2:33,1049,25.25,25.625,25.75,25.25,NA,25.625,25.5,25.375,25.75,25.625,25.5,25.625,25.875,26.125,25.875,25.875,26,25.5,26.125,25.75,26,26,26,25.875,26.5
4,8/15/2023 3:03,1050,25.375,25.75,25.875,25.25,NA,25.75,25.5,25.5,25.875,25.625,25.625,25.75,26,26.25,26,26,26,25.5,26.125,25.875,26,26.125,26,26,26.5
4,8/15/2023 3:33,1051,25.375,25.75,25.875,25.25,NA,25.75,25.5,25.5,25.875,25.625,25.625,25.75,26,26.25,26,26,26,25.625,26.125,25.875,26,26,26,26,26.5
4,8/15/2023 4:03,1052,25.375,25.75,25.75,25.25,NA,25.75,25.5,25.5,25.875,25.625,25.5,25.75,25.875,26.25,26,25.875,26,25.5,26.125,25.875,26,26,26,26,26.5
4,8/15/2023 4:33,1053,25.375,25.75,25.875,25.25,NA,25.75,25.5,25.5,25.875,25.625,25.625,25.75,25.875,26.25,26,26,26,25.5,26.125,25.875,26,26,26,26,26.375
4,8/15/2023 5:03,1054,25.375,25.625,25.875,25.25,NA,25.75,25.5,25.5,25.875,25.625,25.5,25.75,25.875,26.125,26,26,26,25.5,26.125,25.875,26,26,26,26,26.25
4,8/15/2023 5:33,1055,25.375,25.625,25.875,25.25,NA,25.75,25.5,25.5,25.875,25.625,25.5,25.75,25.875,26.125,25.875,26,26,25.5,26.125,25.875,26,26,26,26,26.25
4,8/15/2023 6:03,1056,25.25,25.625,25.75,25.25,NA,25.625,25.5,25.375,25.875,25.625,25.5,25.75,25.875,26.125,25.875,25.875,25.875,25.375,26,25.75,25.875,25.875,26,25.875,26.375
4,8/15/2023 6:33,1057,25.375,25.75,25.875,25.375,NA,25.75,25.5,25.5,25.875,25.625,25.625,25.75,25.875,26.25,26,26,26,25.5,26.125,25.875,26,26,26,26,26.375
4,8/15/2023 7:03,1058,25.5,25.875,26,25.5,NA,25.875,25.75,25.625,25.875,25.875,25.75,25.875,26.125,26.375,26.125,26.125,26.25,25.625,26.25,26,26.125,26.25,26.125,26.25,26.5
4,8/15/2023 7:33,1059,25.875,26.125,26.375,25.875,NA,26.25,26,26,26.125,26,26.125,26.25,26.25,26.75,26.375,26.5,26.5,26,26.5,26.25,26.5,26.625,26.375,26.5,26.625
4,8/15/2023 8:03,1060,26.125,26.375,26.5,26.125,NA,26.5,26.25,26.25,26.375,26.25,26.25,26.375,26.5,26.875,26.5,26.625,26.625,26.125,26.625,26.375,26.625,26.625,26.5,26.625,26.75
4,8/15/2023 8:33,1061,26.375,26.625,26.75,26.375,NA,26.875,26.5,26.5,26.625,26.625,26.5,26.625,26.75,27,26.75,26.75,26.875,26.25,26.875,26.5,26.875,26.875,26.625,26.875,26.75
4,8/15/2023 9:03,1062,26.875,27,27.375,26.875,NA,27.375,27,26.875,27,26.875,27,27,27.375,27.75,27.25,27.5,27.625,26.75,27.5,27.125,27.5,27.375,27.125,27.5,26.875
4,8/15/2023 9:33,1063,27.375,27.75,27.75,27.5,NA,27.875,27.25,27.5,27.5,27.375,27.375,27.5,27.875,28,27.5,27.625,28,27.125,27.75,27.375,28,27.5,27.25,27.875,27.125
4,8/15/2023 10:03,1064,27.5,28,28.375,27.375,NA,28.125,28,28,28,28.125,28,27.875,28.5,28.75,28,27.875,28.5,27.5,28.375,27.875,28.5,28,27.625,28,27.5
4,8/15/2023 10:33,1065,28.125,29,29.25,27.875,NA,29.25,28.25,29,28.875,28.5,28.75,28.25,29.25,28.875,28.375,28.125,29,27.875,29,28.5,29.625,27.875,27.75,28.5,28
4,8/15/2023 11:03,1066,28,29.125,28.75,28.625,NA,28.75,28,28.75,28.875,28.5,28.375,28.125,29.25,28.25,28.375,27.75,28.25,27.75,28.375,28,28.625,27.75,27.375,27.75,28
4,8/15/2023 11:33,1067,28.5,29.25,29,28.75,NA,28.875,28.25,28.75,29.375,29,28.5,28.5,29.25,28.375,28.125,28,28.375,27.625,29.5,28.5,28.75,28,27.625,27.875,28.25
4,8/15/2023 12:03,1068,28.25,28.75,28.5,28.25,NA,28.625,28.125,28.375,28.875,28.5,28.25,28.25,28.125,28,27.75,27.5,27.875,27.25,28,27.75,28,27.625,27.5,27.625,27.375
4,8/15/2023 12:33,1069,28,28.25,28.375,28,NA,28.375,27.875,28.125,28.5,28.125,28.125,28,27.875,27.875,27.375,27.5,27.875,27,27.875,27.25,27.875,27.5,27.125,27.375,27.75
4,8/15/2023 13:03,1070,27.625,27.875,27.875,27.5,NA,28,27.625,27.75,28,27.875,27.625,27.75,27.25,27.375,27.125,27,27.25,26.625,27.25,26.875,27.375,27.125,27,27.125,27.125
4,8/15/2023 13:33,1071,27.25,27.5,27.625,27.25,NA,27.625,27.375,27.375,27.75,27.5,27.375,27.5,27,27.25,26.875,26.875,27,26.5,27,26.75,27.125,26.875,26.75,27,27.125
4,8/15/2023 14:03,1072,27.25,27.5,27.75,27.25,NA,27.625,27.25,27.375,27.75,27.5,27.5,27.5,27.125,27.625,27,27,27.375,26.625,27.25,26.75,27.5,27.125,26.875,27,27.125
4,8/15/2023 14:33,1073,27,27.25,27.375,27,NA,27.5,27.125,27.125,27.375,27.25,27.125,27.25,26.875,27.125,26.875,26.75,27,26.375,27,26.75,27,26.875,26.75,26.875,27.125
4,8/15/2023 15:03,1074,27.125,27.375,27.625,27.125,NA,27.5,27.25,27.25,27.5,27.25,27.25,27.375,27.125,27.625,27.125,27.125,27.375,26.75,27.25,27,27.375,27.25,27,27.125,27.25
4,8/15/2023 15:33,1075,27,27.25,27.5,26.875,NA,27.5,27.125,27.125,27.375,27.125,27.125,27.25,27.125,27.5,27.125,27,27.25,26.75,27.25,27,27.25,27.125,27,27.125,27.125
4,8/15/2023 16:03,1076,26.75,27.125,27.25,26.625,NA,27.125,26.875,26.875,27.125,27,27,27,26.875,27.25,26.875,26.875,27,26.625,27,26.875,27,27,26.875,27,27
4,8/15/2023 16:33,1077,26.625,26.875,27.125,26.5,NA,27,26.75,26.625,27,26.75,26.75,26.875,26.75,27.125,26.75,26.75,26.875,26.375,26.875,26.75,26.875,26.875,26.75,26.875,27
4,8/15/2023 17:03,1078,26.625,26.875,27,26.5,NA,27,26.75,26.625,26.875,26.75,26.75,26.75,26.625,27,26.75,26.625,26.875,26.375,26.875,26.625,26.875,26.75,26.75,26.875,26.875
4,8/15/2023 17:33,1079,26.5,26.75,26.875,26.375,NA,26.75,26.625,26.5,26.75,26.625,26.625,26.625,26.625,26.875,26.625,26.625,26.75,26.25,26.875,26.625,26.75,26.75,26.625,26.75,26.875
4,8/15/2023 18:03,1080,26.25,26.625,26.75,26.25,NA,26.625,26.375,26.375,26.625,26.5,26.5,26.5,26.5,26.875,26.625,26.5,26.75,26.25,26.75,26.5,26.625,26.625,26.625,26.625,26.75
4,8/15/2023 18:33,1081,26.25,26.5,26.625,26.125,NA,26.625,26.375,26.25,26.5,26.375,26.375,26.5,26.5,26.75,26.5,26.5,26.625,26.125,26.625,26.5,26.625,26.625,26.5,26.625,26.75
4,8/15/2023 19:03,1082,26.125,26.375,26.5,26,NA,26.375,26.25,26.125,26.375,26.25,26.25,26.375,26.375,26.625,26.375,26.375,26.5,26,26.625,26.375,26.5,26.5,26.375,26.5,26.625
4,8/15/2023 19:33,1083,26,26.25,26.375,25.875,NA,26.375,26.125,26,26.375,26.125,26.125,26.25,26.375,26.625,26.375,26.125,26.375,26,26.5,26.25,26.5,26.375,26.375,26.375,26.5
4,8/15/2023 20:03,1084,25.875,26.125,26.375,25.75,NA,26.25,26,26,26.25,26.125,26.125,26.125,26.375,26.625,26.375,26.125,26.375,26,26.5,26.25,26.5,26.375,26.25,26.375,26.375
4,8/15/2023 20:33,1085,25.875,26.125,26.25,25.75,NA,26.25,26,25.875,26.25,26,26,26.125,26.25,26.5,26.375,26.125,26.375,25.875,26.5,26.25,26.5,26.375,26.25,26.375,26.25
4,8/15/2023 21:03,1086,25.875,26.125,26.25,25.75,NA,26.25,26,25.875,26.125,26,26,26.125,26.25,26.5,26.25,26.125,26.375,25.875,26.5,26.25,26.375,26.375,26.25,26.375,26.25
4,8/15/2023 21:33,1087,25.75,26,26.25,25.625,NA,26.125,25.875,25.875,26.125,26,26,26.125,26.25,26.5,26.25,26,26.25,25.875,26.375,26.125,26.375,26.25,26.25,26.375,26.25
4,8/15/2023 22:03,1088,25.75,26,26.125,25.625,NA,26.125,25.875,25.75,26.125,26,25.875,26,26.125,26.375,26.125,26,26.25,25.75,26.375,26.125,26.25,26.25,26.125,26.25,26.125
4,8/15/2023 22:33,1089,25.75,26,26.125,25.625,NA,26.125,25.875,25.75,26,26,25.875,26,26.125,26.375,26.125,26,26.25,25.75,26.375,26.125,26.25,26.25,26.125,26.25,26.125
4,8/15/2023 23:03,1090,25.625,25.875,26.125,25.625,NA,26.125,25.75,25.75,26,25.875,25.875,26,26.125,26.375,26.125,25.875,26.25,25.75,26.25,26,26.25,26.125,26.125,26.25,26.125
4,8/15/2023 23:33,1091,25.625,25.875,26,25.5,NA,26,25.75,25.625,26,25.875,25.75,25.875,26.125,26.25,26,25.875,26.25,25.625,26.25,26,26.125,26.125,26,26.125,26
4,8/16/2023 0:03,1092,25.625,25.875,26.125,25.625,NA,26,25.75,25.75,26,25.875,25.875,26,26.125,26.375,26.125,25.875,26.25,25.75,26.25,26,26.25,26.125,26.125,26.125,26
4,8/16/2023 0:33,1093,25.625,25.875,26,25.5,NA,26,25.75,25.625,26,25.875,25.875,25.875,26.125,26.25,26.125,25.875,26.25,25.625,26.25,26,26.125,26.125,26,26.125,26
4,8/16/2023 1:03,1094,25.625,25.875,26,25.5,NA,26,25.75,25.625,25.875,25.875,25.75,25.875,26,26.25,26,25.875,26.125,25.625,26.25,26,26.125,26.125,26,26.125,26
4,8/16/2023 1:33,1095,25.625,25.875,26,25.5,NA,26,25.75,25.625,25.875,25.875,25.875,25.875,26,26.25,26,25.875,26.125,25.625,26.25,26,26.125,26.125,26,26.125,26
4,8/16/2023 2:03,1096,25.625,25.875,26,25.5,NA,26,25.75,25.625,25.875,25.875,25.75,25.875,26,26.25,26,26,26.125,25.625,26.25,26,26.125,26.125,26,26.125,26
4,8/16/2023 2:33,1097,25.625,25.875,26,25.5,NA,26,25.625,25.625,25.875,25.875,25.75,25.875,26,26.25,26,26,26.125,25.625,26.125,25.875,26.125,26,26,26,25.875
4,8/16/2023 3:03,1098,25.625,25.875,26,25.5,NA,26,25.75,25.625,25.875,25.875,25.875,25.875,26,26.25,26,26,26.125,25.625,26.25,26,26.125,26.125,26,26.125,25.875
4,8/16/2023 3:33,1099,25.625,25.875,26,25.5,NA,26,25.75,25.625,25.875,25.875,25.875,25.875,26,26.25,26,26,26.125,25.625,26.125,26,26.125,26.125,26,26.125,25.875
4,8/16/2023 4:03,1100,25.625,25.875,26,25.5,NA,26,25.75,25.625,25.875,25.875,25.75,25.875,26,26.25,26,26,26.125,25.625,26.125,26,26.125,26.125,26,26.125,25.875
4,8/16/2023 4:33,1101,25.625,25.875,26,25.625,NA,26.125,25.75,25.75,26,25.875,25.875,25.875,26.125,26.375,26.125,26,26.25,25.75,26.25,26,26.125,26.125,26,26.125,25.875
4,8/16/2023 5:03,1102,25.625,25.875,26,25.5,NA,26,25.75,25.75,26,25.875,25.875,25.875,26,26.25,26,26,26.25,25.625,26.25,26,26.125,26.125,26,26.125,25.875
4,8/16/2023 5:33,1103,25.625,25.875,26,25.5,NA,26,25.75,25.625,25.875,25.875,25.75,25.875,26,26.25,26,26,26.125,25.625,26.125,25.875,26.125,26,26,26,25.875
4,8/16/2023 6:03,1104,25.625,25.75,26,25.5,NA,26,25.75,25.625,25.875,25.75,25.625,25.875,26,26.25,26,25.875,26.125,25.625,26.125,25.875,26,26,26,26,25.875
4,8/16/2023 6:33,1105,25.5,25.75,25.875,25.375,NA,25.875,25.625,25.5,25.875,25.75,25.625,25.75,25.875,26.125,25.875,25.875,26.125,25.5,26.125,25.875,26,26,26,26,25.875
4,8/16/2023 7:03,1106,25.5,25.75,25.875,25.375,NA,25.875,25.625,25.5,25.875,25.75,25.5,25.75,25.875,26.125,25.875,25.875,26,25.5,26,25.75,26,26,25.875,26,25.75
4,8/16/2023 7:33,1107,25.5,25.75,25.875,25.375,NA,25.875,25.625,25.5,25.875,25.75,25.5,25.75,25.875,26.125,25.875,25.875,26,25.5,26,25.75,26,26,25.875,26,25.75
4,8/16/2023 8:03,1108,25.625,25.875,26,25.5,NA,26,25.75,25.625,26,25.875,25.625,25.875,26.125,26.25,26,26,26.25,25.625,26.25,25.875,26.125,26.125,26,26.125,25.875
4,8/16/2023 8:33,1109,25.75,26,26.125,25.75,NA,26.25,25.875,25.875,26.125,26,25.875,26,26.25,26.5,26.25,26.125,26.375,25.75,26.375,26.125,26.375,26.25,26.125,26.375,26
4,8/16/2023 9:03,1110,25.875,26.125,26.25,25.75,NA,26.25,25.875,25.875,26.125,26,25.875,26.125,26.25,26.5,26.25,26.125,26.375,25.875,26.375,26.125,26.5,26.25,26.125,26.375,26.125
4,8/16/2023 9:33,1111,26.125,26.25,26.5,26,NA,26.5,26.125,26.125,26.375,26.25,26,26.25,26.375,26.625,26.375,26.375,26.5,25.875,26.5,26.125,26.5,26.375,26.25,26.375,26.375
4,8/16/2023 10:03,1112,26.5,26.75,27,26.5,NA,27,26.5,26.625,26.875,26.75,26.625,26.625,27,27.25,26.75,26.875,27,26.25,26.875,26.5,27,26.75,26.5,26.75,27
4,8/16/2023 10:33,1113,26.875,27.125,27.25,26.625,NA,27.375,26.875,27,27.125,27.125,27,27,27.125,27.375,26.875,27,27.125,26.5,27.125,26.75,27.375,26.875,26.75,26.875,27
4,8/16/2023 11:03,1114,26.875,27.125,27.25,26.625,NA,27.375,26.875,27,27.125,27.125,27,27,27,27.25,26.875,26.875,27.125,26.5,27,26.75,27.125,26.875,26.75,26.875,27
4,8/16/2023 11:33,1115,27.125,27.5,27.625,27.125,NA,27.5,27.125,27.25,27.5,27.375,27.25,27.25,27.375,27.5,27,27.25,27.25,26.625,27.5,27,27.5,27.125,26.875,27.125,27.25
4,8/16/2023 12:03,1116,27.375,27.625,27.625,27.25,NA,27.75,27.375,27.5,27.625,27.625,27.5,27.375,27.375,27.5,27.125,27.25,27.375,26.625,27.375,27,27.5,27.125,27,27.125,27.25
4,8/16/2023 12:33,1117,27.75,27.875,27.875,27.375,NA,28,27.5,27.75,27.875,27.75,27.625,27.625,27.625,27.75,27.375,27.375,27.75,26.875,27.625,27.125,27.625,27.375,27.125,27.125,27.375
4,8/16/2023 13:03,1118,27.75,27.75,27.875,27.5,NA,28.125,27.625,27.625,27.75,28,27.625,27.625,27.25,27.75,27.25,27.25,27.5,26.75,27.5,27,27.625,27.25,27.125,27.125,27.75
4,8/16/2023 13:33,1119,27.75,27.75,28.125,27.75,NA,28.375,27.625,27.75,28,28.125,27.75,27.75,27.5,28,27.375,27.375,27.625,26.875,27.625,27.125,27.875,27.375,27.25,27.25,27.5
4,8/16/2023 14:03,1120,27.75,27.875,28.125,27.625,NA,28.125,27.75,27.75,28,28.125,27.75,27.75,27.5,28,27.375,27.375,27.625,26.875,27.625,27.25,27.75,27.5,27.25,27.375,27.5
4,8/16/2023 14:33,1121,27.75,27.875,28,27.625,NA,28.125,27.75,27.75,28,28,27.75,27.875,27.5,28,27.375,27.5,27.5,27,27.5,27.25,27.75,27.5,27.25,27.375,27.375
4,8/16/2023 15:03,1122,27.375,27.625,27.75,27.25,NA,27.75,27.5,27.5,27.75,27.625,27.5,27.5,27.125,27.375,27.125,27.125,27.25,26.625,27.125,27,27.25,27.125,27,27.125,27.25
4,8/16/2023 15:33,1123,27.125,27.375,27.5,27,NA,27.5,27.25,27.25,27.5,27.375,27.25,27.375,27,27.375,27,27,27.125,26.625,27.125,26.875,27.25,27,26.875,27,27.125
4,8/16/2023 16:03,1124,26.875,27.125,27.25,26.75,NA,27.375,27,27,27.25,27.125,27,27.125,26.875,27.125,26.875,26.875,27,26.375,27,26.75,27,26.875,26.75,26.875,27
4,8/16/2023 16:33,1125,26.75,26.875,27.125,26.625,NA,27.125,26.75,26.75,27,26.875,26.875,27,26.75,27,26.75,26.75,26.875,26.25,26.875,26.625,26.875,26.75,26.625,26.75,26.875
4,8/16/2023 17:03,1126,26.5,26.625,26.875,26.375,NA,26.875,26.625,26.5,26.75,26.625,26.625,26.75,26.5,26.875,26.5,26.5,26.625,26.125,26.625,26.5,26.625,26.625,26.5,26.625,26.625
4,8/16/2023 17:33,1127,26.375,26.5,26.75,26.25,NA,26.75,26.375,26.375,26.625,26.5,26.5,26.625,26.375,26.75,26.375,26.5,26.5,26,26.625,26.375,26.5,26.5,26.375,26.5,26.625
4,8/16/2023 18:03,1128,26.25,26.5,26.625,26.125,NA,26.625,26.375,26.375,26.625,26.5,26.375,26.5,26.375,26.625,26.375,26.375,26.5,26,26.5,26.375,26.5,26.5,26.375,26.5,26.5
4,8/16/2023 18:33,1129,26.125,26.375,26.625,26.125,NA,26.5,26.25,26.25,26.5,26.375,26.375,26.375,26.375,26.625,26.375,26.375,26.5,26,26.5,26.375,26.5,26.5,26.375,26.5,26.375
4,8/16/2023 19:03,1130,26.125,26.25,26.5,26.125,NA,26.5,26.125,26.125,26.5,26.25,26.25,26.375,26.375,26.625,26.375,26.375,26.5,26,26.5,26.375,26.5,26.5,26.375,26.5,26.375
4,8/16/2023 19:33,1131,26,26.125,26.375,26,NA,26.375,26.125,26.125,26.375,26.25,26.125,26.375,26.375,26.625,26.375,26.375,26.5,26,26.5,26.375,26.5,26.5,26.375,26.375,26.25
4,8/16/2023 20:03,1132,26,26.125,26.375,25.875,NA,26.375,26.125,26,26.375,26.125,26.125,26.25,26.375,26.625,26.375,26.375,26.5,26,26.5,26.375,26.5,26.5,26.375,26.375,26.25
4,8/16/2023 20:33,1133,25.875,26.125,26.25,25.75,NA,26.25,26,26,26.25,26.125,26.125,26.125,26.375,26.625,26.375,26.375,26.375,25.875,26.5,26.25,26.5,26.375,26.25,26.375,26.25
4,8/16/2023 21:03,1134,25.875,26,26.25,25.75,NA,26.25,25.875,25.875,26.25,26,26,26.125,26.25,26.5,26.25,26.25,26.375,25.875,26.375,26.125,26.375,26.25,26.25,26.25,26.25
4,8/16/2023 21:33,1135,25.75,25.875,26.125,25.625,NA,26.125,25.875,25.75,26.125,26,26,26,26.125,26.375,26.125,26.125,26.25,25.75,26.25,26.125,26.25,26.25,26.125,26.25,26.625
4,8/16/2023 22:03,1136,25.75,25.875,26.125,25.625,NA,26.125,25.75,25.75,26.125,25.875,25.875,26,26.125,26.375,26.125,26.125,26.25,25.75,26.25,26.125,26.25,26.25,26.125,26.25,26.625
4,8/16/2023 22:33,1137,25.625,25.875,26.125,25.5,NA,26.125,25.75,25.75,26.125,25.875,25.875,26,26.125,26.375,26.125,26.125,26.25,25.75,26.25,26.125,26.25,26.25,26.125,26.25,26.75
4,8/16/2023 23:03,1138,25.625,25.875,26.125,25.625,NA,26.125,25.75,25.75,26.125,25.875,25.875,26,26.25,26.5,26.25,26.25,26.25,25.75,26.375,26.25,26.25,26.25,26.125,26.25,26.75
4,8/16/2023 23:33,1139,25.75,25.875,26.125,25.625,NA,26.125,25.75,25.75,26.125,25.875,25.875,26,26.25,26.5,26.25,26.25,26.375,25.875,26.375,26.25,26.375,26.375,26.25,26.375,26.75
4,8/17/2023 0:03,1140,25.625,25.875,26.125,25.625,NA,26,25.75,25.75,26.125,25.875,25.875,26,26.25,26.5,26.25,26.25,26.375,25.875,26.375,26.25,26.375,26.375,26.25,26.375,26.625
4,8/17/2023 0:33,1141,25.625,25.75,26,25.5,NA,26,25.75,25.75,26,25.875,25.75,25.875,26.125,26.375,26.125,26.125,26.25,25.75,26.25,26.125,26.25,26.25,26.125,26.25,26.625
4,8/17/2023 1:03,1142,25.5,25.75,25.875,25.375,NA,25.875,25.625,25.625,25.875,25.75,25.75,25.75,26.125,26.25,26,26.125,26.25,25.625,26.25,26,26.125,26.125,26,26.125,26.5
4,8/17/2023 1:33,1143,25.5,25.625,25.875,25.375,NA,25.875,25.5,25.5,25.875,25.625,25.625,25.75,26,26.25,26,26,26.25,25.625,26.125,26,26.125,26.125,26,26.125,26.625
4,8/17/2023 2:03,1144,25.375,25.625,25.875,25.25,NA,25.75,25.5,25.5,25.875,25.625,25.625,25.75,26,26.25,26,26,26.25,25.625,26.125,26,26.125,26.125,26,26.125,26.625
4,8/17/2023 2:33,1145,25.375,25.5,25.75,25.25,NA,25.75,25.5,25.5,25.875,25.625,25.5,25.75,26,26.25,26,26,26.125,25.625,26.125,26,26.125,26.125,26,26.125,26.625
4,8/17/2023 3:03,1146,25.375,25.5,25.75,25.25,NA,25.75,25.5,25.5,25.875,25.625,25.5,25.75,26.125,26.25,26,26.125,26.125,25.625,26.25,26,26.125,26.125,26,26.125,26.625
4,8/17/2023 3:33,1147,25.25,25.5,25.75,25.25,NA,25.75,25.375,25.375,25.75,25.5,25.5,25.625,26,26.25,26,26,26.25,25.625,26.125,26,26.125,26.125,26,26.125,26.625
4,8/17/2023 4:03,1148,25.25,25.5,25.75,25.25,NA,25.75,25.375,25.375,25.75,25.5,25.5,25.625,26,26.25,26,26,26.125,25.625,26.125,26,26.125,26.125,26,26.125,26.625
4,8/17/2023 4:33,1149,25.25,25.5,25.75,25.25,NA,25.75,25.375,25.375,25.75,25.5,25.5,25.625,26,26.25,26,26,26.125,25.625,26.125,26,26.125,26.125,26,26.125,26.625
4,8/17/2023 5:03,1150,25.25,25.5,25.75,25.125,NA,25.625,25.375,25.375,25.75,25.5,25.5,25.625,26,26.25,26,26,26.125,25.5,26.125,25.875,26,26.125,26,26,26.625
4,8/17/2023 5:33,1151,25.25,25.5,25.75,25.125,NA,25.625,25.375,25.375,25.75,25.5,25.5,25.625,26,26.25,26,26,26.125,25.5,26.125,25.875,26,26.125,26,26.125,26.5
4,8/17/2023 6:03,1152,25.25,25.5,25.75,25.25,NA,25.75,25.375,25.375,25.75,25.5,25.5,25.625,26,26.25,26,26,26.25,25.625,26.125,26,26.125,26.125,26,26.125,26.625
4,8/17/2023 6:33,1153,25.25,25.5,25.75,25.25,NA,25.75,25.375,25.375,25.875,25.5,25.5,25.625,26,26.25,26,26,26.25,25.625,26.25,26,26.125,26.125,26,26.125,26.625
4,8/17/2023 7:03,1154,25.375,25.625,25.875,25.25,NA,25.875,25.5,25.5,25.875,25.625,25.625,25.75,26.125,26.375,26.125,26.125,26.25,25.75,26.25,26.125,26.25,26.25,26.125,26.25,26.625
4,8/17/2023 7:33,1155,25.5,25.75,26,25.5,NA,26,25.625,25.625,25.875,25.75,25.75,25.75,26.25,26.5,26.25,26.25,26.375,25.875,26.375,26.25,26.375,26.375,26.25,26.375,26.625
4,8/17/2023 8:03,1156,25.75,26,26.25,25.75,NA,26.125,25.875,25.875,26.125,25.875,25.875,26,26.5,26.875,26.5,26.625,26.75,26.125,26.5,26.375,26.625,26.625,26.375,26.625,26.625
4,8/17/2023 8:33,1157,26.625,26.625,26.75,26.375,NA,27,26.5,26.5,26.625,26.625,26.5,26.5,27.125,27.625,27.125,27.375,27.375,26.75,27.125,26.875,27.375,27.5,27.25,27.5,26.75
4,8/17/2023 9:03,1158,26.75,26.875,27.125,26.625,NA,27.125,27,26.625,26.75,26.75,26.75,26.875,27.5,28,27.5,27.75,27.75,27.125,27.5,27.375,27.75,27.75,27.5,27.625,26.75
4,8/17/2023 9:33,1159,26.875,27.125,27.375,26.625,NA,27.25,27.125,26.875,27,27,26.875,27,27.5,28,27.5,27.625,27.625,27.125,27.5,27.375,27.75,27.5,27.375,27.5,26.875
4,8/17/2023 10:03,1160,26.875,27.5,28.125,27.125,NA,27.25,27.375,27.125,27.5,27.125,27.25,27.25,28.125,28.625,27.625,28.25,28,27.375,27.75,27.5,28.125,27.625,27.375,27.75,28.375
4,8/17/2023 10:33,1161,27.375,28,28.125,27.25,NA,27.875,27.5,27.75,27.75,27.5,27.75,27.5,28.125,28.375,27.875,27.625,28.125,27.5,28,27.75,28.375,27.625,27.5,27.875,27.125
4,8/17/2023 11:03,1162,27.25,27.75,28,27.125,NA,27.625,27.375,27.625,27.75,27.5,27.5,27.375,27.75,28,27.75,27.5,27.75,27.25,27.75,27.5,27.875,27.375,27.25,27.5,27.125
4,8/17/2023 11:33,1163,27.375,27.75,27.875,27.375,NA,27.625,27.375,27.625,27.875,27.625,27.5,27.5,27.75,27.875,27.5,27.625,27.75,27,27.625,27.375,27.875,27.375,27.125,27.375,27.375
4,8/17/2023 12:03,1164,27.875,27.875,28.25,27.875,NA,28,27.625,27.75,28,27.75,27.75,27.75,27.875,28,27.5,27.625,27.875,27,27.625,27.375,28,27.5,27.125,27.375,27.75
4,8/17/2023 12:33,1165,28.375,28.125,28.25,28.125,NA,28.625,27.875,28.125,28.25,28.25,28,28,28,28.125,27.625,27.625,28,27.125,27.75,27.375,28.125,27.625,27.375,27.5,27.375
4,8/17/2023 13:03,1166,28.25,28,28.25,27.875,NA,28.625,28,28,28.125,28.375,28,28,27.5,27.875,27.625,27.625,27.875,26.875,27.625,27.25,28,27.625,27.375,27.375,27.75
4,8/17/2023 13:33,1167,27.75,27.75,28,27.625,NA,28.125,27.75,27.625,27.875,28,27.75,27.75,27.25,27.625,27.25,27.25,27.375,26.75,27.375,27.125,27.5,27.25,27.125,27.25,27.25
4,8/17/2023 14:03,1168,27.375,27.5,27.625,27.25,NA,27.75,27.375,27.375,27.625,27.5,27.375,27.5,27,27.375,27,27,27.125,26.625,27.125,26.875,27.25,27,26.875,27,27.125
4,8/17/2023 14:33,1169,27.125,27.25,27.5,27,NA,27.5,27.25,27.125,27.5,27.25,27.25,27.375,26.875,27.25,26.875,27,27,26.375,27,26.75,27.125,26.875,26.75,26.875,27.125
4,8/17/2023 15:03,1170,27,27.25,27.5,27,NA,27.5,27.125,27.125,27.375,27.125,27.125,27.25,27,27.25,26.875,27,27.125,26.625,27.125,26.875,27.125,27,26.875,27,27.125
4,8/17/2023 15:33,1171,26.875,27.125,27.375,26.75,NA,27.375,27.125,27,27.25,27.125,27,27.125,27,27.375,27,27,27.125,26.625,27.125,27,27.125,27,27,27.125,27.125
4,8/17/2023 16:03,1172,26.75,27,27.25,26.625,NA,27.25,27,26.875,27.125,27,27,27.125,26.875,27.25,27,27,27.125,26.625,27.125,26.875,27,27,26.875,27,27.125
4,8/17/2023 16:33,1173,26.75,27,27.125,26.625,NA,27.125,26.875,26.875,27.125,26.875,26.875,27,26.875,27.25,26.875,27,27,26.625,27,26.875,27,27,26.875,27,27.25
4,8/17/2023 17:03,1174,26.625,26.875,27.125,26.625,NA,27,26.75,26.75,27,26.75,26.75,26.875,26.75,27.125,26.875,26.875,26.875,26.5,27,26.875,26.875,26.875,26.75,26.875,27.25
4,8/17/2023 17:33,1175,26.5,26.625,27,26.5,NA,26.875,26.625,26.625,26.875,26.625,26.625,26.75,26.75,27,26.75,26.75,26.875,26.375,26.875,26.75,26.875,26.875,26.75,26.75,27.125
4,8/17/2023 18:03,1176,26.375,26.625,26.875,26.375,NA,26.75,26.625,26.5,26.75,26.625,26.625,26.75,26.75,27,26.75,26.75,26.875,26.375,26.875,26.75,26.75,26.875,26.75,26.75,27.125
4,8/17/2023 18:33,1177,26.375,26.5,26.75,26.25,NA,26.75,26.5,26.5,26.75,26.5,26.5,26.625,26.625,27,26.75,26.75,26.75,26.375,26.875,26.75,26.75,26.75,26.75,26.75,27.125
4,8/17/2023 19:03,1178,26.25,26.375,26.625,26.125,NA,26.625,26.375,26.25,26.625,26.375,26.375,26.5,26.625,26.875,26.625,26.625,26.75,26.25,26.75,26.625,26.625,26.75,26.625,26.625,27
4,8/17/2023 19:33,1179,26.125,26.25,26.625,26.125,NA,26.5,26.25,26.25,26.5,26.25,26.25,26.5,26.5,26.75,26.5,26.5,26.625,26.125,26.625,26.5,26.5,26.625,26.5,26.5,27
4,8/17/2023 20:03,1180,26,26.25,26.5,26,NA,26.5,26.25,26.125,26.5,26.25,26.25,26.375,26.5,26.75,26.5,26.5,26.5,26.125,26.625,26.5,26.5,26.5,26.5,26.5,27
4,8/17/2023 20:33,1181,25.875,26.125,26.375,25.875,NA,26.375,26.125,26,26.375,26.125,26.125,26.25,26.375,26.625,26.375,26.375,26.5,26,26.625,26.375,26.5,26.5,26.375,26.375,27
4,8/17/2023 21:03,1182,25.875,26.125,26.375,25.75,NA,26.25,26,26,26.25,26.125,26.125,26.25,26.375,26.625,26.375,26.375,26.5,26,26.625,26.375,26.5,26.5,26.375,26.375,27
4,8/17/2023 21:33,1183,25.875,26.125,26.375,25.75,NA,26.25,26,26,26.25,26.125,26.125,26.25,26.375,26.625,26.375,26.5,26.5,26,26.625,26.5,26.5,26.5,26.375,26.375,27
4,8/17/2023 22:03,1184,25.875,26.125,26.375,25.75,NA,26.25,26,26,26.25,26,26.125,26.25,26.375,26.75,26.5,26.5,26.5,26,26.625,26.5,26.5,26.5,26.375,26.5,27
4,8/17/2023 22:33,1185,25.875,26.125,26.375,25.75,NA,26.25,26,26,26.25,26.125,26.125,26.25,26.375,26.75,26.5,26.5,26.5,26,26.625,26.5,26.5,26.5,26.375,26.5,27
4,8/17/2023 23:03,1186,25.875,26,26.25,25.75,NA,26.25,26,26,26.25,26,26.125,26.25,26.375,26.75,26.5,26.5,26.5,26.125,26.625,26.5,26.5,26.5,26.375,26.5,27
4,8/17/2023 23:33,1187,25.875,26,26.25,25.75,NA,26.25,26,26,26.25,26.125,26.125,26.25,26.375,26.75,26.5,26.5,26.5,26.125,26.625,26.5,26.5,26.5,26.375,26.5,27
4,8/18/2023 0:03,1188,25.75,26,26.25,25.75,NA,26.125,25.875,25.875,26.125,26,26,26.125,26.375,26.625,26.375,26.375,26.5,26,26.5,26.375,26.5,26.375,26.375,26.375,26.875
4,8/18/2023 0:33,1189,25.75,26,26.25,25.625,NA,26.125,25.875,25.875,26.125,26,26,26.125,26.25,26.625,26.375,26.375,26.375,25.875,26.5,26.375,26.375,26.375,26.25,26.375,26.875
4,8/18/2023 1:03,1190,25.75,26,26.25,25.75,NA,26.125,25.875,25.875,26.125,26,26,26.125,26.25,26.625,26.375,26.375,26.375,25.875,26.5,26.375,26.375,26.375,26.25,26.375,26.875
4,8/18/2023 1:33,1191,25.75,26,26.25,25.75,NA,26.25,26,25.875,26.125,26,26,26.125,26.375,26.625,26.375,26.375,26.5,26,26.5,26.375,26.5,26.375,26.375,26.375,26.875
4,8/18/2023 2:03,1192,25.75,25.875,26.25,25.625,NA,26.125,25.875,25.875,26.125,25.875,26,26.125,26.25,26.625,26.375,26.375,26.375,25.875,26.5,26.375,26.375,26.375,26.25,26.375,26.875
4,8/18/2023 2:33,1193,25.625,25.875,26.125,25.625,NA,26.125,25.875,25.75,26.125,25.875,26,26,26.25,26.5,26.25,26.25,26.375,25.875,26.375,26.25,26.25,26.25,26.25,26.375,26.75
4,8/18/2023 3:03,1194,25.625,25.875,26.125,25.625,NA,26.125,25.875,25.75,26.125,25.875,25.875,26,26.25,26.5,26.25,26.25,26.25,25.875,26.375,26.25,26.25,26.25,26.25,26.25,26.75
4,8/18/2023 3:33,1195,25.625,25.875,26.125,25.625,NA,26,25.75,25.75,26,25.875,25.875,26,26.125,26.5,26.25,26.25,26.25,25.75,26.375,26.25,26.25,26.25,26.125,26.25,26.75
4,8/18/2023 4:03,1196,25.625,25.875,26.125,25.625,NA,26.125,25.75,25.75,26,25.875,25.875,26,26.125,26.5,26.25,26.25,26.25,25.875,26.375,26.25,26.25,26.25,26.25,26.25,26.75
4,8/18/2023 4:33,1197,25.625,25.75,26.125,25.5,NA,26,25.75,25.75,26,25.875,25.875,26,26.125,26.5,26.25,26.25,26.25,25.75,26.375,26.25,26.25,26.25,26.125,26.25,26.75
4,8/18/2023 5:03,1198,25.625,25.75,26,25.5,NA,26,25.75,25.75,26,25.875,25.875,25.875,26.125,26.5,26.25,26.25,26.25,25.75,26.375,26.25,26.25,26.25,26.125,26.25,26.75
4,8/18/2023 5:33,1199,25.625,25.75,26,25.5,NA,26,25.75,25.75,26,25.875,25.875,26,26.125,26.5,26.125,26.25,26.25,25.75,26.375,26.125,26.25,26.25,26.125,26.25,26.75
4,8/18/2023 6:03,1200,25.625,25.75,26,25.5,NA,26,25.75,25.75,26,25.875,25.875,25.875,26.125,26.375,26.125,26.125,26.25,25.75,26.25,26.125,26.125,26.25,26.125,26.125,26.75
4,8/18/2023 6:33,1201,25.5,25.75,26,25.5,NA,26,25.75,25.625,26,25.75,25.875,25.875,26.125,26.375,26.125,26.125,26.25,25.75,26.25,26.125,26.125,26.125,26.125,26.125,26.625
4,8/18/2023 7:03,1202,25.75,25.875,26.125,25.625,NA,26.125,25.875,25.75,26,25.875,25.875,26,26.25,26.5,26.25,26.25,26.375,25.875,26.375,26.25,26.25,26.375,26.25,26.375,26.625
4,8/18/2023 7:33,1203,26,26.125,26.375,26,NA,26.375,26.125,26,26.25,26,26.125,26.25,26.375,26.875,26.5,26.5,26.625,26.125,26.5,26.375,26.5,26.625,26.5,26.625,26.625
4,8/18/2023 8:03,1204,26.5,26.5,26.875,26.5,NA,26.75,26.625,26.5,26.5,26.375,26.5,26.625,26.75,27.375,26.875,27,27.125,26.5,26.875,26.75,27,27.125,26.875,27.125,26.75
4,8/18/2023 8:33,1205,26.75,26.875,27,26.625,NA,27.125,26.875,26.625,26.875,26.75,26.75,26.875,27,27.625,27.125,27.25,27.375,26.625,27.125,26.875,27.25,27.375,27.125,27.375,26.75
4,8/18/2023 9:03,1206,26.75,26.875,27.25,26.75,NA,27.125,27,26.75,26.875,26.75,26.875,27,27.25,27.75,27.25,27.5,27.625,26.875,27.375,27.125,27.5,27.5,27.375,27.375,26.875
4,8/18/2023 9:33,1207,26.625,26.875,27.125,26.625,NA,27,26.875,26.75,26.875,26.75,26.875,26.875,27,27.5,27.125,27.125,27.25,26.625,27.125,26.875,27.25,27.125,27.125,27.125,26.875
4,8/18/2023 10:03,1208,26.5,26.875,27,26.5,NA,26.875,26.75,26.75,26.875,26.75,26.75,26.875,26.875,27.25,26.875,27,27.125,26.625,27,26.875,27.125,27,26.875,27,26.875
4,8/18/2023 10:33,1209,26.875,27.625,28.125,27.125,NA,27.75,27,27.75,27.625,27.25,27.375,27,27.875,27.875,27.375,27.375,28.25,27,27.875,27.375,28.375,27.125,27,27.5,27.375
4,8/18/2023 11:03,1210,27.25,28.125,28,27.375,NA,27.875,27.375,28.25,28.125,27.75,27.5,27.375,28.125,27.875,28.125,27.625,28,27.5,28,27.625,28.375,27.5,27.25,27.5,27.5
4,8/18/2023 11:33,1211,27.75,28.625,28.25,28.125,NA,28,27.625,28,28.5,28.125,27.75,27.75,28.375,28,27.875,27.875,28.125,27.5,29.125,28.25,28.375,27.625,27.5,27.625,27.5
4,8/18/2023 12:03,1212,28.25,28.5,28.5,29,NA,28.25,27.875,28.125,28.375,28,28,28,28.125,28.25,27.875,28,28.5,27.375,28.375,27.875,28.375,27.875,27.625,27.75,27.75
4,8/18/2023 12:33,1213,28.375,28.25,28.375,28.75,NA,28.5,28,28.125,28.25,28.125,28,28.125,27.875,28.25,27.875,27.875,28.5,27.375,28.25,27.75,28.25,27.875,27.75,27.75,27.375
4,8/18/2023 13:03,1214,28,28,28.125,27.75,NA,28.25,27.875,27.75,28,28,27.75,27.875,27.625,28,27.625,27.625,27.875,27.125,27.875,27.5,27.875,27.625,26.875,27.625,27.5
4,8/18/2023 13:33,1215,28,28,28.375,27.75,NA,28.25,27.875,28,28.125,28.25,28,28,27.75,28.125,27.75,27.75,28.125,27.25,28.125,27.625,28.125,27.75,26.375,27.75,27.5
4,8/18/2023 14:03,1216,28,28.125,28.5,28.375,NA,28.375,28,28,28.25,28.25,28,28.125,27.75,28.25,27.75,27.875,28.375,27.375,28.125,27.75,28.25,27.875,26.375,27.875,27.5
4,8/18/2023 14:33,1217,28,28.125,28.375,27.875,NA,28.375,28.125,28,28.25,28.125,28,28.125,27.75,28.25,27.875,28,28.125,27.375,28.125,27.75,28.25,27.875,26.375,27.875,27.5
4,8/18/2023 15:03,1218,27.875,28.125,28.375,27.875,NA,28.25,28,27.875,28.125,28,28,28.125,27.75,28.25,27.75,28,28.125,27.375,28,27.625,28.125,27.875,26.375,27.875,27.5
4,8/18/2023 15:33,1219,27.5,27.875,28,27.5,NA,27.875,27.75,27.625,27.875,27.625,27.625,27.75,27.5,28,27.625,27.625,27.875,27.25,27.75,27.5,27.75,27.625,26.25,27.625,27.375
4,8/18/2023 16:03,1220,27.125,27.5,27.75,27.125,NA,27.5,27.375,27.25,27.5,27.375,27.375,27.5,27.25,27.625,27.25,27.375,27.5,26.875,27.375,27.25,27.375,27.375,26.125,27.375,27.375
4,8/18/2023 16:33,1221,26.875,27.125,27.375,26.875,NA,27.375,27.125,27,27.25,27.125,27.125,27.25,27,27.375,27,27.125,27.25,26.625,27.125,27,27.125,27.125,26.25,27.125,27.25
4,8/18/2023 17:03,1222,26.75,27,27.25,26.75,NA,27.125,27,26.875,27.125,26.875,27,27.125,26.875,27.25,26.875,26.875,27,26.5,27,26.875,26.875,27,26.25,27,27.25
4,8/18/2023 17:33,1223,26.75,26.875,27.125,26.625,NA,27,26.875,26.75,27,26.875,26.875,27,26.75,27.125,26.75,26.875,27,26.5,27,26.75,26.875,26.875,26.625,26.875,27.125
4,8/18/2023 18:03,1224,26.5,26.75,27,26.5,NA,26.875,26.75,26.625,26.875,26.75,26.75,26.875,26.625,27,26.75,26.75,26.875,26.375,26.875,26.75,26.75,26.875,NA,26.875,27.125
4,8/18/2023 18:33,1225,26.375,26.625,26.875,26.375,NA,26.75,26.5,26.5,26.75,26.5,26.5,26.75,26.625,26.875,26.625,26.625,26.75,26.25,26.75,26.625,26.625,26.75,NA,26.75,27.125
4,8/18/2023 19:03,1226,26.375,26.5,26.75,26.25,NA,26.625,26.5,26.375,26.625,26.5,26.5,26.625,26.5,26.875,26.625,26.625,26.75,26.25,26.75,26.625,26.5,26.625,NA,26.625,27.125
4,8/18/2023 19:33,1227,26.25,26.375,26.625,26.125,NA,26.625,26.375,26.375,26.625,26.375,26.375,26.625,26.5,26.75,26.5,26.5,26.625,26.125,26.625,26.5,26.5,26.5,NA,26.5,27.125
4,8/18/2023 20:03,1228,26.125,26.375,26.625,26.125,NA,26.5,26.375,26.25,26.5,26.375,26.375,26.5,26.375,26.75,26.5,26.5,26.625,26,26.625,26.5,26.5,26.5,NA,26.5,27.125
4,8/18/2023 20:33,1229,26.25,26.375,26.625,26.125,NA,26.625,26.375,26.25,26.625,26.375,26.375,26.5,26.5,26.75,26.5,26.5,26.625,26.125,26.625,26.5,26.5,26.5,NA,26.5,27.25
4,8/18/2023 21:03,1230,26.125,26.375,26.625,26.125,NA,26.5,26.25,26.25,26.5,26.375,26.375,26.5,26.375,26.625,26.375,26.375,26.5,26,26.5,26.375,26.5,26.5,NA,26.375,27.125
4,8/18/2023 21:33,1231,26.125,26.25,26.5,26.125,NA,26.5,26.25,26.125,26.5,26.25,26.25,26.5,26.375,26.625,26.375,26.375,26.5,25.875,26.5,26.375,26.5,26.375,NA,26.375,27.125
4,8/18/2023 22:03,1232,26,26.25,26.5,26.125,NA,26.375,26.125,26.125,26.375,26.25,26.125,26.375,26.25,26.5,26.25,26.375,26.375,25.875,26.5,26.25,26.375,26.375,NA,26.375,27.125
4,8/18/2023 22:33,1233,26,26.25,26.5,26,NA,26.375,26.125,26.125,26.375,26.25,26.25,26.375,26.25,26.5,26.375,26.375,26.375,25.875,26.5,26.375,26.375,26.375,NA,26.375,27.125
4,8/18/2023 23:03,1234,26,26.25,26.5,26.125,NA,26.5,26.25,26.125,26.5,26.25,26.25,26.375,26.375,26.625,26.375,26.375,26.5,26,26.5,26.375,26.375,26.375,NA,26.375,27
4,8/18/2023 23:33,1235,26,26.25,26.5,26,NA,26.375,26.25,26.125,26.375,26.25,26.25,26.375,26.375,26.625,26.375,26.375,26.5,26,26.5,26.375,26.375,26.375,NA,26.375,27
4,8/19/2023 0:03,1236,26,26.25,26.5,26,NA,26.375,26.25,26.125,26.375,26.25,26.25,26.375,26.375,26.625,26.375,26.375,26.5,26,26.5,26.375,26.5,26.5,NA,26.375,27
4,8/19/2023 0:33,1237,26,26.25,26.5,26,NA,26.375,26.25,26.125,26.375,26.25,26.125,26.375,26.375,26.625,26.375,26.375,26.5,26,26.5,26.375,26.5,26.5,NA,26.375,27
4,8/19/2023 1:03,1238,26,26.125,26.5,26,NA,26.375,26.125,26,26.375,26.125,26.125,26.375,26.25,26.625,26.375,26.375,26.5,26,26.5,26.375,26.375,26.375,NA,26.375,26.875
4,8/19/2023 1:33,1239,25.875,26.125,26.375,26,NA,26.375,26.125,26,26.375,26.125,26.125,26.25,26.25,26.5,26.375,26.375,26.375,25.875,26.375,26.375,26.375,26.375,NA,26.375,26.875
4,8/19/2023 2:03,1240,25.875,26.125,26.375,25.875,NA,26.375,26.125,26,26.25,26.125,26.125,26.25,26.25,26.5,26.25,26.25,26.375,25.875,26.375,26.25,26.25,26.375,NA,26.375,26.875
4,8/19/2023 2:33,1241,26,26.125,26.375,26,NA,26.375,26.125,26,26.375,26.125,26.125,26.25,26.25,26.5,26.375,26.25,26.375,25.875,26.375,26.25,26.375,26.375,NA,26.375,26.875
4,8/19/2023 3:03,1242,26,26.125,26.375,26,NA,26.375,26.125,26,26.375,26.125,26.125,26.25,26.25,26.5,26.25,26.25,26.375,25.875,26.375,26.25,26.375,26.25,NA,26.375,26.875
4,8/19/2023 3:33,1243,25.875,26.125,26.375,25.875,NA,26.375,26.125,26,26.375,26.125,26.125,26.25,26.25,26.5,26.25,26.25,26.375,25.875,26.375,26.25,26.25,26.25,NA,26.25,26.75
4,8/19/2023 4:03,1244,26,26.125,26.375,25.875,NA,26.375,26.125,26,26.375,26.125,26.125,26.25,26.25,26.5,26.25,26.25,26.25,25.875,26.375,26.25,26.25,26.25,NA,26.375,26.875
4,8/19/2023 4:33,1245,26,26.125,26.375,26,NA,26.375,26.125,26.125,26.375,26.125,26.125,26.25,26.25,26.5,26.25,26.25,26.375,25.875,26.375,26.25,26.25,26.375,NA,26.25,26.75
4,8/19/2023 5:03,1246,25.875,26.125,26.375,25.875,NA,26.375,26.125,26,26.375,26.125,26.125,26.25,26.125,26.5,26.25,26.25,26.375,25.875,26.375,26.25,26.25,26.25,NA,26.25,26.75
4,8/19/2023 5:33,1247,25.875,26.125,26.375,25.875,NA,26.375,26.125,26,26.375,26.125,26.125,26.25,26.125,26.5,26.25,26.25,26.25,25.875,26.375,26.25,26.25,26.25,NA,26.25,26.75
4,8/19/2023 6:03,1248,26,26.125,26.375,26,NA,26.375,26.125,26.125,26.375,26.125,26.125,26.25,26.25,26.5,26.25,26.25,26.375,25.875,26.375,26.25,26.25,26.25,NA,26.375,26.875
4,8/19/2023 6:33,1249,26,26.125,26.375,25.875,NA,26.375,26.125,26,26.375,26.125,26.125,26.25,26.125,26.5,26.25,26.25,26.25,25.75,26.375,26.25,26.25,26.25,NA,26.25,26.75
4,8/19/2023 7:03,1250,26,26.125,26.5,26,NA,26.375,26.125,26.125,26.375,26.25,26.125,26.375,26.25,26.625,26.25,26.375,26.375,25.875,26.5,26.25,26.375,26.375,NA,26.375,26.875
4,8/19/2023 7:33,1251,26.125,26.25,26.5,26.125,NA,26.5,26.25,26.25,26.5,26.25,26.25,26.5,26.375,26.625,26.375,26.375,26.5,26,26.5,26.375,26.5,26.5,NA,26.5,26.875
4,8/19/2023 8:03,1252,26.375,26.5,26.875,26.375,NA,26.75,26.5,26.5,26.625,26.5,26.5,26.625,26.625,27,26.625,26.75,26.75,26.25,26.75,26.5,26.75,26.75,NA,26.75,26.875
4,8/19/2023 8:33,1253,26.5,26.625,26.875,26.5,NA,26.875,26.625,26.5,26.75,26.625,26.625,26.75,26.75,27,26.75,26.75,26.875,26.375,26.875,26.625,26.875,26.875,NA,26.875,26.875
4,8/19/2023 9:03,1254,26.5,26.75,27,26.5,NA,26.875,26.625,26.625,26.75,26.625,26.625,26.75,26.75,27.125,26.75,26.875,27,26.5,27,26.75,27,26.875,NA,26.875,26.875
4,8/19/2023 9:33,1255,26.5,26.75,27,26.625,NA,27,26.625,26.625,26.875,26.625,26.625,26.75,26.875,27.25,26.75,27,27.125,26.5,27,26.875,27,26.875,NA,27,26.875
4,8/19/2023 10:03,1256,26.625,27.125,27.5,26.625,NA,27,27,27,27.125,26.875,27,27,27.375,27.75,27.125,27.5,27.75,26.75,27.25,27,27.5,27.25,NA,27.25,28
4,8/19/2023 10:33,1257,27.5,28.5,29,27.375,NA,28.375,27.5,28.625,28.375,27.75,28.25,27.5,28.75,28.625,28,27.875,29.125,27.75,28.75,28.125,29.25,27.75,NA,28.25,27.75
4,8/19/2023 11:03,1258,27.375,28.125,28.125,27.375,NA,27.875,27.5,28,27.875,27.625,27.625,27.5,28.125,28.125,28,27.625,28,27.5,28.25,27.75,28.25,27.625,NA,27.875,27.375
4,8/19/2023 11:33,1259,27.875,28.75,28.5,28.875,NA,28.125,27.75,28.125,28.625,28.125,28,27.875,28.625,28.375,28.125,28.25,28.5,27.625,29.5,28.5,28.625,28,NA,28,27.75
4,8/19/2023 12:03,1260,28.25,28.625,28.625,29.375,NA,28.5,28,28.25,28.5,28.125,28.125,28.125,28.5,28.5,28.25,28.375,28.75,27.625,28.75,28.25,28.75,28.25,NA,28.125,27.75
4,8/19/2023 12:33,1261,28.5,28.375,28.5,28.875,NA,28.75,28.125,28.25,28.5,28.25,28.125,28.25,28.375,28.625,28.25,28.25,28.625,27.75,28.625,28.125,28.625,28.25,NA,28.125,27.625
4,8/19/2023 13:03,1262,28.375,28.375,28.5,28.625,NA,28.875,28.25,28.375,28.5,28.625,28.25,28.375,28.25,28.625,28.25,28.25,28.5,27.75,28.625,28.125,28.625,28.375,NA,28.25,27.875
4,8/19/2023 13:33,1263,28,28.125,28.375,27.875,NA,28.5,28,28,28.25,28.375,28,28.125,28,28.375,28,28,28.25,27.625,28.25,27.875,28.375,28.125,NA,28,27.625
4,8/19/2023 14:03,1264,27.875,28.125,28.375,27.875,NA,28.375,28,28,28.25,28.25,28,28.125,28,28.375,28,28,28.375,27.625,28.375,27.875,28.5,28,NA,28,27.625
4,8/19/2023 14:33,1265,27.75,28,28.25,27.625,NA,28.125,27.875,28,28.125,28.125,27.875,28,27.875,28.25,27.875,28,28.125,27.5,28.25,27.875,28.25,27.875,NA,28,27.625
4,8/19/2023 15:03,1266,27.625,27.875,28.125,27.5,NA,28,27.875,27.75,28,27.875,27.75,27.875,27.625,28.25,27.75,27.875,28,27.375,27.875,27.75,28,27.875,NA,27.875,27.5
4,8/19/2023 15:33,1267,27.375,27.75,27.875,27.25,NA,27.75,27.625,27.5,27.75,27.625,27.5,27.625,27.5,28.125,27.75,27.75,27.875,27.375,27.875,27.625,27.875,27.625,NA,27.75,27.5
4,8/19/2023 16:03,1268,27.125,27.375,27.625,27,NA,27.5,27.25,27.25,27.5,27.25,27.25,27.375,27.125,27.625,27.375,27.375,27.5,27,27.5,27.25,27.5,27.375,NA,27.5,27.375
4,8/19/2023 16:33,1269,26.875,27.125,27.375,26.875,NA,27.25,27,27,27.25,27.125,27,27.125,26.875,27.5,27.125,27.25,27.25,26.75,27.25,27.125,27.25,27.125,NA,27.125,27.375
4,8/19/2023 17:03,1270,26.75,27,27.25,26.75,NA,27.125,27,26.875,27.125,27,27,27.125,26.75,27.25,27,27,27.125,26.625,27.125,27,27,27,NA,27.125,27.5
4,8/19/2023 17:33,1271,26.625,26.875,27.125,26.625,NA,27,26.875,26.75,27,26.875,26.875,27,26.625,27.125,26.875,26.875,27,26.5,27,26.875,26.875,26.875,NA,26.875,27.375
4,8/19/2023 18:03,1272,26.5,26.75,27,26.5,NA,26.875,26.75,26.625,26.875,26.75,26.75,26.875,26.625,27,26.75,26.75,26.875,26.375,26.875,26.75,26.75,26.875,NA,26.875,27.5
4,8/19/2023 18:33,1273,26.375,26.625,26.875,26.375,NA,26.75,26.625,26.5,26.75,26.625,26.625,26.75,26.5,27,26.625,26.75,26.75,26.25,26.75,26.625,26.75,26.75,NA,26.75,27.5
4,8/19/2023 19:03,1274,26.25,26.5,26.75,26.25,NA,26.625,26.375,26.375,26.625,26.375,26.5,26.625,26.375,26.875,26.625,26.625,26.75,26.25,26.75,26.625,26.625,26.625,NA,26.625,27.625
4,8/19/2023 19:33,1275,26.125,26.375,26.75,26.125,NA,26.5,26.375,26.25,26.625,26.375,26.375,26.625,26.375,26.75,26.5,26.625,26.625,26.125,26.625,26.5,26.5,26.625,NA,26.625,27.625
4,8/19/2023 20:03,1276,26.125,26.375,26.625,26.125,NA,26.5,26.375,26.25,26.5,26.375,26.375,26.5,26.375,26.75,26.5,26.5,26.625,26.125,26.625,26.5,26.5,26.625,NA,26.625,27.625
4,8/19/2023 20:33,1277,26.125,26.375,26.625,26.125,NA,26.5,26.375,26.25,26.5,26.375,26.375,26.5,26.375,26.75,26.5,26.5,26.625,26.125,26.625,26.5,26.5,26.625,NA,26.625,27.625
4,8/19/2023 21:03,1278,26.125,26.375,26.625,26.125,NA,26.5,26.375,26.25,26.5,26.375,26.375,26.5,26.375,26.75,26.5,26.5,26.625,26.125,26.75,26.625,26.5,26.625,NA,26.5,27.5
4,8/19/2023 21:33,1279,26.125,26.25,26.625,26.125,NA,26.5,26.25,26.25,26.5,26.375,26.375,26.5,26.375,26.75,26.5,26.5,26.625,26.125,26.625,26.5,26.5,26.5,NA,26.5,27.5
4,8/19/2023 22:03,1280,26.125,26.25,26.625,26.125,NA,26.5,26.25,26.125,26.5,26.25,26.25,26.5,26.375,26.75,26.5,26.5,26.625,26.125,26.625,26.5,26.5,26.5,NA,26.5,27.375
4,8/19/2023 22:33,1281,26.125,26.25,26.625,26.125,NA,26.375,26.25,26.125,26.5,26.25,26.25,26.5,26.25,26.625,26.375,26.5,26.5,26,26.625,26.5,26.5,26.5,NA,26.375,27.5
4,8/19/2023 23:03,1282,26.125,26.25,26.625,26.125,NA,26.5,26.25,26.25,26.5,26.25,26.25,26.5,26.25,26.75,26.375,26.5,26.5,26,26.625,26.5,26.5,26.5,NA,26.375,27.5
4,8/19/2023 23:33,1283,26.125,26.25,26.625,26,NA,26.5,26.25,26.25,26.5,26.375,26.25,26.5,26.375,26.75,26.5,26.5,26.625,26,26.625,26.5,26.5,26.5,NA,26.5,27.375
4,8/20/2023 0:03,1284,26.125,26.25,26.625,26,NA,26.5,26.25,26.25,26.5,26.375,26.25,26.5,26.25,26.625,26.375,26.375,26.5,26,26.625,26.375,26.5,26.5,NA,26.5,27.375
4,8/20/2023 0:33,1285,26,26.25,26.625,26,NA,26.375,26.25,26.125,26.5,26.25,26.25,26.5,26.25,26.625,26.375,26.5,26.5,26,26.625,26.5,26.5,26.5,NA,26.375,27.375
4,8/20/2023 1:03,1286,26,26.25,26.5,26.125,NA,26.375,26.25,26.125,26.5,26.25,26.25,26.375,26.25,26.625,26.375,26.375,26.5,26,26.5,26.375,26.5,26.5,NA,26.5,27.375
4,8/20/2023 1:33,1287,26,26.25,26.5,26.125,NA,26.375,26.25,26.125,26.5,26.25,26.25,26.375,26.25,26.625,26.375,26.375,26.5,26,26.5,26.375,26.5,26.5,NA,26.375,27.25
4,8/20/2023 2:03,1288,26,26.25,26.5,26.125,NA,26.375,26.25,26.125,26.5,26.25,26.25,26.375,26.25,26.625,26.375,26.375,26.5,26,26.5,26.375,26.5,26.375,NA,26.375,27.375
4,8/20/2023 2:33,1289,26,26.125,26.5,26,NA,26.375,26.125,26.125,26.375,26.25,26.25,26.375,26.25,26.625,26.375,26.375,26.5,25.875,26.5,26.375,26.375,26.375,NA,26.375,27.375
4,8/20/2023 3:03,1290,26,26.125,26.375,25.875,NA,26.375,26.125,26,26.375,26.125,26.125,26.375,26.125,26.5,26.375,26.25,26.375,25.875,26.5,26.375,26.375,26.375,NA,26.375,27.375
4,8/20/2023 3:33,1291,26,26.125,26.5,26,NA,26.375,26.125,26.125,26.5,26.25,26.125,26.375,26.25,26.625,26.375,26.375,26.375,26,26.5,26.375,26.375,26.375,NA,26.375,27.375
4,8/20/2023 4:03,1292,26,26.125,26.375,26,NA,26.375,26.125,26.125,26.5,26.25,26.125,26.375,26.125,26.5,26.375,26.25,26.375,25.875,26.5,26.25,26.375,26.375,NA,26.375,27.375
4,8/20/2023 4:33,1293,25.875,26.125,26.375,25.875,NA,26.375,26.125,26,26.375,26.25,26.125,26.375,26.125,26.5,26.25,26.25,26.375,25.875,26.5,26.25,26.375,26.25,NA,26.25,27.375
4,8/20/2023 5:03,1294,25.875,26.125,26.375,25.875,NA,26.375,26.125,26,26.375,26.125,26.125,26.375,26.125,26.5,26.25,26.25,26.375,25.875,26.5,26.375,26.375,26.375,NA,26.375,27.25
4,8/20/2023 5:33,1295,25.875,26.125,26.375,25.875,NA,26.25,26,26,26.375,26.125,26.125,26.25,26.125,26.5,26.25,26.25,26.375,25.875,26.375,26.25,26.25,26.25,NA,26.25,27.25
4,8/20/2023 6:03,1296,25.875,26,26.25,25.75,NA,26.25,26,25.875,26.25,26,26,26.125,26.125,26.375,26.125,26.125,26.25,25.75,26.375,26.125,26.25,26.125,NA,26.25,27.25
4,8/20/2023 6:33,1297,25.75,25.875,26.25,25.75,NA,26.125,25.875,25.75,26.125,26,26,26.125,26,26.375,26.125,26.125,26.25,25.625,26.25,26.125,26.125,26.125,NA,26.125,27.25
4,8/20/2023 7:03,1298,25.875,26,26.25,25.75,NA,26.25,26,25.875,26.25,26,26,26.125,26.125,26.5,26.25,26.25,26.375,25.75,26.375,26.25,26.25,26.25,NA,26.25,27.25
4,8/20/2023 7:33,1299,26.125,26.25,26.5,26.125,NA,26.5,26.25,26.125,26.375,26.25,26.25,26.5,26.375,26.75,26.5,26.5,26.625,26.125,26.625,26.5,26.5,26.625,NA,26.625,27.25
4,8/20/2023 8:03,1300,26.625,26.75,27,26.5,NA,27,26.75,26.625,26.75,26.625,26.75,26.875,26.75,27.25,27,27,27.125,26.625,27,26.875,27.125,27.125,NA,27.125,27.25
4,8/20/2023 8:33,1301,26.875,27,27.25,26.75,NA,27.25,26.875,26.875,27.125,26.875,26.875,27,27.125,27.75,27.25,27.375,27.5,26.875,27.375,27.125,27.5,27.5,NA,27.625,27.375
4,8/20/2023 9:03,1302,27,27.125,27.375,27,NA,27.25,27.25,27,27.125,27,27.125,27.25,27.375,27.875,27.5,27.625,27.75,27.125,27.625,27.375,27.75,27.625,NA,27.625,27.375
4,8/20/2023 9:33,1303,27,27.25,27.375,26.875,NA,27.375,27.125,27.125,27.25,27.125,27.125,27.25,27.375,27.75,27.5,27.5,27.625,27.125,27.5,27.375,27.625,27.5,NA,27.5,27.375
4,8/20/2023 10:03,1304,26.75,27,27.25,26.625,NA,27.125,27,26.875,27.125,26.875,27,27.125,27.25,27.625,27.25,27.25,27.375,26.875,27.375,27.125,27.375,27.375,NA,27.375,27.25
4,8/20/2023 10:33,1305,26.875,27.125,27.375,26.75,NA,27.25,27,27,27.25,27,27,27.125,27.25,27.625,27.25,27.25,27.375,26.875,27.375,27.125,27.375,27.25,NA,27.375,27.25
4,8/20/2023 11:03,1306,27.125,27.75,27.75,27.75,NA,27.625,27.25,27.75,27.875,27.5,27.375,27.25,27.875,27.75,27.875,27.625,27.875,27.375,28,27.625,28.125,27.5,NA,27.5,27.625
4,8/20/2023 11:33,1307,27.875,28.75,28.25,29,NA,28.125,27.625,28,28.625,28.25,27.875,27.875,28.625,28.25,28.125,28.25,28.375,27.625,29.5,28.5,28.5,28,NA,27.875,27.875
4,8/20/2023 12:03,1308,27.875,28.375,28.25,28,NA,28.125,27.75,27.875,28.375,28,27.75,27.875,28.25,28.25,28,28,28.125,27.5,28.5,28.125,28.25,28,NA,27.875,27.625
4,8/20/2023 12:33,1309,27.75,28,28,27.625,NA,28,27.75,27.75,28.125,27.75,27.75,27.75,27.875,28.125,27.875,27.875,28,27.375,28,27.875,28,27.875,NA,27.875,27.625
4,8/20/2023 13:03,1310,27.875,28.125,28.25,28.125,NA,28.375,27.875,28,28.25,28.125,27.875,28,28,28.375,28.125,28,28.125,27.5,28.375,27.875,28.375,28,NA,28,27.875
4,8/20/2023 13:33,1311,27.5,27.75,28,27.375,NA,28,27.625,27.625,27.875,27.75,27.625,27.75,27.625,28,27.75,27.625,27.75,27.25,27.75,27.625,27.875,27.75,NA,27.75,27.625
4,8/20/2023 14:03,1312,27.25,27.5,27.625,27.125,NA,27.625,27.375,27.375,27.625,27.5,27.375,27.5,27.375,27.625,27.375,27.375,27.5,26.875,27.5,27.375,27.5,27.375,NA,27.5,27.625
4,8/20/2023 14:33,1313,27.125,27.375,27.625,27.125,NA,27.625,27.25,27.25,27.625,27.5,27.375,27.5,27.25,27.5,27.25,27.25,27.375,26.75,27.375,27.125,27.375,27.25,NA,27.25,27.75
4,8/20/2023 15:03,1314,27.125,27.25,27.625,27,NA,27.5,27.25,27.25,27.5,27.375,27.25,27.375,27.125,27.5,27.125,27.375,27.375,26.625,27.375,27.125,27.5,27.125,NA,27.125,27.75
4,8/20/2023 15:33,1315,27.25,27.375,27.625,27.125,NA,27.625,27.25,27.25,27.625,27.5,27.375,27.5,27.25,27.5,27.25,27.25,27.375,26.75,27.375,27.25,27.375,27.25,NA,27.25,27.75
4,8/20/2023 16:03,1316,27.25,27.375,27.625,27.125,NA,27.625,27.25,27.375,27.5,27.375,27.375,27.5,27.25,27.625,27.25,27.25,27.375,26.875,27.375,27.25,27.375,27.25,NA,27.25,27.75
4,8/20/2023 16:33,1317,27.125,27.375,27.625,27.125,NA,27.625,27.25,27.375,27.5,27.375,27.25,27.5,27.25,27.625,27.25,27.375,27.375,26.875,27.5,27.25,27.375,27.375,NA,27.375,27.875
4,8/20/2023 17:03,1318,27.125,27.375,27.625,27.125,NA,27.5,27.25,27.375,27.5,27.375,27.125,27.5,27.25,27.625,27.375,27.375,27.5,27,27.5,27.375,27.5,27.375,NA,27.375,27.75
4,8/20/2023 17:33,1319,27,27.25,27.5,27,NA,27.375,27.125,27.125,27.375,27.125,27,27.375,27.125,27.5,27.25,27.25,27.375,26.875,27.375,27.25,27.25,27.25,NA,27.25,27.625
4,8/20/2023 18:03,1320,26.75,27,27.25,26.75,NA,27.125,27,26.875,27.25,27,27,27.125,27,27.375,27,27.125,27.25,26.625,27.125,27,27.125,27.125,NA,27.125,27.625
4,8/20/2023 18:33,1321,26.625,26.875,27.125,26.625,NA,27,26.875,26.75,27.125,26.875,26.875,27,26.875,27.25,26.875,27,27.125,26.625,27.125,27,27,27,NA,27.125,27.5
4,8/20/2023 19:03,1322,26.625,26.75,27.125,26.5,NA,26.875,26.75,26.625,27,26.75,26.875,26.875,26.75,27.125,26.75,26.875,27,26.375,27,26.875,26.875,26.875,NA,26.875,27.5
4,8/20/2023 19:33,1323,26.5,26.625,27,26.375,NA,26.875,26.625,26.625,27,26.625,26.625,26.75,26.625,27,26.75,26.75,26.875,26.375,26.875,26.75,26.75,26.75,NA,26.75,27.5
4,8/20/2023 20:03,1324,26.25,26.5,26.875,26.25,NA,26.75,26.5,26.375,26.875,26.5,26.5,26.625,26.5,26.875,26.625,26.625,26.75,26.25,26.75,26.625,26.625,26.625,NA,26.625,27.5
4,8/20/2023 20:33,1325,26.25,26.375,26.75,26.25,NA,26.625,26.375,26.375,26.875,26.5,26.5,26.625,26.375,26.75,26.5,26.5,26.625,26.125,26.625,26.5,26.5,26.625,NA,26.625,27.625
4,8/20/2023 21:03,1326,26.25,26.375,26.75,26.25,NA,26.625,26.375,26.375,26.875,26.5,26.5,26.625,26.5,26.875,26.5,26.5,26.625,26.125,26.75,26.625,26.5,26.625,NA,26.625,27.625
4,8/20/2023 21:33,1327,26.25,26.5,26.75,26.25,NA,26.625,26.5,26.375,26.875,26.5,26.5,26.625,26.5,26.875,26.5,26.625,26.75,26.25,26.75,26.625,26.5,26.625,NA,26.625,27.625
4,8/20/2023 22:03,1328,26.375,26.5,26.75,26.25,NA,26.75,26.5,26.375,26.875,26.5,26.5,26.625,26.5,26.875,26.5,26.625,26.75,26.125,26.75,26.625,26.625,26.625,NA,26.625,27.625
4,8/20/2023 22:33,1329,26.375,26.5,26.75,26.25,NA,26.75,26.5,26.375,26.875,26.5,26.5,26.625,26.5,26.875,26.5,26.625,26.625,26.125,26.75,26.625,26.5,26.625,NA,26.625,27.625
4,8/20/2023 23:03,1330,26.375,26.5,26.75,26.25,NA,26.75,26.5,26.375,26.875,26.625,26.5,26.75,26.5,26.875,26.5,26.625,26.625,26.125,26.75,26.625,26.625,26.625,NA,26.625,27.625
4,8/20/2023 23:33,1331,26.375,26.5,26.75,26.25,NA,26.75,26.5,26.5,26.875,26.625,26.5,26.625,26.5,26.875,26.5,26.625,26.625,26.125,26.75,26.625,26.5,26.625,NA,26.625,27.5
5,8/21/2023 0:03,1332,26.125,26.125,26.625,26,NA,26.5,26.25,26.125,26.625,26.375,26.25,26.5,26.25,26.5,26.25,26.25,26.375,25.875,26.375,26.25,26.375,26.375,NA,26.375,27.375
5,8/21/2023 0:33,1333,26,26,26.5,25.875,NA,26.375,26.125,26,26.375,26.125,26.125,26.375,26.125,26.375,26.125,26.25,26.25,25.75,26.25,26.125,26.25,26.25,NA,26.125,27.375
5,8/21/2023 1:03,1334,26,26.125,26.5,26,NA,26.375,26.125,26.125,26.5,26.25,26.25,26.375,26.125,26.5,26.25,26.25,26.375,25.875,26.375,26.25,26.25,26.375,NA,26.25,27.375
5,8/21/2023 1:33,1335,26.25,26.375,26.625,26.125,NA,26.625,26.375,26.25,26.625,26.375,26.375,26.5,26.375,26.625,26.375,26.5,26.5,26,26.625,26.5,26.5,26.5,NA,26.375,27.375
5,8/21/2023 2:03,1336,26.125,26.25,26.625,26.125,NA,26.5,26.25,26.25,26.625,26.375,26.375,26.5,26.25,26.625,26.375,26.375,26.5,25.875,26.5,26.375,26.5,26.375,NA,26.375,27.375
5,8/21/2023 2:33,1337,26.125,26.25,26.5,26.125,NA,26.5,26.25,26.25,26.625,26.375,26.25,26.5,26.25,26.625,26.375,26.375,26.5,26,26.5,26.375,26.5,26.375,NA,26.375,27.375
5,8/21/2023 3:03,1338,26.125,26.25,26.625,26.125,NA,26.5,26.25,26.25,26.75,26.375,26.25,26.5,26.375,26.625,26.375,26.375,26.5,26.125,26.625,26.5,26.5,26.5,NA,26.5,27.375
5,8/21/2023 3:33,1339,26.125,26.375,26.625,26.125,NA,26.625,26.25,26.25,26.75,26.5,26.375,26.5,26.375,26.75,26.5,26.5,26.625,26.125,26.625,26.5,26.5,26.5,NA,26.5,27.375
5,8/21/2023 4:03,1340,26.25,26.375,26.625,26.125,NA,26.625,26.375,26.375,26.875,26.5,26.375,26.5,26.5,26.75,26.5,26.5,26.625,26.25,26.75,26.625,26.625,26.625,NA,26.625,27.375
5,8/21/2023 4:33,1341,26.25,26.375,26.625,26.125,NA,26.625,26.375,26.375,26.875,26.5,26.375,26.5,26.5,26.875,26.625,26.5,26.75,26.25,26.75,26.625,26.625,26.625,NA,26.625,27.25
5,8/21/2023 5:03,1342,26.25,26.5,26.75,26.25,NA,26.75,26.375,26.375,26.875,26.5,26.5,26.625,26.5,26.875,26.625,26.625,26.75,26.375,26.75,26.625,26.625,26.75,NA,26.75,27.25
5,8/21/2023 5:33,1343,26.125,26.25,26.625,26.125,NA,26.5,26.25,26.25,26.75,26.375,26.375,26.5,26.375,26.75,26.5,26.375,26.625,26.125,26.625,26.5,26.5,26.5,NA,26.5,27.125
5,8/21/2023 6:03,1344,25.875,26,26.375,25.875,NA,26.375,26,26,26.5,26.125,26.125,26.25,26.125,26.5,26.25,26.125,26.25,25.75,26.375,26.25,26.25,26.25,NA,26.25,27.125
5,8/21/2023 6:33,1345,26,26.125,26.5,26,NA,26.375,26.125,26.125,26.5,26.25,26.125,26.375,26.25,26.625,26.375,26.25,26.5,26,26.5,26.375,26.375,26.375,NA,26.375,27.25
5,8/21/2023 7:03,1346,26.125,26.25,26.5,26,NA,26.5,26.25,26.25,26.625,26.375,26.25,26.375,26.375,26.75,26.5,26.375,26.625,26.125,26.625,26.5,26.5,26.5,NA,26.5,27.25
5,8/21/2023 7:33,1347,26,26.25,26.5,26,NA,26.5,26.125,26.25,26.625,26.375,26.25,26.375,26.25,26.625,26.375,26.375,26.5,26,26.5,26.375,26.5,26.375,NA,26.375,27.25
5,8/21/2023 8:03,1348,26.125,26.25,26.625,26.125,NA,26.625,26.25,26.25,26.625,26.375,26.375,26.5,26.375,26.75,26.5,26.5,26.625,26.125,26.625,26.5,26.5,26.5,NA,26.5,27.25
5,8/21/2023 8:33,1349,26.25,26.5,26.75,26.25,NA,26.75,26.375,26.375,26.75,26.5,26.5,26.625,26.625,26.875,26.625,26.625,26.75,26.25,26.75,26.625,26.625,26.625,NA,26.75,27.25
5,8/21/2023 9:03,1350,26.5,26.625,27,26.5,NA,26.875,26.625,26.625,26.875,26.75,26.625,26.75,26.75,27.125,26.75,26.875,27,26.5,27,26.875,26.875,26.875,NA,26.875,27.375
5,8/21/2023 9:33,1351,27.125,27.5,27.5,27.125,NA,27.75,27,27.375,27.5,27.375,27.125,27.125,27.625,28,27.375,27.625,27.875,27,27.625,27.375,27.75,27.375,NA,27.5,27.5
5,8/21/2023 10:03,1352,27.375,27.25,28.75,27.25,NA,28,28.125,27.625,27.875,27.625,28,28.125,28.125,28.5,27.875,28.25,28.5,27.375,28.125,27.75,28.25,27.75,NA,27.875,28.5
5,8/21/2023 10:33,1353,25.5,25.25,30.125,32.875,NA,28.5,28.75,28.5,28.625,27.25,27.875,28.25,29,28.875,28.375,28.25,29.375,27.875,29.125,28.375,29.5,28,NA,28.375,28.25
5,8/21/2023 11:03,1354,27.75,28.125,28,28,NA,28.5,28.125,28.125,28,27.75,28.75,33.5,29.25,28.75,29.375,28.5,28.875,28.375,29.125,28.625,29.5,28.25,NA,28.375,28.375
5,8/21/2023 11:33,1355,28.125,28.125,28,28.25,NA,28.375,28,28.375,28,28,28.375,31.5,27.625,27.875,28.125,27.625,28.625,28.5,29.75,29.375,28.5,26.75,NA,28.25,28.125
5,8/21/2023 12:03,1356,28.375,28.375,28.125,28.125,NA,28.5,28.75,28.25,28.25,28.125,28.5,28.125,28.625,28.625,28,25.875,28.125,27.375,27.5,27.75,28.125,27.875,NA,28.25,28.75
5,8/21/2023 12:33,1357,28.25,28.25,28.125,28,NA,28.375,28.25,28.125,28.25,28.125,28.375,28.25,27.75,27.875,27.625,27.625,27.75,27.375,27.75,27.5,27.625,27.75,NA,27.625,28
5,8/21/2023 13:03,1358,28.25,28.5,28.25,28,NA,28.5,28.375,28.25,28.375,28.25,28.625,28.25,27.875,28.125,27.875,27.75,27.875,27.5,27.875,27.625,27.875,28,NA,27.75,28.125
5,8/21/2023 13:33,1359,27.875,27.875,28,27.625,NA,28.125,27.875,27.75,28,27.875,28,28,27.5,27.75,27.625,27.5,27.625,27.25,27.625,27.375,27.5,27.625,NA,27.5,27.75
5,8/21/2023 14:03,1360,27.625,27.625,27.875,27.375,NA,27.875,27.625,27.625,27.75,27.625,27.75,27.875,27.375,27.625,27.375,27.375,27.5,27,27.375,27.25,27.375,27.5,NA,27.375,27.5
5,8/21/2023 14:33,1361,27.5,27.625,27.75,27.375,NA,27.75,27.625,27.5,27.75,27.625,27.625,27.75,27.375,27.625,27.375,27.25,27.5,27,27.375,27.125,27.375,27.375,NA,27.25,27.375
5,8/21/2023 15:03,1362,27.375,27.5,27.75,27.25,NA,27.75,27.5,27.5,27.625,27.5,27.5,27.625,27.375,27.5,27.375,27.25,27.5,27,27.375,27.125,27.375,27.375,NA,27.25,27.375
5,8/21/2023 15:33,1363,27.375,27.5,27.625,27.125,NA,27.625,27.375,27.375,27.625,27.5,27.5,27.625,27.25,27.5,27.25,27.125,27.375,26.875,27.25,27,27.25,27.25,NA,27.125,27.75
5,8/21/2023 16:03,1364,27.25,27.375,27.5,27.125,NA,27.625,27.375,27.375,27.5,27.375,27.375,27.5,27.125,27.375,27.125,27,27.25,26.75,27.125,27,27.125,27.125,NA,27.125,27.75
5,8/21/2023 16:33,1365,27.25,27.375,27.5,27,NA,27.5,27.25,27.25,27.5,27.375,27.375,27.375,27,27.25,27.125,27,27.125,26.75,27.125,26.875,27,27.125,NA,27,27.75
5,8/21/2023 17:03,1366,27,27.125,27.25,26.875,NA,27.375,27.125,27,27.25,27.125,27.125,27.25,26.75,27.125,26.875,26.75,27,26.5,26.875,26.625,26.875,26.875,NA,26.75,27.625
5,8/21/2023 17:33,1367,26.875,27,27.125,26.625,NA,27.25,27,27,27.125,27,27,27.125,26.625,26.875,26.75,26.625,26.875,26.375,26.75,26.5,26.75,26.75,NA,26.625,27.5
5,8/21/2023 18:03,1368,26.875,27,27.125,26.625,NA,27.125,26.875,26.875,27,27,26.875,27.125,26.625,26.875,26.625,26.5,26.75,26.25,26.625,26.5,26.625,26.625,NA,26.625,27.625
5,8/21/2023 18:33,1369,26.875,26.875,27.125,26.625,NA,27.125,26.875,26.875,27,26.875,26.875,27,26.5,26.875,26.625,26.5,26.75,26.25,26.625,26.375,26.5,26.625,NA,26.625,27.625
5,8/21/2023 19:03,1370,26.75,26.75,27,26.5,NA,27,26.75,26.75,26.875,26.75,26.75,27,26.375,26.75,26.5,26.375,26.625,26.125,26.5,26.375,26.5,26.5,NA,26.375,27.5
5,8/21/2023 19:33,1371,26.625,26.75,27,26.5,NA,27,26.75,26.625,26.875,26.75,26.75,26.875,26.375,26.625,26.5,26.375,26.5,26.125,26.375,26.25,26.5,26.5,NA,26.375,27.5
5,8/21/2023 20:03,1372,26.625,26.75,26.875,26.375,NA,26.875,26.625,26.625,26.875,26.75,26.625,26.875,26.375,26.625,26.5,26.375,26.5,26.125,26.375,26.25,26.5,26.375,NA,26.375,27.5
5,8/21/2023 20:33,1373,26.625,26.75,26.875,26.375,NA,26.875,26.75,26.625,26.875,26.75,26.625,26.875,26.375,26.625,26.5,26.375,26.5,26.125,26.5,26.25,26.5,26.5,NA,26.375,27.625
5,8/21/2023 21:03,1374,26.75,26.75,27,26.5,NA,27,26.75,26.75,26.875,26.75,26.75,26.875,26.375,26.75,26.5,26.375,26.625,26.125,26.5,26.375,26.5,26.5,NA,26.5,27.625
5,8/21/2023 21:33,1375,26.625,26.75,26.875,26.375,NA,26.875,26.75,26.625,26.875,26.75,26.625,26.875,26.375,26.625,26.5,26.375,26.5,26.125,26.5,26.375,26.5,26.5,NA,26.375,27.5
5,8/21/2023 22:03,1376,26.625,26.625,26.875,26.375,NA,26.875,26.625,26.625,26.875,26.75,26.625,26.875,26.375,26.625,26.5,26.375,26.5,26.125,26.375,26.25,26.5,26.5,NA,26.375,27.5
5,8/21/2023 22:33,1377,26.5,26.625,26.75,26.25,NA,26.875,26.625,26.5,26.75,26.625,26.5,26.75,26.25,26.625,26.375,26.25,26.5,26,26.375,26.25,26.375,26.375,NA,26.375,27.375
5,8/21/2023 23:03,1378,26.5,26.5,26.75,26.25,NA,26.75,26.5,26.5,26.625,26.625,26.5,26.625,26.125,26.5,26.375,26.125,26.375,25.875,26.25,26.125,26.25,26.25,NA,26.25,27.375
5,8/21/2023 23:33,1379,26.375,26.5,26.75,26.25,NA,26.75,26.5,26.375,26.625,26.5,26.375,26.625,26.125,26.5,26.25,26.125,26.375,25.875,26.25,26.125,26.25,26.25,NA,26.25,27.375
5,8/22/2023 0:03,1380,26.375,26.5,26.75,26.25,NA,26.75,26.5,26.5,26.625,26.5,26.5,26.625,26.125,26.375,26.25,26.125,26.375,25.875,26.25,26.125,26.25,26.25,NA,26.25,27.5
5,8/22/2023 0:33,1381,26.375,26.5,26.625,26.125,NA,26.625,26.375,26.375,26.625,26.5,26.375,26.625,26.125,26.375,26.25,26.125,26.25,25.875,26.125,26,26.125,26.125,NA,26.125,27.375
5,8/22/2023 1:03,1382,26.375,26.375,26.625,26.125,NA,26.625,26.375,26.375,26.5,26.5,26.375,26.5,26,26.375,26.125,26,26.25,25.75,26.125,26,26.125,26.125,NA,26.125,27.375
5,8/22/2023 1:33,1383,26.25,26.375,26.625,26.125,NA,26.5,26.375,26.25,26.5,26.375,26.25,26.5,26,26.25,26.125,26,26.25,25.75,26,25.875,26.125,26,NA,26,27.375
5,8/22/2023 2:03,1384,26.25,26.25,26.5,26,NA,26.375,26.25,26.125,26.375,26.25,26.125,26.375,25.875,26.125,26,25.875,26,25.625,25.875,25.75,25.875,25.875,NA,25.875,27.375
5,8/22/2023 2:33,1385,26.125,26.25,26.375,25.875,NA,26.375,26.125,26.125,26.375,26.25,26.125,26.375,25.75,26.125,25.875,25.75,26,25.5,25.875,25.625,25.875,25.875,NA,25.875,27.25
5,8/22/2023 3:03,1386,26.125,26.125,26.375,25.875,NA,26.375,26.125,26.125,26.25,26.25,26.125,26.375,25.75,26.125,25.875,25.75,26,25.5,25.875,25.75,25.875,25.875,NA,25.875,27.25
5,8/22/2023 3:33,1387,26.125,26.25,26.375,25.875,NA,26.375,26.25,26.125,26.375,26.25,26.125,26.375,25.875,26.125,25.875,25.75,26,25.5,25.875,25.75,25.875,25.875,NA,25.875,27.25
5,8/22/2023 4:03,1388,26.125,26.25,26.5,26,NA,26.375,26.25,26.125,26.375,26.25,26.125,26.375,25.875,26.125,25.875,25.875,26,25.5,25.875,25.75,25.875,25.875,NA,25.875,27.25
5,8/22/2023 4:33,1389,26.25,26.25,26.5,26,NA,26.5,26.25,26.25,26.375,26.375,26.125,26.375,25.875,26.125,25.875,25.875,26,25.5,25.875,25.75,25.875,25.875,NA,25.875,27.25
5,8/22/2023 5:03,1390,26.125,26.25,26.375,26,NA,26.375,26.25,26.125,26.375,26.25,26.125,26.375,25.75,26.125,25.875,25.75,26,25.5,25.875,25.75,25.875,25.875,NA,25.875,27.25
5,8/22/2023 5:33,1391,26.125,26.125,26.375,25.875,NA,26.375,26.125,26.125,26.25,26.25,26.125,26.375,25.75,26,25.875,25.75,25.875,25.5,25.75,25.625,25.875,25.75,NA,25.75,27.25
5,8/22/2023 6:03,1392,26.125,26.125,26.375,25.875,NA,26.375,26.125,26,26.25,26.25,26.125,26.25,25.75,26,25.875,25.75,25.875,25.5,25.75,25.625,25.75,25.75,NA,25.75,27.25
5,8/22/2023 6:33,1393,26.125,26.125,26.375,25.875,NA,26.375,26.125,26.125,26.25,26.25,26.125,26.25,25.75,26,25.875,25.75,25.875,25.5,25.75,25.625,25.875,25.75,NA,25.75,27.25
5,8/22/2023 7:03,1394,26.125,26.25,26.5,26,NA,26.5,26.25,26.125,26.375,26.25,26.125,26.375,25.875,26.125,25.875,25.875,26,25.625,25.875,25.75,25.875,25.875,NA,25.875,27.25
5,8/22/2023 7:33,1395,26.5,26.625,26.75,26.125,NA,26.75,26.625,26.375,26.75,26.75,26.5,26.75,26.125,26.5,26.25,26.125,26.25,25.875,26.25,26.125,26.125,26.125,NA,26.125,27.25
5,8/22/2023 8:03,1396,27.125,27.125,27.25,26.625,NA,27.25,27.125,27,27.25,27.25,27,27.25,26.625,27,26.75,26.625,26.75,26.375,26.75,26.625,26.5,26.625,NA,26.625,27.375
5,8/22/2023 8:33,1397,27.375,27.375,27.5,27.125,NA,27.5,27.375,27.375,27.5,27.5,27.375,27.375,27,27.375,27.125,27,27.125,26.75,27.125,26.875,27,27,NA,27,27.375
5,8/22/2023 9:03,1398,27.375,27.5,27.625,27.125,NA,27.625,27.5,27.5,27.625,27.5,27.5,27.5,27.5,27.5,27.375,27.125,27.375,26.875,27.375,27.125,27.125,27.25,NA,27.125,27.5
5,8/22/2023 9:33,1399,27.25,27.375,27.5,27,NA,27.5,27.375,27.25,27.5,27.375,27.375,27.375,27,27.25,27.125,27,27.25,26.75,27.125,26.875,27,27.125,NA,27,27.375
5,8/22/2023 10:03,1400,27.375,27.5,27.75,27.25,NA,27.75,27.625,27.75,27.875,27.75,27.625,27.625,27.625,27.625,27.375,27.25,27.5,27,27.5,27.125,27.25,27.5,NA,27.25,27.625
5,8/22/2023 10:33,1401,28,28.5,28.5,28.125,NA,28.625,28,28.75,28.75,28,28.375,27.875,28.5,28.125,28,27.5,28.25,27.25,28.375,27.75,27.875,28.25,NA,27.75,28
5,8/22/2023 11:03,1402,28.25,28.625,28.375,28.625,NA,29.125,28.125,28.875,28.625,28.125,28.75,28,28.75,28,27.875,27.625,28.5,27.375,28.375,27.625,28.125,28.5,NA,28.25,27.875
5,8/22/2023 11:33,1403,28.5,28.375,28.375,28.875,NA,28.75,29.125,29.125,28.5,28.125,28.875,28.125,28.875,28.125,28,27.75,28.25,27.5,28.125,27.625,28.5,28.75,NA,28,28.125
5,8/22/2023 12:03,1404,28.75,28.625,28.5,28.5,NA,28.75,29.625,28.75,28.5,28.25,28.625,28.375,28.5,28.25,28.125,27.875,28.25,27.625,28.125,27.75,28.25,28.375,NA,28,27.875
5,8/22/2023 12:33,1405,28.75,28.875,28.625,28.375,NA,28.875,29,28.625,28.75,28.5,28.75,28.5,28.375,28.375,28.25,28,28.375,27.75,28.25,27.875,28.125,28.375,NA,28.125,28.25
5,8/22/2023 13:03,1406,28.625,28.875,28.625,28.25,NA,28.75,28.75,28.5,28.625,28.5,28.875,28.5,28.5,28.625,28.375,28.125,28.5,27.875,28.5,28.125,28.25,28.375,NA,28.25,28.125
5,8/22/2023 13:33,1407,28.375,28.625,28.5,28.125,NA,28.625,28.625,28.375,28.5,28.375,28.625,28.375,28.375,28.625,28.25,28,28.5,27.875,28.25,28,28.125,28.125,NA,28.125,28
5,8/22/2023 14:03,1408,28.125,28.25,28.375,27.875,NA,28.375,28.25,28.125,28.25,28.125,28.375,28.25,28.125,28.25,28,27.75,28.125,27.625,28.125,27.875,27.875,27.875,NA,27.875,27.875
5,8/22/2023 14:33,1409,28.125,28.25,28.375,28,NA,28.5,28.25,28.25,28.375,28.25,28.375,28.25,28.25,28.25,28.125,27.75,28.125,27.75,28.125,27.875,27.875,27.875,NA,28,27.875
5,8/22/2023 15:03,1410,28.125,28.125,28.25,27.875,NA,28.375,28.125,28.125,28.25,28.125,28.25,28.125,28,28.25,27.875,27.75,28,27.625,28,27.75,27.875,27.875,NA,27.875,27.875
5,8/22/2023 15:33,1411,27.75,27.875,28,27.625,NA,28.125,27.875,27.875,28,27.875,27.875,27.875,27.75,27.875,27.625,27.5,27.625,27.375,27.75,27.5,27.625,27.5,NA,27.5,27.875
5,8/22/2023 16:03,1412,27.5,27.625,27.75,27.375,NA,27.875,27.625,27.625,27.75,27.625,27.625,27.625,27.25,27.5,27.25,27.125,27.375,27,27.5,27.125,27.25,27.125,NA,27.25,27.875
5,8/22/2023 16:33,1413,27.375,27.375,27.5,27.125,NA,27.625,27.375,27.375,27.5,27.375,27.375,27.5,27,27.25,27,27,27.125,26.75,27.125,26.875,27,26.875,NA,27.125,27.875
5,8/22/2023 17:03,1414,27.125,27.25,27.375,26.875,NA,27.5,27.25,27.125,27.375,27.25,27.25,27.375,26.75,27,26.75,26.75,26.875,26.625,26.875,26.75,26.75,26.625,NA,26.75,27.75
5,8/22/2023 17:33,1415,27,27.125,27.25,26.75,NA,27.375,27.125,27,27.25,27.125,27,27.125,26.5,26.875,26.625,26.5,26.625,26.375,26.75,26.5,26.625,26.375,NA,26.625,27.75
5,8/22/2023 18:03,1416,26.875,27,27.125,26.625,NA,27.25,26.875,27,27.125,27,26.875,27.125,26.375,26.5,26.375,26.25,26.375,26.125,26.25,26.25,26.375,26.25,NA,26.25,27.5
5,8/22/2023 18:33,1417,26.75,26.875,27,26.5,NA,27,26.75,26.75,27,26.875,26.75,26.875,26.375,26.625,26.375,26.25,26.5,26.125,26.375,26.25,26.5,26.375,NA,26.375,27.375
5,8/22/2023 19:03,1418,26.625,26.75,26.875,26.5,NA,27,26.75,26.75,26.875,26.75,26.625,26.875,26.25,26.5,26.375,26.25,26.5,26,26.25,26.125,26.5,26.375,NA,26.375,27.125
5,8/22/2023 19:33,1419,26.5,26.625,26.75,26.25,NA,26.875,26.5,26.5,26.75,26.625,26.5,26.625,26.125,26.5,26.25,26.125,26.375,25.875,26.25,26.125,26.25,26.25,NA,26.125,27
5,8/22/2023 20:03,1420,26.5,26.625,26.75,26.25,NA,26.75,26.5,26.5,26.75,26.625,26.5,26.625,26.125,26.5,26.25,26.125,26.375,25.875,26.25,26.125,26.25,26.25,NA,26.25,27
5,8/22/2023 20:33,1421,26.5,26.5,26.75,26.25,NA,26.75,26.5,26.5,26.625,26.625,26.5,26.625,26.125,26.375,26.25,26.125,26.25,25.875,26.125,26,26.25,26.125,NA,26.125,26.875
5,8/22/2023 21:03,1422,26.5,26.5,26.75,26.25,NA,26.75,26.5,26.5,26.625,26.625,26.5,26.625,26.125,26.375,26.25,26.125,26.25,25.875,26.125,26,26.25,26.125,NA,26.125,26.875
5,8/22/2023 21:33,1423,26.5,26.5,26.75,26.25,NA,26.75,26.5,26.5,26.625,26.625,26.5,26.625,26.125,26.375,26.125,26.125,26.25,25.75,26.125,26,26.125,26.125,NA,26.125,26.875
5,8/22/2023 22:03,1424,26.375,26.5,26.625,26.125,NA,26.75,26.375,26.375,26.625,26.5,26.375,26.625,26,26.25,26.125,26,26.25,25.75,26,25.875,26.125,26.125,NA,26.125,26.875
5,8/22/2023 22:33,1425,26.375,26.5,26.625,26.125,NA,26.625,26.375,26.375,26.625,26.5,26.375,26.5,26,26.25,26,26,26.125,25.75,26,25.875,26.125,26,NA,26,26.875
5,8/22/2023 23:03,1426,26.375,26.375,26.625,26.125,NA,26.625,26.375,26.375,26.5,26.5,26.375,26.5,26,26.25,26,25.875,26.125,25.625,26,25.875,26,26,NA,26,26.75
5,8/22/2023 23:33,1427,26.25,26.25,26.5,26,NA,26.5,26.25,26.25,26.375,26.375,26.25,26.375,25.875,26.125,25.875,25.875,26,25.5,25.875,25.75,25.875,25.875,NA,25.875,26.75
5,8/23/2023 0:03,1428,26.125,26.25,26.375,25.875,NA,26.375,26.125,26.125,26.25,26.25,26.125,26.25,25.75,26,25.875,25.75,25.875,25.5,25.75,25.625,25.875,25.75,NA,25.75,26.625
5,8/23/2023 0:33,1429,26.125,26.125,26.375,25.875,NA,26.375,26.125,26.125,26.25,26.25,26.125,26.25,25.625,26,25.75,25.625,25.875,25.5,25.75,25.625,25.75,25.75,NA,25.75,26.625
5,8/23/2023 1:03,1430,26,26.125,26.25,25.75,NA,26.25,26,26,26.25,26.125,26,26.125,25.625,25.875,25.75,25.625,25.75,25.375,25.625,25.5,25.75,25.625,NA,25.625,26.5
5,8/23/2023 1:33,1431,26,26.125,26.25,25.75,NA,26.25,26,26,26.25,26.125,26,26.125,25.625,25.875,25.75,25.625,25.75,25.375,25.625,25.5,25.75,25.625,NA,25.625,26.5
5,8/23/2023 2:03,1432,26,26.125,26.25,25.75,NA,26.25,26,26,26.25,26.125,26,26.125,25.625,25.875,25.625,25.625,25.75,25.375,25.625,25.5,25.625,25.625,NA,25.625,26.5
5,8/23/2023 2:33,1433,25.875,26,26.125,25.625,NA,26.25,26,25.875,26.125,26,26,26.125,25.5,25.875,25.625,25.5,25.625,25.375,25.5,25.5,25.625,25.5,NA,25.5,26.375
5,8/23/2023 3:03,1434,25.875,26,26.125,25.625,NA,26.125,25.875,25.875,26.125,26,25.875,26,25.5,25.75,25.625,25.5,25.625,25.25,25.5,25.375,25.625,25.5,NA,25.5,26.375
5,8/23/2023 3:33,1435,25.875,26,26.125,25.625,NA,26.125,25.875,25.875,26.125,26,25.875,26,25.5,25.75,25.625,25.5,25.625,25.25,25.5,25.375,25.625,25.5,NA,25.5,26.375
5,8/23/2023 4:03,1436,25.875,25.875,26.125,25.625,NA,26.125,25.875,25.875,26,26,25.875,26,25.375,25.75,25.5,25.375,25.625,25.125,25.5,25.375,25.5,25.5,NA,25.5,26.5
5,8/23/2023 4:33,1437,25.875,26,26.125,25.625,NA,26.125,25.875,25.875,26.125,26,25.875,26,25.375,25.75,25.5,25.5,25.625,25.25,25.5,25.375,25.625,25.5,NA,25.5,26.375
5,8/23/2023 5:03,1438,25.875,26,26.125,25.625,NA,26.125,25.875,25.875,26.125,26,25.875,26.125,25.5,25.75,25.625,25.5,25.625,25.25,25.5,25.375,25.625,25.5,NA,25.5,26.375
5,8/23/2023 5:33,1439,25.875,26,26.125,25.625,NA,26.125,25.875,25.875,26.125,26,25.875,26,25.5,25.75,25.625,25.5,25.625,25.25,25.5,25.375,25.625,25.5,NA,25.5,26.375
5,8/23/2023 6:03,1440,25.875,25.875,26.125,25.625,NA,26.125,25.875,25.875,26,26,25.875,26,25.375,25.75,25.5,25.5,25.625,25.25,25.5,25.375,25.5,25.5,NA,25.5,26.375
5,8/23/2023 6:33,1441,25.75,25.875,26,25.625,NA,26.125,25.875,25.875,26,25.875,25.875,26,25.375,25.75,25.5,25.375,25.625,25.125,25.5,25.375,25.5,25.5,NA,25.5,26.375
5,8/23/2023 7:03,1442,25.75,25.875,26,25.5,NA,26.125,25.75,25.75,26,25.875,25.875,26,25.375,25.75,25.5,25.375,25.625,25.125,25.375,25.25,25.5,25.375,NA,25.375,26.375
5,8/23/2023 7:33,1443,26.125,26.25,26.375,25.875,NA,26.375,26.25,26.125,26.375,26.375,26.125,26.375,25.75,26,25.875,25.75,25.875,25.5,25.875,25.625,25.75,25.75,NA,25.75,26.375
5,8/23/2023 8:03,1444,26.75,26.75,26.875,26.375,NA,26.875,26.75,26.625,26.875,26.875,26.625,26.75,26.125,26.5,26.375,26.25,26.375,26,26.375,26.125,26.25,26.25,NA,26.25,26.625
5,8/23/2023 8:33,1445,27.125,27.125,27.25,26.75,NA,27.375,27.125,27.125,27.25,27.25,27.25,27.125,26.75,27.125,26.875,26.75,26.875,26.5,27,26.625,26.75,26.75,NA,26.75,26.75
5,8/23/2023 9:03,1446,27.375,27.375,27.625,27,NA,27.5,27.5,27.5,27.75,27.625,27.375,27.5,27.375,27.625,27.375,27.25,27.5,27,27.5,27.125,27.25,27.375,NA,27.125,26.875
5,8/23/2023 9:33,1447,28.125,28.25,28.25,27.875,NA,28.25,28.25,28.375,28.625,28.25,28.375,28,28.375,28.25,28.125,27.75,28.125,27.5,28.25,27.625,28,28.125,NA,27.75,27.125
5,8/23/2023 10:03,1448,28.25,28.5,28.75,28.125,NA,28.625,28.5,28.75,28.875,28.75,28.75,28.5,28.875,28.625,28.5,28.25,28.625,28,28.625,28,28.25,28.625,NA,28,27.5
5,8/23/2023 10:33,1449,28.25,28.625,28.875,28.5,NA,28.875,28.375,28.875,29,28.5,28.75,28.375,29,28.625,28.5,28,28.625,27.75,28.625,28.125,28.375,28.75,NA,28.125,28
5,8/23/2023 11:03,1450,28.5,28.75,28.75,28.875,NA,29.25,29,29.125,28.875,28.5,29.125,28.375,29.125,28.5,28.375,28,28.875,27.875,28.75,28,28.625,28.875,NA,28.625,28.25
5,8/23/2023 11:33,1451,28.75,28.625,28.625,29,NA,29,28.625,29.25,28.625,28.375,29,28.5,29,28.375,28.25,28,28.625,27.75,28.375,28,28.75,29,NA,28.25,28.125
5,8/23/2023 12:03,1452,28.625,28.625,28.625,28.5,NA,28.875,29.375,28.75,28.625,28.375,28.75,28.5,28.75,28.5,28.25,28.125,28.5,27.875,28.375,28,28.5,28.625,NA,28.125,28.75
5,8/23/2023 12:33,1453,28.625,28.875,28.5,28.25,NA,28.75,29.25,28.5,28.625,28.375,28.75,28.375,28.5,28.5,28.25,28.125,28.375,27.875,28.25,27.875,28.25,28.375,NA,28,28.125
5,8/23/2023 13:03,1454,28.25,28.5,28.375,28,NA,28.5,28.375,28.25,28.375,28.125,28.5,28.25,28.125,28.25,28.125,27.875,28.25,27.625,28,27.75,28,28.125,NA,27.875,28.125
5,8/23/2023 13:33,1455,28.25,28.5,28.375,28,NA,28.625,28.75,28.25,28.375,28.25,28.625,28.25,28.375,28.375,28.125,27.875,28.25,27.75,28.125,27.875,28.125,28.125,NA,28,28.625
5,8/23/2023 14:03,1456,28.25,28.375,28.375,28,NA,28.5,28.375,28.25,28.375,28.25,28.5,28.25,28.25,28.25,28.125,27.875,28.25,27.75,28,27.75,28,28.125,NA,27.875,28.375
5,8/23/2023 14:33,1457,28,28.25,28.25,27.875,NA,28.5,28.125,28.125,28.25,28.125,28.375,28.125,28.125,28.125,28,27.75,28.125,27.625,27.875,27.625,27.875,28,NA,27.75,28.125
5,8/23/2023 15:03,1458,27.875,28,28.125,27.75,NA,28.25,28,28,28.125,28,28,28,27.75,28,27.875,27.625,27.875,27.375,27.75,27.5,27.75,27.75,NA,27.5,27.875
5,8/23/2023 15:33,1459,27.5,27.625,27.625,27.25,NA,27.75,27.5,27.5,27.75,27.5,27.625,27.625,27.375,27.625,27.375,27.25,27.5,27,27.375,27.125,27.375,27.375,NA,27.25,27.625
5,8/23/2023 16:03,1460,27.25,27.25,27.375,27,NA,27.5,27.25,27.25,27.375,27.25,27.25,27.25,27,27.25,27.125,26.875,27.25,26.625,27,26.875,27.125,27.125,NA,27,27.5
5,8/23/2023 16:33,1461,27,27.125,27.25,26.875,NA,27.375,27.125,27.125,27.25,27.125,27.125,27.125,26.875,27.125,27,26.875,27,26.625,26.875,26.75,27,27,NA,26.875,27.375
5,8/23/2023 17:03,1462,26.875,26.875,27,26.625,NA,27.125,26.875,26.875,27,26.875,26.875,27,26.625,26.875,26.75,26.625,26.75,26.25,26.625,26.5,26.75,26.75,NA,26.625,27.375
5,8/23/2023 17:33,1463,26.75,26.75,26.875,26.5,NA,27,26.75,26.75,26.875,26.75,26.75,26.875,26.5,26.75,26.625,26.5,26.625,26.25,26.5,26.375,26.625,26.625,NA,26.5,27.25
5,8/23/2023 18:03,1464,26.625,26.75,26.875,26.375,NA,26.875,26.625,26.625,26.875,26.75,26.625,26.75,26.375,26.75,26.375,26.375,26.5,26.125,26.625,26.375,26.5,26.375,NA,26.375,27.125
5,8/23/2023 18:33,1465,26.5,26.625,26.75,26.25,NA,26.875,26.5,26.5,26.75,26.625,26.5,26.625,26.125,26.5,26.25,26.125,26.375,26,26.375,26.125,26.375,26.125,NA,26.375,27.125
5,8/23/2023 19:03,1466,26.375,26.5,26.625,26.125,NA,26.75,26.375,26.5,26.625,26.5,26.375,26.5,26,26.375,26,26,26.125,25.875,26.25,26,26.25,25.875,NA,26.125,27
5,8/23/2023 19:33,1467,26.375,26.375,26.625,26.125,NA,26.625,26.375,26.375,26.5,26.5,26.25,26.5,25.875,26.25,25.875,25.875,26,25.75,26.125,25.875,26.125,25.75,NA,26,26.875
5,8/23/2023 20:03,1468,26.25,26.375,26.5,26,NA,26.625,26.25,26.25,26.5,26.375,26.25,26.375,25.75,26.125,25.75,25.75,25.875,25.625,26,25.75,26,25.625,NA,25.875,26.75
5,8/23/2023 20:33,1469,26.25,26.25,26.5,26.125,NA,26.5,26.25,26.25,26.5,26.375,26.25,26.375,25.625,26,25.75,25.625,25.875,25.5,25.875,25.625,25.875,25.625,NA,25.875,26.75
5,8/23/2023 21:03,1470,26.25,26.25,26.5,26,NA,26.5,26.25,26.25,26.375,26.375,26.25,26.375,25.625,26,25.625,25.625,25.75,25.5,25.875,25.625,25.875,25.5,NA,25.75,26.75
5,8/23/2023 21:33,1471,26.125,26.25,26.375,26,NA,26.5,26.25,26.25,26.375,26.25,26.125,26.375,25.5,25.875,25.625,25.5,25.625,25.375,25.75,25.5,25.75,25.5,NA,25.625,26.75
5,8/23/2023 22:03,1472,26.125,26.25,26.375,26,NA,26.375,26.125,26.125,26.375,26.25,26.125,26.25,25.5,25.875,25.5,25.5,25.625,25.375,25.75,25.5,25.75,25.375,NA,25.625,26.75
5,8/23/2023 22:33,1473,26,26.125,26.25,25.75,NA,26.375,26,26,26.25,26.125,26.125,26.25,25.375,25.75,25.5,25.375,25.5,25.25,25.625,25.375,25.625,25.25,NA,25.5,26.625
5,8/23/2023 23:03,1474,26,26.125,26.25,25.75,NA,26.25,26,26,26.25,26.125,26,26.125,25.375,25.625,25.375,25.375,25.5,25.25,25.5,25.375,25.5,25.25,NA,25.5,26.5
5,8/23/2023 23:33,1475,25.875,26,26.25,25.75,NA,26.25,26,26,26.125,26.125,26,26.125,25.25,25.625,25.375,25.25,25.375,25.125,25.5,25.25,25.5,25.125,NA,25.375,26.5
5,8/24/2023 0:03,1476,26,26,26.25,25.75,NA,26.25,26,26,26.25,26.125,26,26.125,25.25,25.625,25.25,25.25,25.375,25.125,25.5,25.25,25.5,25.125,NA,25.375,26.5
5,8/24/2023 0:33,1477,26,26,26.25,25.75,NA,26.25,26,26,26.125,26.125,26,26.125,25.25,25.5,25.25,25.25,25.375,25.125,25.375,25.25,25.5,25.125,NA,25.375,26.5
5,8/24/2023 1:03,1478,26,26,26.25,25.75,NA,26.25,26,26,26.125,26.125,26,26.125,25.125,25.5,25.25,25.125,25.25,25.125,25.375,25.125,25.375,25.125,NA,25.375,26.375
5,8/24/2023 1:33,1479,26,26.125,26.25,25.75,NA,26.25,26,26,26.25,26.125,26,26.125,25.25,25.5,25.25,25.125,25.375,25.125,25.375,25.125,25.375,25.125,NA,25.375,26.375
5,8/24/2023 2:03,1480,26,26.125,26.25,25.75,NA,26.375,26,26.125,26.25,26.125,26,26.25,25.25,25.5,25.25,25.125,25.375,25.125,25.375,25.125,25.5,25.125,NA,25.25,26.375
5,8/24/2023 2:33,1481,26,26.125,26.25,25.75,NA,26.25,26,26,26.25,26.125,26,26.125,25.125,25.5,25.25,25.125,25.25,25.125,25.375,25.125,25.375,25.125,NA,25.25,26.375
5,8/24/2023 3:03,1482,25.875,26,26.125,25.625,NA,26.125,26,26,26.125,26,26,26.125,25.125,25.5,25.125,25.125,25.25,25,25.375,25.125,25.375,25,NA,25.25,26.375
5,8/24/2023 3:33,1483,25.875,26,26.125,25.625,NA,26.125,25.875,25.875,26.125,26,25.875,26,25.125,25.375,25.125,25,25.125,25,25.375,25,25.25,25,NA,25.25,26.25
5,8/24/2023 4:03,1484,25.875,26,26.125,25.625,NA,26.125,25.875,25.875,26.125,26,25.875,26,25,25.375,25.125,25,25.125,25,25.375,25,25.25,25,NA,25.125,26.25
5,8/24/2023 4:33,1485,25.875,26,26.125,25.625,NA,26.125,25.875,25.875,26.125,26,25.875,26,25,25.375,25,25,25.125,24.875,25.25,25,25.25,25,NA,25.125,26.25
5,8/24/2023 5:03,1486,25.875,25.875,26.125,25.625,NA,26.125,25.875,25.875,26.125,26,25.875,26,25,25.375,25,25,25.125,24.875,25.25,25,25.25,24.875,NA,25.125,26.25
5,8/24/2023 5:33,1487,25.875,25.875,26.125,25.625,NA,26.125,25.875,25.875,26,26,25.875,26,25,25.25,25,25,25.125,24.875,25.25,25,25.25,24.875,NA,25.125,26.25
5,8/24/2023 6:03,1488,25.875,25.875,26.125,25.625,NA,26.125,25.875,25.875,26,26,25.875,26,25,25.375,25,25,25.125,24.875,25.25,25,25.25,24.875,NA,25.125,26.125
5,8/24/2023 6:33,1489,25.75,25.875,26,25.5,NA,26.125,25.75,25.75,26,25.875,25.875,25.875,25,25.25,25,25,25.125,24.875,25.125,25,25.125,24.875,NA,25,26.25
5,8/24/2023 7:03,1490,25.875,25.875,26.125,25.625,NA,26.125,25.875,25.875,26,26,25.875,26,25,25.375,25,25,25.125,24.875,25.25,25,25.125,24.875,NA,25.125,26.25
5,8/24/2023 7:33,1491,26.25,26.25,26.5,25.875,NA,26.375,26.25,26.125,26.375,26.375,26.125,26.375,25.25,25.625,25.5,25.25,25.5,25.125,25.625,25.25,25.375,25.125,NA,25.5,26.25
5,8/24/2023 8:03,1492,26.625,26.625,26.75,26.25,NA,26.75,26.625,26.5,26.75,26.75,26.625,26.75,25.75,26.125,26,25.75,25.875,25.625,26.125,25.625,25.75,25.625,NA,26,26.5
5,8/24/2023 8:33,1493,27,27,27.25,26.625,NA,27.25,27.125,27,27.25,27.125,27.125,27.125,26.25,26.625,26.375,26.25,26.375,26.125,26.375,26.125,26.125,26.125,NA,26.125,26.625
5,8/24/2023 9:03,1494,27.375,27.25,27.375,26.875,NA,27.375,27.25,27.375,27.625,27.625,27.25,27.375,27.25,27.125,27,26.875,27,26.625,27,26.75,26.75,27,NA,26.75,27.125
5,8/24/2023 9:33,1495,27.75,28,28,27.5,NA,28,28,28,28.25,28.125,28,27.75,27.75,27.75,27.5,27.125,27.625,27,27.75,27.125,27.375,27.5,NA,27.125,27.375
5,8/24/2023 10:03,1496,28,28.25,28.5,27.875,NA,28.375,28.25,28.5,28.625,28.5,28.375,28.25,28.375,28.125,28,27.75,28.125,27.375,28.125,27.5,27.875,28.125,NA,27.625,27.375
5,8/24/2023 10:33,1497,28.125,28.75,28.875,28.625,NA,29,28.375,29,29.125,28.375,28.875,28.25,29,28.375,28.375,27.625,28.625,27.375,28.75,28,28.25,28.625,NA,28,27.75
5,8/24/2023 11:03,1498,28.5,28.75,28.75,29,NA,29.375,28.625,29.25,28.875,28.375,29.125,28.375,29.125,28.25,28.125,27.625,28.75,27.5,28.625,27.75,28.375,28.75,NA,28.375,27.875
5,8/24/2023 11:33,1499,28.625,28.625,28.625,29,NA,29,28.75,29.25,28.625,28.375,29,28.375,28.875,28.25,28,27.75,28.375,27.5,28.25,27.75,28.5,28.875,NA,28,27.75
5,8/24/2023 12:03,1500,28.5,28.5,28.5,28.5,NA,28.75,28.75,28.625,28.5,28.25,28.625,28.25,28.5,28.25,28,27.75,28.25,27.5,28.125,27.625,28.25,28.375,NA,27.875,27.875
5,8/24/2023 12:33,1501,28.375,28.5,28.375,28.125,NA,28.625,28.625,28.375,28.375,28.25,28.5,28.25,28.25,28.25,28,27.75,28.125,27.5,28,27.625,28,28.125,NA,27.75,27.75
5,8/24/2023 13:03,1502,28.25,28.5,28.375,28,NA,28.5,28.5,28.25,28.25,28.125,28.625,28.25,28.125,28.125,27.875,27.625,28,27.375,27.875,27.625,27.875,28,NA,27.75,27.75
5,8/24/2023 13:33,1503,28.25,28.375,28.375,28,NA,28.5,28.375,28.125,28.25,28.125,28.625,28.25,28.125,28.125,27.875,27.625,28,27.375,27.875,27.625,27.875,28,NA,27.75,27.875
5,8/24/2023 14:03,1504,28.125,28.25,28.125,27.75,NA,28.25,28.125,28,28.125,28,28.375,28.125,27.75,28,27.75,27.625,27.875,27.25,27.75,27.5,27.75,27.875,NA,27.625,27.75
5,8/24/2023 14:33,1505,27.625,27.875,27.875,27.5,NA,28,27.75,27.75,27.875,27.75,27.875,27.75,27.5,27.625,27.5,27.25,27.625,27,27.375,27.25,27.5,27.5,NA,27.375,27.625
5,8/24/2023 15:03,1506,27.375,27.375,27.625,27.25,NA,27.625,27.375,27.5,27.5,27.5,27.5,27.5,27.125,27.375,27.25,27,27.25,26.625,27.125,26.875,27.125,27.25,NA,27.125,27.625
5,8/24/2023 15:33,1507,27.125,27.125,27.25,26.875,NA,27.5,27.125,27.125,27.25,27.125,27.125,27.25,26.875,27.125,26.875,26.75,27,26.5,26.875,26.625,26.875,26.875,NA,26.75,27.5
5,8/24/2023 16:03,1508,27,27.125,27.25,26.75,NA,27.375,27,27,27.125,27.125,27,27.125,26.75,27,26.875,26.75,26.875,26.375,26.75,26.625,26.875,26.875,NA,26.75,27.5
5,8/24/2023 16:33,1509,26.875,26.875,27,26.625,NA,27.125,26.875,26.875,27,27,26.875,27,26.625,26.875,26.625,26.5,26.75,26.25,26.625,26.5,26.75,26.625,NA,26.625,27.375
5,8/24/2023 17:03,1510,26.75,26.75,26.875,26.625,NA,27,26.75,26.75,26.875,26.875,26.75,26.875,26.375,26.625,26.5,26.375,26.625,26,26.375,26.25,26.5,26.5,NA,26.375,27
5,8/24/2023 17:33,1511,26.625,26.625,26.875,26.5,NA,26.875,26.625,26.625,26.875,26.75,26.625,26.75,26.375,26.625,26.5,26.375,26.5,26,26.375,26.25,26.5,26.5,NA,26.375,27.125
5,8/24/2023 18:03,1512,26.5,26.5,26.75,26.25,NA,26.75,26.5,26.5,26.625,26.625,26.5,26.625,26.25,26.625,26.375,26.25,26.5,26,26.375,26.25,26.5,26.375,NA,26.375,27.125
5,8/24/2023 18:33,1513,26.375,26.5,26.625,26.25,NA,26.75,26.375,26.5,26.625,26.5,26.375,26.5,26.25,26.5,26.375,26.25,26.375,25.875,26.25,26.125,26.5,26.375,NA,26.375,27
5,8/24/2023 19:03,1514,26.25,26.375,26.5,26.125,NA,26.625,26.25,26.375,26.5,26.5,26.25,26.5,26.125,26.5,26.25,26.125,26.375,25.875,26.25,26.125,26.375,26.25,NA,26.25,27
5,8/24/2023 19:33,1515,26.25,26.25,26.5,26.125,NA,26.5,26.25,26.25,26.375,26.375,26.25,26.375,26.125,26.375,26.125,26,26.25,25.75,26.125,26,26.25,26.125,NA,26.125,27
5,8/24/2023 20:03,1516,26.125,26.125,26.375,26,NA,26.375,26.125,26.125,26.25,26.25,26.125,26.25,26,26.25,26,26,26.125,25.625,26,25.875,26.125,26.125,NA,26,27
5,8/24/2023 20:33,1517,26,26.125,26.25,25.75,NA,26.375,26,26.125,26.25,26.25,26,26.125,25.875,26.25,26,25.875,26.125,25.625,26,25.75,26,26,NA,26,27
5,8/24/2023 21:03,1518,26,26.125,26.25,25.75,NA,26.375,26,26.125,26.25,26.25,26,26.125,25.875,26.125,26,25.875,26.125,25.625,26,25.875,26,26,NA,26,26.875
5,8/24/2023 21:33,1519,26,26.125,26.25,25.75,NA,26.25,26,26,26.25,26.25,26,26.125,25.875,26.125,25.875,25.875,26,25.5,25.875,25.75,26,25.875,NA,25.875,26.875
5,8/24/2023 22:03,1520,26,26.125,26.25,25.75,NA,26.375,26,26.125,26.25,26.25,26,26.25,25.875,26.125,26,25.875,26,25.625,25.875,25.75,26,26,NA,25.875,26.875
5,8/24/2023 22:33,1521,26,26,26.25,25.75,NA,26.25,26,26,26.125,26.125,26,26.125,25.75,26.125,25.875,25.75,26,25.5,25.875,25.75,26,25.875,NA,25.875,26.75
5,8/24/2023 23:03,1522,25.875,26,26.125,25.75,NA,26.25,25.875,26,26.125,26.125,25.875,26,25.75,26,25.875,25.75,25.875,25.375,25.75,25.625,25.875,25.875,NA,25.75,26.875
5,8/24/2023 23:33,1523,25.875,26,26.125,25.625,NA,26.25,25.875,26,26.125,26.125,25.875,26,25.75,26,25.75,25.75,25.875,25.375,25.75,25.625,25.875,25.75,NA,25.75,26.75
5,8/25/2023 0:03,1524,25.875,25.875,26.125,25.625,NA,26.125,25.875,25.875,26,26,25.875,26,25.625,25.875,25.75,25.625,25.75,25.375,25.625,25.5,25.75,25.625,NA,25.625,26.75
5,8/25/2023 0:33,1525,25.875,25.875,26.125,25.625,NA,26.125,25.875,25.875,26,26,25.875,26,25.5,25.875,25.625,25.5,25.75,25.375,25.625,25.5,25.75,25.625,NA,25.625,26.75
5,8/25/2023 1:03,1526,25.75,25.875,26,25.5,NA,26.125,25.75,25.75,26,26,25.75,26,25.5,25.75,25.625,25.5,25.625,25.25,25.5,25.375,25.625,25.5,NA,25.5,26.75
5,8/25/2023 1:33,1527,25.75,25.875,26,25.5,NA,26,25.75,25.75,25.875,26,25.75,25.875,25.375,25.75,25.5,25.375,25.625,25.125,25.5,25.25,25.5,25.5,NA,25.5,26.75
5,8/25/2023 2:03,1528,25.75,25.875,26,25.5,NA,26.125,25.75,25.75,26,26,25.75,25.875,25.375,25.75,25.5,25.375,25.625,25.125,25.375,25.25,25.5,25.5,NA,25.375,26.75
5,8/25/2023 2:33,1529,25.75,25.75,26,25.5,NA,26,25.75,25.75,25.875,25.875,25.75,25.875,25.375,25.625,25.375,25.25,25.5,25,25.375,25.25,25.5,25.375,NA,25.375,26.625
5,8/25/2023 3:03,1530,25.75,25.75,26,25.5,NA,26,25.75,25.75,25.875,25.875,25.75,25.875,25.25,25.625,25.375,25.25,25.5,25,25.375,25.25,25.375,25.375,NA,25.375,26.75
5,8/25/2023 3:33,1531,25.75,25.875,26,25.5,NA,26,NA,25.75,26,26,25.75,25.875,25.375,25.625,25.375,25.375,25.5,25,25.375,25.25,25.5,25.375,NA,25.375,26.625
5,8/25/2023 4:03,1532,25.75,25.875,26,25.5,NA,26.125,NA,25.875,26,26,25.875,26,25.375,25.625,25.5,25.375,25.5,25.125,25.375,25.25,25.5,25.5,NA,25.5,26.75
5,8/25/2023 4:33,1533,25.75,25.75,26,25.5,NA,26,NA,25.75,25.875,25.875,25.75,25.875,25.25,25.5,25.375,25.25,25.5,25,25.375,25.125,25.375,25.375,NA,25.375,26.625
5,8/25/2023 5:03,1534,25.75,25.875,26,25.5,NA,26,NA,25.75,26,26,25.75,25.875,25.375,25.625,25.375,25.375,25.5,25,25.375,25.25,25.5,25.375,NA,25.375,26.75
5,8/25/2023 5:33,1535,25.625,25.75,25.875,25.375,NA,26,NA,25.625,25.875,25.875,25.625,25.75,25.25,25.5,25.375,25.25,25.375,25,25.375,25.125,25.375,25.25,NA,25.375,26.375
5,8/25/2023 6:03,1536,25.625,25.625,25.875,25.375,NA,25.875,NA,25.5,25.875,25.75,25.5,25.75,25.125,25.5,25.25,25.125,25.375,24.875,25.125,25.125,25.375,25.25,NA,25.25,26.5
5,8/25/2023 6:33,1537,25.625,25.75,26,25.5,NA,26,NA,25.625,25.875,25.875,25.625,25.75,25.25,25.625,25.375,25.375,25.5,25,25.375,25.25,25.5,25.375,NA,25.375,26.375
5,8/25/2023 7:03,1538,25.75,25.75,26,25.5,NA,26,NA,25.75,25.875,25.875,25.75,25.875,25.375,25.75,25.375,25.375,25.5,25.125,25.375,25.25,25.5,25.375,NA,25.5,26.5
5,8/25/2023 7:33,1539,25.75,25.875,26.125,25.5,NA,26.125,NA,25.75,26,26,25.875,25.875,25.375,25.75,25.375,25.375,25.5,25.125,25.375,25.25,25.5,25.375,NA,25.375,27
5,8/25/2023 8:03,1540,26.375,26.375,26.625,26.125,NA,26.625,NA,26.375,26.625,26.625,26.375,26.5,25.875,26.25,26,25.875,26,25.625,26,25.75,25.875,25.875,NA,25.875,27.125
5,8/25/2023 8:33,1541,27,27,27.25,26.625,NA,27.25,NA,27,27.25,27.125,27.125,27,26.75,27,26.875,26.625,26.75,26.375,26.875,26.5,26.5,26.625,NA,26.625,27.125
5,8/25/2023 9:03,1542,27.25,27,27.375,26.625,NA,27.25,NA,27.25,27.375,27.5,27.125,27.25,27.125,27.125,27,26.75,27,26.5,27,26.625,26.75,27,NA,26.75,27.25
5,8/25/2023 9:33,1543,27.625,27.75,28,27.25,NA,27.75,NA,27.875,28,27.875,27.875,27.625,27.75,27.625,27.5,27.125,27.5,26.875,27.625,27,27.375,27.5,NA,27.125,27.375
5,8/25/2023 10:03,1544,27.875,28,28.375,27.75,NA,28.25,NA,28.25,28.5,28.375,28.125,28.125,28.375,28.125,28,27.5,28,27.375,28,27.375,27.625,28,NA,27.5,27.375
5,8/25/2023 10:33,1545,28,28.5,28.625,28.25,NA,28.75,NA,28.75,28.75,28.25,28.625,28.125,28.75,28.25,28.125,27.625,28.5,27.375,28.625,27.75,28,28.5,NA,27.875,27.875
5,8/25/2023 11:03,1546,28.375,28.625,28.625,28.875,NA,29.25,NA,29.125,28.75,28.375,29,28.25,28.875,28.125,28,27.625,28.625,27.5,28.5,27.75,28.125,28.625,NA,28.125,28
5,8/25/2023 11:33,1547,28.5,28.5,28.375,28.75,NA,28.875,NA,29.125,28.375,28.25,28.75,28.25,28.75,28.125,27.875,27.625,28.25,27.5,28.125,27.5,28.375,28.625,NA,27.875,28.125
5,8/25/2023 12:03,1548,28.375,28.375,28.375,28.25,NA,28.5,NA,28.5,28.25,28.125,28.375,28.125,28.125,28,27.75,27.5,28,27.25,27.875,27.5,27.875,28.125,NA,27.625,27.75
5,8/25/2023 12:33,1549,27.875,27.875,28,27.75,NA,28.125,NA,28,28,27.75,27.875,27.875,27.75,27.75,27.625,27.375,27.75,27.125,27.625,27.375,27.75,27.75,NA,27.5,27.625
5,8/25/2023 13:03,1550,27.875,28,28.125,27.875,NA,28.25,NA,28,28.125,28,28,28,27.875,28,27.75,27.625,27.875,27.375,27.875,27.5,27.875,27.875,NA,27.75,27.875
5,8/25/2023 13:33,1551,27.625,27.75,27.875,27.5,NA,28,NA,27.75,27.75,27.75,27.75,27.75,27.5,27.75,27.5,27.25,27.625,27,27.375,27.125,27.5,27.5,NA,27.375,27.625
5,8/25/2023 14:03,1552,27.5,27.625,27.75,27.375,NA,27.875,NA,27.625,27.75,27.625,27.625,27.625,27.375,27.625,27.375,27.125,27.5,26.875,27.25,27,27.375,27.375,NA,27.25,27.75
5,8/25/2023 14:33,1553,27.5,27.75,27.75,27.375,NA,27.875,NA,27.625,27.75,27.625,27.75,27.625,27.375,27.625,27.375,27.125,27.375,27,27.375,27.125,27.375,27.5,NA,27.25,27.875
5,8/25/2023 15:03,1554,27.375,27.5,27.625,27.25,NA,27.75,NA,27.5,27.5,27.5,27.5,27.5,27.25,27.375,27.25,27,27.25,26.75,27.25,27,27.25,27.25,NA,27.125,27.625
5,8/25/2023 15:33,1555,27.25,27.375,27.5,27,NA,27.5,NA,27.25,27.375,27.25,27.375,27.375,27,27.25,27,26.875,27.125,26.625,27,26.75,27,27,NA,26.875,27.625
5,8/25/2023 16:03,1556,27.125,27.25,27.375,27,NA,27.5,NA,27.25,27.375,27.25,27.25,27.25,26.875,27.125,27,26.75,27.125,26.625,26.875,26.75,27,27,NA,26.875,27.625
5,8/25/2023 16:33,1557,27.125,27.25,27.375,26.875,NA,27.5,NA,27.125,27.25,27.25,27.25,27.25,26.875,27.125,26.875,26.75,27,26.5,26.875,26.75,26.875,27,NA,26.875,27.5
5,8/25/2023 17:03,1558,27,27.125,27.25,26.75,NA,27.375,NA,27,27.125,27.125,27.125,27.125,26.75,27,26.75,26.625,26.875,26.375,26.75,26.625,26.875,26.75,NA,26.75,27.375
5,8/25/2023 17:33,1559,26.875,26.875,27.125,26.625,NA,27.125,NA,26.875,27,27,26.875,27,26.625,26.875,26.625,26.5,26.75,26.25,26.625,26.5,26.625,26.625,NA,26.625,27.25
5,8/25/2023 18:03,1560,26.625,26.625,26.75,26.375,NA,26.875,NA,26.5,26.75,26.625,26.625,26.625,26.25,26.5,26.375,26.25,26.5,26,26.25,26.125,26.375,26.375,NA,26.375,27.25
5,8/25/2023 18:33,1561,26.375,26.375,26.625,26.125,NA,26.75,NA,26.375,26.5,26.5,26.375,26.5,26.125,26.375,26.25,26.125,26.25,25.875,26.125,26,26.25,26.25,NA,26.25,27.25
5,8/25/2023 19:03,1562,26.25,26.25,26.5,26.125,NA,26.625,NA,26.25,26.375,26.375,26.125,26.375,26,26.25,26.125,26,26.25,25.75,26,26,26.125,26.125,NA,26.125,27.25
5,8/25/2023 19:33,1563,26.125,26.125,26.375,26,NA,26.5,NA,26.125,26.25,26.25,26.125,26.25,25.875,26.25,26,25.875,26.125,25.625,25.875,25.875,26.125,26,NA,26,27.125
5,8/25/2023 20:03,1564,25.75,25.75,26.125,25.5,NA,26.125,NA,25.75,25.875,25.875,25.75,25.875,25.5,25.75,25.625,25.5,25.625,25.25,25.5,25.375,25.625,25.5,NA,25.5,27
5,8/25/2023 20:33,1565,25.75,25.75,26.125,25.5,NA,26.125,NA,25.75,25.875,25.875,25.75,25.875,25.5,25.75,25.5,25.5,25.625,25.25,25.5,25.375,25.625,25.5,NA,25.5,27.125
5,8/25/2023 21:03,1566,25.875,25.875,26.125,25.625,NA,26.125,NA,25.875,26,26,25.875,26,25.5,25.75,25.625,25.5,25.625,25.25,25.5,25.375,25.625,25.625,NA,25.625,27.125
5,8/25/2023 21:33,1567,25.875,26,26.25,25.75,NA,26.25,NA,25.875,26.125,26,26,26,25.5,25.875,25.625,25.5,25.625,25.25,25.5,25.5,25.625,25.625,NA,25.625,27.125
5,8/25/2023 22:03,1568,25.875,25.875,26.125,25.625,NA,26.125,NA,25.75,26,26,25.875,26,25.375,25.75,25.5,25.375,25.625,25.25,25.5,25.375,25.625,25.5,NA,25.5,27.125
5,8/25/2023 22:33,1569,25.875,26,26.25,25.625,NA,26.25,NA,25.875,26.125,26,25.875,26.125,25.5,25.875,25.625,25.5,25.625,25.25,25.625,25.5,25.625,25.625,NA,25.625,27.125
5,8/25/2023 23:03,1570,26,26,26.25,25.75,NA,26.25,NA,26,26.125,26.125,26,26.125,25.5,25.875,25.625,25.5,25.625,25.25,25.625,25.5,25.625,25.625,NA,25.625,27
5,8/25/2023 23:33,1571,25.875,26,26.25,25.625,NA,26.25,NA,25.875,26.125,26,25.875,26,25.5,25.75,25.5,25.5,25.625,25.25,25.5,25.375,25.625,25.5,NA,25.5,26.875
5,8/26/2023 0:03,1572,25.875,25.875,26.125,25.625,NA,26.125,NA,25.75,26,26,25.875,26,25.375,25.625,25.5,25.375,25.5,25.125,25.375,25.25,25.5,25.375,NA,25.375,26.875
5,8/26/2023 0:33,1573,25.75,25.875,26.125,25.5,NA,26.125,NA,25.75,25.875,25.875,25.875,25.875,25.25,25.625,25.375,25.25,25.5,25,25.375,25.25,25.5,25.375,NA,25.375,26.75
5,8/26/2023 1:03,1574,25.75,25.875,26.125,25.5,NA,26.125,NA,25.75,26,25.875,25.875,25.875,25.375,25.625,25.375,25.25,25.5,25,25.375,25.25,25.5,25.375,NA,25.375,26.875
5,8/26/2023 1:33,1575,25.75,25.75,26,25.5,NA,26,NA,25.75,25.875,25.875,25.75,25.875,25.25,25.625,25.375,25.25,25.5,25,25.375,25.25,25.375,25.375,NA,25.375,26.875
5,8/26/2023 2:03,1576,25.75,25.75,26,25.5,NA,26.125,NA,25.75,26,25.875,25.75,25.875,25.25,25.625,25.375,25.25,25.5,25,25.375,25.25,25.375,25.375,NA,25.375,26.875
5,8/26/2023 2:33,1577,25.75,25.75,26,25.5,NA,26,NA,25.75,25.875,25.875,25.75,25.875,25.25,25.625,25.375,25.25,25.375,25,25.375,25.25,25.375,25.375,NA,25.375,26.875
5,8/26/2023 3:03,1578,25.75,25.75,26,25.5,NA,26,NA,25.75,25.875,25.875,25.75,25.75,25.25,25.5,25.25,25.125,25.375,24.875,25.375,25.125,25.375,25.25,NA,25.25,26.75
5,8/26/2023 3:33,1579,25.75,25.875,26.125,25.5,NA,26.125,NA,25.75,26,25.875,25.875,25.875,25.25,25.625,25.375,25.25,25.5,25,25.375,25.25,25.375,25.375,NA,25.375,26.875
5,8/26/2023 4:03,1580,25.75,25.875,26.125,25.625,NA,26.125,NA,25.875,26,25.875,25.75,25.875,25.25,25.625,25.375,25.25,25.5,25,25.375,25.25,25.5,25.375,NA,25.375,26.75
5,8/26/2023 4:33,1581,25.75,25.75,26,25.5,NA,26.125,NA,25.75,25.875,25.875,25.75,25.875,25.25,25.5,25.375,25.25,25.375,25,25.375,25.125,25.375,25.25,NA,25.25,26.75
5,8/26/2023 5:03,1582,25.625,25.75,26,25.5,NA,26,NA,25.75,25.875,25.875,25.625,25.75,25.125,25.5,25.25,25.125,25.375,24.875,25.25,25,25.25,25.25,NA,25.25,26.75
5,8/26/2023 5:33,1583,25.75,25.75,26,25.5,NA,26,NA,25.75,25.875,25.875,25.75,25.75,25.125,25.5,25.25,25.125,25.375,24.875,25.25,25.125,25.375,25.25,NA,25.25,26.75
5,8/26/2023 6:03,1584,25.625,25.75,26,25.5,NA,26,NA,25.75,25.875,25.875,25.625,25.75,25.125,25.5,25.25,25.125,25.375,24.875,25.25,25.125,25.25,25.25,NA,25.25,26.75
5,8/26/2023 6:33,1585,25.625,25.75,26,25.5,NA,26,NA,25.75,25.875,25.875,25.625,25.75,25.125,25.5,25.25,25.125,25.375,24.875,25.25,25,25.25,25.25,NA,25.25,26.75
5,8/26/2023 7:03,1586,25.75,25.75,26,25.5,NA,26,NA,25.75,25.875,25.875,25.75,25.75,25.125,25.5,25.25,25.125,25.375,24.875,25.25,25.125,25.375,25.25,NA,25.25,26.75
5,8/26/2023 7:33,1587,25.875,25.875,26.125,25.625,NA,26.125,NA,25.875,26,26,25.875,26,25.375,25.625,25.5,25.375,25.5,25.125,25.375,25.25,25.375,25.375,NA,25.375,26.75
5,8/26/2023 8:03,1588,26,26.125,26.25,25.75,NA,26.25,NA,26,26.25,26.125,26,26.125,25.5,25.75,25.625,25.5,25.625,25.25,25.625,25.375,25.5,25.5,NA,25.5,26.75
5,8/26/2023 8:33,1589,26.75,26.75,26.875,26.25,NA,26.875,NA,26.5,26.75,26.75,26.75,26.625,26.25,26.625,26.5,26.25,26.375,26,26.5,26.125,26.25,26.25,NA,26.25,26.875
5,8/26/2023 9:03,1590,27.125,26.875,27.25,26.625,NA,27.125,NA,27.125,27.375,27.375,27,27.125,27.25,27.125,27,26.875,27,26.5,27,26.625,26.75,27,NA,26.75,27
5,8/26/2023 9:33,1591,27.5,27.625,27.75,27.25,NA,27.75,NA,27.75,28,27.875,27.75,27.625,27.875,27.625,27.5,27,27.5,26.875,27.5,27,27.25,27.5,NA,27.125,27.125
5,8/26/2023 10:03,1592,27.625,27.75,28,27.5,NA,28,NA,28,28,28,27.875,27.75,27.75,27.625,27.5,27.125,27.625,27,27.5,27,27.25,27.625,NA,27.125,27.25
5,8/26/2023 10:33,1593,27.75,28.25,28.5,28.125,NA,28.5,NA,28.5,28.5,28,28.375,27.875,28.5,28,28,27.375,28.125,27.125,28.25,27.625,27.625,28.125,NA,27.625,27.75
5,8/26/2023 11:03,1594,27.875,28.125,28.25,28.125,NA,28.5,NA,28.375,28.25,27.875,28.375,27.875,28.125,27.875,27.75,27.375,28.125,27,28,27.375,27.75,28,NA,27.75,27.625
5,8/26/2023 11:33,1595,28,28.125,28.125,28.125,NA,28.375,NA,28.375,28.25,28,28.375,28,28.125,27.875,27.75,27.375,28,27.125,27.875,27.375,27.875,28.125,NA,27.625,27.75
5,8/26/2023 12:03,1596,28,28.25,28.125,27.875,NA,28.25,NA,28.125,28.125,28,28.25,28,28,28,27.75,27.5,27.875,27.25,27.75,27.375,27.75,27.875,NA,27.5,28.125
5,8/26/2023 12:33,1597,28,28.25,28.125,27.875,NA,28.25,NA,28,28.125,28,28.25,28,27.875,28.125,27.75,27.625,27.875,27.25,27.875,27.5,27.75,27.875,NA,27.625,28
5,8/26/2023 13:03,1598,27.625,27.75,27.75,27.375,NA,27.875,NA,27.625,27.75,27.625,27.75,27.625,27.625,27.75,27.625,27.375,27.625,27.125,27.625,27.375,27.625,27.625,NA,27.5,27.375
5,8/26/2023 13:33,1599,27.25,27.375,27.5,27,NA,27.5,NA,27.375,27.5,27.375,27.375,27.375,27.375,27.625,27.375,27.25,27.5,27,27.375,27.125,27.375,27.375,NA,27.375,27.375
5,8/26/2023 14:03,1600,27.125,27.125,27.25,26.875,NA,27.5,NA,27.125,27.25,27.125,27.125,27.125,27.125,27.375,27.125,27,27.25,26.75,27.125,27,27.25,27.25,NA,27.125,27.5
5,8/26/2023 14:33,1601,27,27.125,27.25,26.875,NA,27.5,NA,27.125,27.25,27.125,27.125,27.125,27.125,27.25,27.125,26.875,27.125,26.625,27,26.75,27,27.125,NA,27,27.5
5,8/26/2023 15:03,1602,27,27,27.125,26.75,NA,27.375,NA,27,27.125,27,27,27,26.875,27.125,26.875,26.75,27,26.375,26.75,26.625,26.875,26.875,NA,26.75,27.375
5,8/26/2023 15:33,1603,26.875,27,27.125,26.625,NA,27.375,NA,27,27.125,27,27,27,26.875,27.125,26.875,26.75,27,26.5,26.875,26.625,26.875,26.875,NA,26.875,27.25
5,8/26/2023 16:03,1604,26.875,26.875,27,26.625,NA,27.125,NA,26.875,27,26.875,26.875,26.875,26.625,26.875,26.75,26.5,26.75,26.25,26.625,26.5,26.75,26.75,NA,26.625,27.25
5,8/26/2023 16:33,1605,26.625,26.75,26.875,26.5,NA,27,NA,26.75,26.875,26.75,26.625,26.75,26.5,26.75,26.5,26.375,26.625,26.125,26.5,26.375,26.5,26.5,NA,26.5,27.125
5,8/26/2023 17:03,1606,26.5,26.625,26.75,26.25,NA,26.875,NA,26.5,26.625,26.625,26.5,26.625,26.25,26.5,26.375,26.125,26.375,25.875,26.25,26.125,26.375,26.25,NA,26.25,27.125
5,8/26/2023 17:33,1607,26.375,26.5,26.625,26.25,NA,26.75,NA,26.5,26.625,26.5,26.5,26.5,26.125,26.375,26.25,26.125,26.25,25.875,26.125,26,26.25,26.25,NA,26.125,27.125
5,8/26/2023 18:03,1608,26.25,26.25,26.5,26.125,NA,26.5,NA,26.25,26.375,26.375,26.25,26.375,25.875,26.25,26,25.875,26.125,25.625,26,25.75,26,26,NA,25.875,26.75
5,8/26/2023 18:33,1609,26.125,26.125,26.375,25.875,NA,26.375,NA,26.125,26.25,26.25,26.125,26.25,25.875,26.125,25.875,25.875,26,25.5,25.875,25.75,26,25.875,NA,25.875,26.75
5,8/26/2023 19:03,1610,26,26,26.25,25.75,NA,26.25,NA,26,26.125,26.125,26,26.125,25.75,26,25.875,25.75,25.875,25.375,25.75,25.625,25.875,25.75,NA,25.75,26.625
5,8/26/2023 19:33,1611,26,26,26.25,25.75,NA,26.25,NA,26,26.125,26.125,26,26.125,25.625,26,25.75,25.625,25.875,25.375,25.75,25.625,25.75,25.75,NA,25.75,26.625
5,8/26/2023 20:03,1612,26,26,26.125,25.75,NA,26.25,NA,26,26.125,26,26,26.125,25.625,25.875,25.75,25.625,25.75,25.25,25.625,25.5,25.75,25.625,NA,25.625,26.625
5,8/26/2023 20:33,1613,25.875,25.875,26.125,25.625,NA,26.125,NA,25.875,26,26,25.875,26,25.5,25.875,25.625,25.625,25.75,25.25,25.625,25.5,25.75,25.625,NA,25.625,26.5
5,8/26/2023 21:03,1614,25.875,25.75,26,25.5,NA,26.125,NA,25.875,25.875,25.875,25.75,26,25.5,25.75,25.625,25.5,25.625,25.25,25.5,25.5,25.625,25.5,NA,25.625,26.5
5,8/26/2023 21:33,1615,25.875,25.875,26,25.5,NA,26.125,NA,25.875,26,25.875,25.875,26,25.5,25.75,25.625,25.5,25.625,25.375,25.5,25.5,25.625,25.625,NA,25.625,26.5
5,8/26/2023 22:03,1616,25.75,25.875,26,25.5,NA,26.125,NA,25.875,26,25.875,25.875,26,25.5,25.75,25.625,25.5,25.625,25.25,25.5,25.375,25.625,25.5,NA,25.625,26.5
5,8/26/2023 22:33,1617,25.875,25.875,26,25.625,NA,26.125,NA,25.875,26,25.875,25.875,26,25.5,25.75,25.625,25.5,25.625,25.25,25.5,25.375,25.625,25.5,NA,25.625,26.5
5,8/26/2023 23:03,1618,25.875,25.875,26,25.625,NA,26.125,NA,25.875,26,25.875,25.875,26,25.5,25.75,25.625,25.5,25.625,25.25,25.5,25.375,25.625,25.5,NA,25.625,26.5
5,8/26/2023 23:33,1619,25.625,25.625,25.875,25.375,NA,25.875,NA,25.625,25.875,25.75,25.625,25.75,25.25,25.5,25.375,25.25,25.375,24.875,25.375,25.125,25.375,25.25,NA,25.25,26.375
5,8/27/2023 0:03,1620,25.625,25.625,25.875,25.375,NA,25.875,NA,25.625,25.875,25.625,25.5,25.75,25.125,25.5,25.25,25.125,25.375,24.875,25.25,25.125,25.25,25.25,NA,25.25,26.25
5,8/27/2023 0:33,1621,25.625,25.625,25.875,25.375,NA,25.875,NA,25.625,25.875,25.75,25.625,25.75,25.25,25.5,25.375,25.25,25.5,25,25.375,25.25,25.375,25.375,NA,25.375,26.25
5,8/27/2023 1:03,1622,25.625,25.625,25.875,25.375,NA,26,NA,25.625,25.875,25.75,25.625,25.75,25.25,25.625,25.375,25.25,25.5,25,25.375,25.25,25.5,25.375,NA,25.375,26.25
5,8/27/2023 1:33,1623,25.75,25.75,25.875,25.375,NA,26,NA,25.75,25.875,25.875,25.625,25.75,25.375,25.625,25.375,25.375,25.5,25,25.375,25.25,25.5,25.375,NA,25.375,26.25
5,8/27/2023 2:03,1624,25.625,25.75,25.875,25.375,NA,25.875,NA,25.625,25.875,25.75,25.625,25.75,25.25,25.625,25.375,25.25,25.5,25,25.375,25.25,25.5,25.375,NA,25.375,26.25
5,8/27/2023 2:33,1625,25.625,25.625,25.875,25.375,NA,25.875,NA,25.625,25.875,25.75,25.625,25.75,25.25,25.625,25.375,25.25,25.5,25,25.375,25.25,25.375,25.375,NA,25.375,26.25
5,8/27/2023 3:03,1626,25.5,25.625,25.75,25.25,NA,25.875,NA,25.5,25.75,25.625,25.5,25.75,25.125,25.5,25.25,25.125,25.375,24.875,25.25,25.125,25.25,25.25,NA,25.25,26.25
5,8/27/2023 3:33,1627,25.5,25.625,25.75,25.25,NA,25.875,NA,25.625,25.75,25.75,25.625,25.75,25.25,25.5,25.375,25.25,25.375,24.875,25.375,25.125,25.375,25.25,NA,25.25,26.25
5,8/27/2023 4:03,1628,25.5,25.5,25.75,25.25,NA,25.75,NA,25.5,25.625,25.625,25.5,25.75,25.125,25.5,25.25,25.125,25.375,24.875,25.25,25.125,25.25,25.25,NA,25.25,26.25
5,8/27/2023 4:33,1629,25.375,25.375,25.625,25.125,NA,25.625,NA,25.375,25.5,25.5,25.375,25.5,25,25.25,25.125,25,25.125,24.75,25.125,24.875,25.125,25.125,NA,25.125,26.125
5,8/27/2023 5:03,1630,25.125,25.125,25.375,24.875,NA,25.375,NA,25.125,25.25,25.25,25.125,25.25,24.75,25,24.875,24.75,24.875,24.5,24.75,24.625,24.875,24.75,NA,24.75,26
5,8/27/2023 5:33,1631,25.125,25,25.25,24.75,NA,25.25,NA,25,25.125,25.125,25,25.125,24.625,24.875,24.75,24.625,24.75,24.375,24.625,24.5,24.75,24.625,NA,24.625,26
5,8/27/2023 6:03,1632,25.125,25.125,25.375,24.75,NA,25.25,NA,25,25.125,25.125,25,25.25,24.625,24.875,24.75,24.625,24.75,24.25,24.625,24.5,24.75,24.625,NA,24.625,26
5,8/27/2023 6:33,1633,25.125,25.125,25.375,24.75,NA,25.375,NA,25,25.25,25.25,25.125,25.25,24.625,24.875,24.75,24.625,24.75,24.375,24.75,24.5,24.75,24.625,NA,24.625,26
5,8/27/2023 7:03,1634,25.375,25.375,25.625,25.125,NA,25.625,NA,25.375,25.5,25.5,25.375,25.625,24.875,25.25,25,24.875,25,24.625,25,24.875,25,24.875,NA,24.875,26.125
5,8/27/2023 7:33,1635,26,25.875,26.125,25.5,NA,26.125,NA,25.875,26.125,26.125,25.75,26.125,25.375,25.75,25.625,25.5,25.625,25.25,25.625,25.375,25.375,25.375,NA,25.5,26.25
5,8/27/2023 8:03,1636,26.125,26.125,26.375,25.75,NA,26.375,NA,26.125,26.375,26.25,26,26.25,25.625,26,25.75,25.75,25.875,25.5,25.875,25.75,25.75,25.75,NA,25.75,26.5
5,8/27/2023 8:33,1637,26.25,26.25,26.375,26,NA,26.5,NA,26.25,26.375,26.375,26.125,26.375,25.875,26.25,26,25.875,26,25.625,26,25.75,25.875,25.875,NA,25.875,26.625
5,8/27/2023 9:03,1638,26.375,26.5,26.625,26.125,NA,26.625,NA,26.5,26.625,26.625,26.5,26.5,26.125,26.5,26.25,26.125,26.25,25.875,26.25,26,26.125,26.25,NA,26.125,26.625
5,8/27/2023 9:33,1639,26.5,26.625,26.75,26.25,NA,26.75,NA,26.625,26.75,26.625,26.625,26.625,26.25,26.5,26.375,26.125,26.375,25.875,26.25,26,26.25,26.25,NA,26.125,26.75
5,8/27/2023 10:03,1640,26.5,26.625,26.75,26.375,NA,26.875,NA,26.625,26.75,26.625,26.625,26.625,26.25,26.5,26.375,26.125,26.375,25.875,26.25,26,26.25,26.375,NA,26.25,26.875
5,8/27/2023 10:33,1641,26.75,26.75,27,26.625,NA,27,NA,26.75,26.875,26.75,26.875,26.75,26.5,26.625,26.375,26.25,26.5,26,26.5,26.125,26.5,26.5,NA,26.375,27.125
5,8/27/2023 11:03,1642,26.875,27,27.125,26.875,NA,27.375,NA,27.125,27.125,27,27.125,27,26.75,26.75,26.625,26.375,26.75,26.125,26.625,26.25,26.5,26.75,NA,26.375,27.375
5,8/27/2023 11:33,1643,27.25,27.375,27.375,27.25,NA,27.5,NA,27.5,27.375,27.25,27.5,27.25,27,27,26.75,26.625,26.875,26.375,26.875,26.5,26.875,27,NA,26.625,27.5
5,8/27/2023 12:03,1644,27.625,27.75,27.75,27.5,NA,27.875,NA,27.75,27.75,27.625,27.75,27.625,27.375,27.375,27.125,27,27.25,26.75,27.125,26.875,27.125,27.25,NA,27.125,28.125
5,8/27/2023 12:33,1645,27.5,27.625,27.75,27.375,NA,27.875,NA,27.625,27.625,27.5,27.625,27.5,27.25,27.375,27.125,26.875,27.25,26.625,27.125,26.875,27.125,27.25,NA,27,27.5
5,8/27/2023 13:03,1646,27.5,27.625,27.75,27.375,NA,27.875,NA,27.625,27.625,27.5,27.625,27.5,27.125,27.375,27.125,27,27.25,26.75,27.125,26.875,27.125,27.25,NA,27,27.625
5,8/27/2023 13:33,1647,27.625,27.875,27.875,27.5,NA,28,NA,27.75,27.875,27.75,28,27.75,27.5,27.625,27.375,27.125,27.5,27,27.375,27.125,27.375,27.375,NA,27.25,28.125
5,8/27/2023 14:03,1648,27.625,27.75,27.75,27.375,NA,28,NA,27.625,27.75,27.75,27.75,27.625,27.375,27.625,27.375,27.125,27.5,27,27.375,27.125,27.375,27.375,NA,27.25,27.875
5,8/27/2023 14:33,1649,27.375,27.375,27.625,27.125,NA,27.625,NA,27.375,27.5,27.375,27.5,27.375,27.125,27.25,27.125,27,27.25,26.625,27.125,26.875,27.125,27.125,NA,27,27.625
5,8/27/2023 15:03,1650,27.25,27.25,27.5,27,NA,27.625,NA,27.25,27.375,27.375,27.375,27.375,27.125,27.375,27.125,26.875,27.125,26.625,27,26.875,27,27.125,NA,27,27.75
5,8/27/2023 15:33,1651,27,27.125,27.25,26.75,NA,27.375,NA,27.125,27.25,27.125,27.125,27.125,26.875,27.125,27,26.75,27,26.625,26.875,26.75,27,27,NA,26.875,27.375
5,8/27/2023 16:03,1652,26.75,26.875,27,26.625,NA,27.125,NA,26.75,26.875,26.875,26.75,26.875,26.5,26.875,26.625,26.5,26.75,26.25,26.5,26.375,26.5,26.625,NA,26.5,27.375
5,8/27/2023 16:33,1653,26.625,26.75,26.875,26.375,NA,27,NA,26.625,26.75,26.75,26.625,26.75,26.375,26.625,26.5,26.375,26.625,26.125,26.375,26.25,26.5,26.375,NA,26.375,27.375
5,8/27/2023 17:03,1654,26.5,26.5,26.75,26.25,NA,26.75,NA,26.5,26.625,26.625,26.5,26.625,26.25,26.625,26.375,26.375,26.5,26,26.375,26.25,26.5,26.375,NA,26.375,27.375
5,8/27/2023 17:33,1655,26.375,26.375,26.625,26.125,NA,26.75,NA,26.5,26.625,26.5,26.375,26.5,26.25,26.625,26.375,26.25,26.375,26,26.375,26.25,26.375,26.375,NA,26.375,27.25
5,8/27/2023 18:03,1656,26.375,26.375,26.5,26.125,NA,26.625,NA,26.375,26.5,26.375,26.25,26.5,26.125,26.5,26.375,26.25,26.375,25.875,26.25,26.125,26.375,26.25,NA,26.375,27.125
5,8/27/2023 18:33,1657,26.25,26.25,26.5,26.125,NA,26.5,NA,26.25,26.375,26.375,26.125,26.375,26.125,26.5,26.25,26.125,26.25,25.875,26.25,26.125,26.25,26.25,NA,26.25,27.125
5,8/27/2023 19:03,1658,26.125,26.125,26.375,26,NA,26.5,NA,26.25,26.375,26.25,26.125,26.25,26,26.375,26.125,26,26.25,25.75,26.125,26,26.25,26.125,NA,26.125,27.125
5,8/27/2023 19:33,1659,26,26.125,26.25,25.75,NA,26.375,NA,26.125,26.25,26.125,26,26.25,25.875,26.25,26.125,26,26.125,25.625,26,25.875,26.125,26,NA,26.125,27.125
5,8/27/2023 20:03,1660,26,26,26.25,25.75,NA,26.25,NA,26,26.125,26.125,26,26.125,25.875,26.125,26,25.875,26,25.625,25.875,25.75,26,25.875,NA,26,27
5,8/27/2023 20:33,1661,25.875,25.875,26.125,25.625,NA,26.125,NA,26,26.125,26,25.875,26,25.875,26.125,25.875,25.75,26,25.5,25.875,25.75,25.875,25.875,NA,25.875,27
5,8/27/2023 21:03,1662,25.875,25.875,26,25.625,NA,26.125,NA,25.875,26,25.875,25.875,26,25.625,26,25.75,25.625,25.875,25.375,25.75,25.625,25.75,25.75,NA,25.75,27
5,8/27/2023 21:33,1663,25.75,25.75,26,25.5,NA,26,NA,25.75,25.875,25.875,25.75,25.875,25.625,25.875,25.75,25.625,25.75,25.25,25.625,25.5,25.75,25.625,NA,25.625,27
5,8/27/2023 22:03,1664,25.625,25.75,25.875,25.375,NA,26,NA,25.625,25.875,25.75,25.625,25.75,25.5,25.75,25.625,25.5,25.625,25.25,25.5,25.375,25.625,25.5,NA,25.5,27
5,8/27/2023 22:33,1665,25.625,25.75,25.875,25.375,NA,25.875,NA,25.625,25.875,25.75,25.625,25.75,25.375,25.75,25.5,25.375,25.625,25.125,25.5,25.375,25.5,25.5,NA,25.5,27
5,8/27/2023 23:03,1666,25.5,25.5,25.75,25.25,NA,25.875,NA,25.5,25.625,25.625,25.5,25.625,25.25,25.625,25.375,25.25,25.5,25,25.375,25.125,25.375,25.375,NA,25.375,26.875
5,8/27/2023 23:33,1667,25.5,25.5,25.625,25.125,NA,25.75,NA,25.375,25.5,25.5,25.375,25.625,25.125,25.5,25.25,25.125,25.375,24.875,25.25,25.125,25.375,25.25,NA,25.25,26.875
6,8/28/2023 0:03,1668,25.375,25.375,25.625,25.125,NA,25.625,NA,25.375,25.5,25.5,25.375,25.5,25.125,25.375,25.25,25.125,25.375,24.875,25.25,25,25.25,25.25,NA,25.25,27
6,8/28/2023 0:33,1669,25.375,25.375,25.5,25,NA,25.625,NA,25.25,25.5,25.375,25.375,25.375,25.125,25.5,25.25,25.125,25.375,24.875,25.25,25.125,25.25,25.25,NA,25.25,27
6,8/28/2023 1:03,1670,25.125,25.25,25.375,24.875,NA,25.5,NA,25.125,25.375,25.25,25.125,25.25,25.125,25.375,25.25,25.125,25.25,24.875,25.25,25,25.25,25.125,NA,25.25,27
6,8/28/2023 1:33,1671,25.125,25.125,25.25,24.75,NA,25.25,NA,25,25.25,25.125,25,25.125,25.125,25.375,25.25,25,25.25,24.875,25.125,25,25.25,25.125,NA,25.125,26.875
6,8/28/2023 2:03,1672,24.875,25,25.125,24.625,NA,25.125,NA,24.875,25.125,25,24.875,25,25,25.375,25.125,25,25.25,24.75,25.125,25,25.125,25.125,NA,25.125,26.75
6,8/28/2023 2:33,1673,24.75,24.75,24.875,24.375,NA,25,NA,24.625,24.875,24.75,24.75,24.75,24.875,25.25,25,24.875,25.125,24.625,25,24.75,25,24.875,NA,25,26.75
6,8/28/2023 3:03,1674,24.5,24.5,24.75,24.25,NA,24.75,NA,24.5,24.625,24.625,24.5,24.625,24.75,25.125,25,24.75,25,24.5,24.875,24.625,24.875,24.875,NA,24.875,26.75
6,8/28/2023 3:33,1675,24.375,24.375,24.625,24.125,NA,24.625,NA,24.375,24.5,24.5,24.375,24.5,24.75,25,24.875,24.75,24.875,24.5,24.75,24.625,24.875,24.75,NA,24.75,26.75
6,8/28/2023 4:03,1676,24.375,24.375,24.625,24.125,NA,24.625,NA,24.375,24.5,24.375,24.375,24.5,24.75,25.125,25,24.875,25,24.625,24.875,24.75,25,24.875,NA,24.875,26.75
6,8/28/2023 4:33,1677,24.375,24.375,24.625,24.125,NA,24.625,NA,24.375,24.625,24.5,24.375,24.5,25,25.375,25.125,25,25.25,24.75,25.125,25,25.25,25.125,NA,25.125,26.75
6,8/28/2023 5:03,1678,24.375,24.375,24.625,24.125,NA,24.625,NA,24.375,24.625,24.5,24.375,24.5,25,25.375,25.25,25.125,25.25,24.875,25.25,25.125,25.25,25.125,NA,25.25,26.75
6,8/28/2023 5:33,1679,24.25,24.375,24.625,24.125,NA,24.625,NA,24.375,24.625,24.375,24.375,24.5,25.125,25.5,25.25,25.125,25.375,24.875,25.375,25.125,25.375,25.25,NA,25.375,26.75
6,8/28/2023 6:03,1680,24.25,24.25,24.5,24,NA,24.625,NA,24.25,24.5,24.375,24.25,24.375,25.25,25.5,25.375,25.25,25.5,25,25.375,25.25,25.375,25.25,NA,25.5,26.75
6,8/28/2023 6:33,1681,24.125,24.25,24.5,24,NA,24.5,NA,24.25,24.5,24.25,24.125,24.375,25.25,25.625,25.375,25.25,25.5,25,25.375,25.25,25.5,25.375,NA,25.5,26.75
6,8/28/2023 7:03,1682,24.25,24.25,24.5,24,NA,24.5,NA,24.25,24.5,24.375,24.25,24.375,25.375,25.75,25.5,25.5,25.625,25.25,25.5,25.375,25.625,25.5,NA,25.625,26.75
6,8/28/2023 7:33,1683,24.25,24.375,24.625,24.125,NA,24.625,NA,24.375,24.625,24.5,24.25,24.5,25.5,25.875,25.625,25.625,25.75,25.375,25.75,25.625,25.75,25.625,NA,25.75,26.75
6,8/28/2023 8:03,1684,24.375,24.5,24.75,24.25,NA,24.75,NA,24.5,24.75,24.625,24.5,24.625,25.75,26.125,25.875,25.75,26,25.5,25.875,25.75,25.875,25.875,NA,26,26.875
6,8/28/2023 8:33,1685,24.875,25.125,25.25,24.75,NA,25.25,NA,25.125,25.375,25.125,25.125,25.125,26.5,26.75,26.5,26.375,26.625,26.125,26.75,26.375,26.5,26.5,NA,26.5,26.875
6,8/28/2023 9:03,1686,25.75,25.625,26,25.25,NA,25.875,NA,26,26.25,26.25,25.625,26,27.625,27.625,27.25,27.25,27.375,27,27.5,27.125,27.25,27.375,NA,27.25,26.875
6,8/28/2023 9:33,1687,26.375,26.625,27,26.125,NA,26.75,NA,26.875,27.125,26.875,26.875,26.625,28.25,27.875,27.75,27.375,27.875,27.25,27.875,27.25,27.625,27.875,NA,27.375,27
6,8/28/2023 10:03,1688,27,27.25,27.75,27,NA,27.5,NA,27.625,27.875,27.75,27.375,27.5,28.875,28.375,28.125,27.625,28.5,27.625,28.25,27.5,27.75,28.375,NA,27.5,27.125
6,8/28/2023 10:33,1689,27.25,27.875,28.375,27.875,NA,28.25,NA,28.375,28.375,27.75,28.125,27.5,29,28.5,28.375,27.75,28.875,27.5,28.875,28,28,28.75,NA,28,27.625
6,8/28/2023 11:03,1690,27.75,28,28.25,28.375,NA,28.75,NA,28.75,28.25,27.875,28.5,27.75,29.25,28.25,28.25,27.75,28.875,27.5,28.5,27.875,28.125,28.75,NA,28.25,27.75
6,8/28/2023 11:33,1691,28.125,28.375,28.25,28.75,NA,28.625,NA,29.125,28.375,28.125,28.625,28,29.125,28.375,28.125,27.875,28.5,27.75,28.375,27.875,28.625,29,NA,28.125,27.875
6,8/28/2023 12:03,1692,28.5,28.625,28.5,28.5,NA,28.75,NA,28.875,28.5,28.375,28.625,28.375,28.625,28.5,28.25,28,28.5,27.875,28.25,27.875,28.375,28.625,NA,28.125,28
6,8/28/2023 12:33,1693,28.375,28.75,28.5,28.25,NA,28.625,NA,28.5,28.5,28.375,28.75,28.375,28.25,28.375,28.125,27.875,28.25,27.75,28.125,27.75,28,28.25,NA,27.875,28
6,8/28/2023 13:03,1694,28.5,28.75,28.625,28.25,NA,28.75,NA,28.5,28.5,28.5,28.75,28.375,28.25,28.375,28.125,27.875,28.25,27.75,28,27.75,28,28.125,NA,27.875,28
6,8/28/2023 13:33,1695,28.5,28.75,28.75,28.25,NA,28.875,NA,28.5,28.625,28.625,28.875,28.625,28.25,28.375,28.125,27.875,28.25,27.75,28.125,27.875,28,28.125,NA,28,28.375
6,8/28/2023 14:03,1696,28.5,28.625,28.625,28.25,NA,28.75,NA,28.5,28.625,28.5,28.75,28.5,28,28.25,28,27.875,28.125,27.625,28,27.75,28,28.125,NA,27.875,27.875
6,8/28/2023 14:33,1697,28.25,28.375,28.5,28.125,NA,28.625,NA,28.375,28.375,28.375,28.5,28.375,27.875,28.125,27.875,27.625,28,27.375,27.75,27.625,27.875,27.875,NA,27.75,27.875
6,8/28/2023 15:03,1698,28,28,28.125,27.75,NA,28.25,NA,28,28.125,28.125,28.125,28.125,27.5,27.875,27.625,27.5,27.75,27.25,27.625,27.375,27.625,27.625,NA,27.5,27.5
6,8/28/2023 15:33,1699,27.75,27.875,28,27.625,NA,28.125,NA,27.875,28,27.875,27.875,27.875,27.75,28.125,28,27.75,27.875,27.5,27.75,27.75,28,27.875,NA,27.875,27.375
6,8/28/2023 16:03,1700,27.625,27.625,27.75,27.375,NA,27.875,NA,27.625,27.75,27.625,27.625,27.625,27.75,28.125,27.875,27.75,28,27.5,27.75,27.625,28,27.875,NA,27.875,27.5
6,8/28/2023 16:33,1701,27.25,27.25,27.5,27.125,NA,27.625,NA,27.375,27.375,27.375,27.25,27.375,27.5,27.875,27.625,27.5,27.625,27.125,27.5,27.375,27.625,27.625,NA,27.5,27.5
6,8/28/2023 17:03,1702,27,27,27.25,26.75,NA,27.375,NA,27,27.125,27.125,27,27.125,27.375,27.75,27.625,27.5,27.625,27.125,27.5,27.375,27.625,27.5,NA,27.5,27.375
6,8/28/2023 17:33,1703,26.75,26.875,27,26.625,NA,27.125,NA,26.875,27,26.875,26.875,26.875,27.625,28,27.875,27.625,27.875,27.375,27.625,27.5,27.875,27.625,NA,27.625,27.375
6,8/28/2023 18:03,1704,26.5,26.625,26.75,26.375,NA,26.875,NA,26.625,26.75,26.625,26.625,26.625,27.625,28.125,28,27.75,27.875,27.375,27.625,27.625,28,27.75,NA,27.75,27.375
6,8/28/2023 18:33,1705,26.375,26.375,26.625,26.125,NA,26.625,NA,26.375,26.5,26.5,26.375,26.5,27.75,28.125,28,27.75,28,27.5,27.75,27.625,28,27.875,NA,27.75,27.375
6,8/28/2023 19:03,1706,26.125,26.25,26.375,26,NA,26.5,NA,26.125,26.375,26.25,26.125,26.25,27.75,28.25,28.125,27.875,28,27.5,27.75,27.625,28.125,27.875,NA,27.875,27.375
6,8/28/2023 19:33,1707,26,26.125,26.25,25.75,NA,26.375,NA,26,26.25,26.125,26.125,26.125,27.875,28.25,28.125,28,28.125,27.625,27.875,27.75,28.25,27.875,NA,28,27.375
6,8/28/2023 20:03,1708,25.875,25.875,26,25.625,NA,26.125,NA,25.875,26,25.875,25.875,25.875,27.875,28.25,28.25,27.875,28.125,27.625,27.875,27.75,28.25,27.875,NA,28,27.25
6,8/28/2023 20:33,1709,25.625,25.75,25.875,25.5,NA,26,NA,25.75,25.875,25.75,25.75,25.75,28,28.375,28.25,28,28.125,27.625,27.875,27.875,28.25,28,NA,28,27.25
6,8/28/2023 21:03,1710,25.5,25.625,25.75,25.25,NA,25.75,NA,25.5,25.875,25.625,25.5,25.625,27.875,28.25,28.125,27.875,28.125,27.625,27.875,27.75,28.125,27.875,NA,27.875,27.25
6,8/28/2023 21:33,1711,25.375,25.5,25.625,25.125,NA,25.75,NA,25.5,25.625,25.5,25.5,25.625,27.75,28.25,28.125,27.875,28.125,27.5,27.75,27.75,28.125,27.875,NA,27.875,27.125
6,8/28/2023 22:03,1712,25.25,25.375,25.5,25,NA,25.625,NA,25.375,25.5,25.375,25.375,25.5,27.875,28.25,28.125,27.875,28.125,27.5,27.75,27.75,28.125,27.875,NA,27.875,27.125
6,8/28/2023 22:33,1713,25.25,25.25,25.5,25,NA,25.5,NA,25.25,25.5,25.375,25.25,25.375,27.875,28.25,28.125,27.875,28.125,27.625,27.875,27.75,28.125,27.875,NA,27.875,27.125
6,8/28/2023 23:03,1714,25.125,25.125,25.375,24.875,NA,25.375,NA,25.125,25.375,25.25,25.125,25.25,27.75,28.25,28.125,27.875,28,27.5,27.75,27.75,28.125,27.875,NA,27.875,27.125
6,8/28/2023 23:33,1715,25.125,25.125,25.25,24.75,NA,25.25,NA,25,25.25,25.125,25,25.125,27.75,28.125,28,27.75,28,27.5,27.75,27.625,28,27.75,NA,27.75,27.125
6,8/29/2023 0:03,1716,24.875,25,25.125,24.625,NA,25.25,NA,24.875,25.125,25,24.875,25,27.625,28.125,28,27.75,28,27.5,27.625,27.625,28,27.75,NA,27.75,27
6,8/29/2023 0:33,1717,24.875,24.875,25.125,24.625,NA,25.125,NA,24.875,25.125,25,24.875,25,27.625,28.125,28,27.75,27.875,27.375,27.625,27.625,28,27.75,NA,27.75,27
6,8/29/2023 1:03,1718,24.75,24.875,25,24.5,NA,25.125,NA,24.875,25,24.875,24.875,25,27.75,28.25,28.125,27.75,28,27.5,27.75,27.75,28,27.75,NA,27.875,27
6,8/29/2023 1:33,1719,24.75,24.875,25,24.5,NA,25,NA,24.75,25,24.875,24.75,24.875,27.75,28.25,28.125,27.875,28,27.5,27.75,27.625,28,27.875,NA,27.875,27
6,8/29/2023 2:03,1720,24.75,24.75,25,24.5,NA,25,NA,24.75,25,24.75,24.75,24.875,27.75,28.125,28,27.75,28,27.5,27.75,27.625,28,27.75,NA,27.75,27
6,8/29/2023 2:33,1721,24.625,24.625,24.875,24.375,NA,24.875,NA,24.625,24.875,24.75,24.625,24.75,27.75,28.125,28,27.75,28,27.5,27.75,27.625,28,27.75,NA,27.75,27
6,8/29/2023 3:03,1722,24.625,24.625,24.875,24.375,NA,24.875,NA,24.625,24.875,24.75,24.625,24.75,27.75,28.25,28.125,27.875,28,27.5,27.75,27.75,28,27.875,NA,27.875,27
6,8/29/2023 3:33,1723,24.5,24.5,24.75,24.25,NA,24.75,NA,24.5,24.75,24.625,24.5,24.625,27.625,28,28,27.625,27.875,27.375,27.625,27.5,27.875,27.625,NA,27.625,26.875
6,8/29/2023 4:03,1724,24.5,24.5,24.75,24.125,NA,24.75,NA,24.5,24.75,24.5,24.5,24.625,27.5,27.875,27.875,27.625,27.75,27.25,27.5,27.375,27.75,27.5,NA,27.5,26.875
6,8/29/2023 4:33,1725,24.375,24.5,24.625,24.125,NA,24.625,NA,24.375,24.625,24.5,24.375,24.5,27.375,27.875,27.75,27.5,27.75,27.25,27.375,27.375,27.75,27.5,NA,27.5,26.875
6,8/29/2023 5:03,1726,24.375,24.375,24.625,24.125,NA,24.625,NA,24.375,24.625,24.5,24.375,24.5,27.375,27.875,27.75,27.5,27.625,27.125,27.375,27.375,27.75,27.375,NA,27.5,26.875
6,8/29/2023 5:33,1727,24.25,24.375,24.5,24,NA,24.625,NA,24.375,24.5,24.375,24.375,24.5,27.375,27.875,27.75,27.5,27.625,27.125,27.375,27.375,27.625,27.375,NA,27.375,26.875
6,8/29/2023 6:03,1728,24.375,24.375,24.5,24,NA,24.625,NA,24.375,24.625,24.375,24.375,24.5,27.375,27.875,27.75,27.5,27.625,27.125,27.375,27.375,27.75,27.375,NA,27.5,26.875
6,8/29/2023 6:33,1729,24.375,24.375,24.625,24,NA,24.625,NA,24.375,24.625,24.375,24.375,24.5,27.375,27.875,27.75,27.5,27.625,27.125,27.375,27.375,27.75,27.5,NA,27.5,26.875
6,8/29/2023 7:03,1730,24.375,24.375,24.625,24.125,NA,24.625,NA,24.375,24.625,24.5,24.375,24.5,27.375,27.875,27.75,27.625,27.75,27.25,27.5,27.375,27.75,27.5,NA,27.5,26.875
6,8/29/2023 7:33,1731,24.5,24.5,24.625,24.125,NA,24.75,NA,24.5,24.75,24.5,24.5,24.625,27.5,28,27.875,27.625,27.75,27.25,27.5,27.5,27.75,27.5,NA,27.5,27
6,8/29/2023 8:03,1732,25.125,24.875,25.125,24.5,NA,25.125,NA,24.875,25.125,25,24.875,25,27.875,28.375,28.375,28,28.125,27.625,28,27.875,28.125,27.875,NA,28,27
6,8/29/2023 8:33,1733,25.75,25.625,25.75,25.125,NA,25.625,NA,25.5,25.875,25.625,25.625,25.625,28.5,28.875,28.75,28.5,28.625,28.25,28.625,28.375,28.5,28.5,NA,28.375,27.125
6,8/29/2023 9:03,1734,25.875,25.875,26.125,25.5,NA,26,NA,26,26.125,26,26,26,28.625,28.875,28.625,28.5,28.625,28.125,28.625,28.25,28.5,28.5,NA,28.375,27.25
6,8/29/2023 9:33,1735,26.375,26.625,27,26.125,NA,26.75,NA,26.75,26.875,26.625,26.75,26.625,29.125,28.75,28.75,28.25,28.875,28.125,28.625,28.125,28.5,28.75,NA,28.375,27.25
6,8/29/2023 10:03,1736,27.5,27.25,27.625,26.75,NA,27.5,NA,28,27.5,27.625,27.375,27.5,29.375,29,29,28.25,29.125,28.25,28.875,28,28.375,29,NA,28.125,27.375
6,8/29/2023 10:33,1737,27.5,28,28.25,27.75,NA,28.125,NA,28.75,28.25,27.625,28,27.5,29.625,29,29,28.125,29.375,28,29.25,28.375,28.375,29.25,NA,28.375,27.875
6,8/29/2023 11:03,1738,27.875,28.375,27.875,28,NA,28.125,NA,28,28.75,28.125,28.375,27.75,29.5,28.625,28.625,28,29.25,27.75,29,28.125,28.625,29.25,NA,28.75,28.125
6,8/29/2023 11:33,1739,27.75,28,27.875,27.75,NA,28,NA,28,28.625,28,28.125,27.75,29.25,28.625,28.375,28.125,28.75,28,28.875,28.125,28.75,29.125,NA,28.5,28.125
6,8/29/2023 12:03,1740,27.75,27.875,28,27.625,NA,28,NA,28,28.375,28.125,28,28,28.375,28.375,28.125,27.625,28.125,27.625,28.125,27.75,28.125,28.375,NA,28,28.125
6,8/29/2023 12:33,1741,27.75,27.75,28,27.625,NA,28,NA,27.875,28.125,28.125,27.875,28,28.125,28.375,28,27.625,28,27.5,28,27.75,28,28.125,NA,28,27.875
6,8/29/2023 13:03,1742,27.625,27.75,27.875,27.5,NA,27.875,NA,27.625,28,28,27.75,27.875,27.875,28.375,27.875,27.625,27.875,27.5,27.875,27.625,27.875,27.875,NA,27.875,27.5
6,8/29/2023 13:33,1743,27.75,27.75,28,27.5,NA,28,NA,27.75,28,28.125,27.75,27.875,27.75,28.25,27.875,27.625,27.875,27.5,27.875,27.75,27.875,27.875,NA,27.875,27.75
6,8/29/2023 14:03,1744,27.875,27.75,27.875,27.5,NA,28,NA,27.625,27.875,28,27.75,27.875,27.875,28.25,27.875,27.75,27.875,27.625,27.875,27.75,28,28,NA,28,27.75
6,8/29/2023 14:33,1745,27.625,27.625,27.75,27.25,NA,27.75,NA,27.5,27.75,27.75,27.5,27.625,27.625,28.125,27.75,27.625,27.75,27.375,27.75,27.625,27.75,27.875,NA,27.75,27.5
6,8/29/2023 15:03,1746,27.375,27.375,27.5,27,NA,27.5,NA,27.25,27.5,27.5,27.25,27.25,27.375,27.75,27.5,27.375,27.5,27.125,27.5,27.375,27.5,27.5,NA,27.5,27.375
6,8/29/2023 15:33,1747,27.125,27.125,27.25,26.75,NA,27.375,NA,27,27.25,27.25,27,27.125,27.25,27.75,27.375,27.25,27.5,27,27.375,27.375,27.5,27.375,NA,27.5,27.25
6,8/29/2023 16:03,1748,27,27,27.125,26.625,NA,27.125,NA,26.875,27.125,27.125,26.875,27,27.5,28.125,27.75,27.625,27.875,27.375,27.75,27.625,27.875,27.75,NA,27.875,27.125
6,8/29/2023 16:33,1749,26.875,27,27,26.625,NA,27.125,NA,26.75,27,27,26.75,26.875,27.875,28.5,28.25,28,28.375,27.625,28.125,28,28.25,28.125,NA,28.25,27.125
6,8/29/2023 17:03,1750,26.875,26.875,27,26.5,NA,27.125,NA,26.75,26.875,27,26.75,26.875,28.25,29,28.625,28.375,28.75,28,28.5,28.5,28.625,28.5,NA,28.625,27
6,8/29/2023 17:33,1751,26.75,26.75,26.875,26.375,NA,27.125,NA,26.625,26.875,26.875,26.625,26.75,28.5,29.25,28.875,28.625,29,28.25,28.75,28.75,28.875,28.75,NA,28.875,27
6,8/29/2023 18:03,1752,26.625,26.625,26.75,26.25,NA,27,NA,26.5,26.625,26.75,26.5,26.625,28.625,29.25,29,28.75,29.125,28.375,28.75,28.75,29,28.875,NA,29,26.875
6,8/29/2023 18:33,1753,26.5,26.5,26.625,26.125,NA,27,NA,26.375,26.625,26.625,26.375,26.5,28.75,29.5,29.125,29,29.25,28.5,29,29,29.25,29.125,NA,29.125,26.75
6,8/29/2023 19:03,1754,26.5,26.5,26.625,26.125,NA,27,NA,26.375,26.625,26.625,26.375,26.5,28.875,29.5,29.25,29.125,29.25,28.625,29,29,29.25,29.125,NA,29.25,26.75
6,8/29/2023 19:33,1755,26.5,26.5,26.625,26.125,NA,27,NA,26.375,26.5,26.5,26.375,26.5,28.5,29,28.75,28.625,28.75,28.125,28.625,28.5,28.625,28.75,NA,28.75,26.75
6,8/29/2023 20:03,1756,26.375,26.375,26.5,26.125,NA,26.625,NA,26.25,26.375,26.5,26.25,26.375,28,28.75,28.375,28.25,28.5,27.875,28.25,28.25,28.375,28.375,NA,28.375,26.75
6,8/29/2023 20:33,1757,26.25,26.375,26.5,26,NA,26.5,NA,26.25,26.375,26.375,26.25,26.25,28,28.75,28.375,28.25,28.625,27.875,28.25,28.25,28.5,28.375,NA,28.375,26.75
6,8/29/2023 21:03,1758,26.25,26.25,26.375,25.875,NA,26.375,NA,26.125,26.25,26.25,26.125,26.125,28,28.75,28.375,28.25,28.625,27.875,28.25,28.25,28.5,28.375,NA,28.375,26.75
6,8/29/2023 21:33,1759,26.125,26.25,26.375,25.75,NA,26.375,NA,26,26.25,26.25,26.125,26.125,28.125,28.875,28.5,28.25,28.75,27.875,28.25,28.375,28.625,28.375,NA,28.5,26.625
6,8/29/2023 22:03,1760,26.125,26.125,26.25,25.75,NA,26.375,NA,26,26.125,26.25,26,26.125,28.125,28.875,28.375,28.375,28.75,28,28.375,28.375,28.625,28.5,NA,28.5,26.625
6,8/29/2023 22:33,1761,26,26.125,26.25,25.625,NA,26.25,NA,25.875,26,26.125,26,26,28.125,28.875,28.375,28.25,28.875,28,28.25,28.375,28.625,28.375,NA,28.5,26.625
6,8/29/2023 23:03,1762,26,26.125,26.25,25.625,NA,26.25,NA,26,26.125,26.125,26,26,28.25,28.875,28.5,28.375,28.875,28.125,28.375,28.5,28.75,28.5,NA,28.625,26.625
6,8/29/2023 23:33,1763,26.125,26.125,26.25,25.75,NA,26.375,NA,26,26.125,26.125,26,26.125,28.375,29,28.75,28.625,29.125,28.25,28.5,28.625,28.875,28.625,NA,28.75,26.625
6,8/30/2023 0:03,1764,26,26.125,26.25,25.75,NA,26.25,NA,26,26.125,26.125,26,26,28.375,29,28.75,28.625,29.125,28.25,28.625,28.625,29,28.75,NA,28.75,26.5
6,8/30/2023 0:33,1765,26,26.125,26.25,25.75,NA,26.25,NA,26,26.125,26.125,26,26,28.5,29.125,28.875,28.625,29.125,28.25,28.625,28.75,29,28.75,NA,28.875,26.5
6,8/30/2023 1:03,1766,26,26,26.25,25.625,NA,26.25,NA,25.875,26,26.125,25.875,26,28.5,29.125,28.75,28.625,29.125,28.25,28.625,28.625,29,28.75,NA,28.875,26.5
6,8/30/2023 1:33,1767,26,26.125,26.25,25.75,NA,26.375,NA,26,26.125,26.125,26,26.125,28.625,29.125,28.875,28.75,29.25,28.375,28.75,28.75,29,28.875,NA,28.875,26.5
6,8/30/2023 2:03,1768,26.125,26.125,26.25,25.75,NA,26.375,NA,26,26.125,26.125,26.125,26.125,28.625,29.25,29,28.875,29.25,28.5,28.875,28.875,29.125,29,NA,29,26.5
6,8/30/2023 2:33,1769,26.125,26.125,26.25,25.75,NA,26.375,NA,26,26.125,26.125,26,26.125,28.75,29.25,29,28.875,29.25,28.5,28.875,28.875,29.125,29,NA,29,26.5
6,8/30/2023 3:03,1770,26.125,26.125,26.25,25.75,NA,26.375,NA,26,26.125,26.25,26.125,26.125,28.625,29.125,28.875,28.75,29.25,28.375,28.75,28.75,29,28.875,NA,29,26.5
6,8/30/2023 3:33,1771,26.125,26.125,26.375,25.875,NA,26.375,NA,26,26.25,26.25,26.125,26.125,28.5,29,28.75,28.625,29,28.25,28.625,28.625,28.875,28.75,NA,28.875,26.5
6,8/30/2023 4:03,1772,26.125,26.25,26.375,25.875,NA,26.375,NA,26.125,26.25,26.25,26.125,26.125,28.375,28.875,28.625,28.5,28.875,28.125,28.5,28.5,28.75,28.625,NA,28.625,26.5
6,8/30/2023 4:33,1773,26.25,26.25,26.375,26,NA,26.5,NA,26.125,26.375,26.25,26.125,26.25,28.5,29.125,28.875,28.75,29,28.375,28.625,28.75,29,28.75,NA,28.875,26.625
6,8/30/2023 5:03,1774,26.125,26.125,26.25,25.75,NA,26.375,NA,26,26.125,26.25,26.125,26.125,28.375,29,28.75,28.625,29,28.25,28.5,28.625,28.875,28.625,NA,28.75,26.5
6,8/30/2023 5:33,1775,26.125,26.125,26.375,25.75,NA,26.375,NA,26,26.125,26.25,26.125,26.125,28.5,29.125,28.875,28.75,29.25,28.375,28.625,28.75,29,28.75,NA,28.875,26.5
6,8/30/2023 6:03,1776,26.125,26.125,26.375,25.75,NA,26.375,NA,26,26.25,26.25,26.125,26.125,28.625,29.25,29,28.875,29.375,28.5,28.875,28.875,29.125,29,NA,29,26.5
6,8/30/2023 6:33,1777,26.125,26.25,26.375,25.875,NA,26.5,NA,26.125,26.25,26.25,26.125,26.25,28.875,29.375,29.125,29,29.5,28.625,29,29,29.25,29.125,NA,29.25,26.5
6,8/30/2023 7:03,1778,26.25,26.25,26.5,26,NA,26.5,NA,26.25,26.375,26.375,26.25,26.25,28.875,29.375,29.125,29,29.375,28.625,29,29,29.25,29.125,NA,29.125,26.625
6,8/30/2023 7:33,1779,26.625,26.625,26.875,26.375,NA,26.875,NA,26.625,26.625,26.625,26.625,26.625,29,29.375,29.125,29.125,29.375,28.75,29,29.125,29.25,29.25,NA,29.25,26.75
6,8/30/2023 8:03,1780,27,26.875,27.125,26.625,NA,27.25,NA,27,27,27,27,27,28.875,29.25,29,28.875,29.125,28.5,28.875,28.875,29,29.125,NA,29,26.875
6,8/30/2023 8:33,1781,26.875,27,27.125,26.625,NA,27.25,NA,27,27.125,27.125,27,27.125,28.375,28.875,28.625,28.5,28.625,28.125,28.5,28.5,28.625,28.625,NA,28.625,26.875
6,8/30/2023 9:03,1782,27.125,27.125,27.375,26.875,NA,27.5,NA,27.125,27.25,27.25,27.125,27.25,28.625,29.25,29,28.75,29,28.375,28.875,28.75,28.875,28.875,NA,28.875,26.875
6,8/30/2023 9:33,1783,27.25,27.25,27.375,27,NA,27.5,NA,27.25,27.375,27.375,27.25,27.375,29,29.5,29.375,29.125,29.375,28.75,29.25,29.125,29.25,29.25,NA,29.375,27
6,8/30/2023 10:03,1784,27.75,27.625,27.75,27.375,NA,27.875,NA,27.5,27.75,27.75,27.5,27.75,29.125,29.875,29.5,29.125,29.375,28.875,29.375,29.25,29.375,29.375,NA,29.5,27.125
6,8/30/2023 10:33,1785,28.375,28.125,27.875,27.875,NA,28,NA,27.75,28.375,28.5,27.875,28.125,29.25,30.125,29.625,29.125,29.125,28.625,29.5,29.25,29,29.25,NA,29.625,27.625
6,8/30/2023 11:03,1786,28.375,28.25,28.125,27.875,NA,28.125,NA,28,28.5,28.625,28,28.375,28.75,29.625,29.25,29,28.875,28.5,29.125,28.875,28.875,29,NA,29.25,27.75
6,8/30/2023 11:33,1787,28.25,28.25,28.125,27.875,NA,28.25,NA,28,28.75,28.75,28.125,28.375,28.875,29.625,29.375,29,29.125,28.625,29.125,28.875,29,29,NA,29.375,27.875
6,8/30/2023 12:03,1788,28.125,28.125,28.25,27.875,NA,28.25,NA,28.125,28.5,28.5,28.125,28.375,29,29.75,29.5,29.125,29.375,28.75,29.25,29.125,29.25,29.25,NA,29.5,28
6,8/30/2023 12:33,1789,28.125,28.125,28.25,27.875,NA,28.25,NA,28,28.375,28.5,28.125,28.375,29.125,29.75,29.5,29.25,29.375,28.875,29.25,29.125,29.375,29.25,NA,29.5,27.75
6,8/30/2023 13:03,1790,28.25,28.25,28.375,28.125,NA,28.25,NA,28.125,28.375,28.625,28.125,28.5,29.125,29.75,29.375,29.125,29.25,28.75,29.125,29.125,29.25,29.25,NA,29.375,28.125
6,8/30/2023 13:33,1791,28.125,28.125,28.25,27.875,NA,28.125,NA,28,28.25,28.5,28,28.25,28.75,29.125,29,28.75,28.875,28.375,28.75,28.75,28.875,28.875,NA,29,28
6,8/30/2023 14:03,1792,28,28.125,28.125,27.75,NA,28.125,NA,28,28.25,28.25,28,28.25,28.75,29.125,29,28.625,29,28.5,28.75,28.75,28.875,28.875,NA,28.875,28
6,8/30/2023 14:33,1793,28,28,28.125,27.625,NA,28.125,NA,27.875,28.125,28.125,27.875,28.125,28.75,29.25,29.125,28.75,29.125,28.625,28.875,28.875,29.125,28.875,NA,29.125,28
6,8/30/2023 15:03,1794,27.75,27.875,28,27.5,NA,27.875,NA,27.75,27.875,28,27.75,27.75,28.875,29.375,29.125,28.875,29.375,28.75,29,29,29.25,29.125,NA,29.125,27.625
6,8/30/2023 15:33,1795,27.5,27.5,27.625,27.125,NA,27.625,NA,27.375,27.625,27.5,27.375,27.5,28.75,29.375,29.125,28.75,29.125,28.625,28.875,28.875,29.125,29,NA,29.125,27.375
6,8/30/2023 16:03,1796,27.25,27.25,27.375,26.875,NA,27.5,NA,27.125,27.375,27.25,27.125,27.25,28.625,29.25,29,28.75,29,28.5,28.875,28.875,29,28.875,NA,29.125,27.25
6,8/30/2023 16:33,1797,27.125,27.125,27.25,26.625,NA,27.375,NA,27,27.25,27.125,27,27.125,28.625,29.25,29,28.75,29.125,28.5,28.875,28.875,29.125,28.875,NA,29.125,27.25
6,8/30/2023 17:03,1798,27,27,27.25,26.625,NA,27.375,NA,27,27.125,27.125,27,27,28.75,29.375,29.125,28.875,29.25,28.625,29,29,29.125,29,NA,29.125,27.25
6,8/30/2023 17:33,1799,27,27,27.125,26.625,NA,27.375,NA,26.875,27,27,26.875,27,28.875,29.375,29.25,29,29.375,28.625,29.125,29,29.25,29.125,NA,29.25,27.25
6,8/30/2023 18:03,1800,26.75,26.875,27,26.5,NA,27.25,NA,26.75,26.875,26.875,26.75,26.75,28.875,29.375,29.25,29,29.375,28.625,29.125,29,29.375,29.125,NA,29.25,27.125
6,8/30/2023 18:33,1801,26.75,26.75,26.875,26.5,NA,27.25,NA,26.625,26.875,26.75,26.625,26.75,29,29.375,29.25,29.125,29.5,28.75,29.125,29.125,29.375,29.125,NA,29.25,27.125
6,8/30/2023 19:03,1802,26.625,26.75,26.875,26.375,NA,27.25,NA,26.625,26.75,26.75,26.625,26.625,28.875,29.375,29.25,29.125,29.5,28.75,29.125,29.125,29.375,29.125,NA,29.25,27
6,8/30/2023 19:33,1803,26.5,26.625,26.75,26.25,NA,27.125,NA,26.5,26.625,26.5,26.375,26.5,28.875,29.375,29.125,29,29.375,28.625,29,29,29.25,29.125,NA,29.125,27
6,8/30/2023 20:03,1804,26.5,26.5,26.625,26.25,NA,27.125,NA,26.375,26.625,26.5,26.375,26.5,28.875,29.375,29.125,29,29.375,28.625,29,29,29.25,29.125,NA,29.125,27
6,8/30/2023 20:33,1805,26.5,26.5,26.625,26.125,NA,27,NA,26.375,26.5,26.5,26.375,26.5,28.875,29.375,29.25,29.125,29.375,28.625,29.125,29,29.25,29.125,NA,29.25,27
6,8/30/2023 21:03,1806,26.375,26.5,26.625,26.125,NA,27,NA,26.375,26.5,26.5,26.375,26.375,28.875,29.25,29.125,29,29.375,28.625,29,29,29.25,29,NA,29.125,27
6,8/30/2023 21:33,1807,26.375,26.5,26.625,26.125,NA,27,NA,26.375,26.5,26.5,26.375,26.375,28.875,29.25,29.125,29,29.375,28.625,29,29,29.125,29,NA,29.125,27
6,8/30/2023 22:03,1808,26.5,26.5,26.625,26.125,NA,27.125,NA,26.375,26.5,26.5,26.375,26.5,28.875,29.375,29.25,29.125,29.375,28.625,29.125,29,29.25,29.125,NA,29.25,27
6,8/30/2023 22:33,1809,26.375,26.375,26.5,26.125,NA,27,NA,26.25,26.375,26.375,26.25,26.375,28.5,29,28.875,28.625,29,28.375,28.75,28.75,29,28.75,NA,28.875,26.875
6,8/30/2023 23:03,1810,26.375,26.375,26.5,26,NA,27,NA,26.25,26.375,26.375,26.25,26.25,28.5,29,28.75,28.625,29,28.25,28.75,28.625,28.875,28.75,NA,28.875,26.875
6,8/30/2023 23:33,1811,26.25,26.375,26.5,26,NA,27,NA,26.25,26.375,26.375,26.125,26.25,28.375,28.875,28.75,28.5,28.875,28.25,28.625,28.625,28.875,28.625,NA,28.75,26.875
6,8/31/2023 0:03,1812,26.25,26.25,26.375,25.875,NA,26.875,NA,26.125,26.25,26.25,26.125,26.25,28.375,28.875,28.75,28.625,29,28.25,28.625,28.625,28.875,28.625,NA,28.75,26.875
6,8/31/2023 0:33,1813,26.25,26.25,26.375,25.875,NA,27,NA,26.125,26.25,26.25,26.125,26.125,28.5,29.125,28.875,28.75,29.125,28.375,28.75,28.75,29,28.75,NA,28.875,26.75
6,8/31/2023 1:03,1814,26.125,26.25,26.375,25.875,NA,26.875,NA,26,26.25,26.25,26.125,26.125,28.5,29.125,29,28.75,29.125,28.375,28.75,28.75,29,28.75,NA,29,26.75
6,8/31/2023 1:33,1815,26.125,26.125,26.25,25.75,NA,26.875,NA,26,26.125,26.125,26,26.125,28.75,29.25,29.125,28.875,29.375,28.5,28.875,28.875,29.25,28.875,NA,29.125,26.75
6,8/31/2023 2:03,1816,26.125,26.125,26.25,25.75,NA,26.875,NA,26,26.125,26.125,26,26,28.75,29.375,29.25,29,29.5,28.625,29,29,29.25,29,NA,29.125,26.75
6,8/31/2023 2:33,1817,26,26,26.125,25.625,NA,26.75,NA,25.875,26,26,25.875,25.875,28.625,29.25,29,28.875,29.25,28.375,28.875,28.875,29.125,28.875,NA,29,26.625
6,8/31/2023 3:03,1818,25.875,25.875,26,25.5,NA,26.75,NA,25.75,25.875,25.875,25.75,25.75,28.5,29,28.875,28.625,29,28.25,28.75,28.625,28.875,28.625,NA,28.875,26.625
6,8/31/2023 3:33,1819,25.875,25.875,26,25.5,NA,26.875,NA,25.75,25.875,25.875,25.75,25.75,28.375,28.875,28.75,28.625,29,28.125,28.625,28.5,28.875,28.625,NA,28.75,26.625
6,8/31/2023 4:03,1820,25.875,25.875,26,25.5,NA,26.75,NA,25.75,25.875,25.875,25.75,25.75,28.375,29,28.875,28.625,29.125,28.25,28.625,28.625,28.875,28.625,NA,28.875,26.625
6,8/31/2023 4:33,1821,25.875,25.875,26,25.5,NA,26.75,NA,25.625,25.875,25.875,25.625,25.75,28.5,29.125,29,28.75,29.25,28.375,28.75,28.75,29,28.75,NA,29,26.625
6,8/31/2023 5:03,1822,25.75,25.75,25.875,25.375,NA,26.75,NA,25.625,25.875,25.75,25.625,25.75,28.375,29,28.875,28.625,29.125,28.25,28.625,28.625,28.875,28.625,NA,28.75,26.5
6,8/31/2023 5:33,1823,25.75,25.75,25.875,25.25,NA,26.625,NA,25.5,25.75,25.625,25.5,25.625,28.25,28.875,28.75,28.5,29,28.125,28.5,28.5,28.875,28.5,NA,28.625,26.375
6,8/31/2023 6:03,1824,25.75,25.75,25.875,25.25,NA,26.625,NA,25.5,25.75,25.75,25.5,25.625,28.25,28.875,28.75,28.5,29,28.125,28.5,28.5,28.875,28.5,NA,28.75,26.5
6,8/31/2023 6:33,1825,25.75,25.75,25.875,25.25,NA,26.625,NA,25.5,25.875,25.75,25.5,25.625,28.375,29,28.875,28.625,29.125,28.25,28.625,28.625,28.875,28.625,NA,28.875,26.375
6,8/31/2023 7:03,1826,25.75,25.75,25.875,25.375,NA,26.625,NA,25.5,25.875,25.75,25.5,25.625,28.5,29.125,29,28.75,29.25,28.375,28.75,28.75,29,28.75,NA,28.875,26.375
6,8/31/2023 7:33,1827,26,25.875,26.125,25.625,NA,26.875,NA,25.875,26,25.875,25.875,25.875,28.875,29.375,29.25,29,29.5,28.625,29,29,29.375,29.125,NA,29.125,26.625
6,8/31/2023 8:03,1828,26.125,26.125,26.25,25.75,NA,26.875,NA,26.125,26.125,26.125,26,26.125,29,29.625,29.375,29.125,29.75,28.875,29.25,29.25,29.5,29.25,NA,29.375,26.625
6,8/31/2023 8:33,1829,26.75,26.625,27,26.5,NA,27.375,NA,26.75,26.75,26.875,26.75,27,29.875,30.375,30,29.75,30.375,29.5,30,29.875,30.125,30.125,NA,30,26.75
6,8/31/2023 9:03,1830,27.25,27,27.375,27,NA,27.5,NA,27.125,27.125,27.125,27,27.125,30.375,30.875,30.75,30.375,31,30.125,30.5,30.5,30.75,30.625,NA,30.625,26.875
6,8/31/2023 9:33,1831,27.125,27,27.25,26.875,NA,27.25,NA,27,27.125,27.125,27,27,30.125,30.75,30.625,30.25,30.75,30,30.375,30.375,30.625,30.375,NA,30.5,26.875
6,8/31/2023 10:03,1832,28,27.625,27.75,27.625,NA,27.625,NA,27.5,27.875,27.75,27.5,27.625,30.5,31.625,31.25,30.625,31.125,30.5,31,31,31,31,NA,31.25,27.125
6,8/31/2023 10:33,1833,27.75,27.625,27.5,27.375,NA,27.5,NA,27.375,27.875,27.75,27.5,27.625,30.5,31.375,31.125,30.625,31,30.25,30.75,30.75,30.75,30.75,NA,31.125,27.25
6,8/31/2023 11:03,1834,27.875,27.75,27.5,27.125,NA,27.5,NA,27.375,28.125,27.875,27.375,27.625,30.375,31.75,31.125,30.75,31,30.125,30.75,30.5,30.75,30.625,NA,31.125,27.5
6,8/31/2023 11:33,1835,27.75,27.75,27.625,27.25,NA,27.5,NA,27.5,28.25,28.125,27.5,27.75,30.5,31.375,31.375,30.75,31.125,30.25,30.75,30.625,30.875,30.75,NA,31.375,27.5
6,8/31/2023 12:03,1836,27.625,27.625,27.625,27.25,NA,27.5,NA,27.5,28,27.875,27.5,27.75,30.375,31.125,31,30.5,31,30.25,30.625,30.5,30.75,30.625,NA,31,27.75
6,8/31/2023 12:33,1837,27.75,27.75,27.75,27.5,NA,27.625,NA,27.625,28,28.125,27.625,28,30.5,31.25,31,30.625,31.125,30.25,30.625,30.5,30.875,30.625,NA,30.875,27.5
6,8/31/2023 13:03,1838,27.75,27.75,27.75,27.375,NA,27.625,NA,27.5,27.875,28,27.625,27.75,30.25,31,30.875,30.5,31,30.125,30.5,30.5,30.75,30.5,NA,30.75,27.5
6,8/31/2023 13:33,1839,27.75,27.625,27.75,27.375,NA,27.625,NA,27.625,27.875,27.875,27.625,27.75,30.375,31,30.875,30.5,31,30.125,30.5,30.5,30.75,30.625,NA,30.875,27.625
6,8/31/2023 14:03,1840,27.625,27.625,27.625,27.25,NA,27.5,NA,27.375,27.75,27.75,27.5,27.625,30.25,30.875,30.75,30.375,30.875,30,30.375,30.375,30.625,30.375,NA,30.625,27.75
6,8/31/2023 14:33,1841,27.375,27.375,27.5,27,NA,27.5,NA,27.25,27.5,27.5,27.375,27.5,29.875,30.625,30.5,30.125,30.625,29.75,30.125,30.125,30.5,30.25,NA,30.375,27.375
6,8/31/2023 15:03,1842,27.125,27.25,27.25,26.75,NA,27.375,NA,27.125,27.25,27.25,27.125,27.125,29.875,30.5,30.375,30,30.625,29.75,30.125,30.125,30.375,30.125,NA,30.25,27.25
6,8/31/2023 15:33,1843,26.875,26.875,27,26.5,NA,27,NA,26.75,27,27,26.75,26.875,29.625,30.25,30.25,29.875,30.5,29.5,29.875,29.875,30.25,29.875,NA,30.125,27.125
6,8/31/2023 16:03,1844,26.625,26.625,26.75,26.25,NA,26.875,NA,26.5,26.75,26.75,26.5,26.625,29.625,30.375,30.25,29.875,30.625,29.5,29.875,29.875,30.375,29.875,NA,30.125,27
6,8/31/2023 16:33,1845,26.5,26.5,26.625,26.125,NA,26.625,NA,26.375,26.5,26.5,26.375,26.5,29.625,30.375,30.375,30,30.75,29.625,30,30.125,30.625,30,NA,30.25,27.125
6,8/31/2023 17:03,1846,26.375,26.375,26.5,26,NA,26.5,NA,26.25,26.375,26.5,26.25,26.375,29.75,30.5,30.5,30.125,30.875,29.75,30.125,30.125,30.625,30.125,NA,30.375,27.125
6,8/31/2023 17:33,1847,26.375,26.375,26.5,26,NA,26.5,NA,26.25,26.375,26.375,26.25,26.25,30.125,30.875,30.75,30.5,31.25,30,30.375,30.5,30.875,30.375,NA,30.75,27.125
6,8/31/2023 18:03,1848,26.375,26.375,26.5,26,NA,26.5,NA,26.25,26.375,26.375,26.125,26.25,30.25,31,31,30.625,31.375,30.25,30.625,30.625,31.125,30.625,NA,30.875,27.125
6,8/31/2023 18:33,1849,26.25,26.25,26.375,25.875,NA,26.375,NA,26.125,26.25,26.25,26.125,26.125,30.25,31,31,30.625,31.375,30.25,30.5,30.625,31.125,30.625,NA,30.875,27
6,8/31/2023 19:03,1850,26.125,26.125,26.25,25.75,NA,26.375,NA,26,26.25,26.125,26,26,30.5,31.25,31.25,30.875,31.625,30.375,30.75,30.875,31.375,30.75,NA,31.125,27
6,8/31/2023 19:33,1851,26.125,26.125,26.125,25.75,NA,26.25,NA,25.875,26.125,26.125,25.875,26,30.625,31.375,31.375,31.125,31.75,30.5,31,31,31.5,31,NA,31.25,27
6,8/31/2023 20:03,1852,26,26.125,26.125,25.625,NA,26.25,NA,25.875,26.125,26,25.875,26,30.75,31.5,31.5,31.125,31.875,30.625,31,31.125,31.625,31,NA,31.375,26.875
6,8/31/2023 20:33,1853,26,26,26,25.5,NA,26.125,NA,25.75,26,25.875,25.75,25.875,30.5,31.375,31.25,30.875,31.75,30.5,30.875,30.875,31.5,30.875,NA,31.125,26.875
6,8/31/2023 21:03,1854,25.875,25.875,26,25.5,NA,26.125,NA,25.75,26,25.875,25.75,25.75,30.625,31.5,31.375,31,31.75,30.5,31,31,31.625,31,NA,31.25,26.875
6,8/31/2023 21:33,1855,25.875,25.875,26,25.5,NA,26.125,NA,25.75,25.875,25.875,25.75,25.75,30.625,31.5,31.5,31.125,31.875,30.625,31,31.125,31.625,31,NA,31.375,26.75
6,8/31/2023 22:03,1856,25.875,25.875,25.875,25.375,NA,26.125,NA,25.625,25.875,25.875,25.625,25.75,30.625,31.5,31.5,31.125,31.875,30.625,31,31.125,31.625,31,NA,31.375,26.75
6,8/31/2023 22:33,1857,25.875,25.75,25.875,25.375,NA,26.125,NA,25.625,25.875,25.75,25.625,25.75,30.375,31.25,31.125,30.75,31.5,30.25,30.75,30.75,31.25,30.75,NA,31,26.75
6,8/31/2023 23:03,1858,25.875,25.875,25.875,25.375,NA,26.125,NA,25.625,25.875,25.875,25.75,25.75,30.375,31.125,31.125,30.75,31.5,30.25,30.625,30.75,31.125,30.625,NA,31,26.75
6,8/31/2023 23:33,1859,25.875,25.875,25.875,25.5,NA,26.375,NA,25.75,25.875,25.875,25.75,25.75,30.5,31.25,31.25,30.875,31.625,30.375,30.75,30.875,31.375,30.75,NA,31.125,26.75
6,9/1/2023 0:03,1860,25.875,25.875,25.875,25.375,NA,26.25,NA,25.625,25.875,25.875,25.625,25.75,30.25,31.125,31,30.625,31.625,30.25,30.625,30.625,31.25,30.625,NA,30.875,26.75
6,9/1/2023 0:33,1861,25.625,25.625,25.625,25.125,NA,26.375,NA,25.375,25.625,25.625,25.375,25.5,29.75,30.625,30.375,30.125,31,29.625,30,30.125,30.75,30,NA,30.25,26.625
6,9/1/2023 1:03,1862,25.625,25.625,25.75,25.125,NA,26.625,NA,25.375,25.625,25.625,25.5,25.625,29.875,30.75,30.625,30.25,31.125,29.875,30.25,30.375,30.875,30.25,NA,30.5,26.625
6,9/1/2023 1:33,1863,25.75,25.75,25.75,25.25,NA,26.75,NA,25.5,25.875,25.75,25.625,25.625,30.125,30.875,30.75,30.5,31.25,30,30.375,30.5,31,30.375,NA,30.625,26.75
6,9/1/2023 2:03,1864,25.75,25.75,25.875,25.375,NA,26.75,NA,25.625,25.875,25.75,25.625,25.625,30.125,31,30.875,30.5,31.375,30.125,30.5,30.5,31.125,30.5,NA,30.75,26.625
6,9/1/2023 2:33,1865,25.75,25.75,25.75,25.25,NA,26.75,NA,25.5,25.875,25.75,25.5,25.625,30,31,30.75,30.5,31.375,30,30.375,30.5,31,30.375,NA,30.625,26.625
6,9/1/2023 3:03,1866,25.625,25.75,25.75,25.25,NA,26.625,NA,25.5,25.75,25.625,25.5,25.625,29.875,30.875,30.625,30.25,31.125,29.875,30.25,30.375,30.875,30.25,NA,30.5,26.625
6,9/1/2023 3:33,1867,25.75,25.75,25.75,25.25,NA,26.625,NA,25.5,25.75,25.75,25.5,25.625,30,30.875,30.625,30.375,31.25,30,30.25,30.375,30.875,30.25,NA,30.625,26.625
6,9/1/2023 4:03,1868,25.75,25.75,25.75,25.25,NA,26.625,NA,25.5,25.875,25.75,25.5,25.625,30,30.875,30.75,30.375,31.25,30,30.25,30.375,30.875,30.25,NA,30.625,26.625
6,9/1/2023 4:33,1869,25.75,25.75,25.875,25.375,NA,26.75,NA,25.625,25.875,25.75,25.625,25.625,30,31,30.875,30.5,31.25,30,30.375,30.5,31,30.375,NA,30.75,26.625
6,9/1/2023 5:03,1870,25.625,25.625,25.625,25.125,NA,26.625,NA,25.375,25.625,25.625,25.5,25.625,29.75,30.625,30.5,30.125,31,29.75,30,30.125,30.75,30.125,NA,30.375,26.5
6,9/1/2023 5:33,1871,25.5,25.5,25.5,25,NA,26.5,NA,25.25,25.375,25.375,25.25,25.375,29.375,30.5,30.125,29.875,30.875,29.5,29.75,29.875,30.5,29.75,NA,30,26.5
6,9/1/2023 6:03,1872,25.375,25.375,25.375,24.875,NA,26.625,NA,25.125,25.375,25.375,25.125,25.25,29.375,30.375,30.125,29.875,30.625,29.5,29.75,29.875,30.375,29.75,NA,30,26.5
6,9/1/2023 6:33,1873,25.375,25.375,25.5,25,NA,26.625,NA,25.125,25.375,25.375,25.25,25.25,29.625,30.625,30.375,30.125,30.875,29.625,30,30.125,30.625,30,NA,30.375,26.5
6,9/1/2023 7:03,1874,25.5,25.5,25.5,25,NA,26.625,NA,25.25,25.5,25.5,25.25,25.375,30.125,31,30.875,30.75,31.25,30.125,30.625,30.625,31.125,30.625,NA,30.875,26.5
6,9/1/2023 7:33,1875,25.625,25.625,25.75,25.25,NA,26.75,NA,25.5,25.75,25.75,25.5,25.625,30.875,31.75,31.625,31.375,32,30.875,31.25,31.25,31.75,31.25,NA,31.5,26.625
6,9/1/2023 8:03,1876,26,26,26.125,25.625,NA,26.875,NA,25.875,26,26,25.875,26,31.625,32.5,32.25,32.25,32.75,31.625,32,32,32.5,32,NA,32.25,26.625
6,9/1/2023 8:33,1877,26.625,26.5,26.75,26.25,NA,27.25,NA,26.5,26.625,26.625,26.5,26.75,32.375,33.125,32.875,32.75,33.25,32.25,32.75,32.625,33,32.875,NA,32.75,26.75
6,9/1/2023 9:03,1878,27,26.875,27.125,26.625,NA,27.5,NA,26.875,26.875,27,26.875,27,31.625,32.625,32.375,31.875,32.5,31.625,32,32,32.375,32.125,NA,32.25,26.75
6,9/1/2023 9:33,1879,27.75,27.375,27.625,27.375,NA,27.875,NA,27.375,27.5,27.625,27.5,27.75,31.125,32.75,32.375,31.375,32,31.5,31.875,32,32.125,31.875,NA,32.125,26.875
6,9/1/2023 10:03,1880,28.25,27.875,28,27.75,NA,28.125,NA,27.75,28,28.125,27.75,28,31.125,32.875,32.25,31.25,32.125,31.5,31.75,32,32.125,31.75,NA,32.25,27
6,9/1/2023 10:33,1881,28.25,28,27.875,27.875,NA,27.75,NA,27.75,28.25,28.375,28,28.125,31.375,32.875,32.25,31.5,32.125,31.25,31.75,31.875,32,31.75,NA,32.25,27.375
6,9/1/2023 11:03,1882,28.125,28.125,27.875,27.5,NA,27.625,NA,27.625,28.25,28.125,27.75,28.125,31,32.5,32.125,31.625,32.125,31.125,31.75,31.625,31.875,31.5,NA,32.125,27.25
6,9/1/2023 11:33,1883,28,28,27.875,27.5,NA,27.75,NA,27.75,28.5,28.375,27.75,28,31.125,32.375,32.375,31.5,32.125,31.25,31.625,31.5,32,31.5,NA,32.125,27.625
6,9/1/2023 12:03,1884,27.875,27.75,27.875,27.375,NA,27.625,NA,27.625,28.125,28,27.75,27.875,31.125,32.125,32,31.375,32.125,31.125,31.375,31.5,32,31.375,NA,31.875,27.5
6,9/1/2023 12:33,1885,27.75,27.75,27.875,27.375,NA,27.75,NA,27.625,27.875,28,27.625,27.875,31.125,32.125,31.875,31.375,32.125,31.125,31.375,31.5,32,31.375,NA,31.625,27.625
6,9/1/2023 13:03,1886,27.5,27.375,27.5,27.125,NA,27.5,NA,27.375,27.5,27.625,27.375,27.5,30.75,31.625,31.5,31,31.875,30.75,31,31.125,31.625,31.125,NA,31.25,27.375
6,9/1/2023 13:33,1887,27.375,27.375,27.5,27,NA,27.5,NA,27.25,27.375,27.5,27.25,27.375,30.625,31.5,31.5,30.875,31.875,30.75,31,31,31.5,30.875,NA,31.125,27.75
6,9/1/2023 14:03,1888,27.5,27.5,27.625,27.125,NA,27.625,NA,27.375,27.625,27.625,27.375,27.5,31,31.75,31.875,31.125,32,30.875,31.25,31.25,31.75,31.25,NA,31.5,27.625
6,9/1/2023 14:33,1889,27.625,27.625,27.75,27.25,NA,27.75,NA,27.5,27.75,27.75,27.5,27.625,31.125,32,32,31.375,32.125,31.125,31.375,31.375,31.875,31.375,NA,31.625,27.75
6,9/1/2023 15:03,1890,27.375,27.5,27.625,27.125,NA,27.5,NA,27.375,27.625,27.5,27.375,27.5,31,31.875,31.75,31.25,32,31,31.25,31.375,31.875,31.375,NA,31.625,27.375
6,9/1/2023 15:33,1891,27.125,27.25,27.375,26.875,NA,27.375,NA,27.125,27.375,27.25,27.125,27.125,30.625,31.375,31.125,30.875,31.375,30.5,30.875,30.875,31.25,30.875,NA,31.125,27.25
6,9/1/2023 16:03,1892,27,27,27.125,26.625,NA,27.375,NA,26.875,27.125,27,26.875,27,30.25,31,30.75,30.5,31,30.125,30.625,30.5,31,30.5,NA,30.75,27.125
6,9/1/2023 16:33,1893,26.875,26.875,27,26.5,NA,27.25,NA,26.75,27,27,26.75,26.875,30.25,30.875,30.875,30.625,31.25,30.125,30.5,30.5,31,30.5,NA,30.75,27.125
6,9/1/2023 17:03,1894,26.75,26.75,26.875,26.5,NA,27.25,NA,26.75,27,26.875,26.75,26.75,30.375,31,30.875,30.75,31.375,30.25,30.625,30.625,31.125,30.625,NA,30.875,27.125
6,9/1/2023 17:33,1895,26.625,26.75,26.875,26.375,NA,27.125,NA,26.625,26.875,26.75,26.625,26.625,30.25,30.875,30.875,30.625,31.25,30.125,30.5,30.5,31,30.5,NA,30.75,27
6,9/1/2023 18:03,1896,26.5,26.5,26.625,26.125,NA,27,NA,26.375,26.625,26.5,26.375,26.5,29.75,30.5,30.5,30.125,30.875,29.75,30.125,30.125,30.625,30.125,NA,30.375,27
6,9/1/2023 18:33,1897,26.25,26.375,26.5,26,NA,27.125,NA,26.25,26.5,26.375,26.25,26.375,29.75,30.5,30.5,30.125,31,29.75,30.125,30.125,30.625,30.125,NA,30.375,27.125
6,9/1/2023 19:03,1898,26.375,26.375,26.5,26,NA,27.125,NA,26.25,26.5,26.375,26.25,26.375,30.25,30.75,30.875,30.625,31.25,30.125,30.5,30.625,31.125,30.5,NA,30.75,27
6,9/1/2023 19:33,1899,26.25,26.375,26.5,26,NA,27.125,NA,26.25,26.5,26.375,26.25,26.375,30.375,30.875,31.125,30.75,31.375,30.25,30.75,30.75,31.25,30.75,NA,31,27
6,9/1/2023 20:03,1900,26.25,26.25,26.375,26,NA,27,NA,26.125,26.375,26.25,26.125,26.25,30.375,30.875,31,30.75,31.375,30.25,30.75,30.75,31.25,30.75,NA,30.875,26.875
6,9/1/2023 20:33,1901,26.125,26.25,26.375,25.875,NA,27,NA,26,26.25,26.25,26.125,26.125,30.125,30.625,30.75,30.5,31.25,30,30.5,30.5,31,30.5,NA,30.625,26.875
6,9/1/2023 21:03,1902,26.125,26.125,26.25,25.75,NA,26.875,NA,26,26.25,26.125,26,26.125,29.875,30.375,30.5,30.25,30.875,29.75,30.125,30.25,30.75,30.25,NA,30.375,26.875
6,9/1/2023 21:33,1903,26,26.125,26.25,25.75,NA,26.875,NA,25.875,26.125,26.125,26,26,29.75,30.375,30.375,30.125,30.875,29.75,30.125,30.125,30.625,30.125,NA,30.25,26.75
6,9/1/2023 22:03,1904,26,26.125,26.25,25.75,NA,26.875,NA,26,26.25,26.125,26,26.125,30,30.5,30.625,30.375,31,29.875,30.25,30.25,30.875,30.25,NA,30.5,26.875
6,9/1/2023 22:33,1905,26,26.125,26.25,25.75,NA,26.875,NA,26,26.25,26.125,26,26.125,30.25,30.875,31,30.625,31.375,30.125,30.625,30.625,31.125,30.625,NA,30.75,26.75
6,9/1/2023 23:03,1906,26.125,26.125,26.25,25.75,NA,26.875,NA,26,26.25,26.125,26,26.125,30.5,31,31.125,30.875,31.625,30.375,30.875,30.875,31.375,30.875,NA,31,26.75
6,9/1/2023 23:33,1907,26.125,26.125,26.25,25.75,NA,26.875,NA,26,26.25,26.125,26.125,26.125,30.75,31.25,31.375,31,31.75,30.5,31,31,31.5,31,NA,31.25,26.75
6,9/2/2023 0:03,1908,26.125,26.125,26.375,25.875,NA,26.875,NA,26,26.25,26.25,26,26.125,30.75,31.25,31.5,31.125,31.75,30.625,31.125,31.125,31.5,31.125,NA,31.375,26.75
6,9/2/2023 0:33,1909,26,26.125,26.25,25.75,NA,26.75,NA,26,26.125,26.125,26,26,30.375,31,31,30.75,31.375,30.25,30.75,30.75,31.25,30.75,NA,30.875,26.75
6,9/2/2023 1:03,1910,26,26.125,26.125,25.625,NA,26.875,NA,25.875,26.125,26.125,26,26,30.375,30.875,31,30.625,31.375,30.125,30.625,30.625,31.125,30.625,NA,30.875,26.75
6,9/2/2023 1:33,1911,26,26.125,26.25,25.75,NA,26.875,NA,25.875,26.125,26.125,26,26,30.25,30.875,30.875,30.625,31.25,30.125,30.625,30.625,31.125,30.625,NA,30.875,26.75
6,9/2/2023 2:03,1912,26,26,26.125,25.625,NA,26.75,NA,25.875,26.125,26,25.875,26,30.125,30.75,30.75,30.5,31.125,30,30.5,30.375,31,30.5,NA,30.625,26.75
6,9/2/2023 2:33,1913,25.875,26,26.125,25.625,NA,26.75,NA,25.875,26.125,26,25.875,25.875,30.125,30.75,30.75,30.375,31.125,29.875,30.375,30.375,30.875,30.5,NA,30.625,26.75
6,9/2/2023 3:03,1914,26,26,26.125,25.625,NA,26.875,NA,25.875,26.125,26,25.875,26,30.25,30.875,30.875,30.625,31.25,30.125,30.625,30.625,31.125,30.625,NA,30.875,26.75
6,9/2/2023 3:33,1915,26,26,26.125,25.625,NA,26.875,NA,25.875,26.125,26,25.875,26,30.375,30.875,30.875,30.75,31.25,30.125,30.625,30.625,31.125,30.625,NA,30.875,26.75
6,9/2/2023 4:03,1916,26,26,26.125,25.625,NA,26.875,NA,25.875,26.125,26,25.875,26,30.25,30.875,30.875,30.625,31.25,30.125,30.625,30.5,31.125,30.625,NA,30.75,26.75
6,9/2/2023 4:33,1917,26,26,26.125,25.625,NA,26.875,NA,25.875,26.125,26,25.875,26,30.375,30.875,31,30.75,31.375,30.125,30.75,30.625,31.125,30.75,NA,30.875,26.625
6,9/2/2023 5:03,1918,26,26,26.125,25.625,NA,26.875,NA,25.875,26.125,26,25.875,26,30.375,30.875,31,30.75,31.375,30.125,30.75,30.625,31.125,30.75,NA,30.875,26.75
6,9/2/2023 5:33,1919,26,26,26.125,25.625,NA,26.875,NA,25.875,26.125,26,25.875,25.875,30.5,31,31,30.75,31.375,30.25,30.75,30.625,31.25,30.75,NA,31,26.625
6,9/2/2023 6:03,1920,25.875,26,26.125,25.625,NA,26.75,NA,25.75,26.125,26,25.75,25.875,30.375,30.875,31,30.75,31.375,30.125,30.75,30.625,31.125,30.75,NA,30.875,26.625
6,9/2/2023 6:33,1921,26,26,26.125,25.625,NA,26.75,NA,25.875,26.125,26,25.875,26,30.375,30.875,31,30.75,31.375,30.25,30.75,30.625,31.125,30.75,NA,30.875,26.625
6,9/2/2023 7:03,1922,26,26,26.125,25.625,NA,26.75,NA,25.875,26.125,26,25.875,26,30.375,31,31,30.75,31.375,30.25,30.75,30.75,31.25,30.75,NA,31,26.625
6,9/2/2023 7:33,1923,26,26.125,26.25,25.75,NA,26.75,NA,26,26.25,26.125,26,26.125,30.375,31,31,30.75,31.375,30.25,30.75,30.75,31.25,30.75,NA,31,26.625
6,9/2/2023 8:03,1924,26.125,26.125,26.375,25.875,NA,26.875,NA,26.125,26.375,26.25,26.125,26.25,30.5,31,31.125,30.75,31.5,30.375,30.875,30.75,31.25,30.875,NA,31,26.75
6,9/2/2023 8:33,1925,26.375,26.375,26.5,26.125,NA,27,NA,26.375,26.5,26.5,26.375,26.375,30.875,31.375,31.375,31.125,31.75,30.625,31.125,31,31.5,31.125,NA,31.25,26.75
6,9/2/2023 9:03,1926,27,26.875,27.125,26.625,NA,27.375,NA,26.875,27,26.875,26.875,26.875,31.5,32,32.125,31.625,32.125,31.125,31.875,31.625,32,31.75,NA,31.875,26.75
6,9/2/2023 9:33,1927,27.25,27,27.25,26.875,NA,27.125,NA,27,27.125,27.125,27,27.125,31.25,31.875,32,31.5,31.875,31.125,31.75,31.5,31.75,31.625,NA,31.75,26.875
6,9/2/2023 10:03,1928,27.375,27.25,27.375,27,NA,27.25,NA,27.125,27.375,27.375,27.125,27.25,31,31.625,31.625,31.125,31.625,30.875,31.375,31.25,31.5,31.375,NA,31.5,26.875
6,9/2/2023 10:33,1929,27.625,27.375,27.375,27.125,NA,27.125,NA,27.125,27.625,27.5,27.25,27.5,31,31.625,31.5,31.125,31.25,30.5,31.375,31,31.125,31.125,NA,31.25,27.125
6,9/2/2023 11:03,1930,27.75,27.625,27.375,27,NA,27.25,NA,27.125,27.75,27.625,27.25,27.625,30.75,31.625,31.5,31.25,31.375,30.5,31.375,30.875,31.25,31.125,NA,31.5,27
6,9/2/2023 11:33,1931,27.375,27.25,27.25,26.875,NA,27.125,NA,27,27.625,27.375,27.125,27.375,30.875,31.5,31.625,31.25,31.625,30.625,31.25,31,31.375,31.125,NA,31.5,26.875
6,9/2/2023 12:03,1932,27.25,27.125,27.25,26.75,NA,27.125,NA,27,27.375,27.25,27,27.125,31,31.5,31.625,31.375,31.875,30.75,31.375,31.125,31.625,31.375,NA,31.5,27
6,9/2/2023 12:33,1933,27.125,27.125,27.25,26.75,NA,27.25,NA,27,27.25,27.125,27,27.125,31.125,31.625,31.625,31.375,31.875,30.875,31.375,31.25,31.625,31.375,NA,31.5,27
6,9/2/2023 13:03,1934,27.125,27,27.125,26.75,NA,27.25,NA,27,27.25,27.125,27,27.125,30.875,31.375,31.375,31.125,31.5,30.625,31.125,31,31.375,31.125,NA,31.25,27
6,9/2/2023 13:33,1935,27,27,27.125,26.625,NA,27.25,NA,26.875,27.125,27.125,26.875,27,30.375,30.875,30.875,30.625,31.125,30.125,30.625,30.5,30.875,30.625,NA,30.75,27.125
6,9/2/2023 14:03,1936,27,27,27.125,26.625,NA,27.25,NA,26.875,27.125,27.125,26.875,27,30.375,30.875,31,30.625,31.25,30.125,30.625,30.5,31,30.625,NA,30.75,27.125
6,9/2/2023 14:33,1937,26.875,26.875,27,26.5,NA,27.125,NA,26.75,27,26.875,26.75,26.875,30.375,30.875,31,30.625,31.25,30.125,30.625,30.625,31,30.625,NA,30.875,27
6,9/2/2023 15:03,1938,27,27,27.125,26.625,NA,27.375,NA,26.875,27.125,27,27,27,30.75,31,31.125,30.875,31.5,30.375,30.875,30.75,31.25,30.875,NA,30.875,27
6,9/2/2023 15:33,1939,26.875,26.75,27,26.5,NA,27.125,NA,26.75,27,26.875,26.75,26.75,30.75,31.125,31.25,31,31.625,30.5,30.875,30.875,31.375,31,NA,31,27
6,9/2/2023 16:03,1940,26.5,26.5,26.625,26.25,NA,27,NA,26.375,26.625,26.5,26.375,26.5,30.625,31,31.125,30.875,31.5,30.375,30.75,30.75,31.375,30.875,NA,30.875,26.875
6,9/2/2023 16:33,1941,26.375,26.375,26.5,26.125,NA,27,NA,26.25,26.5,26.375,26.25,26.375,30.625,31,31.125,30.875,31.625,30.375,30.625,30.75,31.375,30.875,NA,30.875,26.75
6,9/2/2023 17:03,1942,26.375,26.375,26.5,26.125,NA,27,NA,26.25,26.5,26.375,26.25,26.375,30.75,31.125,31.25,31,31.625,30.375,30.875,30.875,31.375,31,NA,31,26.875
6,9/2/2023 17:33,1943,26.25,26.25,26.5,26,NA,27,NA,26.25,26.375,26.375,26.125,26.25,30.75,31.125,31.25,31,31.625,30.375,31.125,30.875,31.375,31,NA,31.125,26.75
6,9/2/2023 18:03,1944,26.125,26.25,26.375,26,NA,27,NA,26.125,26.375,26.25,26.125,26.125,30.75,31.125,31.375,31.125,31.625,30.375,31.375,30.875,31.375,31,NA,31.125,26.75
6,9/2/2023 18:33,1945,26.125,26.125,26.25,25.875,NA,27,NA,26,26.25,26.25,26.125,26.125,30.75,31.125,31.375,31,31.75,30.375,31,30.875,31.5,31,NA,31.125,26.75
6,9/2/2023 19:03,1946,26,26.125,26.25,25.75,NA,27,NA,26,26.25,26.125,26,26,30.625,31.125,31.375,31,31.625,30.375,31,30.875,31.375,31,NA,31.125,26.75
6,9/2/2023 19:33,1947,26,26.125,26.25,25.75,NA,27,NA,25.875,26.125,26.125,26,26,30.75,31.125,31.375,31.125,31.75,30.5,31,30.875,31.5,31,NA,31.125,26.75
6,9/2/2023 20:03,1948,26,26,26.125,25.625,NA,26.875,NA,25.875,26.125,26,25.875,26,30.75,31.25,31.375,31.125,31.75,30.5,31,31,31.5,31,NA,31.125,26.75
6,9/2/2023 20:33,1949,26,26,26.125,25.625,NA,26.875,NA,25.875,26.125,26,25.875,26,30.75,31.25,31.375,31.25,31.75,30.5,31.125,31,31.5,31.125,NA,31.25,26.625
6,9/2/2023 21:03,1950,25.875,25.875,26.125,25.625,NA,26.875,NA,25.75,26.125,26,25.75,25.875,30.75,31.25,31.375,31.125,31.75,30.5,31.125,31,31.5,31.125,NA,31.25,26.625
6,9/2/2023 21:33,1951,25.875,25.875,26,25.625,NA,26.75,NA,25.75,26,25.875,25.875,25.75,30.75,31.25,31.375,31.25,31.875,30.625,31.125,31,31.5,31.125,NA,31.25,26.5
6,9/2/2023 22:03,1952,25.875,25.875,26,25.625,NA,26.75,NA,25.75,26,25.875,25.75,25.875,30.875,31.375,31.5,31.375,31.875,30.625,31.25,31.125,31.625,31.25,NA,31.375,26.5
6,9/2/2023 22:33,1953,25.875,25.875,26.125,25.625,NA,26.75,NA,25.75,26,26,25.875,25.875,30.75,31.25,31.375,31.125,31.875,30.5,31.125,31,31.5,31.125,NA,31.25,26.5
6,9/2/2023 23:03,1954,25.875,25.875,26,25.5,NA,26.75,NA,25.75,26,25.875,25.75,25.75,30.75,31.25,31.375,31.125,31.75,30.5,31,31,31.5,31,NA,31.25,26.375
6,9/2/2023 23:33,1955,25.75,25.875,26,25.5,NA,26.75,NA,25.75,26,25.875,25.75,25.75,30.625,31.25,31.375,31.125,31.625,30.375,31,30.875,31.375,31,NA,31.125,26.375
6,9/3/2023 0:03,1956,25.75,25.75,25.875,25.5,NA,26.75,NA,25.625,25.875,25.875,25.625,25.75,30.375,31,31.125,30.875,31.5,30.25,30.75,30.75,31.25,30.75,NA,31,26.375
6,9/3/2023 0:33,1957,25.75,25.75,25.875,25.5,NA,26.75,NA,25.625,25.875,25.875,25.625,25.75,30.5,31.125,31.125,30.875,31.625,30.375,30.875,30.875,31.375,30.875,NA,31.125,26.5
6,9/3/2023 1:03,1958,25.75,25.75,25.875,25.375,NA,26.625,NA,25.625,25.875,25.875,25.625,25.75,30.625,31.125,31.25,31,31.625,30.375,30.875,30.875,31.375,31,NA,31.125,26.5
6,9/3/2023 1:33,1959,25.75,25.75,26,25.5,NA,26.75,NA,25.625,26,25.875,25.75,25.75,30.875,31.375,31.375,31.25,31.75,30.625,31.125,31,31.625,31.125,NA,31.25,26.375
6,9/3/2023 2:03,1960,25.75,25.75,25.875,25.5,NA,26.625,NA,25.625,25.875,25.875,25.625,25.75,30.75,31.25,31.375,31.25,31.75,30.5,31.125,31,31.5,31.125,NA,31.25,26.25
6,9/3/2023 2:33,1961,25.75,25.75,25.875,25.375,NA,26.625,NA,25.625,25.875,25.75,25.625,25.75,30.625,31.25,31.375,31.125,31.75,30.375,31,30.875,31.5,31,NA,31.125,26.25
6,9/3/2023 3:03,1962,25.75,25.75,25.875,25.375,NA,26.625,NA,25.5,25.875,25.75,25.625,25.75,30.625,31.125,31.25,31.125,31.75,30.375,31,30.875,31.375,31,NA,31.125,26.25
6,9/3/2023 3:33,1963,25.75,25.75,25.875,25.375,NA,26.625,NA,25.625,25.875,25.75,25.625,25.75,30.75,31.25,31.375,31.125,31.75,30.5,31,30.875,31.5,31,NA,31.125,26.25
6,9/3/2023 4:03,1964,25.625,25.625,25.75,25.25,NA,26.625,NA,25.5,25.875,25.75,25.5,25.625,30.375,31,31.125,30.875,31.5,30.25,30.75,30.75,31.25,30.75,NA,31,26.25
6,9/3/2023 4:33,1965,25.625,25.75,25.875,25.375,NA,26.625,NA,25.5,25.875,25.75,25.5,25.625,30.375,31,31,30.75,31.375,30.125,30.625,30.625,31.125,30.75,NA,30.875,26.125
6,9/3/2023 5:03,1966,25.625,25.75,25.875,25.375,NA,26.625,NA,25.5,25.875,25.75,25.625,25.75,30.5,31,31.125,31,31.625,30.25,30.875,30.75,31.25,30.875,NA,31,26.25
6,9/3/2023 5:33,1967,25.75,25.75,26,25.5,NA,26.625,NA,25.625,26,25.875,25.75,25.75,30.875,31.25,31.375,31.25,31.875,30.625,31.125,31.125,31.625,31.25,NA,31.25,26.25
6,9/3/2023 6:03,1968,25.75,25.875,26,25.5,NA,26.625,NA,25.75,26,25.875,25.75,25.75,31,31.5,31.5,31.5,32,30.75,31.375,31.25,31.75,31.375,NA,31.375,26.375
6,9/3/2023 6:33,1969,25.75,25.875,26,25.5,NA,26.625,NA,25.75,26,25.875,25.75,25.75,30.625,31.125,31.125,31,31.5,30.375,30.875,30.75,31.25,31,NA,31,26.25
6,9/3/2023 7:03,1970,25.875,25.875,26.125,25.625,NA,26.75,NA,25.875,26,26,25.875,25.875,30.5,30.875,30.875,30.75,31.25,30.25,30.75,30.625,31.125,30.75,NA,30.75,26.375
6,9/3/2023 7:33,1971,26.125,26.125,26.375,25.875,NA,26.875,NA,26.125,26.25,26.125,26.125,26.25,30.625,31,31.125,31,31.5,30.375,30.875,30.75,31.25,31,NA,31,26.5
6,9/3/2023 8:03,1972,26.5,26.375,26.625,26.25,NA,27,NA,26.5,26.625,26.5,26.5,26.625,31.125,31.5,31.5,31.375,32,30.75,31.25,31.25,31.75,31.375,NA,31.25,26.5
6,9/3/2023 8:33,1973,26.875,26.625,26.875,26.5,NA,27.125,NA,26.75,26.875,26.875,26.75,26.875,31.375,31.625,31.75,31.5,32,31,31.5,31.375,31.875,31.75,NA,31.625,26.625
6,9/3/2023 9:03,1974,26.875,26.875,27.125,26.625,NA,27.125,NA,26.875,27,26.875,26.875,27,31.125,31.5,31.5,31.25,31.625,30.875,31.25,31.25,31.5,31.5,NA,31.5,26.625
6,9/3/2023 9:33,1975,26.75,26.75,27,26.625,NA,26.875,NA,26.75,26.875,26.875,26.75,26.875,30.625,31,31,30.75,31.125,30.375,30.875,30.75,31,30.875,NA,30.875,26.625
6,9/3/2023 10:03,1976,27.125,26.875,27.125,26.75,NA,27.125,NA,26.875,27.125,27,26.875,27,30.5,31.25,31.125,30.75,31.125,30.25,30.875,30.875,31,30.875,NA,31,26.75
6,9/3/2023 10:33,1977,27.125,27,27,26.625,NA,27,NA,26.875,27.25,27.125,26.875,27,30.75,31.375,31.25,30.875,31.375,30.375,31,30.875,31.25,31,NA,31.25,26.875
6,9/3/2023 11:03,1978,26.875,26.875,26.875,26.625,NA,27,NA,26.75,27,26.875,26.75,26.875,30.75,31.375,31.375,31.125,31.625,30.5,31.125,31,31.375,31.125,NA,31.25,26.75
6,9/3/2023 11:33,1979,26.75,26.75,26.875,26.5,NA,26.875,NA,26.625,26.875,26.75,26.625,26.75,30.875,31.5,31.5,31.25,31.75,30.625,31.25,31.125,31.625,31.25,NA,31.375,26.75
6,9/3/2023 12:03,1980,26.625,26.625,26.75,26.375,NA,26.875,NA,26.5,26.75,26.625,26.5,26.625,31.125,31.625,31.625,31.5,32,30.875,31.375,31.25,31.75,31.375,NA,31.5,26.625
6,9/3/2023 12:33,1981,26.75,26.625,26.875,26.5,NA,27,NA,26.625,26.875,26.75,26.625,26.75,31.125,31.5,31.625,31.375,31.75,30.75,31.25,31.125,31.625,31.375,NA,31.375,26.875
6,9/3/2023 13:03,1982,26.875,26.875,27.125,26.625,NA,27.25,NA,26.875,27,27,26.875,27,31.125,31.5,31.5,31.25,31.625,30.75,31.25,31.125,31.5,31.375,NA,31.375,27.25
6,9/3/2023 13:33,1983,27.25,27.25,27.375,27,NA,27.5,NA,27.25,27.375,27.375,27.25,27.375,31.125,31.375,31.5,31.125,31.625,30.875,31.25,31.125,31.375,31.375,NA,31.25,27.5
6,9/3/2023 14:03,1984,27.375,27.375,27.5,27.125,NA,27.5,NA,27.25,27.5,27.375,27.25,27.375,30.875,31.125,31.25,30.875,31.25,30.5,30.875,30.75,31.125,31,NA,31,27.375
6,9/3/2023 14:33,1985,27.375,27.25,27.5,27,NA,27.5,NA,27.25,27.375,27.375,27.25,27.25,30.625,30.875,31,30.75,31.125,30.375,30.75,30.625,31,30.75,NA,30.75,27.25
6,9/3/2023 15:03,1986,27.375,27.375,27.5,27,NA,27.5,NA,27.25,27.375,27.375,27.25,27.25,30.75,31.125,31.125,30.875,31.375,30.5,30.875,30.75,31.25,31,NA,30.875,27.125
6,9/3/2023 15:33,1987,27.125,27.125,27.25,26.875,NA,27.5,NA,27.125,27.25,27.125,27.125,27.125,30.75,31.125,31.25,31.125,31.5,30.5,31,30.875,31.375,31,NA,31.125,27.125
6,9/3/2023 16:03,1988,27,27,27.125,26.625,NA,27.25,NA,26.875,27.125,27,26.875,27,30.875,31.25,31.375,31.125,31.75,30.625,31,31,31.5,31.125,NA,31.125,27.125
6,9/3/2023 16:33,1989,26.875,26.875,27,26.625,NA,27.125,NA,26.75,27,26.875,26.75,26.875,31,31.375,31.5,31.375,31.875,30.75,31.125,31.125,31.625,31.25,NA,31.25,27.125
6,9/3/2023 17:03,1990,26.75,26.75,26.875,26.5,NA,27,NA,26.625,26.875,26.75,26.625,26.75,31,31.375,31.5,31.375,31.875,30.75,31.125,31.125,31.625,31.25,NA,31.25,27
6,9/3/2023 17:33,1991,26.625,26.625,26.875,26.375,NA,26.875,NA,26.625,26.75,26.625,26.5,26.625,30.75,31.125,31.25,31.125,31.375,30.5,30.875,30.875,31.25,31,NA,31,27
6,9/3/2023 18:03,1992,26.625,26.625,26.875,26.375,NA,27,NA,26.625,26.75,26.625,26.625,26.625,30.5,30.875,30.875,30.75,31.125,30.125,30.625,30.625,31,30.75,NA,30.75,27.125
6,9/3/2023 18:33,1993,26.625,26.625,26.75,26.375,NA,26.875,NA,26.5,26.75,26.625,26.5,26.625,30.375,30.875,30.875,30.75,31.25,30.125,30.625,30.625,31,30.75,NA,30.75,27
6,9/3/2023 19:03,1994,26.625,26.625,26.75,26.25,NA,26.875,NA,26.5,26.75,26.625,26.5,26.625,30.625,31,31.125,31,31.375,30.25,30.75,30.75,31.25,30.875,NA,30.875,27.125
6,9/3/2023 19:33,1995,26.625,26.625,26.75,26.25,NA,26.875,NA,26.5,26.75,26.625,26.5,26.625,30.625,31.125,31.25,31.125,31.5,30.5,30.875,30.875,31.375,31,NA,31.125,27
6,9/3/2023 20:03,1996,26.5,26.5,26.75,26.25,NA,26.875,NA,26.5,26.75,26.625,26.5,26.625,30.875,31.25,31.375,31.25,31.75,30.625,31.125,31.125,31.5,31.125,NA,31.25,27
6,9/3/2023 20:33,1997,26.5,26.5,26.75,26.25,NA,26.875,NA,26.5,26.75,26.625,26.5,26.625,31.125,31.5,31.625,31.5,31.875,30.875,31.375,31.375,31.75,31.5,NA,31.5,27
6,9/3/2023 21:03,1998,26.5,26.5,26.75,26.25,NA,26.875,NA,26.5,26.75,26.625,26.5,26.625,30.75,31.25,31.375,31.125,31.5,30.625,31.125,31,31.375,31.125,NA,31.25,27
6,9/3/2023 21:33,1999,26.5,26.5,26.625,26.25,NA,26.875,NA,26.375,26.625,26.625,26.375,26.5,30.375,30.875,30.875,30.625,31.125,30.125,30.625,30.625,31,30.75,NA,30.75,27
6,9/3/2023 22:03,2000,26.5,26.5,26.625,26.25,NA,26.875,NA,26.375,26.625,26.5,26.375,26.5,30.25,30.75,30.875,30.625,31.125,30.125,30.5,30.5,31,30.625,NA,30.75,27
6,9/3/2023 22:33,2001,26.5,26.5,26.75,26.25,NA,26.875,NA,26.5,26.625,26.625,26.5,26.5,30.5,31,31.125,30.875,31.375,30.375,30.875,30.875,31.25,30.875,NA,31,27
6,9/3/2023 23:03,2002,26.5,26.5,26.75,26.25,NA,26.875,NA,26.5,26.75,26.625,26.5,26.625,30.75,31.25,31.25,31.125,31.625,30.5,31,31,31.5,31.125,NA,31.125,27
6,9/3/2023 23:33,2003,26.5,26.5,26.625,26.25,NA,26.875,NA,26.375,26.625,26.625,26.375,26.5,30.75,31.25,31.375,31.25,31.75,30.625,31.125,31.125,31.625,31.125,NA,31.25,27
7,9/4/2023 0:03,2004,26.5,26.5,26.75,26.25,NA,26.875,NA,26.5,26.75,26.625,26.5,26.625,31.125,31.625,31.625,31.5,32,30.875,31.5,31.375,31.75,31.5,NA,31.5,27
7,9/4/2023 0:33,2005,26.625,26.625,26.75,26.375,NA,27,NA,26.5,26.75,26.625,26.5,26.625,31.25,31.625,31.625,31.625,31.75,31,31.5,31.375,31.625,31.625,NA,31.5,26.875
7,9/4/2023 1:03,2006,26.5,26.625,26.75,26.375,NA,27,NA,26.5,26.75,26.625,26.5,26.625,31,31.375,31.375,31.375,31.5,30.75,31.375,31.125,31.375,31.375,NA,31.25,26.875
7,9/4/2023 1:33,2007,26.5,26.5,26.625,26.25,NA,26.875,NA,26.375,26.75,26.625,26.5,26.5,30.75,31,31,31,31.125,30.375,31,30.75,31,31,NA,31,26.875
7,9/4/2023 2:03,2008,26.5,26.625,26.75,26.375,NA,26.875,NA,26.375,26.75,26.625,26.5,26.625,30.5,30.875,30.875,30.875,31,30.25,30.875,30.625,30.875,30.875,NA,30.75,26.875
7,9/4/2023 2:33,2009,26.5,26.5,26.625,26.25,NA,26.875,NA,26.375,26.75,26.5,26.375,26.5,30.625,30.875,31,31,31.25,30.25,30.875,30.625,31,30.875,NA,30.875,26.875
7,9/4/2023 3:03,2010,26.5,26.5,26.625,26.25,NA,26.75,NA,26.25,26.625,26.5,26.375,26.5,30.875,31.125,31.25,31.25,31.5,30.5,31.125,30.875,31.25,31.125,NA,31.125,26.75
7,9/4/2023 3:33,2011,26.375,26.375,26.5,26.25,NA,26.75,NA,26.25,26.625,26.5,26.25,26.5,31.125,31.375,31.5,31.625,31.75,30.75,31.375,31.125,31.5,31.375,NA,31.375,26.75
7,9/4/2023 4:03,2012,26.375,26.375,26.5,26.125,NA,26.75,NA,26.125,26.5,26.375,26.25,26.375,31,31.25,31.375,31.375,31.5,30.625,31.375,31,31.375,31.25,NA,31.25,26.75
7,9/4/2023 4:33,2013,26.25,26.25,26.375,26.125,NA,26.625,NA,26.125,26.5,26.375,26.125,26.25,30.75,31,31.125,31.125,31.125,30.375,31,30.75,31,31,NA,31,26.75
7,9/4/2023 5:03,2014,26.25,26.25,26.375,26.125,NA,26.625,NA,26,26.5,26.25,26.125,26.25,30.5,30.75,30.875,30.875,31,30.125,30.75,30.5,30.75,30.75,NA,30.75,26.75
7,9/4/2023 5:33,2015,26.25,26.25,26.375,26,NA,26.625,NA,26,26.375,26.25,26.125,26.25,30.625,30.875,31,31,31.25,30.125,30.875,30.625,31,30.875,NA,30.875,26.75
7,9/4/2023 6:03,2016,26.25,26.25,26.375,26,NA,26.625,NA,26,26.375,26.25,26.125,26.25,30.875,31.125,31.25,31.25,31.5,30.375,31.125,30.875,31.25,31.125,NA,31,26.75
7,9/4/2023 6:33,2017,26.25,26.25,26.375,26,NA,26.625,NA,26,26.375,26.25,26.125,26.25,31.125,31.375,31.5,31.625,31.875,30.75,31.5,31.25,31.5,31.375,NA,31.375,26.75
7,9/4/2023 7:03,2018,26.375,26.25,26.5,26.125,NA,26.75,NA,26.125,26.5,26.375,26.25,26.375,31.375,31.625,31.625,31.75,31.875,30.875,31.625,31.375,31.625,31.625,NA,31.5,26.75
7,9/4/2023 7:33,2019,26.5,26.5,26.75,26.375,NA,27,NA,26.5,26.75,26.625,26.5,26.625,31.375,31.625,31.625,31.75,31.75,31,31.625,31.375,31.625,31.625,NA,31.5,26.75
7,9/4/2023 8:03,2020,27.125,27,27.25,26.875,NA,27.5,NA,27.25,27.25,27.125,27.125,27.25,31.75,31.875,31.75,31.875,32,31.25,31.875,31.75,31.875,32,NA,31.75,26.75
7,9/4/2023 8:33,2021,27.625,27.5,27.75,27.375,NA,28,NA,27.75,27.75,27.75,27.75,27.875,32.25,32.375,32.25,32.25,32.375,31.75,32.25,32.125,32.25,32.5,NA,32.25,26.875
7,9/4/2023 9:03,2022,28.25,28,28.5,28,NA,28.625,NA,28.25,28.25,28.125,28.25,28.375,32,32.625,32.625,32.125,32.25,32,32.5,32.375,32.375,32.5,NA,32.5,26.875
7,9/4/2023 9:33,2023,28.875,28.625,28.75,28.5,NA,28.875,NA,28.5,28.75,28.875,28.625,28.875,31.25,32.5,32.5,31.5,31.75,31.625,32,32.125,31.875,32,NA,32.375,27
7,9/4/2023 10:03,2024,29.625,29.125,29.375,28.875,NA,29.5,NA,29,29.375,29.375,29,29.125,31.25,32.875,32.375,31.25,31.75,31.75,32,32.25,31.75,31.875,NA,32.625,27.125
7,9/4/2023 10:33,2025,29.75,29.375,29.125,29.25,NA,29.25,NA,28.875,29.875,29.625,29.375,29.5,31.75,33.25,32.5,31.625,31.75,31.375,32.5,32.25,31.625,32,NA,32.875,27.125
7,9/4/2023 11:03,2026,29.875,29.625,28.875,28.875,NA,29,NA,28.625,30.125,29.625,28.875,29.75,31.125,33,32.375,31.625,31.625,31,32,31.5,31.5,31.5,NA,32.5,27.25
7,9/4/2023 11:33,2027,29.125,29.125,28.75,28.5,NA,28.875,NA,28.5,30,29.625,28.625,29.125,30.75,32.125,32.25,31.125,31.375,30.875,31.5,31.25,31.25,31.125,NA,32.375,27.375
7,9/4/2023 12:03,2028,28.75,28.75,28.625,28.375,NA,28.75,NA,28.5,29.375,29,28.5,28.75,30.75,31.75,31.75,31,31.375,30.75,31.25,31.125,31.25,31.125,NA,31.75,27.375
7,9/4/2023 12:33,2029,28.625,28.5,28.625,28.25,NA,28.75,NA,28.5,28.875,28.75,28.375,28.625,30.75,31.5,31.5,30.875,31.25,30.625,31.125,31,31.125,31,NA,31.375,27.375
7,9/4/2023 13:03,2030,28.5,28.5,28.625,28.25,NA,28.75,NA,28.5,28.75,28.625,28.375,28.625,30.875,31.5,31.5,30.875,31.375,30.75,31.125,31,31.25,31,NA,31.25,27.625
7,9/4/2023 13:33,2031,28.5,28.375,28.5,28.125,NA,28.75,NA,28.375,28.625,28.5,28.25,28.5,31.125,31.625,31.75,31.25,31.875,31,31.375,31.25,31.625,31.375,NA,31.625,27.625
7,9/4/2023 14:03,2032,28.375,28.375,28.375,28,NA,28.625,NA,28.125,28.5,28.375,28.25,28.375,31.375,31.75,31.875,31.375,31.875,31,31.5,31.375,31.625,31.5,NA,31.625,28
7,9/4/2023 14:33,2033,28.375,28.25,28.5,28,NA,28.625,NA,28.125,28.375,28.25,28.125,28.25,31.25,31.625,31.75,31.375,31.625,30.875,31.375,31.125,31.5,31.375,NA,31.5,28.125
7,9/4/2023 15:03,2034,28.125,28.125,28.375,27.875,NA,28.5,NA,28,28.25,28.125,28,28,31,31.25,31.375,31,31.375,30.625,31,30.875,31.25,31.125,NA,31.125,28
7,9/4/2023 15:33,2035,27.875,28,28,27.5,NA,28.125,NA,27.75,28.125,27.875,27.75,27.75,30.375,30.875,31,30.625,31,30.125,30.625,30.5,30.875,30.75,NA,30.75,27.875
7,9/4/2023 16:03,2036,27.375,27.5,27.625,27.125,NA,27.625,NA,27.25,27.5,27.5,27.25,27.375,29.75,30.25,30.5,30,30.625,29.625,30.125,30,30.5,30,NA,30.25,27.625
7,9/4/2023 16:33,2037,27.125,27.125,27.375,26.875,NA,27.5,NA,27.125,27.375,27.25,27.125,27.25,29.75,30.375,30.625,30.125,30.875,29.75,30.125,30.125,30.625,30.125,NA,30.375,27.5
7,9/4/2023 17:03,2038,27,27,27.25,26.625,NA,27.375,NA,27,27.125,27.125,26.875,27,30,30.625,30.875,30.5,31.25,29.875,30.375,30.5,30.875,30.375,NA,30.625,27.5
7,9/4/2023 17:33,2039,26.875,26.875,27.125,26.625,NA,27.25,NA,26.875,27.125,27,26.875,27,30.375,31,31.25,30.875,31.625,30.25,30.75,30.875,31.25,30.75,NA,31,27.375
7,9/4/2023 18:03,2040,26.75,26.875,27,26.5,NA,27.125,NA,26.75,27,27,26.75,26.875,30.625,31.125,31.375,31.125,31.875,30.5,31,31,31.5,31,NA,31.125,27.375
7,9/4/2023 18:33,2041,26.75,26.75,27,26.5,NA,27.125,NA,26.75,27,26.875,26.75,26.875,30.75,31.25,31.5,31.125,31.875,30.625,31.125,31.125,31.625,31.125,NA,31.25,27.375
7,9/4/2023 19:03,2042,26.625,26.75,27,26.375,NA,27,NA,26.625,26.875,26.875,26.625,26.75,30.625,31.25,31.375,31.125,31.875,30.5,31,31.125,31.5,31.125,NA,31.125,27.375
7,9/4/2023 19:33,2043,26.625,26.75,26.875,26.375,NA,27,NA,26.625,26.875,26.875,26.625,26.75,30.75,31.25,31.5,31.125,31.875,30.625,31,31.125,31.5,31.125,NA,31.25,27.375
7,9/4/2023 20:03,2044,26.625,26.75,26.875,26.375,NA,27,NA,26.625,26.875,26.75,26.625,26.75,30.75,31.25,31.5,31.125,31.875,30.625,31,31.125,31.5,31.125,NA,31.25,27.375
7,9/4/2023 20:33,2045,26.625,26.625,26.875,26.375,NA,27,NA,26.5,26.75,26.75,26.5,26.625,30.5,31.125,31.375,31,31.75,30.5,30.875,31,31.375,31,NA,31.125,27.375
7,9/4/2023 21:03,2046,26.625,26.625,26.875,26.375,NA,27,NA,26.5,26.75,26.75,26.5,26.625,30.625,31.25,31.375,31.125,31.75,30.5,31,31.125,31.5,31,NA,31.125,27.25
7,9/4/2023 21:33,2047,26.625,26.625,26.875,26.375,NA,27,NA,26.5,26.75,26.75,26.5,26.625,30.625,31.125,31.25,31,31.75,30.5,30.875,31,31.375,31,NA,31.125,27.25
7,9/4/2023 22:03,2048,26.5,26.625,26.75,26.25,NA,26.875,NA,26.5,26.625,26.625,26.5,26.625,30.5,31,31.125,30.875,31.625,30.375,30.75,30.875,31.25,30.875,NA,30.875,27.375
7,9/4/2023 22:33,2049,26.5,26.5,26.75,26.25,NA,26.875,NA,26.375,26.625,26.625,26.375,26.5,30.375,31,31.125,30.75,31.5,30.25,30.75,30.75,31.25,30.75,NA,30.875,27.25
7,9/4/2023 23:03,2050,26.5,26.5,26.75,26.25,NA,26.875,NA,26.375,26.625,26.625,26.5,26.5,30.375,31,31.125,30.875,31.5,30.25,30.75,30.875,31.25,30.875,NA,30.875,27.25
7,9/4/2023 23:33,2051,26.5,26.5,26.75,26.25,NA,26.875,NA,26.375,26.625,26.625,26.5,26.625,30.5,31.125,31.25,31,31.625,30.375,30.875,31,31.375,31,NA,31,27.25
7,9/5/2023 0:03,2052,26.5,26.5,26.75,26.25,NA,26.875,NA,26.375,26.625,26.625,26.375,26.5,30.5,31,31.125,30.875,31.625,30.375,30.875,30.875,31.375,30.875,NA,31,27.25
7,9/5/2023 0:33,2053,26.5,26.5,26.625,26.125,NA,26.875,NA,26.375,26.625,26.625,26.375,26.5,30.5,31,31.125,30.875,31.625,30.375,30.75,30.875,31.25,30.875,NA,30.875,27.125
7,9/5/2023 1:03,2054,26.375,26.5,26.625,26.125,NA,26.75,NA,26.375,26.625,26.5,26.375,26.5,30.375,31,31.125,30.875,31.5,30.25,30.75,30.75,31.25,30.75,NA,30.875,27.125
7,9/5/2023 1:33,2055,26.375,26.5,26.625,26.125,NA,26.75,NA,26.375,26.5,26.5,26.375,26.5,30.5,31,31.125,30.875,31.5,30.25,30.75,30.875,31.25,30.875,NA,30.875,27.125
7,9/5/2023 2:03,2056,26.375,26.375,26.625,26.125,NA,26.75,NA,26.25,26.5,26.5,26.375,26.375,30.5,31,31.125,30.875,31.625,30.375,30.75,30.875,31.25,30.875,NA,30.875,27.125
7,9/5/2023 2:33,2057,26.5,26.625,26.75,26.25,NA,27,NA,26.5,26.75,26.625,26.5,26.625,31.125,31.625,31.625,31.625,32.125,30.875,31.5,31.5,31.75,31.5,NA,31.5,27.25
7,9/5/2023 3:03,2058,26.625,26.625,26.875,26.375,NA,27,NA,26.5,26.875,26.75,26.625,26.75,31.375,31.75,31.75,31.75,32,31,31.625,31.5,31.75,31.75,NA,31.625,27.125
7,9/5/2023 3:33,2059,26.75,26.75,26.875,26.5,NA,27.125,NA,26.625,26.875,26.75,26.625,26.75,31.25,31.625,31.625,31.625,31.75,30.875,31.5,31.375,31.5,31.625,NA,31.5,27.25
7,9/5/2023 4:03,2060,26.75,26.75,26.875,26.5,NA,27,NA,26.5,26.875,26.75,26.625,26.75,30.875,31.25,31.25,31.25,31.375,30.5,31.25,31,31.125,31.25,NA,31.125,27.125
7,9/5/2023 4:33,2061,26.625,26.625,26.75,26.5,NA,27,NA,26.5,26.875,26.75,26.5,26.625,30.625,30.875,30.875,31,31,30.25,30.875,30.625,30.75,30.875,NA,30.75,27.125
7,9/5/2023 5:03,2062,26.625,26.625,26.75,26.375,NA,27,NA,26.375,26.75,26.625,26.5,26.625,30.625,30.75,30.875,31,31.125,30.125,30.875,30.625,30.875,30.75,NA,30.75,27
7,9/5/2023 5:33,2063,26.5,26.5,26.625,26.25,NA,26.875,NA,26.25,26.75,26.625,26.375,26.5,30.75,31,31.125,31.125,31.375,30.375,31,30.875,31.125,31,NA,31,26.875
7,9/5/2023 6:03,2064,26.5,26.5,26.625,26.25,NA,26.875,NA,26.25,26.75,26.5,26.375,26.5,31,31.25,31.375,31.5,31.75,30.625,31.25,31.125,31.375,31.25,NA,31.25,26.875
7,9/5/2023 6:33,2065,26.5,26.5,26.625,26.25,NA,26.875,NA,26.25,26.625,26.5,26.375,26.5,31.25,31.5,31.625,31.75,31.875,30.75,31.5,31.25,31.625,31.5,NA,31.5,26.875
7,9/5/2023 7:03,2066,26.625,26.625,26.875,26.375,NA,27,NA,26.5,26.875,26.625,26.5,26.625,31.375,31.625,31.625,31.75,31.875,31,31.625,31.5,31.625,31.625,NA,31.5,26.875
7,9/5/2023 7:33,2067,27,26.875,27.125,26.625,NA,27.375,NA,26.875,27.125,27,26.875,27,31.5,31.625,31.625,31.75,31.875,31,31.625,31.5,31.75,31.75,NA,31.625,27
7,9/5/2023 8:03,2068,27.375,27.25,27.5,27.125,NA,27.75,NA,27.375,27.5,27.375,27.375,27.5,31.625,31.75,31.75,31.75,31.875,31.125,31.75,31.625,31.75,31.875,NA,31.625,27.125
7,9/5/2023 8:33,2069,27.625,27.625,27.875,27.375,NA,28,NA,27.75,27.875,27.75,27.625,27.875,31.625,31.875,31.875,31.75,31.875,31.25,31.75,31.625,31.75,31.875,NA,31.75,27.25
7,9/5/2023 19:03,2070,27.25,27.375,27.5,27,NA,27.5,NA,27.25,27.5,27.25,27.375,27.375,30,30.125,30.25,29.875,30,29.375,29.75,29.875,29.875,30,NA,29.75,27.25
7,9/5/2023 19:33,2071,27.125,27.25,27.375,26.875,NA,27.5,NA,27.25,27.375,27.125,27.25,27.375,30.5,30.625,30.875,30.5,30.625,29.875,30.375,30.375,30.5,30.625,NA,30.25,27.75
7,9/5/2023 20:03,2072,27,27.125,27.375,26.75,NA,27.375,NA,27.125,27.25,27.125,27.125,27.25,30.75,31,31.25,30.875,31,30.125,30.75,30.75,30.875,31,NA,30.5,27.75
7,9/5/2023 20:33,2073,27,27,27.25,26.625,NA,27.25,NA,27.125,27.125,27,27,27.125,31.125,31.25,31.625,31.125,31.375,30.375,31.125,31,31.125,31.25,NA,30.875,27.75
7,9/5/2023 21:03,2074,26.875,27,27.25,26.625,NA,27.25,NA,27,27.125,27,27,27.125,31.125,31.25,31.625,31.25,31.375,30.5,31.25,31,31.125,31.375,NA,30.875,27.75
7,9/5/2023 21:33,2075,26.875,27,27.25,26.625,NA,27.125,NA,27,27,26.875,26.875,27.125,31,31.25,31.5,31.125,31.25,30.375,31.25,31,31.125,31.25,NA,30.75,27.75
7,9/5/2023 22:03,2076,26.875,27,27.125,26.625,NA,27.125,NA,27,27,26.875,26.875,27,31.125,31.25,31.625,31.25,31.375,30.5,31.375,31,31.125,31.25,NA,30.875,27.75
7,9/5/2023 22:33,2077,26.875,27,27.25,26.625,NA,27.125,NA,27,27,26.875,26.875,27,31.125,31.375,31.625,31.25,31.375,30.625,31.375,31.125,31.25,31.375,NA,31,27.75
7,9/5/2023 23:03,2078,26.875,27,27.25,26.625,NA,27.125,NA,27,27.125,27,27,27.125,31.375,31.5,31.75,31.375,31.5,30.75,31.625,31.25,31.375,31.5,NA,31.125,27.75
7,9/5/2023 23:33,2079,26.875,27,27.25,26.625,NA,27.125,NA,27,27.125,27,27,27.125,31.375,31.625,31.875,31.5,31.625,30.875,31.625,31.375,31.5,31.625,NA,31.25,27.75
7,9/6/2023 0:03,2080,26.875,27,27.25,26.625,NA,27.25,NA,27,27.125,27,27,27.125,31.5,31.75,32,31.625,31.75,30.875,31.75,31.375,31.625,31.75,NA,31.25,27.75
7,9/6/2023 0:33,2081,26.875,27,27.25,26.625,NA,27.25,NA,27,27.125,27,27,27.125,31.625,31.75,31.875,31.625,31.75,31,31.875,31.5,31.625,31.875,NA,31.375,27.75
7,9/6/2023 1:03,2082,27,27.125,27.375,26.75,NA,27.375,NA,27.125,27.25,27.125,27.125,27.25,31.625,31.75,31.75,31.5,31.625,31.125,31.875,31.375,31.625,31.75,NA,31.375,27.625
7,9/6/2023 1:33,2083,27.125,27.125,27.375,26.75,NA,27.375,NA,27.125,27.25,27.125,27.125,27.25,31.375,31.625,31.5,31.25,31.375,30.875,31.75,31.125,31.375,31.625,NA,31.25,27.625
7,9/6/2023 2:03,2084,27,27.125,27.375,26.75,NA,27.375,NA,27.125,27.25,27.125,27.125,27.25,31,31.25,31.125,31,31.125,30.625,31.5,30.75,31,31.25,NA,30.875,27.625
7,9/6/2023 2:33,2085,27,27.125,27.375,26.75,NA,27.375,NA,27.125,27.25,27.125,27.125,27.125,30.75,31.125,31,30.75,30.875,30.375,31.25,30.5,30.75,31,NA,30.625,27.625
7,9/6/2023 3:03,2086,27,27.125,27.25,26.75,NA,27.25,NA,27.125,27.125,27,27,27.125,30.875,31.125,31.125,30.875,31,30.5,31.375,30.625,30.875,31.125,NA,30.75,27.5
7,9/6/2023 3:33,2087,27,27.125,27.25,26.75,NA,27.25,NA,27.125,27.125,27,27,27.125,31.25,31.5,31.375,31.125,31.25,30.75,31.625,30.875,31.125,31.375,NA,31,27.5
7,9/6/2023 4:03,2088,27,27.125,27.25,26.625,NA,27.25,NA,27,27.125,27,27,27.125,31.5,31.75,31.75,31.5,31.5,31,31.875,31.25,31.5,31.625,NA,31.375,27.5
7,9/6/2023 4:33,2089,27,27,27.25,26.625,NA,27.25,NA,27,27.125,27,27,27.125,31.5,31.75,31.625,31.375,31.5,31,31.875,31.125,31.5,31.625,NA,31.375,27.5
7,9/6/2023 5:03,2090,26.875,27,27.25,26.625,NA,27.125,NA,27,27,26.875,27,27.125,31.25,31.5,31.25,31.125,31.25,30.75,31.625,30.875,31.25,31.375,NA,31.125,27.5
7,9/6/2023 5:33,2091,26.875,27,27.25,26.625,NA,27.125,NA,27,27,26.875,27,27.125,30.875,31.125,30.875,30.75,30.875,30.375,31.25,30.625,30.875,31,NA,30.75,27.5
7,9/6/2023 6:03,2092,26.875,26.875,27.125,26.625,NA,27.125,NA,27,27,26.875,26.875,27,30.75,31,31,30.75,30.875,30.375,31.25,30.5,30.75,31,NA,30.625,27.375
7,9/6/2023 6:33,2093,26.875,26.875,27.125,26.625,NA,27,NA,26.875,27,26.875,26.875,27,31,31.25,31.25,30.875,31,30.5,31.375,30.625,31,31.125,NA,30.75,27.375
7,9/6/2023 7:03,2094,26.875,27,27.125,26.625,NA,27.125,NA,27,27,26.875,26.875,27,31.375,31.625,31.625,31.375,31.375,30.875,31.75,31,31.375,31.5,NA,31.125,27.375
7,9/6/2023 7:33,2095,27.25,27.25,27.5,27,NA,27.5,NA,27.25,27.375,27.25,27.25,27.375,31.75,32,31.875,31.75,31.875,31.375,32.125,31.5,31.75,32,NA,31.625,27.5
7,9/6/2023 8:03,2096,27.5,27.625,27.75,27.25,NA,27.75,NA,27.5,27.75,27.5,27.5,27.625,31.875,32.125,32,31.875,32,31.5,32.25,31.75,31.875,32.125,NA,31.75,27.5
7,9/6/2023 8:33,2097,28,28.25,28.25,27.875,NA,28.375,NA,27.875,28.375,28.125,28,28.125,32.125,32.375,32.25,32.125,32.625,31.75,32.625,32.125,32.25,32.5,NA,32,27.625
7,9/6/2023 9:03,2098,28.25,28.5,28.5,28,NA,28.625,NA,28.125,28.375,28.375,28.375,28.375,31.75,31.875,31.875,31.75,31.875,31.375,32.125,31.75,32,32.125,NA,31.75,27.5
7,9/6/2023 9:33,2099,27.75,27.875,28,27.5,NA,28.125,NA,27.75,28,27.875,27.75,27.875,31.25,31.375,31.375,31.25,31.375,30.75,31.5,31.125,31.375,31.5,NA,31.125,27.375
7,9/6/2023 10:03,2100,27.75,27.875,28,27.5,NA,28.125,NA,27.75,28,27.75,27.75,27.875,31.125,31.25,31.125,31.125,31.125,30.625,31.25,30.875,31.25,31.25,NA,30.875,27.375
7,9/6/2023 10:33,2101,28.5,28.25,29.125,28.5,NA,28.5,NA,28.5,28.625,28.625,28.5,28.75,31.25,31.375,31.625,31.875,31.375,31.125,31.5,31.25,32.25,31.875,NA,31.375,27.625
7,9/6/2023 11:03,2102,28.5,28.375,29.25,28.5,NA,28.625,NA,28.75,28.625,28.875,28.5,29,31.875,31.5,31.625,31.75,31.5,31.375,31.5,31.375,32,32.125,NA,31.5,27.75
7,9/6/2023 11:33,2103,28.125,28.125,28.625,28.125,NA,28.375,NA,28.25,28.25,28.375,28.125,28.5,31.25,31.25,31.25,31.25,31.125,30.75,31.25,31,31.375,31.625,NA,31,27.75
7,9/6/2023 12:03,2104,27.75,27.875,28.125,27.625,NA,28.125,NA,27.875,28,28,27.875,28.125,31,31,31.125,31,31,30.375,31,30.75,31,31.25,NA,30.75,27.75
7,9/6/2023 12:33,2105,27.875,28,28.125,27.75,NA,28.125,NA,28,28.125,27.875,27.875,28.125,31.375,31.5,31.5,31.375,31.375,30.875,31.375,31.125,31.375,31.5,NA,31,27.75
7,9/6/2023 13:03,2106,27.875,28,28.125,27.75,NA,28.125,NA,28,28.125,27.875,27.875,28.125,31.625,31.75,31.75,31.5,31.625,31,31.625,31.375,31.625,31.75,NA,31.25,27.875
7,9/6/2023 13:33,2107,28,28.125,28.25,27.875,NA,28.25,NA,28,28.125,28,27.875,28.125,31.875,31.875,32,31.75,31.75,31.125,31.75,31.625,31.75,31.875,NA,31.375,28
7,9/6/2023 14:03,2108,28,28.125,28.25,27.875,NA,28.25,NA,28,28.25,28,27.875,28.25,31.875,32,31.875,31.75,31.875,31.25,31.875,31.625,31.875,31.875,NA,31.5,28.125
7,9/6/2023 14:33,2109,28,28,28.25,27.75,NA,28.25,NA,28,28.125,28,28,28.25,31.625,31.75,31.625,31.5,31.625,31,31.625,31.375,31.625,31.75,NA,31.375,28
7,9/6/2023 15:03,2110,27.875,27.875,28.125,27.5,NA,28.125,NA,27.875,28,27.875,27.875,28,31.125,31.375,31.25,31.125,31.25,30.625,31.375,31.125,31.25,31.25,NA,31,28.125
7,9/6/2023 15:33,2111,27.75,27.875,28.125,27.5,NA,28,NA,27.875,28,27.75,27.75,28,30.875,31.125,31,30.875,31,30.5,31.125,30.75,31,31,NA,30.75,28
7,9/6/2023 16:03,2112,27.625,27.75,28,27.375,NA,27.875,NA,27.75,27.875,27.625,27.625,27.875,30.75,31.125,31,30.875,31,30.375,31,30.75,30.875,30.875,NA,30.625,28
7,9/6/2023 16:33,2113,27.5,27.625,27.875,27.25,NA,27.75,NA,27.625,27.625,27.5,27.5,27.75,30.875,31.125,31.125,30.875,31.125,30.375,31.125,30.875,30.875,31,NA,30.625,27.875
7,9/6/2023 17:03,2114,27.375,27.5,27.75,27.125,NA,27.625,NA,27.5,27.5,27.375,27.375,27.625,31,31.375,31.375,31,31.25,30.5,31.25,31,31,31.125,NA,30.875,27.875
7,9/6/2023 17:33,2115,27.375,27.375,27.625,27.125,NA,27.625,NA,27.375,27.5,27.375,27.375,27.5,31.25,31.5,31.5,31.25,31.375,30.75,31.5,31.125,31.25,31.375,NA,31,27.875
7,9/6/2023 18:03,2116,27.375,27.375,27.625,27.125,NA,27.625,NA,27.375,27.5,27.375,27.375,27.5,31.5,31.75,31.75,31.5,31.625,31,31.75,31.375,31.5,31.625,NA,31.25,27.875
7,9/6/2023 18:33,2117,27.375,27.375,27.625,27,NA,27.625,NA,27.375,27.5,27.25,27.375,27.5,31.5,31.75,31.625,31.375,31.625,31,31.75,31.375,31.5,31.625,NA,31.25,27.875
7,9/6/2023 19:03,2118,27.25,27.375,27.625,27,NA,27.5,NA,27.375,27.375,27.25,27.25,27.5,31.125,31.375,31.25,31.125,31.25,30.625,31.5,31.125,31.125,31.25,NA,31,27.75
7,9/6/2023 19:33,2119,27.25,27.375,27.625,27,NA,27.5,NA,27.375,27.5,27.25,27.25,27.5,30.875,31.125,31,30.875,31,30.375,31.25,30.75,30.875,31,NA,30.75,27.75
7,9/6/2023 20:03,2120,27.25,27.25,27.5,27,NA,27.5,NA,27.25,27.375,27.25,27.25,27.375,30.75,31.125,31.125,30.875,31,30.375,31.25,30.875,30.875,31,NA,30.75,27.75
7,9/6/2023 20:33,2121,27.125,27.25,27.5,26.875,NA,27.5,NA,27.25,27.375,27.125,27.25,27.375,31,31.375,31.25,31,31.125,30.5,31.375,31,31,31.125,NA,30.875,27.625
7,9/6/2023 21:03,2122,27.125,27.25,27.5,26.875,NA,27.5,NA,27.25,27.25,27.125,27.125,27.25,31.125,31.5,31.5,31.25,31.375,30.75,31.5,31.125,31.125,31.25,NA,31,27.625
7,9/6/2023 21:33,2123,27.125,27.125,27.375,26.75,NA,27.375,NA,27.125,27.25,27.125,27.125,27.25,31.375,31.625,31.75,31.375,31.5,30.875,31.625,31.375,31.375,31.5,NA,31.125,27.625
7,9/6/2023 22:03,2124,27.125,27.125,27.375,26.75,NA,27.375,NA,27.125,27.25,27.125,27.125,27.25,31.375,31.75,31.625,31.375,31.625,30.875,31.75,31.375,31.375,31.5,NA,31.25,27.625
7,9/6/2023 22:33,2125,27,27.125,27.375,26.75,NA,27.375,NA,27.125,27.25,27.125,27.125,27.25,31.125,31.375,31.25,31.125,31.25,30.625,31.375,31,31.125,31.25,NA,30.875,27.625
7,9/6/2023 23:03,2126,27,27.125,27.375,26.75,NA,27.375,NA,27.125,27.25,27,27.125,27.25,30.75,31.125,31,30.875,31,30.375,31.125,30.75,30.875,31,NA,30.625,27.625
7,9/6/2023 23:33,2127,27,27.125,27.375,26.875,NA,27.375,NA,27.125,27.25,27.125,27.125,27.25,30.875,31.25,31.25,31,31.125,30.375,31.25,30.875,31,31.125,NA,30.75,27.625
7,9/7/2023 0:03,2128,27,27.125,27.375,26.75,NA,27.375,NA,27.125,27.25,27.125,27.125,27.25,30.875,31.125,31.25,31,31.125,30.375,31.125,30.875,31,31.125,NA,30.75,27.625
7,9/7/2023 0:33,2129,27,27,27.25,26.75,NA,27.25,NA,27.125,27.125,27,27,27.125,30.875,31.125,31.375,31,31.125,30.375,31.125,31,31,31.125,NA,30.75,27.5
7,9/7/2023 1:03,2130,26.875,27,27.25,26.625,NA,27.25,NA,27,27.125,27,27,27.125,31.125,31.375,31.5,31.25,31.25,30.625,31.375,31.125,31.25,31.375,NA,31,27.625
7,9/7/2023 1:33,2131,26.875,27,27.25,26.625,NA,27.25,NA,27,27.125,27,27,27.125,31.25,31.625,31.75,31.375,31.5,30.875,31.625,31.375,31.375,31.5,NA,31.125,27.625
7,9/7/2023 2:03,2132,26.875,27,27.25,26.625,NA,27.25,NA,27,27.125,27,27,27.125,31.5,31.75,31.75,31.5,31.625,31,31.875,31.5,31.5,31.75,NA,31.25,27.5
7,9/7/2023 2:33,2133,26.875,27,27.25,26.625,NA,27.25,NA,27,27.125,27,27,27.125,31.25,31.5,31.5,31.25,31.375,30.75,31.625,31.25,31.25,31.375,NA,31.125,27.5
7,9/7/2023 3:03,2134,26.875,27,27.25,26.625,NA,27.25,NA,27,27.125,27,27,27.125,30.75,31.125,31.125,30.875,31,30.375,31.125,30.875,30.875,31,NA,30.625,27.5
7,9/7/2023 3:33,2135,26.875,27,27.25,26.625,NA,27.25,NA,27,27.125,27,27,27.125,30.75,31.125,31.125,30.875,31,30.375,31.125,30.875,30.875,31,NA,30.625,27.5
7,9/7/2023 4:03,2136,26.875,27,27.25,26.625,NA,27.25,NA,27,27.125,27,27,27.125,30.875,31.25,31.25,31,31.125,30.375,31.25,30.875,31,31.125,NA,30.75,27.5
7,9/7/2023 4:33,2137,26.875,27,27.25,26.625,NA,27.25,NA,27,27.125,26.875,26.875,27.125,31.125,31.375,31.5,31.125,31.25,30.625,31.375,31.125,31.125,31.25,NA,30.875,27.5
7,9/7/2023 5:03,2138,26.875,26.875,27.125,26.625,NA,27.125,NA,27,27,26.875,26.875,27,31.25,31.5,31.625,31.25,31.375,30.75,31.5,31.25,31.25,31.375,NA,31,27.375
7,9/7/2023 5:33,2139,26.875,26.875,27.125,26.625,NA,27.125,NA,27,27,26.875,26.875,27,31.375,31.625,31.75,31.5,31.625,30.875,31.75,31.375,31.375,31.625,NA,31.25,27.375
7,9/7/2023 6:03,2140,26.875,26.875,27.125,26.625,NA,27.125,NA,27,27,26.875,26.875,27,31.5,31.75,31.75,31.5,31.625,31,31.75,31.375,31.5,31.625,NA,31.25,27.375
7,9/7/2023 6:33,2141,26.875,26.875,27.125,26.625,NA,27.125,NA,27,27,26.875,26.875,27,31.125,31.375,31.25,31.125,31.125,30.625,31.375,31.125,31.125,31.25,NA,30.875,27.375
7,9/7/2023 7:03,2142,26.875,27,27.25,26.625,NA,27.25,NA,27,27.125,27,27,27.125,30.875,31.125,31.125,30.875,31,30.375,31.125,30.875,30.875,31.125,NA,30.75,27.375
7,9/7/2023 7:33,2143,27.125,27.25,27.375,26.875,NA,27.5,NA,27.125,27.375,27.125,27.125,27.25,31,31.375,31.375,31.125,31.25,30.5,31.375,31,31.125,31.25,NA,30.875,27.5
7,9/7/2023 8:03,2144,27.375,27.5,27.625,27.125,NA,27.625,NA,27.375,27.625,27.375,27.375,27.5,31.375,31.75,31.75,31.5,31.75,31,31.75,31.5,31.5,31.625,NA,31.25,27.5
7,9/7/2023 8:33,2145,28,28.125,28.25,27.625,NA,28.25,NA,27.75,28.25,28,27.875,28,31.875,32,32.25,32,32.5,31.5,32.25,32,32.125,32.25,NA,31.75,27.625
7,9/7/2023 9:03,2146,28.625,28.75,28.75,28.375,NA,29,NA,28.375,28.875,28.625,28.625,28.625,32,31.875,32.25,32.125,32.625,31.375,32.375,32.125,32.25,32.375,NA,31.875,27.75
7,9/7/2023 9:33,2147,29.125,29,29.375,28.875,NA,29.375,NA,28.875,29.125,29.125,29.125,29.25,31.75,31.625,31.875,31.875,31.5,30.875,31.625,31.75,31.75,32.25,NA,31.375,27.875
7,9/7/2023 10:03,2148,29.5,29.625,29.875,29.375,NA,30,NA,29.5,29.75,29.375,29.5,29.75,31.5,31.5,31.625,31.875,31.375,30.75,31.5,31.625,31.75,32,NA,31.25,28
7,9/7/2023 10:33,2149,29.375,29.25,30,29.5,NA,29.625,NA,29.375,29.5,29.5,29.375,29.75,31.25,31.25,31.5,31.75,31.125,31.125,31.375,31.375,32,31.875,NA,31.25,28
7,9/7/2023 11:03,2150,28.75,28.625,29.125,28.625,NA,28.875,NA,28.75,28.875,28.875,28.625,29,31.125,30.875,31,31.125,30.875,30.5,31,30.875,31.375,31.25,NA,30.75,28
7,9/7/2023 11:33,2151,28.25,28.25,28.625,28.125,NA,28.5,NA,28.375,28.375,28.25,28.25,28.625,30.625,30.75,30.625,30.625,30.625,30.125,30.75,30.5,30.75,30.875,NA,30.375,27.875
7,9/7/2023 12:03,2152,28.25,28.375,28.5,28,NA,28.5,NA,28.25,28.375,28.125,28.125,28.5,30.625,30.625,30.5,30.5,30.5,30.125,30.625,30.375,30.625,30.625,NA,30.25,28
7,9/7/2023 12:33,2153,28.25,28.5,28.625,28,NA,28.5,NA,28.5,28.5,28.25,28.25,28.5,30.625,30.75,30.375,30.375,30.375,30.25,30.5,30.25,30.625,30.75,NA,30.125,28.125
7,9/7/2023 13:03,2154,28.375,28.625,28.625,28,NA,28.5,NA,28.5,28.5,28.25,28.125,28.5,30.625,30.625,30.25,30.25,30.375,30,30.375,30.125,30.375,30.375,NA,30,28.375
7,9/7/2023 13:33,2155,28.375,28.5,28.5,28.125,NA,28.5,NA,28.5,28.625,28.125,28.125,28.5,30.375,30.5,30.125,30.125,30.125,29.75,30.25,29.875,30.25,30.25,NA,29.875,28.375
7,9/7/2023 14:03,2156,28.25,28.375,28.5,28,NA,28.375,NA,28.25,28.25,28.125,28.125,28.375,30.125,30.25,30.125,30,30.125,29.625,30.125,29.875,30.125,30.125,NA,29.875,28.25
7,9/7/2023 14:33,2157,28.25,28.375,28.5,28,NA,28.375,NA,28.375,28.375,28.125,28.125,28.375,30.625,30.75,30.5,30.375,30.625,30,30.5,30.25,30.5,30.5,NA,30.125,28.375
7,9/7/2023 15:03,2158,28.125,28.25,28.375,27.75,NA,28.375,NA,28.25,28.25,28,28,28.25,30.5,30.875,30.625,30.625,30.875,30.25,30.75,30.5,30.75,30.625,NA,30.375,28.125
7,9/7/2023 15:33,2159,27.75,27.875,28.125,27.5,NA,28,NA,27.875,27.875,27.75,27.75,28,30.375,30.5,30.5,30.375,30.5,30,30.5,30.25,30.5,30.5,NA,30.25,27.875
7,9/7/2023 16:03,2160,27.5,27.5,27.875,27.25,NA,27.75,NA,27.625,27.625,27.5,27.5,27.75,29.875,30.125,30,29.875,30.125,29.5,30.125,29.875,30,30,NA,29.75,27.75
7,9/7/2023 16:33,2161,27.375,27.5,27.75,27.125,NA,27.625,NA,27.5,27.5,27.375,27.375,27.625,29.875,30.125,30.125,29.875,30.125,29.5,30.125,29.875,29.875,30,NA,29.75,27.875
7,9/7/2023 17:03,2162,27.375,27.375,27.625,27,NA,27.625,NA,27.375,27.5,27.25,27.375,27.5,30,30.375,30.375,30.125,30.375,29.625,30.375,30.125,30.125,30.125,NA,29.875,27.875
7,9/7/2023 17:33,2163,27.25,27.375,27.625,27,NA,27.5,NA,27.375,27.375,27.25,27.25,27.5,30.25,30.625,30.625,30.375,30.625,29.875,30.625,30.375,30.375,30.375,NA,30.125,27.875
7,9/7/2023 18:03,2164,27.25,27.25,27.625,27,NA,27.5,NA,27.375,27.375,27.25,27.25,27.5,30.5,30.875,30.75,30.5,30.75,30.125,30.875,30.625,30.5,30.625,NA,30.375,28
7,9/7/2023 18:33,2165,27.25,27.25,27.625,27,NA,27.5,NA,27.25,27.375,27.25,27.25,27.375,30.375,30.75,30.5,30.375,30.625,29.875,30.625,30.5,30.375,30.5,NA,30.25,28
7,9/7/2023 19:03,2166,27.25,27.25,27.625,27,NA,27.5,NA,27.375,27.375,27.25,27.25,27.375,30,30.375,30.125,30,30.25,29.625,30.375,30.125,30,30.125,NA,30,28
7,9/7/2023 19:33,2167,27.25,27.25,27.625,27,NA,27.5,NA,27.375,27.5,27.25,27.25,27.5,29.875,30.125,30.125,29.875,30.125,29.375,30.125,29.875,29.875,30,NA,29.75,28
7,9/7/2023 20:03,2168,27.25,27.25,27.625,27,NA,27.5,NA,27.375,27.375,27.25,27.25,27.375,29.875,30.125,30.25,30,30.125,29.375,30.125,30,29.875,30,NA,29.75,28
7,9/7/2023 20:33,2169,27.125,27.25,27.5,27,NA,27.5,NA,27.25,27.375,27.25,27.25,27.375,30.125,30.375,30.375,30.125,30.375,29.625,30.375,30.125,30.125,30.25,NA,30,27.875
7,9/7/2023 21:03,2170,27.125,27.25,27.5,27,NA,27.5,NA,27.25,27.375,27.125,27.25,27.375,30.375,30.625,30.625,30.375,30.5,29.875,30.625,30.375,30.375,30.375,NA,30.25,27.875
7,9/7/2023 21:33,2171,27.125,27.125,27.5,26.875,NA,27.5,NA,27.25,27.25,27.125,27.125,27.375,30.5,30.75,30.75,30.5,30.75,30,30.75,30.5,30.5,30.625,NA,30.375,27.875
7,9/7/2023 22:03,2172,27.125,27.125,27.5,26.875,NA,27.5,NA,27.25,27.25,27.125,27.125,27.375,30.375,30.625,30.5,30.375,30.5,29.875,30.625,30.375,30.375,30.5,NA,30.25,27.875
7,9/7/2023 22:33,2173,27.125,27.125,27.5,26.875,NA,27.5,NA,27.25,27.25,27.125,27.125,27.25,30,30.25,30.125,30,30.125,29.5,30.25,30,30,30.125,NA,29.875,27.875
7,9/7/2023 23:03,2174,27.125,27.125,27.5,26.875,NA,27.5,NA,27.25,27.25,27.125,27.125,27.25,29.75,30,30,29.875,30,29.25,30,29.875,29.875,29.875,NA,29.625,27.875
7,9/7/2023 23:33,2175,27,27.125,27.5,26.875,NA,27.5,NA,27.25,27.25,27.125,27.125,27.25,29.875,30.125,30.125,29.875,30.125,29.375,30.125,29.875,29.875,30,NA,29.75,27.75
7,9/8/2023 0:03,2176,27,27.125,27.375,26.875,NA,27.5,NA,27.25,27.25,27.125,27.125,27.25,30,30.25,30.375,30.125,30.25,29.5,30.25,30.125,30,30.125,NA,29.875,27.875
7,9/8/2023 0:33,2177,27,27.125,27.375,26.875,NA,27.5,NA,27.125,27.25,27.125,27.125,27.25,30.25,30.5,30.625,30.375,30.5,29.75,30.375,30.375,30.25,30.375,NA,30.125,27.75
7,9/8/2023 1:03,2178,27,27.125,27.375,26.875,NA,27.5,NA,27.25,27.25,27.125,27.125,27.25,30.5,30.75,30.875,30.625,30.75,30,30.75,30.625,30.5,30.625,NA,30.375,27.75
7,9/8/2023 1:33,2179,27.125,27.125,27.5,26.875,NA,27.5,NA,27.25,27.375,27.125,27.125,27.25,30.5,30.75,30.625,30.5,30.625,30,30.75,30.5,30.5,30.625,NA,30.375,27.75
7,9/8/2023 2:03,2180,27.125,27.125,27.375,26.875,NA,27.5,NA,27.25,27.25,27.125,27.125,27.25,30.125,30.375,30.25,30.125,30.25,29.625,30.375,30.125,30.125,30.25,NA,30,27.75
7,9/8/2023 2:33,2181,27,27,27.375,26.875,NA,27.375,NA,27.125,27.25,27.125,27.125,27.25,29.75,30,30,29.75,29.875,29.25,30,29.875,29.75,29.875,NA,29.625,27.75
7,9/8/2023 3:03,2182,27,27,27.375,26.75,NA,27.375,NA,27.125,27.25,27,27,27.125,29.75,29.875,30.125,29.875,30,29.25,29.875,29.875,29.75,29.875,NA,29.625,27.625
7,9/8/2023 3:33,2183,26.875,27,27.375,26.75,NA,27.375,NA,27.125,27.125,27,27,27.125,29.875,30,30.25,30,30.125,29.375,30,30,29.875,30,NA,29.75,27.625
7,9/8/2023 4:03,2184,26.875,26.875,27.25,26.625,NA,27.125,NA,27,27,26.875,26.875,27,29.875,30,30.25,30,30.125,29.375,30,30,29.875,30,NA,29.75,27.625
7,9/8/2023 4:33,2185,26.75,26.875,27.25,26.625,NA,27.25,NA,27,27.125,26.875,26.875,27,30,30.25,30.5,30.125,30.25,29.5,30.25,30.125,30.125,30.125,NA,29.875,27.625
7,9/8/2023 5:03,2186,26.875,26.875,27.25,26.625,NA,27.25,NA,27,27.125,26.875,26.875,27,30.25,30.5,30.75,30.375,30.5,29.75,30.5,30.375,30.375,30.375,NA,30.125,27.625
7,9/8/2023 5:33,2187,26.875,26.875,27.25,26.625,NA,27.125,NA,27,27.125,26.875,26.875,27,30.375,30.625,30.875,30.5,30.625,29.875,30.625,30.5,30.375,30.5,NA,30.25,27.625
7,9/8/2023 6:03,2188,26.875,26.875,27.25,26.625,NA,27.25,NA,27,27.125,26.875,26.875,27,30.375,30.625,30.625,30.5,30.625,29.875,30.625,30.5,30.375,30.5,NA,30.25,27.625
7,9/8/2023 6:33,2189,26.75,26.875,27.125,26.625,NA,27.125,NA,27,27,26.875,26.875,27,29.875,30.25,30.25,30,30.125,29.5,30.25,30.125,30,30.125,NA,29.875,27.625
7,9/8/2023 7:03,2190,27,27,27.25,26.75,NA,27.375,NA,27.125,27.25,27,27,27.125,30,30.25,30.375,30.125,30.375,29.5,30.25,30.125,30,30.125,NA,29.875,27.625
7,9/8/2023 7:33,2191,27.25,27.375,27.625,27,NA,27.625,NA,27.375,27.5,27.375,27.375,27.375,30.25,30.625,30.875,30.5,30.75,29.875,30.625,30.5,30.375,30.5,NA,30.25,27.75
7,9/8/2023 8:03,2192,27.375,27.5,27.75,27.125,NA,27.75,NA,27.5,27.625,27.5,27.5,27.5,30.625,30.875,30.875,30.625,30.875,30.125,30.875,30.75,30.625,30.75,NA,30.5,27.875
7,9/8/2023 8:33,2193,27.75,27.875,28,27.5,NA,28,NA,27.75,28,27.75,27.75,27.875,30.75,31,31,30.75,31.125,30.25,31,30.875,30.875,31,NA,30.625,27.875
7,9/8/2023 9:03,2194,28.25,28.375,28.5,28,NA,28.5,NA,28.125,28.375,28.25,28.25,28.375,30.75,30.875,31,30.75,31,30.25,31,30.875,31,31,NA,30.75,28
7,9/8/2023 9:33,2195,28.625,28.75,29,28.5,NA,28.875,NA,28.75,28.75,28.625,28.625,28.875,30.75,30.875,30.75,30.75,30.75,30.125,30.75,31,31,31.125,NA,30.625,28
7,9/8/2023 10:03,2196,29.5,29.75,29.875,29.375,NA,29.875,NA,29.625,29.75,29.25,29.5,29.875,30.625,30.875,30.875,31,30.75,30.125,30.875,30.875,31.25,31.25,NA,30.625,28.25
7,9/8/2023 10:33,2197,30,29.625,30.625,29.875,NA,29.875,NA,30,30,30.125,29.875,30.375,30.625,30.875,31.125,31.375,30.875,30.625,31,30.875,31.75,31.625,NA,31.125,28.5
7,9/8/2023 11:03,2198,29.375,29.375,30,29.5,NA,29.625,NA,30.125,29.625,29.875,29.375,30,30.875,30.875,30.75,31,30.75,30.5,30.75,30.625,31.5,31.75,NA,30.75,28.625
7,9/8/2023 11:33,2199,29.125,29.375,29.75,29.5,NA,29.5,NA,29.5,29.5,29.375,29.125,30.25,30.375,30.5,30.375,30.5,30.375,29.75,30.25,30.25,31,31.625,NA,30.125,28.625
7,9/8/2023 12:03,2200,29,29.375,29.5,29.125,NA,29.375,NA,29.375,29.375,29.125,29,29.75,30.25,30.625,30.5,30.375,30.625,30,30.375,30.25,30.625,30.875,NA,30.125,28.625
7,9/8/2023 12:33,2201,28.75,28.875,29,28.625,NA,29,NA,28.875,28.875,28.75,28.625,29.125,30.25,30.5,30.625,30.5,30.625,29.875,30.375,30.375,30.5,30.625,NA,30.25,28.5
7,9/8/2023 13:03,2202,28.25,28.375,28.625,28.125,NA,28.5,NA,28.375,28.5,28.375,28.25,28.5,30.25,30.5,30.625,30.375,30.5,29.75,30.375,30.375,30.375,30.5,NA,30.125,28.375
7,9/8/2023 13:33,2203,28.25,28.25,28.5,28,NA,28.5,NA,28.25,28.375,28.25,28.125,28.5,30.5,30.75,30.875,30.75,30.875,30.125,30.625,30.625,30.75,30.75,NA,30.375,28.375
7,9/8/2023 14:03,2204,28,28,28.25,27.875,NA,28.25,NA,28.125,28.25,28,27.875,28.25,30.375,30.625,30.625,30.5,30.625,29.875,30.375,30.375,30.625,30.5,NA,30.125,28.375
7,9/8/2023 14:33,2205,27.75,27.875,28.125,27.625,NA,28,NA,27.875,28,27.75,27.75,28,30,30.25,30.25,30.125,30.25,29.5,30.125,30,30.25,30.125,NA,29.875,28.125
7,9/8/2023 15:03,2206,27.875,27.875,28.125,27.625,NA,28.125,NA,28,28.125,27.875,27.75,28.125,30.25,30.625,30.625,30.5,30.625,29.875,30.5,30.5,30.625,30.375,NA,30.25,28.125
7,9/8/2023 15:33,2207,27.625,27.75,28,27.5,NA,27.875,NA,27.75,27.875,27.75,27.625,28,30.5,30.75,30.625,30.5,30.625,30,30.625,30.5,30.5,30.5,NA,30.25,28
7,9/8/2023 16:03,2208,27.625,27.625,28,27.375,NA,27.875,NA,27.75,27.75,27.625,27.625,27.875,30.25,30.5,30.375,30.25,30.375,29.875,30.375,30.25,30.25,30.25,NA,30.125,27.875
7,9/8/2023 16:33,2209,27.375,27.5,27.75,27.125,NA,27.625,NA,27.5,27.625,27.375,27.375,27.75,29.875,30.125,30,29.875,30,29.375,30,29.875,29.875,29.875,NA,29.75,27.75
7,9/8/2023 17:03,2210,27.25,27.375,27.625,27,NA,27.5,NA,27.375,27.5,27.25,27.25,27.5,29.75,30,30.125,29.875,30,29.375,30,29.875,29.75,29.75,NA,29.625,27.625
7,9/8/2023 17:33,2211,27.25,27.25,27.625,27,NA,27.5,NA,27.25,27.375,27.25,27.25,27.5,29.875,30.25,30.25,29.875,30.125,29.5,30.125,30,29.875,29.875,NA,29.75,27.5
7,9/8/2023 18:03,2212,27.125,27.25,27.5,26.875,NA,27.5,NA,27.25,27.375,27.125,27.125,27.375,30.25,30.5,30.5,30.125,30.375,29.75,30.375,30.25,30.25,30.125,NA,30,28
7,9/8/2023 18:33,2213,27.125,27.125,27.5,26.875,NA,27.5,NA,27.25,27.25,27.125,27.125,27.375,30.5,30.75,30.75,30.375,30.625,30,30.75,30.625,30.5,30.375,NA,30.25,28.125
7,9/8/2023 19:03,2214,27,27.125,27.375,26.75,NA,27.375,NA,27.125,27.25,27,27,27.25,30.375,30.75,30.625,30.25,30.5,30,30.625,30.5,30.375,30.375,NA,30.25,28
7,9/8/2023 19:33,2215,26.875,27,27.25,26.625,NA,27.25,NA,27,27,26.875,26.875,27.125,29.875,30.25,30.125,29.75,30.125,29.5,30.125,30,29.875,29.875,NA,29.75,28
7,9/8/2023 20:03,2216,26.875,26.875,27.125,26.625,NA,27.125,NA,26.875,27,26.75,26.875,27.125,29.75,30.125,30.125,29.625,30,29.375,30,29.875,29.75,29.75,NA,29.625,28.125
7,9/8/2023 20:33,2217,26.875,26.875,27.125,26.5,NA,27.125,NA,26.875,27,26.75,26.875,27.125,29.875,30.25,30.25,29.75,30.125,29.375,30.125,30,29.875,29.875,NA,29.75,28.25
7,9/8/2023 21:03,2218,26.875,26.875,27.125,26.5,NA,27.125,NA,26.875,27,26.75,26.875,27,30,30.375,30.375,30,30.25,29.625,30.25,30.125,30,30,NA,29.875,28.25
7,9/8/2023 21:33,2219,26.875,26.875,27.125,26.5,NA,27.125,NA,26.875,27,26.75,26.875,27.125,30.25,30.5,30.625,30.125,30.5,29.75,30.5,30.375,30.25,30.125,NA,30,28.125
7,9/8/2023 22:03,2220,26.875,26.875,27.125,26.5,NA,27.125,NA,26.875,27,26.75,26.875,27.125,30.375,30.625,30.75,30.25,30.625,29.875,30.625,30.5,30.375,30.375,NA,30.125,28.125
7,9/8/2023 22:33,2221,26.875,26.875,27.125,26.5,NA,27.125,NA,26.875,27,26.75,26.75,27,30.5,30.75,30.75,30.375,30.625,30,30.75,30.625,30.5,30.5,NA,30.25,28.125
7,9/8/2023 23:03,2222,26.875,26.875,27.125,26.625,NA,27.125,NA,26.875,27,26.875,26.875,27.125,30.375,30.625,30.5,30.25,30.5,29.875,30.625,30.375,30.375,30.375,NA,30.125,28.125
7,9/8/2023 23:33,2223,26.875,27,27.25,26.625,NA,27.25,NA,27,27.125,26.875,26.875,27.125,30,30.25,30.125,29.875,30.125,29.625,30.25,30.125,30.125,30,NA,29.875,28.125
7,9/9/2023 0:03,2224,26.875,27,27.25,26.625,NA,27.25,NA,27,27.125,26.875,26.875,27.125,29.625,30,30,29.625,29.875,29.25,29.875,29.75,29.75,29.75,NA,29.625,28
7,9/9/2023 0:33,2225,26.875,27,27.25,26.625,NA,27.25,NA,27,27.125,26.875,26.875,27.125,29.75,30,30.125,29.75,29.875,29.25,30,29.875,29.875,29.75,NA,29.625,28
7,9/9/2023 1:03,2226,26.875,27,27.25,26.625,NA,27.25,NA,27,27.125,26.875,26.875,27.125,30,30.25,30.375,29.875,30.125,29.5,30.125,30.125,30,30,NA,29.875,28
7,9/9/2023 1:33,2227,26.875,26.875,27.25,26.625,NA,27.125,NA,27,27,26.875,26.875,27.125,30.25,30.375,30.5,30.125,30.375,29.75,30.375,30.25,30.25,30.25,NA,30,28
7,9/9/2023 2:03,2228,26.875,27,27.25,26.625,NA,27.25,NA,27,27,26.875,26.875,27.125,30.375,30.625,30.75,30.375,30.625,29.875,30.625,30.625,30.5,30.5,NA,30.25,28
7,9/9/2023 2:33,2229,26.875,27,27.25,26.625,NA,27.25,NA,27,27,26.875,26.875,27.125,30.625,30.875,30.875,30.5,30.75,30.125,30.875,30.75,30.625,30.625,NA,30.375,28
7,9/9/2023 3:03,2230,26.875,27,27.25,26.625,NA,27.25,NA,27,27,26.875,26.875,27.125,30.375,30.625,30.625,30.375,30.5,30,30.625,30.5,30.5,30.5,NA,30.25,28
7,9/9/2023 3:33,2231,26.75,26.875,27.125,26.625,NA,27.125,NA,26.875,27,26.75,26.75,27,29.875,30,30.125,29.75,30,29.25,30.125,29.875,29.875,29.875,NA,29.75,27.875
7,9/9/2023 4:03,2232,26.75,26.75,27,26.5,NA,27,NA,26.75,26.875,26.75,26.75,27,29.625,29.875,30,29.625,29.75,29.125,29.875,29.75,29.75,29.75,NA,29.5,27.875
7,9/9/2023 4:33,2233,26.625,26.75,27,26.375,NA,27,NA,26.75,26.875,26.625,26.625,26.875,29.625,29.875,30.125,29.625,29.875,29.125,29.875,29.875,29.75,29.75,NA,29.5,27.875
7,9/9/2023 5:03,2234,26.75,26.75,27,26.5,NA,27,NA,26.75,26.875,26.75,26.75,26.875,30.125,30.375,30.5,30,30.25,29.625,30.25,30.25,30.125,30.125,NA,30,27.875
7,9/9/2023 5:33,2235,26.75,26.75,27.125,26.5,NA,27,NA,26.875,26.875,26.75,26.75,27,30.375,30.625,30.75,30.375,30.5,29.875,30.625,30.5,30.5,30.5,NA,30.25,27.875
7,9/9/2023 6:03,2236,26.75,26.875,27.125,26.625,NA,27.125,NA,26.875,27,26.75,26.75,27,30.5,30.75,30.75,30.5,30.625,30.125,30.75,30.625,30.625,30.625,NA,30.375,27.875
7,9/9/2023 6:33,2237,26.75,26.75,27.125,26.5,NA,27.125,NA,26.875,26.875,26.75,26.75,27,30.25,30.5,30.375,30.125,30.25,29.75,30.5,30.25,30.375,30.25,NA,30.125,27.75
7,9/9/2023 7:03,2238,26.875,27,27.125,26.625,NA,27.25,NA,26.875,27.125,26.875,26.875,27.125,29.875,30.25,30.25,29.875,30.125,29.5,30.125,30.125,30,30,NA,29.75,27.875
7,9/9/2023 7:33,2239,27,27.125,27.25,26.625,NA,27.375,NA,27,27.125,27,27,27.125,30,30.375,30.5,30,30.25,29.625,30.25,30.25,30.125,30.125,NA,30,27.875
7,9/9/2023 8:03,2240,27.375,27.625,27.625,27.125,NA,27.75,NA,27.375,27.75,27.5,27.375,27.5,30.375,30.75,31,30.5,31.125,30,30.75,30.75,30.5,30.625,NA,30.375,27.875
7,9/9/2023 8:33,2241,27.875,28.25,28.125,27.625,NA,28.25,NA,27.875,28.25,28,27.875,28,30.75,31,31.375,31,31.625,30.375,31.25,31.125,31,31.5,NA,30.75,27.875
7,9/9/2023 9:03,2242,28.5,28.875,28.75,28.25,NA,29,NA,28.5,28.75,28.5,28.5,28.5,30.875,30.875,31.375,31.125,31.5,30.25,31.25,31.25,31.25,31.75,NA,30.875,28
7,9/9/2023 9:33,2243,28.625,28.625,28.875,28.375,NA,28.875,NA,28.5,28.75,28.625,28.75,28.75,30.625,30.625,30.875,30.75,30.75,30,30.875,30.625,30.875,31.125,NA,30.625,28
7,9/9/2023 10:03,2244,28.625,28.75,29,28.625,NA,29,NA,28.625,28.875,28.625,28.75,28.875,30.25,30.375,30.5,30.5,30.375,29.75,30.5,30.375,30.5,30.75,NA,30.25,28
7,9/9/2023 10:33,2245,28.875,28.75,29.25,28.75,NA,29,NA,28.875,29.125,29,28.875,29.125,30.125,30.25,30.375,30.375,30.25,29.625,30.25,30.125,30.375,30.75,NA,30.125,28.125
7,9/9/2023 11:03,2246,28.125,28.125,28.5,28,NA,28.375,NA,28.25,28.375,28.25,28.125,28.5,29.625,29.75,30,29.75,29.875,29.125,29.75,29.625,29.75,30,NA,29.5,27.875
7,9/9/2023 11:33,2247,27.75,27.875,28.25,27.75,NA,28.125,NA,28,28.125,27.875,27.875,28.25,29.75,29.75,30,29.75,29.875,29.125,29.75,29.625,29.875,30,NA,29.5,28
7,9/9/2023 12:03,2248,27.625,27.75,28,27.625,NA,27.875,NA,27.875,27.875,27.75,27.625,28,29.875,30,30.25,29.875,30.125,29.375,30,29.875,30,30.125,NA,29.625,28.125
7,9/9/2023 12:33,2249,27.625,27.75,28,27.625,NA,28,NA,27.75,27.875,27.75,27.75,28,30.25,30.375,30.625,30.25,30.375,29.75,30.25,30.25,30.375,30.375,NA,30,28.125
7,9/9/2023 13:03,2250,27.75,27.875,28,27.625,NA,28,NA,27.875,28,27.75,27.75,28,30.5,30.625,30.875,30.5,30.625,30,30.625,30.5,30.625,30.75,NA,30.25,28.125
7,9/9/2023 13:33,2251,27.5,27.75,28,27.5,NA,27.875,NA,27.75,27.875,27.75,27.625,27.875,30.5,30.625,30.875,30.5,30.75,30,30.625,30.5,30.625,30.75,NA,30.25,28.125
7,9/9/2023 14:03,2252,27.625,27.75,28,27.5,NA,27.875,NA,27.75,27.875,27.75,27.625,27.875,30.625,30.875,31,30.625,30.875,30.125,30.75,30.75,30.875,30.875,NA,30.375,28.125
7,9/9/2023 14:33,2253,27.5,27.625,27.875,27.375,NA,27.875,NA,27.625,27.75,27.625,27.625,27.875,30.375,30.5,30.625,30.375,30.5,29.875,30.5,30.375,30.5,30.5,NA,30.125,28
7,9/9/2023 15:03,2254,27.375,27.5,27.75,27.25,NA,27.625,NA,27.5,27.625,27.5,27.375,27.625,29.875,30.125,30.25,29.875,30.125,29.375,30,30,30,30,NA,29.75,27.75
7,9/9/2023 15:33,2255,27,27.125,27.375,26.875,NA,27.5,NA,27.125,27.375,27.125,27.125,27.25,29.625,29.875,30,29.625,29.875,29.125,29.75,29.625,29.625,29.625,NA,29.375,27.625
7,9/9/2023 16:03,2256,26.875,27,27.25,26.625,NA,27.125,NA,27,27.125,26.875,26.875,27.125,29.625,29.875,30.125,29.625,30,29.25,29.875,29.75,29.75,29.75,NA,29.5,27.5
7,9/9/2023 16:33,2257,26.875,27,27.25,26.625,NA,27.125,NA,27,27.125,26.875,26.875,27.125,29.75,30,30.25,29.75,30,29.25,30,29.875,29.875,29.875,NA,29.625,27.25
7,9/9/2023 17:03,2258,26.875,27,27.25,26.75,NA,27.25,NA,27,27.125,27,26.875,27.125,30,30.25,30.375,30,30.25,29.5,30.25,30.125,30.125,30.125,NA,29.875,27
7,9/9/2023 17:33,2259,26.875,27,27.25,26.75,NA,27.25,NA,27,27.125,27,27,27.25,30.25,30.375,30.625,30.25,30.5,29.75,30.375,30.25,30.25,30.25,NA,30,26.875
7,9/9/2023 18:03,2260,26.625,26.75,27,26.5,NA,27,NA,26.75,26.875,26.625,26.625,26.875,29.875,30.125,30.375,29.875,30.125,29.375,30.125,30,30,30,NA,29.75,26.5
7,9/9/2023 18:33,2261,26.625,26.75,27,26.5,NA,27,NA,26.75,26.875,26.625,26.625,26.875,30,30.375,30.5,30.125,30.25,29.5,30.25,30.25,30.125,30.125,NA,29.875,26.75
7,9/9/2023 19:03,2262,26.5,26.625,26.875,26.375,NA,26.875,NA,26.625,26.75,26.625,26.625,26.75,29.875,30.125,30.375,30,30.125,29.375,30.125,30,30,30,NA,29.75,27.75
7,9/9/2023 19:33,2263,26.5,26.625,26.875,26.375,NA,26.875,NA,26.625,26.75,26.625,26.625,26.875,30,30.25,30.5,30.125,30.25,29.5,30.125,30.125,30.125,30,NA,29.875,27.875
7,9/9/2023 20:03,2264,26.625,26.75,27,26.5,NA,26.875,NA,26.75,26.875,26.625,26.625,26.875,30.25,30.375,30.625,30.375,30.375,29.75,30.375,30.25,30.375,30.25,NA,30,27.875
7,9/9/2023 20:33,2265,26.625,26.625,26.875,26.375,NA,26.875,NA,26.75,26.75,26.625,26.625,26.875,30.125,30.375,30.625,30.375,30.375,29.625,30.375,30.25,30.25,30.25,NA,30,27.75
7,9/9/2023 21:03,2266,26.375,26.5,26.75,26.25,NA,26.75,NA,26.5,26.625,26.5,26.5,26.75,30,30.25,30.5,30.25,30.25,29.5,30.25,30.125,30.125,30.125,NA,29.875,27.75
7,9/9/2023 21:33,2267,26.375,26.5,26.75,26.25,NA,26.625,NA,26.5,26.625,26.375,26.375,26.625,30.125,30.375,30.625,30.5,30.375,29.625,30.375,30.375,30.25,30.25,NA,30,27.625
7,9/9/2023 22:03,2268,26.375,26.5,26.75,26.25,NA,26.75,NA,26.5,26.625,26.375,26.375,26.625,30.25,30.5,30.75,30.625,30.375,29.75,30.5,30.375,30.375,30.375,NA,30.125,27.75
7,9/9/2023 22:33,2269,26.375,26.5,26.75,26.25,NA,26.75,NA,26.5,26.625,26.375,26.375,26.625,30.375,30.5,30.75,30.625,30.5,29.875,30.5,30.5,30.5,30.375,NA,30.125,27.625
7,9/9/2023 23:03,2270,26.375,26.5,26.75,26.25,NA,26.625,NA,26.5,26.625,26.375,26.375,26.625,30.5,30.625,30.875,30.75,30.625,29.875,30.625,30.5,30.5,30.5,NA,30.25,27.625
7,9/9/2023 23:33,2271,26.375,26.375,26.75,26.125,NA,26.625,NA,26.5,26.5,26.375,26.375,26.625,30.5,30.625,30.875,30.75,30.625,29.875,30.625,30.5,30.5,30.5,NA,30.25,27.625
7,9/10/2023 0:03,2272,26.375,26.375,26.75,26.125,NA,26.625,NA,26.5,26.5,26.375,26.375,26.625,30.625,30.75,30.875,30.75,30.625,30,30.625,30.5,30.625,30.625,NA,30.375,27.625
7,9/10/2023 0:33,2273,26.25,26.375,26.625,26.125,NA,26.625,NA,26.375,26.5,26.375,26.25,26.625,30.125,30.25,30.375,30.25,30.25,29.625,30.25,30.125,30.25,30.25,NA,30,27.5
7,9/10/2023 1:03,2274,26.25,26.375,26.625,26.125,NA,26.625,NA,26.375,26.5,26.375,26.375,26.625,29.875,30.125,30.125,30,30,29.375,30,29.875,30,30,NA,29.75,27.625
7,9/10/2023 1:33,2275,26.25,26.375,26.625,26.125,NA,26.625,NA,26.375,26.5,26.25,26.25,26.5,29.75,30,30.125,30,30,29.25,29.875,29.75,29.875,29.875,NA,29.625,27.5
7,9/10/2023 2:03,2276,26.25,26.25,26.625,26.125,NA,26.5,NA,26.375,26.375,26.25,26.25,26.5,29.875,30.125,30.25,30.125,30,29.375,30,29.875,30,29.875,NA,29.625,27.5
7,9/10/2023 2:33,2277,26.25,26.25,26.625,26,NA,26.5,NA,26.375,26.375,26.25,26.25,26.5,30,30.25,30.5,30.25,30.25,29.5,30.25,30.125,30.125,30.125,NA,29.875,27.5
7,9/10/2023 3:03,2278,26.25,26.25,26.625,26,NA,26.5,NA,26.375,26.375,26.25,26.25,26.5,30.125,30.375,30.625,30.375,30.375,29.625,30.375,30.25,30.25,30.25,NA,30,27.5
7,9/10/2023 3:33,2279,26.25,26.25,26.625,26.125,NA,26.5,NA,26.25,26.375,26.25,26.25,26.5,30.375,30.5,30.75,30.5,30.5,29.875,30.5,30.25,30.375,30.375,NA,30.125,27.5
7,9/10/2023 4:03,2280,26.125,26.25,26.5,26,NA,26.5,NA,26.25,26.375,26.125,26.125,26.375,30.375,30.625,30.75,30.625,30.625,29.875,30.625,30.375,30.5,30.375,NA,30.125,27.375
7,9/10/2023 4:33,2281,26.125,26.25,26.5,26,NA,26.375,NA,26.25,26.25,26.125,26.125,26.375,30.5,30.75,30.875,30.75,30.625,30,30.625,30.5,30.5,30.5,NA,30.25,27.375
7,9/10/2023 5:03,2282,26.125,26.125,26.5,26,NA,26.375,NA,26.25,26.25,26.125,26.125,26.375,30.375,30.625,30.625,30.5,30.5,29.875,30.625,30.375,30.5,30.375,NA,30.125,27.375
7,9/10/2023 5:33,2283,26.125,26.125,26.5,26,NA,26.375,NA,26.25,26.25,26.125,26.125,26.375,29.875,30.125,30.125,30,30,29.375,30.125,29.875,30,30,NA,29.75,27.375
7,9/10/2023 6:03,2284,26,26.125,26.5,26,NA,26.375,NA,26.125,26.25,26.125,26.125,26.375,29.625,29.875,30,29.875,29.75,29.125,29.875,29.625,29.75,29.75,NA,29.5,27.25
7,9/10/2023 6:33,2285,26.125,26.125,26.5,26,NA,26.375,NA,26.25,26.25,26.125,26.125,26.375,29.75,29.875,30.125,30,29.875,29.125,29.875,29.75,29.75,29.75,NA,29.5,27.25
7,9/10/2023 7:03,2286,26.25,26.375,26.625,26.125,NA,26.625,NA,26.375,26.5,26.25,26.25,26.5,29.75,30,30.25,30.125,30.125,29.25,30,29.875,29.875,29.875,NA,29.625,27.25
7,9/10/2023 7:33,2287,26.625,26.875,26.875,26.375,NA,27,NA,26.625,26.875,26.625,26.625,26.75,30.125,30.5,30.75,30.5,30.625,29.625,30.5,30.375,30.25,30.25,NA,30,27.375
7,9/10/2023 8:03,2288,26.875,27,27.125,26.625,NA,27.125,NA,26.875,27.125,26.875,26.875,27,30.625,30.875,31,30.875,30.875,30.125,30.875,30.75,30.75,30.75,NA,30.5,27.5
7,9/10/2023 8:33,2289,27.125,27.375,27.5,26.875,NA,27.5,NA,27.125,27.375,27.125,27.125,27.25,30.625,30.875,31,30.875,31.25,30.125,31,30.875,30.875,31.125,NA,30.5,27.5
7,9/10/2023 9:03,2290,27.5,27.75,27.75,27.375,NA,27.875,NA,27.5,27.75,27.625,27.5,27.625,30.625,30.625,30.875,30.875,30.875,30,30.875,30.875,30.875,31.125,NA,30.5,27.5
7,9/10/2023 9:33,2291,27.625,27.75,28,27.5,NA,28,NA,27.625,27.875,27.75,27.75,27.875,30.375,30.5,30.5,30.5,30.375,29.75,30.5,30.25,30.5,30.625,NA,30.25,27.625
7,9/10/2023 10:03,2292,27.875,28,28.25,27.75,NA,28.125,NA,28,28.375,27.75,28,28.375,29.875,30.125,30.125,30.25,30,29.5,30.25,30,30.125,30.375,NA,29.75,27.625
7,9/10/2023 10:33,2293,28.5,28.25,29,28.5,NA,28.375,NA,28.5,28.75,28.75,28.625,29,30.125,30.25,30.75,31,30.375,29.875,30.5,30.375,30.5,30.75,NA,30.375,27.75
7,9/10/2023 11:03,2294,28.25,28.25,29.125,28.5,NA,28.5,NA,29,28.5,29,28.25,29,30.5,30.5,30.625,30.875,30.375,30.125,30.375,30.5,30.75,31,NA,30.375,27.875
7,9/10/2023 11:33,2295,28.25,28.5,29,29,NA,28.625,NA,28.75,28.625,28.625,28.375,29.75,30.75,30.5,30.625,30.75,30.375,29.875,30.25,30.625,31,31.375,NA,30.25,27.875
7,9/10/2023 12:03,2296,28.375,28.625,28.75,28.75,NA,28.625,NA,28.625,28.625,28.5,28.375,29.125,30.5,30.625,30.5,30.625,30.5,30,30.375,30.5,30.625,30.75,NA,30.25,28
7,9/10/2023 12:33,2297,28.375,28.625,28.75,28.5,NA,28.75,NA,28.625,28.75,28.5,28.375,28.875,30.375,30.625,30.5,30.625,30.625,30,30.375,30.375,30.5,30.5,NA,30.125,28.125
7,9/10/2023 13:03,2298,28.375,28.625,28.625,28.375,NA,28.75,NA,28.625,28.625,28.5,28.375,28.75,30.625,30.875,30.875,30.875,30.75,30.125,30.625,30.75,30.75,30.75,NA,30.375,28.125
7,9/10/2023 13:33,2299,28.375,28.625,28.625,28.375,NA,28.75,NA,28.625,28.75,28.5,28.375,28.75,30.75,31.125,31,31,31,30.375,30.75,30.75,31,30.875,NA,30.5,28.25
7,9/10/2023 14:03,2300,28.25,28.375,28.5,28.125,NA,28.5,NA,28.375,28.5,28.25,28.25,28.5,30.625,30.75,30.75,30.75,30.625,30.125,30.625,30.5,30.875,30.75,NA,30.375,28.125
7,9/10/2023 14:33,2301,28,28.125,28.25,27.875,NA,28.25,NA,28.125,28.25,28,28,28.25,30.125,30.375,30.25,30.25,30.25,29.75,30.125,30.125,30.375,30.25,NA,30,28
7,9/10/2023 15:03,2302,27.75,27.875,28,27.5,NA,28,NA,27.75,28,27.75,27.75,28,29.75,30,30.125,29.875,29.875,29.25,29.875,29.75,29.875,29.875,NA,29.625,28
7,9/10/2023 15:33,2303,27.375,27.5,27.75,27.25,NA,27.75,NA,27.5,27.625,27.5,27.375,27.625,29.75,30,30.125,30,29.875,29.25,29.75,29.75,29.75,29.875,NA,29.5,27.875
7,9/10/2023 16:03,2304,27.25,27.375,27.625,27.125,NA,27.5,NA,27.375,27.5,27.25,27.25,27.5,30,30.125,30.375,30.125,30.125,29.5,30,29.875,30,30,NA,29.75,27.875
7,9/10/2023 16:33,2305,27,27.125,27.375,26.875,NA,27.375,NA,27.125,27.25,27,27,27.25,29.875,30.125,30.375,30.125,30,29.375,30,29.875,30,30,NA,29.75,27.75
7,9/10/2023 17:03,2306,26.75,26.875,27.125,26.625,NA,27.125,NA,26.875,27,26.75,26.75,27.125,29.75,30,30.25,30.125,30,29.25,29.875,29.875,29.875,29.875,NA,29.625,27.75
7,9/10/2023 17:33,2307,26.625,26.75,27,26.5,NA,27,NA,26.75,26.875,26.625,26.625,27,29.875,30,30.375,30.125,30,29.375,30,29.875,30,30,NA,29.625,27.625
7,9/10/2023 18:03,2308,26.5,26.625,26.875,26.375,NA,26.875,NA,26.625,26.75,26.625,26.625,26.875,29.75,29.875,30.25,30,29.875,29.25,29.875,29.75,29.875,29.875,NA,29.5,27.625
7,9/10/2023 18:33,2309,26.5,26.5,26.875,26.375,NA,26.75,NA,26.625,26.75,26.5,26.5,26.75,29.875,30,30.375,30.125,30,29.25,30,29.875,29.875,30,NA,29.625,27.75
7,9/10/2023 19:03,2310,26.375,26.5,26.875,26.25,NA,26.75,NA,26.5,26.625,26.5,26.5,26.75,30,30.125,30.5,30.25,30.125,29.375,30.125,30,30.125,30.125,NA,29.75,27.625
7,9/10/2023 19:33,2311,26.375,26.375,26.75,26.125,NA,26.625,NA,26.375,26.5,26.375,26.375,26.625,30,30.125,30.5,30.25,30.125,29.5,30.125,30,30.125,30.125,NA,29.75,27.5
7,9/10/2023 20:03,2312,26.25,26.375,26.625,26.125,NA,26.625,NA,26.375,26.5,26.25,26.25,26.5,30.125,30.375,30.625,30.375,30.25,29.625,30.25,30.125,30.25,30.25,NA,29.875,27.5
7,9/10/2023 20:33,2313,26.25,26.375,26.625,26,NA,26.5,NA,26.375,26.375,26.25,26.25,26.5,30.125,30.375,30.625,30.375,30.375,29.625,30.375,30.125,30.25,30.25,NA,29.875,27.5
7,9/10/2023 21:03,2314,26.125,26.25,26.625,26,NA,26.5,NA,26.25,26.375,26.125,26.125,26.5,30.25,30.375,30.625,30.5,30.375,29.625,30.375,30.25,30.375,30.375,NA,30,27.5
7,9/10/2023 21:33,2315,26.125,26.25,26.5,26,NA,26.5,NA,26.25,26.375,26.25,26.25,26.5,30.375,30.5,30.75,30.5,30.5,29.75,30.5,30.375,30.5,30.5,NA,30.125,27.5
7,9/10/2023 22:03,2316,26.125,26.25,26.5,26.125,NA,26.5,NA,26.25,26.375,26.125,26.125,26.375,30.5,30.625,30.875,30.625,30.625,29.875,30.625,30.375,30.5,30.5,NA,30.125,27.5
7,9/10/2023 22:33,2317,26.125,26.25,26.5,26,NA,26.5,NA,26.25,26.375,26.125,26.125,26.375,30.5,30.625,30.875,30.625,30.625,29.875,30.625,30.5,30.5,30.5,NA,30.125,27.375
7,9/10/2023 23:03,2318,26,26.125,26.375,25.875,NA,26.375,NA,26.125,26.25,26,26.125,26.375,30.25,30.375,30.75,30.5,30.375,29.625,30.375,30.25,30.375,30.375,NA,30,27.375
7,9/10/2023 23:33,2319,26,26.125,26.375,26,NA,26.375,NA,26.125,26.25,26,26.125,26.25,30.25,30.375,30.75,30.375,30.375,29.625,30.375,30.25,30.25,30.375,NA,30,27.375
8,9/11/2023 0:03,2320,26,26.125,26.375,25.875,NA,26.375,NA,26.125,26.25,26,26,26.25,30,30.125,30.5,30.25,30.25,29.375,30.125,30,30.125,30.125,NA,29.75,27.375
8,9/11/2023 0:33,2321,25.75,25.875,26.25,25.625,NA,26.125,NA,26,26,25.875,25.875,26.125,29.75,29.875,30.25,30,29.875,29.125,29.875,29.75,29.875,29.875,NA,29.5,27.375
8,9/11/2023 1:03,2322,25.875,26,26.25,25.75,NA,26.125,NA,26,26.125,25.875,25.875,26.125,29.875,30,30.375,30.125,30,29.25,30,29.875,29.875,30,NA,29.625,27.375
8,9/11/2023 1:33,2323,25.875,26,26.25,25.75,NA,26.25,NA,26,26.125,25.875,26,26.125,29.875,30,30.375,30.125,30,29.375,30.125,30,30,30,NA,29.625,27.375
8,9/11/2023 2:03,2324,25.875,25.875,26.25,25.625,NA,26.125,NA,26,26,25.875,25.875,26.125,29.625,29.875,30.25,30,29.875,29.125,29.875,29.75,29.75,29.75,NA,29.5,27.375
8,9/11/2023 2:33,2325,25.875,25.875,26.25,25.75,NA,26.125,NA,26,26,25.875,25.875,26.125,29.75,29.875,30.25,30,29.875,29.125,29.875,29.75,29.75,29.75,NA,29.5,27.25
8,9/11/2023 3:03,2326,25.875,26,26.25,25.75,NA,26.125,NA,26,26.125,25.875,25.875,26.125,29.625,29.75,30.25,29.875,29.875,29.125,29.875,29.75,29.75,29.75,NA,29.375,27.25
8,9/11/2023 3:33,2327,25.875,26,26.25,25.75,NA,26.25,NA,26,26.125,25.875,26,26.125,29.75,29.875,30.25,29.875,29.875,29.125,29.875,29.75,29.75,29.875,NA,29.5,27.25
8,9/11/2023 4:03,2328,25.75,25.875,26.25,25.625,NA,26.125,NA,25.875,26,25.875,25.875,26.125,29.625,29.75,30.125,29.75,29.75,29,29.75,29.625,29.625,29.625,NA,29.375,27.25
8,9/11/2023 4:33,2329,25.75,25.875,26.125,25.625,NA,26.125,NA,25.875,26,25.875,25.875,26,29.625,29.75,30.125,29.875,29.75,29,29.75,29.625,29.625,29.75,NA,29.375,27.25
8,9/11/2023 5:03,2330,25.875,25.875,26.25,25.75,NA,26.125,NA,25.875,26,25.875,25.875,26.125,29.625,29.75,30.125,29.875,29.875,29.125,29.75,29.75,29.75,29.75,NA,29.375,27.25
8,9/11/2023 5:33,2331,25.75,25.875,26.25,25.625,NA,26.125,NA,25.875,26,25.875,25.875,26,29.75,29.875,30.25,30,29.875,29.25,29.875,29.75,29.875,29.875,NA,29.5,27.125
8,9/11/2023 6:03,2332,25.875,26,26.25,25.75,NA,26.125,NA,26,26.125,25.875,25.875,26.125,29.875,30.125,30.375,30.125,30,29.375,30,30,30,30,NA,29.625,27.125
8,9/11/2023 6:33,2333,25.875,26,26.25,25.75,NA,26.125,NA,26,26.125,25.875,25.875,26.125,30,30.125,30.375,30.125,30.125,29.375,30.125,30,30.125,30.125,NA,29.75,27.125
8,9/11/2023 7:03,2334,25.875,26,26.25,25.75,NA,26.25,NA,26,26.125,25.875,25.875,26.125,30,30.125,30.5,30.25,30.125,29.375,30.125,30,30,30.125,NA,29.75,27.125
8,9/11/2023 7:33,2335,26,26.125,26.375,25.875,NA,26.375,NA,26.125,26.25,26,26.125,26.25,29.875,30.125,30.375,30.125,30.125,29.375,30.125,30,30,30,NA,29.625,27.125
8,9/11/2023 8:03,2336,26.5,26.75,26.875,26.375,NA,26.875,NA,26.5,26.875,26.625,26.625,26.625,30.25,30.625,31,30.625,30.875,29.75,30.625,30.5,30.375,30.5,NA,30.125,27.25
8,9/11/2023 8:33,2337,26.875,27.125,27.125,26.625,NA,27.25,NA,26.875,27.125,26.875,26.875,26.875,30.5,30.75,31.25,30.875,31.25,30,30.875,30.875,30.625,31.125,NA,30.375,27.25
8,9/11/2023 9:03,2338,27.375,27.625,27.625,27.125,NA,27.875,NA,27.375,27.625,27.375,27.5,27.5,30.75,30.75,31.375,31.125,31.25,30.125,31,31.25,31,31.625,NA,30.75,27.375
8,9/11/2023 9:33,2339,27.875,28,28.25,27.75,NA,28.375,NA,28,28,28,28.125,28.25,30.625,30.75,31,30.875,30.875,29.875,30.875,30.875,31,31,NA,30.625,27.5
8,9/11/2023 10:03,2340,28.25,28.5,28.75,28.125,NA,28.625,NA,28.375,28.625,28.25,28.375,28.625,30.375,30.625,30.625,30.625,30.5,30,30.625,30.375,30.625,31,NA,30.25,27.5
8,9/11/2023 10:33,2341,28.75,28.375,29.375,28.875,NA,28.625,NA,28.75,28.875,29,28.75,29.125,30,30.25,30.625,30.875,30.125,29.75,30.375,30.375,30.5,30.75,NA,30.375,27.625
8,9/11/2023 11:03,2342,28.25,28.25,29,28.375,NA,28.375,NA,28.625,28.375,28.875,28.375,28.75,30.125,30.25,30.5,30.625,30.125,29.75,30.125,30.25,30.375,30.625,NA,30.25,27.625
8,9/11/2023 11:33,2343,28.125,28.375,28.75,28.75,NA,28.5,NA,28.625,28.375,28.5,28.125,29.375,30.375,30.5,30.75,30.625,30.375,29.875,30.375,30.5,30.625,31,NA,30.125,27.875
8,9/11/2023 12:03,2344,28.125,28.25,28.5,28.125,NA,28.375,NA,28.25,28.375,28.25,28.125,28.875,30.625,30.75,31,31,30.75,30.125,30.625,30.625,30.75,31,NA,30.5,27.875
8,9/11/2023 12:33,2345,27.875,28.25,28.25,28,NA,28.25,NA,28.25,28.25,28,27.875,28.375,30.5,30.625,30.625,30.75,30.625,30,30.5,30.5,30.625,30.625,NA,30.25,27.75
8,9/11/2023 13:03,2346,28,28.25,28.375,28,NA,28.375,NA,28.25,28.375,28.125,28,28.375,30.375,30.5,30.5,30.5,30.375,29.75,30.375,30.375,30.5,30.5,NA,30.125,28.125
8,9/11/2023 13:33,2347,28.125,28.25,28.375,27.875,NA,28.375,NA,28.25,28.375,28.125,28,28.5,30.375,30.5,30.625,30.5,30.375,29.75,30.25,30.25,30.5,30.5,NA,30,28.125
8,9/11/2023 14:03,2348,28.125,28.125,28.25,27.875,NA,28.25,NA,28.25,28.375,28.125,28,28.375,30.5,30.5,30.75,30.625,30.375,29.875,30.375,30.375,30.625,30.625,NA,30.125,28.125
8,9/11/2023 14:33,2349,27.875,28.125,28.25,27.75,NA,28.25,NA,28.125,28.25,28.125,27.875,28.25,30.625,30.875,31,30.875,30.75,30.125,30.625,30.625,30.75,30.875,NA,30.375,28
8,9/11/2023 15:03,2350,27.875,28,28.125,27.625,NA,28.125,NA,27.875,28,27.875,27.875,28.125,30.5,30.75,30.75,30.75,30.625,30.125,30.5,30.625,30.625,30.75,NA,30.375,27.875
8,9/11/2023 15:33,2351,27.375,27.5,27.75,27.25,NA,27.625,NA,27.5,27.625,27.5,27.375,27.625,29.875,30,30.25,30.125,30,29.375,29.875,29.875,30,30.125,NA,29.75,27.75
8,9/11/2023 16:03,2352,27.125,27.25,27.5,26.875,NA,27.5,NA,27.25,27.25,27.125,27.125,27.375,29.5,29.75,30,29.875,29.75,29,29.5,29.5,29.625,29.75,NA,29.375,27.625
8,9/11/2023 16:33,2353,27.125,27.25,27.5,26.875,NA,27.5,NA,27.125,27.25,27.125,27.125,27.375,29.625,29.875,30.125,30,29.875,29.125,29.625,29.625,29.75,29.875,NA,29.5,27.625
8,9/11/2023 17:03,2354,27,27,27.25,26.75,NA,27.375,NA,27,27.125,27,27,27.125,29.75,29.875,30.125,30,29.875,29.25,29.625,29.75,29.75,29.875,NA,29.5,27.625
8,9/11/2023 17:33,2355,26.875,26.875,27.25,26.625,NA,27.125,NA,26.875,27,26.875,26.875,27,29.75,29.875,30.25,30.125,30,29.25,29.625,29.75,29.875,29.875,NA,29.625,27.375
8,9/11/2023 18:03,2356,26.625,26.75,27,26.5,NA,26.875,NA,26.75,26.875,26.625,26.625,26.875,29.75,29.875,30.25,30.125,30,29.25,29.625,29.75,29.875,30,NA,29.625,27.375
8,9/11/2023 18:33,2357,26.5,26.5,26.875,26.375,NA,26.75,NA,26.625,26.625,26.5,26.5,26.75,29.625,29.875,30.125,30,29.875,29.125,29.5,29.625,29.75,29.875,NA,29.5,27.375
8,9/11/2023 19:03,2358,26.375,26.5,26.75,26.25,NA,26.625,NA,26.375,26.625,26.375,26.375,26.625,29.625,29.75,30.125,29.875,29.875,29.125,29.5,29.625,29.75,29.875,NA,29.5,27.5
8,9/11/2023 19:33,2359,26.25,26.375,26.625,26.125,NA,26.5,NA,26.375,26.5,26.25,26.25,26.5,29.625,29.75,30.125,29.875,29.875,29,29.375,29.625,29.625,29.75,NA,29.375,27.5
8,9/11/2023 20:03,2360,26.25,26.25,26.5,26,NA,26.5,NA,26.25,26.375,26.25,26.25,26.375,29.625,29.875,30.125,29.875,29.875,29.125,29.5,29.75,29.75,29.875,NA,29.5,27.5
8,9/11/2023 20:33,2361,26.125,26.125,26.5,26,NA,26.375,NA,26.25,26.375,26.125,26.125,26.375,29.625,29.75,30.125,29.875,29.875,29,29.5,29.625,29.75,29.75,NA,29.375,27.375
8,9/11/2023 21:03,2362,26,26.125,26.375,25.875,NA,26.375,NA,26.125,26.25,26,26.125,26.25,29.375,29.625,30,29.75,29.75,28.875,29.375,29.5,29.5,29.625,NA,29.25,27.375
8,9/11/2023 21:33,2363,26,26.125,26.375,25.875,NA,26.25,NA,26.125,26.25,26,26.125,26.25,29.375,29.625,30,29.75,29.75,28.875,29.375,29.5,29.5,29.625,NA,29.25,27.375
8,9/11/2023 22:03,2364,25.875,26,26.25,25.75,NA,26.25,NA,26,26.125,26,26,26.125,29.375,29.625,30,29.625,29.75,28.875,29.25,29.5,29.5,29.5,NA,29.25,27.375
8,9/11/2023 22:33,2365,25.875,26,26.25,25.75,NA,26.125,NA,26,26.125,25.875,25.875,26,29.25,29.5,29.875,29.625,29.75,28.875,29.25,29.5,29.375,29.5,NA,29.125,27.375
8,9/11/2023 23:03,2366,25.875,26,26.25,25.625,NA,26.125,NA,25.875,26.125,25.875,26,26,29.375,29.625,30,29.625,29.75,28.875,29.25,29.5,29.5,29.5,NA,29.25,27.25
8,9/11/2023 23:33,2367,25.75,25.875,26.125,25.625,NA,26.125,NA,25.875,26,25.875,25.875,26,29.25,29.5,29.875,29.625,29.625,28.75,29.25,29.375,29.375,29.5,NA,29.125,27.25
8,9/12/2023 0:03,2368,25.75,25.875,26.125,25.5,NA,26.125,NA,25.75,26,25.75,25.75,25.875,29.375,29.625,30.125,29.75,29.875,28.875,29.375,29.625,29.5,29.625,NA,29.25,27.25
8,9/12/2023 0:33,2369,25.75,25.75,26,25.5,NA,26,NA,25.75,25.875,25.75,25.875,25.75,29.5,29.75,30.25,29.875,30,29,29.5,29.75,29.625,29.75,NA,29.375,27.25
8,9/12/2023 1:03,2370,25.625,25.75,26,25.375,NA,26,NA,25.625,25.875,25.625,25.625,25.75,29.625,29.875,30.375,30,30.125,29.125,29.625,29.875,29.75,29.875,NA,29.5,27.25
8,9/12/2023 1:33,2371,25.625,25.75,25.875,25.375,NA,25.875,NA,25.625,25.875,25.625,25.625,25.75,29.875,30.125,30.625,30.25,30.375,29.375,29.75,30,30,30.125,NA,29.75,27.25
8,9/12/2023 2:03,2372,25.5,25.625,25.875,25.375,NA,25.875,NA,25.625,25.875,25.625,25.625,25.75,30,30.25,30.625,30.375,30.375,29.5,29.875,30.125,30.125,30.25,NA,29.875,27.125
8,9/12/2023 2:33,2373,25.5,25.625,25.875,25.25,NA,25.875,NA,25.5,25.875,25.5,25.5,25.75,29.875,30,30.5,30.25,30.25,29.25,29.75,30,30,30,NA,29.625,27.125
8,9/12/2023 3:03,2374,25.5,25.5,25.75,25.25,NA,25.75,NA,25.5,25.625,25.5,25.5,25.625,29.75,30,30.375,30.125,30.125,29.25,29.625,30,29.875,30,NA,29.625,27.125
8,9/12/2023 3:33,2375,25.375,25.5,25.75,25.125,NA,25.75,NA,25.375,25.625,25.375,25.375,25.625,29.625,29.875,30.25,30,30,29.125,29.5,29.875,29.75,29.875,NA,29.5,27.125
8,9/12/2023 4:03,2376,25.375,25.5,25.75,25.125,NA,25.75,NA,25.375,25.625,25.375,25.375,25.625,29.625,29.875,30.25,30,30,29.125,29.5,29.75,29.75,29.875,NA,29.5,27.125
8,9/12/2023 4:33,2377,25.375,25.5,25.75,25.25,NA,25.75,NA,25.5,25.625,25.5,25.5,25.625,29.75,30,30.25,30.125,30,29.25,29.625,29.875,29.875,30,NA,29.625,27.125
8,9/12/2023 5:03,2378,25.375,25.5,25.75,25.25,NA,25.75,NA,25.5,25.625,25.5,25.5,25.625,29.625,29.875,30.25,30.125,30,29.125,29.5,29.875,29.75,29.875,NA,29.5,27
8,9/12/2023 5:33,2379,25.375,25.5,25.75,25.125,NA,25.75,NA,25.375,25.625,25.375,25.375,25.625,29.625,29.875,30.25,30,30,29.125,29.5,29.75,29.75,29.875,NA,29.5,27
8,9/12/2023 6:03,2380,25.375,25.5,25.75,25.25,NA,25.75,NA,25.5,25.625,25.5,25.5,25.625,29.75,30,30.25,30.125,30.125,29.25,29.625,29.875,29.875,30,NA,29.625,27
8,9/12/2023 6:33,2381,25.375,25.375,25.625,25.125,NA,25.625,NA,25.375,25.5,25.375,25.375,25.625,29.75,30,30.25,30.125,30.125,29.25,29.625,29.875,29.875,30,NA,29.625,27
8,9/12/2023 7:03,2382,25.25,25.375,25.625,25.125,NA,25.625,NA,25.375,25.5,25.375,25.375,25.5,29.625,29.875,30.125,30,30,29.125,29.5,29.75,29.75,29.875,NA,29.5,26.875
8,9/12/2023 7:33,2383,25.375,25.375,25.625,25.125,NA,25.625,NA,25.375,25.5,25.375,25.375,25.5,29.625,29.75,30.125,30,29.875,29.125,29.5,29.75,29.75,29.875,NA,29.375,26.875
8,9/12/2023 8:03,2384,25.375,25.5,25.75,25.25,NA,25.75,NA,25.5,25.75,25.5,25.5,25.625,29.75,30.125,30.375,30.375,30.375,29.5,29.75,30.125,29.875,30.25,NA,29.75,26.875
8,9/12/2023 8:33,2385,25.75,25.875,26.125,25.625,NA,26.125,NA,25.75,26,25.875,25.875,25.875,29.5,30,30.25,30.25,30.5,29.5,29.625,30.25,29.625,30.125,NA,29.625,27
8,9/12/2023 9:03,2386,26.625,26.875,26.875,26.375,NA,26.875,NA,26.5,26.875,26.625,26.5,26.625,30.125,30,30.5,30.625,30.5,29.375,29.875,30.375,30.375,30.75,NA,30,27.125
8,9/12/2023 9:33,2387,27.25,27.125,27.5,27,NA,27.5,NA,27.125,27.25,27.125,27.5,27.375,30,30.25,30.375,30.5,30.5,29.5,30,30.125,30.375,30.875,NA,30.125,27.25
8,9/12/2023 10:03,2388,27.75,27.875,28.25,27.625,NA,28.125,NA,28,28,27.875,28.625,28.25,30,30.25,30.375,30.375,30.25,29.75,30.125,30,30.25,30.75,NA,30,27.375
8,9/12/2023 10:33,2389,28.25,28,29,28.25,NA,28.25,NA,28.625,28.375,28.625,28.875,28.75,30,30,30.25,30.875,30.125,29.5,30,30,30.5,30.625,NA,30.125,27.5
8,9/12/2023 11:03,2390,28.25,28.125,29.125,28.75,NA,28.375,NA,29.25,28.25,29,28.25,29,30,29.75,29.875,30.25,29.875,29.625,29.625,29.75,30.375,30.375,NA,29.875,27.5
8,9/12/2023 11:33,2391,28.25,28.25,29,28.875,NA,28.25,NA,28.75,28.375,28.625,28.25,29.5,29.75,29.625,29.625,29.75,29.625,29.125,29.25,29.75,30,30.125,NA,29.5,27.625
8,9/12/2023 12:03,2392,28.25,28.5,29,28.75,NA,28.375,NA,28.625,28.625,28.5,28.25,29.125,29.75,29.75,29.625,29.625,29.75,29,29.375,29.875,29.875,30,NA,29.375,27.625
8,9/12/2023 12:33,2393,28.625,28.625,28.875,28.5,NA,28.625,NA,28.75,28.75,28.5,28.375,28.875,29.75,29.75,29.625,29.75,29.875,29.375,29.375,29.875,29.75,29.875,NA,29.375,27.75
8,9/12/2023 13:03,2394,28.25,28.625,28.625,28.25,NA,28.5,NA,28.5,28.75,28.25,28.25,28.625,29.5,29.625,29.375,29.5,29.625,29.125,29.25,29.5,29.5,29.625,NA,29.25,27.75
8,9/12/2023 13:33,2395,28,28.25,28.375,28,NA,28.25,NA,28.125,28.375,28.125,28.125,28.375,29.125,29.375,29.25,29.25,29.375,28.875,29,29.125,29.25,29.375,NA,29.125,27.875
8,9/12/2023 14:03,2396,27.75,27.875,28,27.625,NA,28,NA,27.875,28,27.75,27.75,28,29,29.25,29.25,29.125,29.25,28.75,28.875,29,29.125,29.25,NA,28.875,27.625
8,9/12/2023 14:33,2397,27.5,27.625,27.75,27.25,NA,27.75,NA,27.5,27.75,27.5,27.5,27.75,29.25,29.375,29.5,29.25,29.375,28.875,29,29.25,29.25,29.25,NA,29,27.5
8,9/12/2023 15:03,2398,27.5,27.625,27.875,27.25,NA,27.75,NA,27.625,27.875,27.5,27.375,27.625,29.625,30,29.875,29.625,29.75,29.375,29.5,29.75,29.75,29.75,NA,29.5,27.5
8,9/12/2023 15:33,2399,27.25,27.25,27.625,27,NA,27.5,NA,27.25,27.5,27.25,27.125,27.5,29.625,29.75,29.625,29.5,29.625,29.25,29.375,29.5,29.625,29.625,NA,29.5,27.5
8,9/12/2023 16:03,2400,27,27.125,27.375,26.75,NA,27.375,NA,27.125,27.25,27.125,27.125,27.375,29.25,29.5,29.375,29.125,29.375,28.875,29.125,29.25,29.25,29.25,NA,29.125,27.5
8,9/12/2023 16:33,2401,26.875,27,27.25,26.625,NA,27.25,NA,27,27.125,27,26.875,27.25,28.875,29.125,29,28.875,29,28.5,28.75,28.875,28.875,28.875,NA,28.75,27.375
8,9/12/2023 17:03,2402,26.75,26.875,27.125,26.625,NA,27.125,NA,26.875,27,26.875,26.75,27,28.75,29.125,29.125,28.875,29,28.375,28.75,28.875,28.875,28.875,NA,28.75,27.375
8,9/12/2023 17:33,2403,26.75,26.75,27.125,26.5,NA,27,NA,26.75,27,26.75,26.75,27,29,29.25,29.25,29,29.25,28.625,28.875,29,29,29,NA,28.875,27.375
8,9/12/2023 18:03,2404,26.625,26.75,27,26.5,NA,27,NA,26.75,26.875,26.625,26.625,26.875,29.125,29.5,29.5,29.25,29.5,28.875,29.125,29.25,29.25,29.25,NA,29.125,27.375
8,9/12/2023 18:33,2405,26.5,26.625,26.875,26.375,NA,26.875,NA,26.625,26.75,26.625,26.5,26.75,29.375,29.625,29.75,29.5,29.625,29,29.25,29.5,29.375,29.375,NA,29.25,27.25
8,9/12/2023 19:03,2406,26.5,26.625,26.875,26.25,NA,26.75,NA,26.625,26.75,26.5,26.5,26.75,29.25,29.5,29.5,29.25,29.5,28.875,29.25,29.375,29.375,29.375,NA,29.125,27.25
8,9/12/2023 19:33,2407,26.5,26.5,26.875,26.25,NA,26.75,NA,26.5,26.625,26.5,26.375,26.625,29,29.25,29.125,28.875,29.125,28.5,28.875,29,29,29,NA,28.875,27.25
8,9/12/2023 20:03,2408,26.5,26.5,26.875,26.25,NA,26.75,NA,26.5,26.625,26.5,26.375,26.625,28.75,29,29,28.75,29,28.375,28.75,28.875,28.75,28.75,NA,28.75,27.25
8,9/12/2023 20:33,2409,26.5,26.625,26.875,26.25,NA,26.75,NA,26.5,26.75,26.5,26.5,26.625,28.875,29.25,29.25,29,29.125,28.5,28.875,29,29,29,NA,28.875,27.25
8,9/12/2023 21:03,2410,26.5,26.625,26.875,26.25,NA,26.75,NA,26.625,26.75,26.5,26.5,26.75,29.25,29.5,29.625,29.25,29.5,28.875,29.125,29.25,29.25,29.25,NA,29.125,27.25
8,9/12/2023 21:33,2411,26.5,26.625,26.875,26.375,NA,26.875,NA,26.625,26.75,26.625,26.5,26.75,29.375,29.625,29.625,29.5,29.625,29.125,29.375,29.5,29.5,29.5,NA,29.375,27.25
8,9/12/2023 22:03,2412,26.5,26.625,26.875,26.25,NA,26.75,NA,26.625,26.75,26.5,26.5,26.625,29.125,29.5,29.375,29.25,29.5,28.875,29.125,29.25,29.25,29.25,NA,29.125,27.125
8,9/12/2023 22:33,2413,26.25,26.375,26.75,26.125,NA,26.625,NA,26.375,26.625,26.375,26.375,26.5,28.75,29,29,28.75,29,28.375,28.625,28.875,28.875,28.75,NA,28.75,27
8,9/12/2023 23:03,2414,26.375,26.375,26.75,26.25,NA,26.625,NA,26.5,26.625,26.375,26.375,26.5,28.875,29.125,29.125,29,29.125,28.5,28.75,29,28.875,28.875,NA,28.75,27
8,9/12/2023 23:33,2415,26.375,26.5,26.75,26.25,NA,26.625,NA,26.5,26.625,26.5,26.375,26.5,29,29.25,29.375,29.125,29.375,28.75,29,29.25,29.125,29.125,NA,29,27
8,9/13/2023 0:03,2416,26.125,26.25,26.5,26,NA,26.5,NA,26.25,26.375,26.25,26.125,26.375,28.875,29,29.25,29,29.125,28.5,28.75,29,28.875,28.875,NA,28.75,26.875
8,9/13/2023 0:33,2417,25.875,26,26.375,25.875,NA,26.25,NA,26.125,26.25,26,26,26.125,28.75,28.875,29.25,28.875,29.125,28.375,28.625,28.875,28.75,28.875,NA,28.625,26.875
8,9/13/2023 1:03,2418,26,26.125,26.5,26,NA,26.375,NA,26.25,26.375,26.125,26.125,26.25,29,29.25,29.5,29.25,29.375,28.625,28.875,29.25,29.125,29.125,NA,29,26.875
8,9/13/2023 1:33,2419,26.125,26.25,26.5,26,NA,26.375,NA,26.25,26.375,26.25,26.125,26.375,29.125,29.375,29.625,29.375,29.5,28.75,29,29.375,29.25,29.25,NA,29.125,27
8,9/13/2023 2:03,2420,26.125,26.125,26.5,26,NA,26.375,NA,26.25,26.375,26.125,26.125,26.25,29.125,29.375,29.625,29.375,29.5,28.75,29,29.375,29.25,29.375,NA,29.125,26.875
8,9/13/2023 2:33,2421,26,26.125,26.375,26,NA,26.375,NA,26.125,26.25,26.125,26,26.25,29.125,29.375,29.625,29.375,29.5,28.75,29,29.375,29.25,29.375,NA,29.125,26.875
8,9/13/2023 3:03,2422,26.125,26.25,26.5,26,NA,26.375,NA,26.25,26.375,26.125,26.125,26.25,29.5,29.625,29.875,29.625,29.75,29,29.25,29.625,29.5,29.625,NA,29.375,26.875
8,9/13/2023 3:33,2423,26.125,26.25,26.5,26.125,NA,26.5,NA,26.25,26.375,26.25,26.125,26.375,29.5,29.75,29.75,29.625,29.75,29.125,29.375,29.625,29.625,29.625,NA,29.5,26.875
8,9/13/2023 4:03,2424,26.125,26.25,26.5,26,NA,26.5,NA,26.25,26.375,26.25,26.125,26.375,29.125,29.375,29.375,29.25,29.375,28.75,29,29.25,29.25,29.25,NA,29.125,26.875
8,9/13/2023 4:33,2425,26.25,26.375,26.625,26.125,NA,26.5,NA,26.375,26.5,26.375,26.25,26.5,28.875,29.125,29,29,29.125,28.5,28.75,29,29,29,NA,28.875,26.875
8,9/13/2023 5:03,2426,26.25,26.375,26.625,26.125,NA,26.625,NA,26.375,26.5,26.375,26.25,26.5,28.75,29,29,28.875,29,28.375,28.625,28.875,28.875,28.875,NA,28.75,26.875
8,9/13/2023 5:33,2427,26.25,26.375,26.625,26.125,NA,26.5,NA,26.375,26.5,26.25,26.25,26.5,28.875,29.125,29.25,29,29.125,28.5,28.75,29,29,29,NA,28.875,26.875
8,9/13/2023 6:03,2428,26.25,26.375,26.625,26.125,NA,26.625,NA,26.375,26.5,26.375,26.25,26.5,29.25,29.5,29.625,29.5,29.5,28.875,29.125,29.375,29.375,29.375,NA,29.25,26.875
8,9/13/2023 6:33,2429,26.375,26.5,26.75,26.125,NA,26.625,NA,26.5,26.625,26.375,26.375,26.5,29.5,29.625,29.625,29.5,29.625,29,29.25,29.5,29.5,29.625,NA,29.375,27
8,9/13/2023 7:03,2430,26.5,26.625,26.875,26.375,NA,26.875,NA,26.5,26.75,26.5,26.5,26.75,29.375,29.625,29.5,29.375,29.625,28.875,29.25,29.5,29.5,29.5,NA,29.25,27
8,9/13/2023 7:33,2431,26.75,26.875,27,26.5,NA,27.125,NA,26.75,27,26.75,26.75,26.875,29,29.375,29.375,29.125,29.5,28.75,29.125,29.25,29.125,29.25,NA,29,27
8,9/13/2023 8:03,2432,26.875,27,27.125,26.625,NA,27.125,NA,26.875,27.125,26.875,26.875,26.875,28.5,28.75,28.5,28.5,28.75,28.125,28.5,28.625,28.625,28.625,NA,28.5,27
8,9/13/2023 8:33,2433,27.5,27.625,27.625,27.125,NA,27.75,NA,27.375,27.625,27.375,27.5,27.5,28.25,28.5,28.375,28.375,28.875,27.875,28.5,28.5,28.5,28.75,NA,28.375,27.125
8,9/13/2023 9:03,2434,28.375,28.375,28.375,28,NA,28.625,NA,28.25,28.5,28.125,28.375,28.125,28.25,28.375,28.5,28.5,28.625,27.875,28.375,28.875,28.5,28.875,NA,28.375,27.25
8,9/13/2023 9:33,2435,28.375,28.125,28.625,28.125,NA,28.625,NA,28.5,28.375,28.25,28.5,28.5,28.125,28.25,28.125,28.125,28.125,27.5,28.125,28.625,28.25,28.5,NA,28.125,27.25
8,9/13/2023 10:03,2436,28.625,28.75,28.875,28.375,NA,29,NA,28.75,28.875,28.625,28.75,28.875,28,28.375,28,28.125,28.125,27.75,28.125,28.125,28.25,28.375,NA,28.125,27.375
8,9/13/2023 10:33,2437,28.125,28.25,28.375,27.875,NA,28.375,NA,28.125,28.375,28.25,28.25,28.375,27.625,27.875,27.625,27.625,27.625,27.25,27.625,27.625,27.75,27.875,NA,27.75,27.375
8,9/13/2023 11:03,2438,27.75,27.875,28.125,27.875,NA,28,NA,28,28.125,27.875,27.875,28,27.5,27.625,27.375,27.625,27.5,27.25,27.375,27.5,27.625,27.625,NA,27.5,27.25
8,9/13/2023 11:33,2439,27.75,27.875,28.125,27.875,NA,28,NA,28,28,27.875,27.75,28.25,27.5,27.625,27.5,27.625,27.5,27.125,27.375,27.5,27.625,27.625,NA,27.375,27.375
8,9/13/2023 12:03,2440,27.75,27.875,28.125,27.75,NA,28,NA,28,28.125,27.875,27.75,28.125,27.75,27.875,27.5,27.75,27.75,27.375,27.625,27.75,27.75,27.75,NA,27.625,27.375
8,9/13/2023 12:33,2441,27.75,27.875,28.25,28,NA,28.125,NA,28.125,28.25,28,27.875,28.125,27.625,27.875,27.625,27.75,27.75,27.5,27.5,27.5,27.625,27.75,NA,27.5,27.5
8,9/13/2023 13:03,2442,27.875,27.875,28,27.75,NA,28,NA,27.875,28,27.875,27.75,27.875,27.625,27.875,27.625,27.625,27.625,27.25,27.5,27.375,27.625,27.875,NA,27.5,27.5
8,9/13/2023 13:33,2443,28.125,28.125,28.125,27.875,NA,28.25,NA,28,28.25,28,27.875,28,27.875,28.125,27.75,27.875,27.875,27.5,27.625,27.625,27.75,27.875,NA,27.625,27.625
8,9/13/2023 14:03,2444,28.125,28.125,28.125,27.875,NA,28.25,NA,28,28.25,28.125,27.875,28,27.75,28.125,27.75,27.875,27.75,27.375,27.75,27.5,27.625,27.875,NA,27.75,27.625
8,9/13/2023 14:33,2445,28,28,28,27.75,NA,28.125,NA,27.875,28.125,28,27.75,27.875,27.75,28,27.75,27.875,27.75,27.375,27.75,27.5,27.75,27.875,NA,27.75,27.5
8,9/13/2023 15:03,2446,27.875,27.875,28,27.625,NA,28,NA,27.875,28,27.875,27.625,27.75,27.625,28,27.75,27.75,27.75,27.25,27.625,27.5,27.625,27.75,NA,27.625,27.625
8,9/13/2023 15:33,2447,27.75,27.75,27.875,27.5,NA,27.875,NA,27.625,27.875,27.75,27.5,27.75,27.5,27.875,27.625,27.625,27.625,27.25,27.5,27.375,27.5,27.75,NA,27.625,27.625
8,9/13/2023 16:03,2448,27.5,27.625,27.75,27.375,NA,27.75,NA,27.5,27.75,27.625,27.5,27.625,27.375,27.75,27.625,27.625,27.625,27.125,27.5,27.375,27.375,27.625,NA,27.5,27.5
8,9/13/2023 16:33,2449,27.375,27.375,27.625,27.25,NA,27.625,NA,27.375,27.625,27.5,27.25,27.5,27.375,27.75,27.5,27.5,27.5,27.125,27.5,27.375,27.375,27.625,NA,27.5,27.5
8,9/13/2023 17:03,2450,27.375,27.375,27.5,27.25,NA,27.625,NA,27.375,27.625,27.375,27.375,27.375,27.375,27.75,27.5,27.5,27.5,27.125,27.5,27.375,27.5,27.625,NA,27.5,27.625
8,9/13/2023 17:33,2451,27.25,27.375,27.5,27.125,NA,27.625,NA,27.25,27.5,27.375,27.25,27.375,27.375,27.75,27.5,27.5,27.5,27.125,27.5,27.375,27.5,27.5,NA,27.5,27.5
8,9/13/2023 18:03,2452,27.125,27.125,27.375,27,NA,27.5,NA,27.125,27.375,27.125,27.125,27.25,27.25,27.625,27.5,27.375,27.375,27,27.375,27.25,27.375,27.375,NA,27.375,27.5
8,9/13/2023 18:33,2453,27,27,27.25,26.75,NA,27.375,NA,27,27.25,27,27,27.125,27.125,27.5,27.375,27.25,27.25,26.75,27.25,27,27.125,27.25,NA,27.25,27.5
8,9/13/2023 19:03,2454,26.875,26.875,27.125,26.625,NA,27.125,NA,26.875,27.125,26.875,26.875,27,27,27.375,27.25,27.125,27.125,26.625,27.125,27,27,27.125,NA,27.125,27.375
8,9/13/2023 19:33,2455,26.75,26.875,27.125,26.625,NA,27.125,NA,26.75,27,26.875,26.875,27,27,27.375,27.25,27.125,27.125,26.625,27.125,26.875,27,27.125,NA,27.125,27.375
8,9/13/2023 20:03,2456,26.75,26.75,27,26.625,NA,27.125,NA,26.75,27,26.875,26.75,27,27,27.375,27.25,27.125,27.125,26.625,27.125,27,27,27.125,NA,27.125,27.5
8,9/13/2023 20:33,2457,26.75,26.75,27,26.625,NA,27,NA,26.75,27,26.75,26.75,26.875,27,27.375,27.125,27.125,27.125,26.625,27.125,26.875,27,27.125,NA,27.125,27.375
8,9/13/2023 21:03,2458,26.625,26.75,27,26.5,NA,27,NA,26.625,26.875,26.75,26.75,26.875,26.875,27.375,27.125,27,27.125,26.625,27,26.875,27,27.125,NA,27.125,27.375
8,9/13/2023 21:33,2459,26.625,26.625,26.875,26.5,NA,26.875,NA,26.625,26.875,26.75,26.625,26.75,26.875,27.25,27.125,27,27,26.625,27,26.875,26.875,27,NA,27.125,27.375
8,9/13/2023 22:03,2460,26.625,26.625,26.875,26.5,NA,26.875,NA,26.625,26.875,26.625,26.625,26.75,26.875,27.25,27.125,27,27,26.625,26.875,26.75,26.875,27,NA,27,27.375
8,9/13/2023 22:33,2461,26.5,26.5,26.875,26.375,NA,26.875,NA,26.5,26.75,26.625,26.5,26.75,26.75,27.125,27,26.875,27,26.5,26.875,26.75,26.875,27,NA,27,27.25
8,9/13/2023 23:03,2462,26.5,26.5,26.75,26.375,NA,26.75,NA,26.5,26.75,26.5,26.5,26.625,26.75,27.125,27,26.875,26.875,26.5,26.875,26.625,26.75,26.875,NA,26.875,27.25
8,9/13/2023 23:33,2463,26.5,26.5,26.75,26.25,NA,26.75,NA,26.375,26.75,26.5,26.5,26.625,26.75,27.125,27,26.875,26.875,26.375,26.875,26.625,26.75,26.875,NA,26.875,27.25
8,9/14/2023 0:03,2464,26.375,26.375,26.75,26.25,NA,26.75,NA,26.375,26.625,26.5,26.375,26.625,26.625,27.125,27,26.75,26.875,26.375,26.75,26.625,26.75,26.875,NA,26.875,27.25
8,9/14/2023 0:33,2465,26.375,26.375,26.625,26.25,NA,26.625,NA,26.375,26.625,26.375,26.375,26.5,26.625,27,26.875,26.75,26.75,26.25,26.625,26.5,26.625,26.75,NA,26.75,27.25
8,9/14/2023 1:03,2466,26.25,26.25,26.5,26.125,NA,26.5,NA,26.25,26.5,26.375,26.25,26.375,26.5,27,26.875,26.625,26.75,26.25,26.625,26.5,26.5,26.75,NA,26.625,27.25
8,9/14/2023 1:33,2467,26.25,26.25,26.5,26.125,NA,26.5,NA,26.25,26.5,26.25,26.25,26.375,26.5,26.875,26.75,26.625,26.75,26.25,26.625,26.5,26.5,26.625,NA,26.625,27.125
8,9/14/2023 2:03,2468,26.25,26.25,26.5,26.125,NA,26.5,NA,26.25,26.5,26.25,26.25,26.375,26.5,26.875,26.75,26.625,26.75,26.25,26.625,26.375,26.5,26.625,NA,26.625,27.125
8,9/14/2023 2:33,2469,26.25,26.25,26.5,26.125,NA,26.5,NA,26.25,26.5,26.25,26.25,26.375,26.5,26.875,26.75,26.625,26.75,26.25,26.625,26.5,26.5,26.625,NA,26.625,27.125
8,9/14/2023 3:03,2470,26.25,26.25,26.5,26.125,NA,26.5,NA,26.25,26.5,26.25,26.25,26.375,26.5,26.875,26.75,26.625,26.75,26.25,26.625,26.5,26.5,26.75,NA,26.75,27.125
8,9/14/2023 3:33,2471,26.25,26.125,26.5,26.125,NA,26.5,NA,26.25,26.375,26.25,26.25,26.375,26.5,26.875,26.75,26.625,26.625,26.125,26.625,26.375,26.5,26.625,NA,26.625,27.125
8,9/14/2023 4:03,2472,26,26,26.375,25.875,NA,26.25,NA,26,26.25,26,26.125,26.125,26.375,26.75,26.625,26.375,26.5,26,26.375,26.25,26.375,26.375,NA,26.375,27
8,9/14/2023 4:33,2473,26,26,26.375,26,NA,26.375,NA,26.125,26.375,26.125,26.125,26.25,26.375,26.75,26.625,26.5,26.625,26.125,26.5,26.375,26.5,26.5,NA,26.5,27.125
8,9/14/2023 5:03,2474,26,26,26.375,25.875,NA,26.375,NA,26.125,26.25,26.125,26.125,26.25,26.375,26.75,26.625,26.5,26.5,26.125,26.5,26.375,26.5,26.5,NA,26.5,27
8,9/14/2023 5:33,2475,26.125,26,26.375,26,NA,26.375,NA,26.125,26.25,26.125,26.125,26.25,26.375,26.75,26.625,26.5,26.625,26.125,26.5,26.375,26.5,26.5,NA,26.5,27.125
8,9/14/2023 6:03,2476,26,26,26.25,25.75,NA,26.25,NA,26,26.25,26,26,26.125,26.375,26.75,26.625,26.5,26.625,26.125,26.5,26.25,26.5,26.5,NA,26.5,27
8,9/14/2023 6:33,2477,25.875,25.875,26.125,25.625,NA,26.125,NA,25.875,26.125,25.875,25.875,25.875,26.375,26.75,26.625,26.5,26.5,26,26.375,26.25,26.5,26.375,NA,26.5,27
8,9/14/2023 7:03,2478,25.625,25.75,26,25.5,NA,25.875,NA,25.75,25.875,25.75,25.75,25.75,26.375,26.75,26.625,26.375,26.5,26,26.5,26.25,26.375,26.375,NA,26.5,27
8,9/14/2023 7:33,2479,25.875,25.875,26.125,25.625,NA,26.125,NA,25.875,26.125,25.875,26,26,26.625,27,26.875,26.625,26.75,26.25,26.75,26.5,26.625,26.625,NA,26.75,27
8,9/14/2023 8:03,2480,25.875,25.875,26,25.625,NA,26.125,NA,25.875,26.125,25.875,25.875,25.875,26.625,27,26.75,26.625,26.75,26.25,26.625,26.5,26.625,26.625,NA,26.625,27
8,9/14/2023 8:33,2481,25.75,25.75,26,25.625,NA,26,NA,25.75,26,25.875,25.75,25.75,26.375,26.75,26.625,26.5,26.5,26.125,26.5,26.25,26.5,26.5,NA,26.5,26.875
8,9/14/2023 9:03,2482,26.375,26.375,26.5,26.25,NA,26.625,NA,26.375,26.625,26.375,26.375,26.375,27,27.25,27.125,27.125,27.125,26.625,27,26.875,27,27.125,NA,27.125,27
8,9/14/2023 9:33,2483,27.25,27.125,27.25,27.125,NA,27.375,NA,27.125,27.375,27.125,27,27.125,27.5,27.75,27.5,27.5,27.375,27,27.375,27.375,27.375,27.625,NA,27.5,27.25
8,9/14/2023 10:03,2484,28.375,28.375,28.125,28.5,NA,28.375,NA,28.375,28.5,28.25,28,28.25,27.625,27.875,27.875,28,27.875,27.375,27.625,27.625,27.75,28.25,NA,27.75,27.375
8,9/14/2023 10:33,2485,28.875,28.75,28.375,28.75,NA,28.75,NA,29.375,29,28.5,28,28.25,28.125,28.125,28,28.25,27.875,27.75,27.75,27.75,27.875,28.875,NA,28,27.5
8,9/14/2023 11:03,2486,29.25,29.25,28.5,29.125,NA,28.75,NA,29.5,29.375,28.875,28.25,28.375,28,28.25,28.125,28.5,27.875,27.5,27.625,27.5,28.125,29,NA,27.875,27.5
8,9/14/2023 11:33,2487,30.25,29.25,28.75,29.5,NA,28.875,NA,29,29.25,29.5,28.5,28.625,27.875,28.5,28.25,28.125,27.875,27.5,27.75,27.5,27.875,28.625,NA,27.875,27.75
8,9/14/2023 12:03,2488,29.375,29.25,28.875,29.375,NA,29.125,NA,29.25,29.5,29.25,28.75,28.875,28.25,28.5,28.125,28.5,28.25,27.875,28,27.75,28.125,28.5,NA,28,27.75
8,9/14/2023 12:33,2489,29.125,29,28.75,29,NA,29,NA,28.875,29.25,28.875,28.625,28.625,28.125,28.5,28,28.125,28.125,27.75,28,27.75,28.125,28.125,NA,27.875,27.625
8,9/14/2023 13:03,2490,28.875,28.875,28.75,28.75,NA,29,NA,28.875,29.125,28.75,28.625,28.625,28.125,28.375,28,28.125,28,27.75,27.875,27.75,28,28.125,NA,28,27.75
8,9/14/2023 13:33,2491,28.75,28.75,28.625,28.625,NA,28.75,NA,28.625,28.875,28.625,28.5,28.5,27.875,28.25,27.875,27.875,27.875,27.625,27.75,27.625,27.875,28,NA,27.875,27.625
8,9/14/2023 14:03,2492,28.25,28.25,28.375,28.125,NA,28.5,NA,28.25,28.5,28.25,28.125,28.25,27.5,27.875,27.625,27.625,27.625,27.125,27.5,27.375,27.5,27.75,NA,27.625,27.5
8,9/14/2023 14:33,2493,27.875,27.875,28,27.625,NA,28,NA,27.875,28,27.875,27.75,27.75,27.25,27.5,27.375,27.375,27.375,26.875,27.125,27,27.125,27.375,NA,27.25,27.5
8,9/14/2023 15:03,2494,27.625,27.5,27.75,27.375,NA,27.75,NA,27.5,27.75,27.625,27.375,27.5,27,27.375,27.25,27.125,27.125,26.625,27,26.875,27,27.125,NA,27.125,27.375
8,9/14/2023 15:33,2495,27.375,27.375,27.625,27.25,NA,27.625,NA,27.375,27.625,27.375,27.375,27.375,27.125,27.5,27.25,27.125,27.25,26.75,27.125,27,27.125,27.25,NA,27.125,27.5
8,9/14/2023 16:03,2496,27.125,27.125,27.375,27,NA,27.5,NA,27.125,27.375,27.25,27.125,27.25,27,27.375,27.25,27.125,27.25,26.75,27.125,27,27.125,27.125,NA,27.125,27.375
8,9/14/2023 16:33,2497,26.875,26.875,27.125,26.625,NA,27.125,NA,26.875,27.125,27,26.875,26.875,26.875,27.25,27.125,27,27,26.625,27,26.75,26.875,27,NA,27,27.125
8,9/14/2023 17:03,2498,26.75,26.625,26.875,26.5,NA,27,NA,26.625,26.875,26.75,26.75,26.75,26.75,27.125,27,26.875,27,26.5,26.875,26.625,26.875,26.875,NA,26.875,27.25
8,9/14/2023 17:33,2499,26.625,26.625,26.875,26.375,NA,26.875,NA,26.625,26.875,26.75,26.625,26.625,26.875,27.25,27.125,26.875,27,26.625,27,26.75,27,26.875,NA,27,27.25
8,9/14/2023 18:03,2500,26.375,26.375,26.625,26.25,NA,26.75,NA,26.375,26.625,26.5,26.5,26.5,26.75,27.125,27,26.75,26.875,26.375,26.75,26.625,26.75,26.75,NA,26.875,27.25
8,9/14/2023 18:33,2501,26,26,26.25,25.875,NA,26.375,NA,26,26.25,26.125,26.125,26.125,26.375,26.875,26.75,26.5,26.625,26.125,26.5,26.25,26.5,26.5,NA,26.625,27.25
8,9/14/2023 19:03,2502,26,26,26.125,25.75,NA,26.25,NA,25.875,26.25,26,26,26,26.5,26.875,26.875,26.625,26.75,26.25,26.625,26.375,26.5,26.625,NA,26.625,27.25
8,9/14/2023 19:33,2503,26,26,26.25,25.875,NA,26.375,NA,26,26.25,26.125,26.125,26.125,26.75,27.125,27,26.75,26.875,26.5,26.75,26.625,26.875,26.75,NA,26.875,27.25
8,9/14/2023 20:03,2504,26,26,26.25,25.875,NA,26.375,NA,26,26.25,26.125,26.125,26.125,26.875,27.125,27.125,26.875,27,26.625,26.875,26.75,26.875,26.875,NA,27,27.25
8,9/14/2023 20:33,2505,26,26,26.25,25.875,NA,26.375,NA,26,26.25,26,26,26,26.875,27.125,27.125,26.875,27,26.625,26.875,26.75,27,26.875,NA,27,27.25
8,9/14/2023 21:03,2506,25.75,25.75,26,25.625,NA,26.125,NA,25.75,26,25.875,25.875,25.875,26.625,27,26.875,26.625,26.75,26.25,26.625,26.5,26.625,26.625,NA,26.75,27.125
8,9/14/2023 21:33,2507,25.5,25.5,25.75,25.25,NA,25.75,NA,25.5,25.75,25.5,25.5,25.625,26.25,26.625,26.5,26.375,26.5,25.875,26.25,26.125,26.25,26.25,NA,26.375,27.125
8,9/14/2023 22:03,2508,25.375,25.375,25.75,25.25,NA,25.75,NA,25.375,25.75,25.5,25.5,25.625,26.375,26.75,26.625,26.375,26.5,26,26.375,26.25,26.375,26.375,NA,26.5,27.125
8,9/14/2023 22:33,2509,25.5,25.5,25.75,25.375,NA,25.875,NA,25.5,25.875,25.625,25.625,25.625,26.625,27,26.875,26.625,26.75,26.25,26.625,26.5,26.625,26.625,NA,26.75,27.25
8,9/14/2023 23:03,2510,25.625,25.625,25.875,25.5,NA,26,NA,25.625,25.875,25.75,25.75,25.75,26.75,27.125,27,26.75,26.875,26.5,26.875,26.625,26.875,26.75,NA,26.875,27.25
8,9/14/2023 23:33,2511,25.625,25.625,25.875,25.375,NA,25.875,NA,25.625,25.875,25.625,25.625,25.75,26.625,27,26.875,26.625,26.75,26.25,26.625,26.5,26.625,26.625,NA,26.75,27.25
8,9/15/2023 0:03,2512,25.5,25.5,25.75,25.375,NA,25.875,NA,25.5,25.875,25.625,25.625,25.625,26.5,26.875,26.75,26.625,26.75,26.25,26.625,26.375,26.5,26.625,NA,26.625,27.25
8,9/15/2023 0:33,2513,25.5,25.5,25.75,25.375,NA,25.875,NA,25.5,25.875,25.625,25.625,25.625,26.5,26.875,26.75,26.625,26.75,26.25,26.625,26.5,26.5,26.625,NA,26.625,27.25
8,9/15/2023 1:03,2514,25.625,25.625,25.875,25.375,NA,25.875,NA,25.625,25.875,25.625,25.625,25.75,26.625,27,26.875,26.625,26.875,26.25,26.625,26.5,26.625,26.75,NA,26.75,27.125
8,9/15/2023 1:33,2515,25.5,25.5,25.75,25.375,NA,25.875,NA,25.5,25.875,25.625,25.625,25.625,26.375,26.875,26.75,26.5,26.75,26.125,26.5,26.375,26.5,26.5,NA,26.625,27.125
8,9/15/2023 2:03,2516,25.375,25.5,25.75,25.25,NA,25.75,NA,25.5,25.75,25.5,25.5,25.625,26.375,26.75,26.625,26.5,26.625,26,26.375,26.25,26.375,26.5,NA,26.5,27.125
8,9/15/2023 2:33,2517,25.5,25.5,25.75,25.25,NA,25.75,NA,25.5,25.75,25.625,25.5,25.625,26.375,26.875,26.75,26.5,26.625,26.125,26.5,26.375,26.5,26.5,NA,26.625,27.125
8,9/15/2023 3:03,2518,25.625,25.625,25.875,25.375,NA,25.875,NA,25.625,25.875,25.75,25.625,25.75,26.625,27,26.875,26.75,26.875,26.375,26.75,26.625,26.625,26.75,NA,26.75,27.125
8,9/15/2023 3:33,2519,25.75,25.75,25.875,25.5,NA,26.125,NA,25.75,26,25.875,25.75,25.75,26.875,27.125,27,26.875,27,26.625,26.875,26.75,26.875,26.875,NA,27,27.125
8,9/15/2023 4:03,2520,25.75,25.75,26,25.625,NA,26.125,NA,25.75,26,25.875,25.875,25.875,26.875,27.25,27.125,27,27,26.625,27,26.875,27,27,NA,27.125,27.125
8,9/15/2023 4:33,2521,25.875,25.875,26,25.625,NA,26.125,NA,25.875,26.125,25.875,25.875,26,26.875,27.25,27.125,27,27,26.625,27,26.875,27,27,NA,27.125,27.125
8,9/15/2023 5:03,2522,25.875,25.875,26.125,25.75,NA,26.25,NA,25.875,26.125,26,25.875,26,26.875,27.25,27.125,27,27,26.625,27,26.875,27,27,NA,27.125,27.125
8,9/15/2023 5:33,2523,25.75,25.875,26,25.625,NA,26.125,NA,25.75,26.125,25.875,25.875,25.875,26.875,27.125,27,26.875,27,26.625,26.875,26.75,27,26.875,NA,27,27
8,9/15/2023 6:03,2524,25.75,25.75,26,25.625,NA,26.125,NA,25.75,26,25.875,25.875,25.875,26.75,27.125,27,26.875,27,26.625,26.875,26.75,26.875,26.875,NA,27,27
8,9/15/2023 6:33,2525,25.75,25.75,25.875,25.625,NA,26.125,NA,25.625,26,25.75,25.75,25.75,26.75,27.125,27,26.875,26.875,26.5,26.875,26.75,26.875,26.875,NA,26.875,27
8,9/15/2023 7:03,2526,25.75,25.75,26,25.625,NA,26.125,NA,25.75,26,25.875,25.875,25.75,26.875,27.125,27,26.875,26.875,26.625,26.875,26.75,26.875,26.875,NA,26.875,27
8,9/15/2023 7:33,2527,25.75,25.875,26,25.625,NA,26.125,NA,25.75,26.125,25.875,25.875,25.875,26.875,27.25,27,27,27,26.625,26.875,26.75,27,27,NA,27,27
8,9/15/2023 8:03,2528,26.125,26.25,26.375,26,NA,26.5,NA,26.25,26.5,26.25,26.25,26.25,27.25,27.5,27.25,27.375,27.375,26.875,27.25,27.125,27.25,27.375,NA,27.375,27.125
8,9/15/2023 8:33,2529,26.375,26.625,26.625,26.375,NA,26.75,NA,26.5,26.75,26.5,26.5,26.625,27.375,27.5,27.25,27.625,27.5,26.875,27.375,27.25,27.25,27.5,NA,27.375,27.125
8,9/15/2023 9:03,2530,27.375,27.5,27.5,27.375,NA,27.625,NA,27.375,27.625,27.25,27.375,27.5,27.75,27.875,27.75,28.25,27.875,27,27.625,27.5,27.5,28.125,NA,27.875,27.25
8,9/15/2023 9:33,2531,28.375,28.375,28.375,28.125,NA,28.25,NA,28.125,28.5,28.25,28,28.125,28,28,28,28,28,27.375,27.875,27.75,27.5,28.375,NA,28,27.25
8,9/15/2023 10:03,2532,29.125,29.125,28.875,29.125,NA,29,NA,29.125,29.125,28.875,28.75,29,27.875,28,28.125,28.25,28.125,27.375,27.875,27.625,27.625,28.375,NA,28.125,27.375
8,9/15/2023 10:33,2533,29.875,29.625,29,29.5,NA,29.625,NA,30.125,29.75,29.25,28.625,28.875,28.375,28.125,28.125,28.5,28,27.875,28,27.875,28.125,28.875,NA,28.25,27.625
8,9/15/2023 11:03,2534,29,29.125,28.75,28.875,NA,29,NA,28.875,29.25,28.875,28.375,28.625,27.875,28,28,28.125,27.875,27.5,27.75,27.625,27.75,28.25,NA,28,27.5
8,9/15/2023 11:33,2535,28.5,28.375,28.375,28.375,NA,28.5,NA,28.375,28.625,28.375,28,28.25,27.625,27.875,27.75,27.75,27.625,27.25,27.5,27.375,27.625,27.875,NA,27.75,27.375
8,9/15/2023 12:03,2536,28,28,28.125,27.875,NA,28.25,NA,28,28.25,28,27.75,28,27.5,27.75,27.625,27.625,27.5,27.125,27.5,27.375,27.5,27.625,NA,27.5,27.375
8,9/15/2023 12:33,2537,27.875,27.875,28,27.75,NA,28.125,NA,27.75,28.125,27.875,27.75,27.875,27.5,27.875,27.625,27.625,27.625,27.125,27.5,27.375,27.5,27.75,NA,27.5,27.5
8,9/15/2023 13:03,2538,27.75,27.75,27.75,27.5,NA,27.875,NA,27.625,27.875,27.75,27.5,27.75,27.375,27.75,27.5,27.5,27.5,27.125,27.5,27.375,27.5,27.625,NA,27.5,27.5
8,9/15/2023 13:33,2539,28,28.125,28,27.875,NA,28.125,NA,28,28.375,27.875,27.75,27.875,28,28.25,27.875,27.75,28,27.625,27.75,27.5,28,27.875,NA,27.75,27.875
8,9/15/2023 14:03,2540,28,28,28,27.875,NA,28.25,NA,28,28.25,27.875,27.75,28,28,28.25,27.875,27.875,28,27.625,27.875,27.625,28,28,NA,27.875,27.875
8,9/15/2023 14:33,2541,28,28,28,27.75,NA,28.25,NA,28,28.25,27.875,27.75,28,27.875,28,27.75,27.875,28,27.375,27.75,27.5,27.75,28,NA,27.875,27.875
8,9/15/2023 15:03,2542,28,28.125,28,27.75,NA,28.25,NA,27.875,28.25,27.875,27.75,28,28,28.125,27.875,28,28.125,27.625,27.875,27.625,28,28,NA,28,27.75
8,9/15/2023 15:33,2543,27.625,27.625,27.75,27.5,NA,27.875,NA,27.5,27.875,27.625,27.5,27.625,27.75,28.125,27.875,27.75,27.875,27.375,27.75,27.625,27.875,27.875,NA,27.75,27.625
8,9/15/2023 16:03,2544,27.375,27.375,27.5,27.125,NA,27.625,NA,27.25,27.625,27.375,27.25,27.5,27.375,27.75,27.625,27.5,27.625,27.125,27.5,27.375,27.5,27.625,NA,27.5,27.625
8,9/15/2023 16:33,2545,27.125,27.25,27.5,27,NA,27.5,NA,27.125,27.5,27.25,27.125,27.375,27.375,27.75,27.5,27.375,27.5,27.125,27.5,27.25,27.5,27.5,NA,27.375,27.625
8,9/15/2023 17:03,2546,27,27.125,27.375,26.875,NA,27.5,NA,27.125,27.375,27.125,27.125,27.25,27.25,27.625,27.375,27.25,27.375,27,27.375,27.125,27.25,27.375,NA,27.375,27.625
8,9/15/2023 17:33,2547,27,27,27.375,26.875,NA,27.375,NA,27,27.25,27.125,27.125,27.25,27.125,27.625,27.375,27.25,27.375,26.875,27.25,27.125,27.25,27.25,NA,27.25,27.75
8,9/15/2023 18:03,2548,27,27,27.25,26.75,NA,27.375,NA,27,27.25,27.125,27,27.125,27.125,27.5,27.375,27.125,27.375,26.875,27.25,27.125,27.25,27.25,NA,27.25,27.625
8,9/15/2023 18:33,2549,27,27,27.25,26.875,NA,27.375,NA,27,27.25,27.125,27.125,27.125,27.125,27.5,27.375,27.125,27.375,26.875,27.25,27.125,27.25,27.25,NA,27.25,27.625
8,9/15/2023 19:03,2550,27,27,27.25,26.75,NA,27.375,NA,27,27.25,27,27,27.125,27.125,27.5,27.375,27.125,27.375,26.875,27.25,27,27.125,27.25,NA,27.25,27.625
8,9/15/2023 19:33,2551,27,27,27.25,26.875,NA,27.375,NA,27,27.25,27.125,27.125,27.25,27.125,27.5,27.375,27.125,27.375,26.875,27.25,27.125,27.25,27.25,NA,27.25,27.625
8,9/15/2023 20:03,2552,27,27,27.375,26.875,NA,27.375,NA,27,27.25,27.125,27.125,27.25,27.125,27.5,27.375,27.125,27.375,26.875,27.25,27.125,27.25,27.25,NA,27.25,27.625
8,9/15/2023 20:33,2553,27,27,27.25,26.875,NA,27.375,NA,27,27.25,27.125,27.125,27.25,27.125,27.5,27.375,27.125,27.375,26.875,27.25,27,27.125,27.25,NA,27.25,27.625
8,9/15/2023 21:03,2554,27,27,27.25,26.875,NA,27.375,NA,27,27.25,27.125,27.125,27.125,27,27.5,27.375,27.125,27.25,26.75,27.125,27,27.125,27.25,NA,27.25,27.625
8,9/15/2023 21:33,2555,27,27,27.25,26.75,NA,27.375,NA,27,27.25,27.125,27,27.125,27,27.375,27.25,27.125,27.25,26.75,27.125,27,27,27.125,NA,27.125,27.625
8,9/15/2023 22:03,2556,26.875,26.875,27.25,26.75,NA,27.25,NA,26.875,27.125,27,27,27.125,26.875,27.25,27.25,27,27.125,26.625,27,26.875,27,27.125,NA,27.125,27.5
8,9/15/2023 22:33,2557,27,26.875,27.25,26.75,NA,27.375,NA,27,27.25,27,27,27.125,27,27.375,27.25,27,27.125,26.625,27,26.875,27,27.125,NA,27.125,27.5
8,9/15/2023 23:03,2558,26.875,26.875,27.25,26.75,NA,27.25,NA,27,27.125,27,27,27.125,27,27.375,27.25,27,27.25,26.625,27.125,26.875,27,27.125,NA,27.125,27.5
8,9/15/2023 23:33,2559,26.75,26.75,27,26.5,NA,27,NA,26.75,27,26.875,26.75,26.875,26.75,27.125,27,26.75,26.875,26.375,26.75,26.625,26.75,26.875,NA,26.875,27.375
8,9/16/2023 0:03,2560,26.75,26.75,27,26.625,NA,27.125,NA,26.75,27,26.875,26.875,26.875,26.875,27.25,27.125,26.875,27,26.5,26.875,26.75,26.875,26.875,NA,27,27.375
8,9/16/2023 0:33,2561,26.75,26.75,27,26.5,NA,27,NA,26.75,27,26.875,26.875,26.875,26.75,27.125,27,26.875,27,26.5,26.875,26.75,26.875,26.875,NA,26.875,27.375
8,9/16/2023 1:03,2562,26.5,26.5,26.875,26.25,NA,26.875,NA,26.5,26.75,26.625,26.625,26.625,26.5,26.875,26.875,26.625,26.75,26.25,26.625,26.5,26.5,26.625,NA,26.75,27.375
8,9/16/2023 1:33,2563,26.5,26.5,26.75,26.25,NA,26.75,NA,26.5,26.75,26.625,26.625,26.625,26.5,27,26.875,26.625,26.75,26.25,26.625,26.5,26.5,26.625,NA,26.75,27.375
8,9/16/2023 2:03,2564,26.5,26.625,26.875,26.375,NA,26.875,NA,26.625,26.875,26.625,26.625,26.75,26.75,27,27,26.625,26.875,26.375,26.75,26.625,26.75,26.75,NA,26.875,27.375
8,9/16/2023 2:33,2565,26.625,26.625,26.875,26.375,NA,26.875,NA,26.625,26.875,26.75,26.75,26.75,26.75,27.125,27,26.75,27,26.5,26.875,26.625,26.75,26.75,NA,26.875,27.25
8,9/16/2023 3:03,2566,26.75,26.75,27,26.5,NA,27,NA,26.75,27,26.875,26.875,26.75,26.875,27.125,27.125,26.75,27,26.5,26.875,26.75,26.875,26.875,NA,27,27.375
8,9/16/2023 3:33,2567,26.75,26.75,27,26.625,NA,27.125,NA,26.875,27,26.875,26.875,26.875,26.875,27.25,27.125,26.875,27,26.625,27,26.75,27,27,NA,27,27.375
8,9/16/2023 4:03,2568,26.875,26.875,27.125,26.625,NA,27.125,NA,26.875,27.125,26.875,27,27,27,27.25,27.125,26.875,27.125,26.625,27,26.875,27,27,NA,27.125,27.375
8,9/16/2023 4:33,2569,26.75,26.75,27,26.625,NA,27,NA,26.75,27,26.875,26.875,26.875,26.875,27.125,27.125,26.875,27,26.625,26.875,26.75,26.875,26.875,NA,27,27.25
8,9/16/2023 5:03,2570,26.5,26.5,26.75,26.375,NA,26.75,NA,26.5,26.75,26.625,26.625,26.625,26.625,27,26.875,26.625,26.875,26.375,26.75,26.5,26.625,26.625,NA,26.75,27.25
8,9/16/2023 5:33,2571,26.375,26.375,26.75,26.25,NA,26.75,NA,26.5,26.625,26.5,26.5,26.625,26.625,26.875,26.875,26.625,26.75,26.25,26.625,26.5,26.5,26.625,NA,26.75,27.25
8,9/16/2023 6:03,2572,26.5,26.5,26.75,26.375,NA,26.75,NA,26.5,26.75,26.625,26.625,26.625,26.5,26.875,26.875,26.625,26.75,26.25,26.625,26.5,26.5,26.625,NA,26.75,27.25
8,9/16/2023 6:33,2573,26.5,26.5,26.875,26.375,NA,26.75,NA,26.5,26.75,26.625,26.625,26.625,26.5,26.875,26.75,26.625,26.75,26.25,26.625,26.5,26.5,26.625,NA,26.625,27.25
8,9/16/2023 7:03,2574,26.5,26.5,26.875,26.375,NA,26.75,NA,26.625,26.75,26.625,26.625,26.75,26.5,26.875,26.75,26.625,26.75,26.25,26.625,26.5,26.5,26.625,NA,26.625,27.25
8,9/16/2023 7:33,2575,26.625,26.625,27.125,26.5,NA,27,NA,26.75,26.875,26.75,26.875,27,26.75,26.875,26.875,26.875,27,26.5,26.875,26.625,26.625,26.75,NA,26.875,27.25
8,9/16/2023 8:03,2576,26.875,27,27.375,26.875,NA,27.375,NA,27.25,27.25,27,27.25,27.375,27.25,27.25,27.125,27.375,27.375,26.75,27.25,27,27,27.125,NA,27.25,27.25
8,9/16/2023 8:33,2577,27.375,27.625,27.75,27.25,NA,27.75,NA,27.625,27.625,27.5,27.625,27.875,27.875,27.625,27.5,27.875,27.875,27.125,27.75,27.375,27.375,27.625,NA,27.75,27.375
8,9/16/2023 9:03,2578,28.125,28.375,28.375,28,NA,28.375,NA,28.25,28.375,28.125,28.375,28.375,28,28,28,28.25,28.125,27.125,28,27.75,27.625,28.25,NA,28.125,27.5
8,9/16/2023 9:33,2579,28.875,28.875,28.875,28.5,NA,28.75,NA,28.625,28.875,28.625,28.625,28.625,28.25,28.25,28.25,28.25,28.125,27.5,28,28,27.625,28.625,NA,28.25,27.625
8,9/16/2023 10:03,2580,29.25,29.25,29,29.125,NA,29.25,NA,29.375,29.25,29,28.875,29.125,28.125,28.125,28.25,28.25,28.25,27.5,28,27.625,27.875,28.375,NA,28.25,27.625
8,9/16/2023 10:33,2581,29.75,29.625,29,29.5,NA,29.625,NA,29.875,29.625,29.25,28.75,28.875,28.5,28.125,28.25,28.375,28.125,27.75,28,27.75,27.875,28.75,NA,28.375,27.75
8,9/16/2023 11:03,2582,29.5,29.625,28.75,29.625,NA,29.25,NA,29.75,29.5,29.25,28.625,28.75,28.375,28.375,28.375,28.625,28.125,27.625,28,27.75,28.25,29.125,NA,28.25,27.75
8,9/16/2023 11:33,2583,30.125,29.125,28.625,29.5,NA,28.875,NA,28.875,29.125,29.25,28.5,28.625,27.875,28.125,28,28.125,28,27.375,27.75,27.5,27.75,28.25,NA,27.875,27.75
8,9/16/2023 12:03,2584,29,28.875,28.5,28.875,NA,28.75,NA,28.75,29,28.875,28.375,28.5,28.25,28.375,28,28.25,28.125,27.75,28,27.625,28,28.25,NA,28,27.875
8,9/16/2023 12:33,2585,28.75,28.625,28.375,28.375,NA,28.625,NA,28.5,28.875,28.5,28.25,28.375,28.25,28.375,28,28,28.125,27.75,27.875,27.625,28,28.125,NA,28,27.75
8,9/16/2023 13:03,2586,28.5,28.5,28.375,28.375,NA,28.625,NA,28.5,28.75,28.375,28.25,28.5,28.25,28.5,28.125,28.125,28.25,27.875,28,27.75,28.125,28.125,NA,28.125,28.125
8,9/16/2023 13:33,2587,28.5,28.625,28.5,28.25,NA,28.75,NA,28.625,28.75,28.375,28.375,28.5,28.375,28.625,28.25,28.25,28.375,28,28,27.875,28.25,28.25,NA,28.125,28.25
8,9/16/2023 14:03,2588,28.25,28.375,28.375,28.125,NA,28.5,NA,28.25,28.5,28.25,28.125,28.375,28.125,28.375,28.125,28.125,28.125,27.625,27.875,27.75,28,28.125,NA,28.125,28
8,9/16/2023 14:33,2589,28.375,28.375,28.375,28,NA,28.5,NA,28.25,28.5,28.25,28.125,28.375,27.875,28.125,28,27.875,28,27.375,27.75,27.625,27.75,28,NA,27.875,28.125
8,9/16/2023 15:03,2590,28.125,28.125,28.25,27.75,NA,28.25,NA,28,28.25,28,27.875,28.125,27.875,28,27.875,27.875,28,27.375,27.75,27.5,27.75,27.875,NA,27.875,28
8,9/16/2023 15:33,2591,27.625,27.625,27.875,27.5,NA,27.875,NA,27.625,27.875,27.75,27.625,27.75,27.5,27.875,27.75,27.625,27.75,27.25,27.5,27.375,27.5,27.75,NA,27.625,27.875
8,9/16/2023 16:03,2592,27.375,27.25,27.625,27.125,NA,27.625,NA,27.375,27.5,27.375,27.375,27.5,27.25,27.5,27.375,27.375,27.375,26.875,27.25,27,27.25,27.375,NA,27.375,27.75
8,9/16/2023 16:33,2593,27.125,27.125,27.375,27,NA,27.5,NA,27.125,27.375,27.25,27.125,27.375,27.125,27.5,27.375,27.125,27.375,26.75,27.125,27,27.125,27.25,NA,27.25,27.75
8,9/16/2023 17:03,2594,27,27,27.25,26.75,NA,27.375,NA,27,27.25,27.125,27,27.25,26.875,27.375,27.125,27,27.25,26.625,27,26.75,26.875,27.125,NA,27.125,27.75
8,9/16/2023 17:33,2595,27,27,27.25,26.75,NA,27.375,NA,27,27.125,27.125,27,27.125,26.875,27.25,27.125,27,27.125,26.625,26.875,26.75,26.875,27,NA,27.125,27.75
8,9/16/2023 18:03,2596,26.875,26.875,27.25,26.625,NA,27.25,NA,26.875,27.125,27,26.875,27,26.875,27.25,27.125,26.875,27.125,26.625,26.875,26.75,26.75,27,NA,27,27.75
8,9/16/2023 18:33,2597,26.75,26.75,27.125,26.625,NA,27.125,NA,26.875,27,26.875,26.875,27,26.75,27.125,27,26.875,27,26.5,26.875,26.625,26.75,26.875,NA,26.875,27.5
8,9/16/2023 19:03,2598,26.625,26.625,27,26.625,NA,27,NA,26.75,26.875,26.75,26.75,26.875,26.625,27,26.875,26.75,26.875,26.375,26.75,26.5,26.5,26.75,NA,26.75,27.5
8,9/16/2023 19:33,2599,26.625,26.625,27,26.5,NA,26.875,NA,26.625,26.875,26.75,26.625,26.75,26.5,27,26.875,26.625,26.875,26.25,26.625,26.375,26.5,26.75,NA,26.75,27.5
8,9/16/2023 20:03,2600,26.5,26.5,26.875,26.5,NA,26.75,NA,26.625,26.75,26.625,26.5,26.75,26.5,26.875,26.875,26.625,26.75,26.125,26.5,26.375,26.5,26.625,NA,26.625,27.5
8,9/16/2023 20:33,2601,26.5,26.375,26.75,26.25,NA,26.75,NA,26.5,26.625,26.5,26.5,26.625,26.375,26.875,26.75,26.5,26.75,26.125,26.5,26.25,26.375,26.625,NA,26.625,27.5
8,9/16/2023 21:03,2602,26.5,26.5,26.875,26.375,NA,26.75,NA,26.5,26.75,26.625,26.5,26.75,26.5,26.875,26.75,26.5,26.75,26.125,26.625,26.375,26.5,26.625,NA,26.625,27.5
8,9/16/2023 21:33,2603,26.5,26.5,26.875,26.25,NA,26.75,NA,26.5,26.75,26.625,26.5,26.625,26.5,26.875,26.75,26.5,26.75,26.125,26.5,26.375,26.5,26.625,NA,26.625,27.5
8,9/16/2023 22:03,2604,26.375,26.375,26.75,26.25,NA,26.75,NA,26.5,26.625,26.5,26.5,26.625,26.25,26.75,26.625,26.375,26.625,26,26.375,26.25,26.25,26.5,NA,26.5,27.375
8,9/16/2023 22:33,2605,26.375,26.375,26.75,26.25,NA,26.75,NA,26.375,26.625,26.5,26.375,26.625,26.25,26.625,26.5,26.375,26.5,25.875,26.25,26.125,26.25,26.375,NA,26.375,27.375
8,9/16/2023 23:03,2606,26.25,26.25,26.625,26.25,NA,26.625,NA,26.375,26.625,26.375,26.375,26.5,26.125,26.5,26.5,26.25,26.5,25.875,26.25,26,26.125,26.25,NA,26.375,27.375
8,9/16/2023 23:33,2607,26.25,26.25,26.625,26.25,NA,26.625,NA,26.375,26.5,26.375,26.375,26.5,26.125,26.5,26.375,26.125,26.375,25.875,26.25,26,26.125,26.25,NA,26.25,27.25
8,9/17/2023 0:03,2608,26.375,26.25,26.75,26.25,NA,26.625,NA,26.375,26.625,26.375,26.375,26.5,26.125,26.5,26.375,26.25,26.375,25.875,26.25,26,26.125,26.25,NA,26.375,27.25
8,9/17/2023 0:33,2609,26.375,26.375,26.75,26.375,NA,26.75,NA,26.5,26.625,26.5,26.5,26.625,26.125,26.5,26.5,26.25,26.5,25.875,26.25,26,26.125,26.375,NA,26.375,27.25
8,9/17/2023 1:03,2610,26.375,26.25,26.625,26.25,NA,26.625,NA,26.375,26.625,26.5,26.375,26.5,26.125,26.5,26.375,26.25,26.375,25.875,26.25,26,26.125,26.25,NA,26.375,27.25
8,9/17/2023 1:33,2611,26.25,26.25,26.625,26.25,NA,26.625,NA,26.375,26.5,26.375,26.375,26.5,26.125,26.375,26.375,26.125,26.375,25.75,26.125,26,26,26.25,NA,26.25,27.25
8,9/17/2023 2:03,2612,26.25,26.25,26.625,26.25,NA,26.625,NA,26.375,26.5,26.375,26.375,26.5,26.125,26.5,26.375,26.125,26.375,25.875,26.25,26,26.125,26.25,NA,26.25,27.25
8,9/17/2023 2:33,2613,26.25,26.25,26.625,26.125,NA,26.5,NA,26.25,26.5,26.375,26.25,26.375,26.125,26.375,26.375,26.125,26.375,25.75,26.125,26,26.125,26.25,NA,26.25,27.25
8,9/17/2023 3:03,2614,26.25,26.25,26.625,26.25,NA,26.625,NA,26.375,26.5,26.375,26.375,26.5,26.125,26.5,26.5,26.25,26.375,25.875,26.25,26,26.125,26.25,NA,26.375,27.25
8,9/17/2023 3:33,2615,26.375,26.375,26.625,26.25,NA,26.625,NA,26.375,26.625,26.5,26.375,26.5,26.125,26.625,26.5,26.25,26.5,26,26.25,26.125,26.25,26.375,NA,26.375,27.25
8,9/17/2023 4:03,2616,26.375,26.375,26.625,26.375,NA,26.75,NA,26.375,26.625,26.5,26.375,26.625,26.25,26.625,26.5,26.375,26.5,26,26.375,26.25,26.375,26.5,NA,26.375,27.25
8,9/17/2023 4:33,2617,26.375,26.375,26.625,26.25,NA,26.625,NA,26.375,26.625,26.5,26.375,26.5,26.25,26.625,26.5,26.25,26.5,25.875,26.25,26.125,26.25,26.375,NA,26.375,27.25
8,9/17/2023 5:03,2618,26.25,26.25,26.625,26.25,NA,26.625,NA,26.375,26.5,26.375,26.375,26.5,26.125,26.5,26.5,26.25,26.5,25.875,26.25,26.125,26.25,26.375,NA,26.375,27.125
8,9/17/2023 5:33,2619,26.25,26.25,26.625,26.25,NA,26.625,NA,26.25,26.5,26.375,26.25,26.5,26.125,26.5,26.5,26.25,26.375,25.875,26.25,26,26.125,26.375,NA,26.375,27.125
8,9/17/2023 6:03,2620,26.375,26.25,26.625,26.25,NA,26.625,NA,26.375,26.625,26.375,26.375,26.5,26.125,26.625,26.5,26.25,26.5,26,26.25,26.125,26.25,26.375,NA,26.375,27.125
8,9/17/2023 6:33,2621,26.25,26.25,26.625,26.25,NA,26.625,NA,26.375,26.5,26.375,26.25,26.5,26.125,26.5,26.5,26.25,26.375,25.875,26.25,26.125,26.25,26.375,NA,26.25,27.125
8,9/17/2023 7:03,2622,26.25,26.25,26.625,26.25,NA,26.625,NA,26.375,26.625,26.375,26.375,26.5,26.125,26.5,26.5,26.25,26.5,25.875,26.25,26,26.125,26.375,NA,26.375,27.125
8,9/17/2023 7:33,2623,26.5,26.5,26.875,26.5,NA,26.875,NA,26.625,26.75,26.625,26.625,26.75,26.5,26.625,26.625,26.5,26.75,26.125,26.5,26.25,26.375,26.5,NA,26.625,27.25
8,9/17/2023 8:03,2624,26.625,26.625,27,26.5,NA,26.875,NA,26.625,26.875,26.75,26.625,26.875,26.5,26.75,26.625,26.5,26.75,26.125,26.5,26.25,26.375,26.5,NA,26.625,27.25
8,9/17/2023 8:33,2625,27,27.125,27.375,27,NA,27.5,NA,27.25,27.375,27.25,27.25,27.5,27.25,27.25,27.125,27.5,27.5,26.625,27.125,26.75,26.875,27.25,NA,27.25,27.25
8,9/17/2023 9:03,2626,27.75,27.875,28.125,27.625,NA,28,NA,27.75,28,27.875,27.875,28,27.5,27.5,27.625,27.625,27.625,26.75,27.375,27,27.125,27.875,NA,27.625,27.375
8,9/17/2023 9:33,2627,27.625,27.625,27.875,27.5,NA,27.875,NA,27.625,27.875,27.625,27.625,27.625,27.25,27.5,27.375,27.5,27.5,26.875,27.25,27,27,27.5,NA,27.375,27.375
8,9/17/2023 10:03,2628,27.5,27.5,27.625,27.375,NA,27.625,NA,27.5,27.625,27.5,27.375,27.5,27,27.25,27.25,27.125,27.25,26.625,27,26.75,26.875,27.25,NA,27.125,27.375
8,9/17/2023 10:33,2629,27.875,27.875,27.625,27.75,NA,27.875,NA,28.375,28,27.625,27.375,27.375,27.25,27.25,27.125,27.25,27.125,26.75,27,26.625,27,27.375,NA,27.125,27.375
8,9/17/2023 11:03,2630,28,28.25,27.625,28,NA,27.875,NA,28,28.25,28,27.5,27.5,27.125,27.5,27.375,27.5,27.25,26.75,27,26.75,27.375,27.5,NA,27.125,27.5
8,9/17/2023 11:33,2631,28.5,28.125,27.875,28.5,NA,28,NA,28,28.25,28.375,27.625,27.75,27.125,27.5,27.375,27.375,27.25,26.625,27,26.75,27.125,27.625,NA,27.125,27.625
8,9/17/2023 12:03,2632,28.375,28.125,28,28.125,NA,28.125,NA,28.125,28.375,28.25,27.75,27.875,27.5,27.75,27.5,27.75,27.625,27.125,27.375,27.125,27.375,27.625,NA,27.375,27.75
8,9/17/2023 12:33,2633,28.25,28,28.125,28,NA,28.25,NA,28,28.25,28.125,27.75,28,27.625,27.875,27.75,27.75,27.75,27.25,27.5,27.25,27.5,27.75,NA,27.625,27.75
8,9/17/2023 13:03,2634,27.875,27.875,27.875,27.75,NA,28,NA,27.75,28,27.875,27.625,27.75,27.5,27.875,27.625,27.625,27.625,27.125,27.375,27.25,27.375,27.625,NA,27.5,27.625
8,9/17/2023 13:33,2635,27.875,27.75,27.875,27.625,NA,28,NA,27.75,28,27.875,27.5,27.75,27.5,27.75,27.625,27.625,27.625,27,27.375,27.125,27.375,27.625,NA,27.5,27.625
8,9/17/2023 14:03,2636,27.75,27.625,27.75,27.5,NA,27.875,NA,27.625,27.875,27.75,27.5,27.625,27.375,27.75,27.5,27.5,27.5,27,27.25,27.125,27.375,27.5,NA,27.5,27.75
8,9/17/2023 14:33,2637,27.375,27.375,27.5,27.25,NA,27.625,NA,27.375,27.625,27.5,27.25,27.375,27.125,27.5,27.375,27.25,27.375,26.75,27.125,27,27.125,27.375,NA,27.25,27.625
8,9/17/2023 15:03,2638,27.25,27.125,27.375,27,NA,27.5,NA,27.125,27.375,27.25,27.125,27.25,27,27.375,27.25,27.125,27.25,26.625,27,26.75,27,27.125,NA,27.125,27.625
8,9/17/2023 15:33,2639,27.125,27.125,27.25,27,NA,27.375,NA,27.125,27.25,27.125,27,27.125,27,27.375,27.25,27.125,27.25,26.625,27,26.75,27,27.125,NA,27.125,27.625
8,9/17/2023 16:03,2640,26.875,26.875,27.125,26.75,NA,27.25,NA,26.875,27.125,27,26.875,27,26.875,27.125,27.125,26.875,27,26.375,26.875,26.625,26.75,27,NA,26.875,27.5
8,9/17/2023 16:33,2641,26.75,26.75,27.125,26.625,NA,27.125,NA,26.875,27,26.875,26.75,27,26.75,27,27,26.75,26.875,26.375,26.75,26.5,26.625,26.875,NA,26.875,27.5
8,9/17/2023 17:03,2642,26.75,26.75,27,26.625,NA,27.125,NA,26.75,27,26.875,26.75,26.875,26.625,27,26.875,26.75,26.875,26.375,26.625,26.5,26.625,26.875,NA,26.75,27.5
8,9/17/2023 17:33,2643,26.75,26.75,27,26.625,NA,27,NA,26.75,26.875,26.75,26.625,26.875,26.625,27,26.875,26.625,26.875,26.25,26.625,26.5,26.5,26.75,NA,26.75,27.5
8,9/17/2023 18:03,2644,26.625,26.625,26.875,26.5,NA,26.875,NA,26.625,26.875,26.75,26.625,26.75,26.5,26.875,26.75,26.5,26.75,26.125,26.5,26.375,26.5,26.625,NA,26.625,27.5
8,9/17/2023 18:33,2645,26.625,26.625,26.875,26.5,NA,26.875,NA,26.625,26.875,26.75,26.625,26.75,26.5,26.875,26.75,26.5,26.75,26.125,26.625,26.375,26.5,26.625,NA,26.625,27.375
8,9/17/2023 19:03,2646,26.5,26.5,26.875,26.5,NA,26.875,NA,26.5,26.75,26.625,26.5,26.75,26.375,26.75,26.75,26.5,26.625,26.125,26.5,26.25,26.5,26.625,NA,26.625,27.375
8,9/17/2023 19:33,2647,26.5,26.5,26.75,26.375,NA,26.75,NA,26.5,26.75,26.625,26.5,26.625,26.375,26.75,26.625,26.5,26.625,26,26.5,26.25,26.5,26.5,NA,26.5,27.375
8,9/17/2023 20:03,2648,26.375,26.375,26.625,26.25,NA,26.625,NA,26.375,26.625,26.5,26.375,26.5,26.25,26.625,26.5,26.375,26.5,25.875,26.375,26.125,26.25,26.375,NA,26.375,27.375
8,9/17/2023 20:33,2649,26.25,26.25,26.625,26.125,NA,26.625,NA,26.25,26.5,26.375,26.25,26.5,26.25,26.5,26.5,26.25,26.5,25.875,26.25,26.125,26.125,26.375,NA,26.375,27.375
8,9/17/2023 21:03,2650,26.25,26.25,26.5,26.125,NA,26.5,NA,26.25,26.5,26.375,26.25,26.375,26.125,26.5,26.5,26.25,26.5,25.875,26.25,26.125,26.125,26.25,NA,26.375,27.375
8,9/17/2023 21:33,2651,26.25,26.25,26.5,26.125,NA,26.5,NA,26.25,26.5,26.25,26.25,26.375,26.125,26.5,26.5,26.25,26.375,25.875,26.25,26,26.125,26.25,NA,26.375,27.375
8,9/17/2023 22:03,2652,26.125,26.125,26.5,26.125,NA,26.5,NA,26.25,26.375,26.25,26.125,26.375,26.125,26.5,26.375,26.125,26.375,25.75,26.125,26,26.125,26.25,NA,26.25,27.375
8,9/17/2023 22:33,2653,26,26.125,26.375,26,NA,26.375,NA,26.125,26.375,26.125,26.125,26.25,26.125,26.375,26.375,26.125,26.375,25.75,26.125,25.875,26,26.125,NA,26.25,27.25
8,9/17/2023 23:03,2654,26,26,26.375,26,NA,26.375,NA,26.125,26.25,26.125,26.125,26.25,26,26.375,26.375,26.125,26.25,25.75,26.125,25.875,26,26.125,NA,26.25,27.25
8,9/17/2023 23:33,2655,26,26.125,26.375,26.125,NA,26.375,NA,26.125,26.375,26.125,26.125,26.25,26.125,26.375,26.375,26.125,26.375,25.75,26.125,26,26,26.125,NA,26.25,27.25
9,9/18/2023 0:03,2656,26,26,26.375,26,NA,26.375,NA,26.125,26.25,26.125,26.125,26.25,26.125,26.375,26.375,26.125,26.375,25.75,26.125,26,26,26.25,NA,26.25,27.25
9,9/18/2023 0:33,2657,26.125,26.125,26.375,26,NA,26.375,NA,26.125,26.375,26.25,26.125,26.25,26.125,26.5,26.375,26.125,26.375,25.75,26.125,26,26.125,26.25,NA,26.25,27.25
9,9/18/2023 1:03,2658,26,26,26.375,26,NA,26.375,NA,26.125,26.25,26.125,26.125,26.25,26,26.375,26.375,26.125,26.25,25.75,26.125,26,26,26.25,NA,26.25,27.25
9,9/18/2023 1:33,2659,26,26,26.375,26,NA,26.375,NA,26.125,26.25,26.125,26.125,26.25,26,26.375,26.375,26.125,26.375,25.75,26.125,25.875,26,26.125,NA,26.25,27.125
9,9/18/2023 2:03,2660,26,26,26.375,26,NA,26.375,NA,26,26.25,26.125,26,26.25,26,26.375,26.25,26.125,26.25,25.625,26.125,25.875,26,26.125,NA,26.125,27.125
9,9/18/2023 2:33,2661,25.875,25.875,26.25,25.875,NA,26.25,NA,26,26.25,26,26,26.125,26,26.375,26.25,26,26.25,25.625,26,25.875,26,26.125,NA,26.125,27.125
9,9/18/2023 3:03,2662,25.875,25.875,26.25,25.875,NA,26.25,NA,26,26.125,26,26,26.125,26,26.375,26.25,26,26.25,25.625,26,25.875,26,26.125,NA,26.125,27.125
9,9/18/2023 3:33,2663,25.875,25.875,26.25,25.75,NA,26.25,NA,26,26.125,26,25.875,26.125,25.875,26.25,26.25,26,26.25,25.5,26,25.75,25.875,26,NA,26,27.125
9,9/18/2023 4:03,2664,25.875,25.875,26.25,25.75,NA,26.25,NA,26,26.125,26,26,26.125,25.875,26.25,26.125,26,26.25,25.625,26,25.75,25.875,26,NA,26,27.125
9,9/18/2023 4:33,2665,25.875,25.875,26.25,25.875,NA,26.25,NA,26,26.125,26,26,26.125,26,26.25,26.25,26,26.25,25.625,26,25.875,26,26.125,NA,26.125,27.125
9,9/18/2023 5:03,2666,25.875,26,26.25,25.875,NA,26.25,NA,26,26.25,26,26,26.125,26,26.375,26.25,26,26.25,25.625,26,25.875,26,26.125,NA,26.125,27.125
9,9/18/2023 5:33,2667,26,26,26.25,25.875,NA,26.375,NA,26,26.25,26.125,26,26.25,26,26.375,26.25,26,26.25,25.75,26.125,25.875,26,26.125,NA,26.125,27.125
9,9/18/2023 6:03,2668,26,26,26.375,25.875,NA,26.375,NA,26,26.25,26.125,26,26.25,26,26.375,26.25,26,26.25,25.75,26.125,25.875,26,26.125,NA,26.125,27.125
9,9/18/2023 6:33,2669,26,26,26.25,25.875,NA,26.25,NA,26,26.25,26.125,26,26.125,26,26.375,26.25,26,26.25,25.625,26.125,25.875,26,26.125,NA,26.125,27
9,9/18/2023 7:03,2670,25.875,25.875,26.25,25.75,NA,26.25,NA,25.875,26.125,26,26,26.125,26,26.375,26.25,26,26.25,25.625,26,25.875,26,26.125,NA,26.125,27
9,9/18/2023 7:33,2671,26,26,26.375,26,NA,26.375,NA,26.125,26.25,26.125,26.125,26.25,26.125,26.5,26.375,26.25,26.5,25.875,26.25,26,26.125,26.25,NA,26.375,27.125
9,9/18/2023 8:03,2672,26.375,26.375,26.75,26.25,NA,26.75,NA,26.5,26.625,26.5,26.5,26.75,26.75,26.875,26.625,26.75,27,26.25,26.75,26.375,26.5,26.75,NA,26.75,27.125
9,9/18/2023 8:33,2673,26.625,26.75,27,26.625,NA,27.125,NA,26.875,27,26.875,26.875,27,27.125,27.125,27,27.25,27.375,26.5,27,26.625,26.75,27.125,NA,27.125,27.125
9,9/18/2023 9:03,2674,27.125,27.25,27.5,27.125,NA,27.5,NA,27.25,27.375,27.25,27.25,27.375,27.375,27.375,27.375,27.5,27.5,26.625,27.25,26.875,27,27.5,NA,27.375,27.25
9,9/18/2023 9:33,2675,27.375,27.375,27.625,27.375,NA,27.5,NA,27.375,27.5,27.5,27.25,27.5,27.375,27.25,27.375,27.5,27.5,26.875,27.125,27,26.875,27.625,NA,27.5,27
9,9/18/2023 16:04,2676,27,27.375,27,27.25,27.25,27.125,27.125,27.25,27.125,27,27.125,NA,NA,NA,NA,NA,NA,NA,NA,NA,NA,NA,NA,NA,27.5
9,9/18/2023 16:34,2677,27,27.375,27,27.25,27.25,27.125,27.125,27.25,27.125,27,27.125,NA,NA,NA,NA,NA,NA,NA,NA,NA,NA,NA,NA,NA,27.375
9,9/18/2023 17:04,2678,26.875,27.25,26.875,27.125,27.125,27,27,27.125,27,26.875,27,NA,NA,NA,NA,NA,NA,NA,NA,NA,NA,NA,NA,NA,27.25
9,9/18/2023 17:34,2679,26.875,27.125,26.875,27.125,27.125,26.875,27,27.125,27,26.75,26.875,NA,NA,NA,NA,NA,NA,NA,NA,NA,NA,NA,NA,NA,27.25
9,9/18/2023 18:04,2680,26.75,27,26.75,27,27,26.75,26.875,27,26.75,26.625,26.75,NA,NA,NA,NA,NA,NA,NA,NA,NA,NA,NA,NA,NA,27.125
9,9/18/2023 18:34,2681,26.625,26.875,26.625,26.875,26.875,26.625,26.75,26.875,26.75,26.5,26.625,NA,NA,NA,NA,NA,NA,NA,NA,NA,NA,NA,NA,NA,27.125
9,9/18/2023 19:04,2682,26.5,26.75,26.5,26.75,26.75,26.5,26.625,26.75,26.625,26.375,26.625,NA,NA,NA,NA,NA,NA,NA,NA,NA,NA,NA,NA,NA,27.125
9,9/18/2023 19:34,2683,26.375,26.75,26.375,26.625,26.625,26.375,26.5,26.625,26.5,26.25,26.5,NA,NA,NA,NA,NA,NA,NA,NA,NA,NA,NA,NA,NA,27
9,9/18/2023 20:04,2684,26.375,26.625,26.375,26.625,26.625,26.375,26.375,26.625,26.5,26.25,26.5,NA,NA,NA,NA,NA,NA,NA,NA,NA,NA,NA,NA,NA,27
9,9/18/2023 20:34,2685,26.25,26.625,26.25,26.5,26.5,26.375,26.375,26.5,26.375,26.25,26.375,NA,NA,NA,NA,NA,NA,NA,NA,NA,NA,NA,NA,NA,27
9,9/18/2023 21:04,2686,26.25,26.625,26.25,26.5,26.5,26.25,26.375,26.5,26.375,26.125,26.375,NA,NA,NA,NA,NA,NA,NA,NA,NA,NA,NA,NA,NA,27
9,9/18/2023 21:34,2687,26.375,26.625,26.25,26.5,26.5,26.375,26.375,26.5,26.375,26.25,26.375,NA,NA,NA,NA,NA,NA,NA,NA,NA,NA,NA,NA,NA,27
9,9/18/2023 22:04,2688,26.25,26.5,26.25,26.5,26.5,26.25,26.375,26.5,26.375,26.125,26.375,NA,NA,NA,NA,NA,NA,NA,NA,NA,NA,NA,NA,NA,27
9,9/18/2023 22:34,2689,26.125,26.5,26.125,26.375,26.375,26.125,26.25,26.375,26.25,26.125,26.25,NA,NA,NA,NA,NA,NA,NA,NA,NA,NA,NA,NA,NA,26.875
9,9/18/2023 23:04,2690,26.25,26.5,26.125,26.375,26.5,26.25,26.25,26.5,26.25,26.125,26.25,NA,NA,NA,NA,NA,NA,NA,NA,NA,NA,NA,NA,NA,26.875
9,9/18/2023 23:34,2691,26.125,26.375,26.125,26.25,26.375,26.125,26.125,26.375,26.125,26,26.25,NA,NA,NA,NA,NA,NA,NA,NA,NA,NA,NA,NA,NA,26.875
9,9/19/2023 0:04,2692,26.125,26.5,26.125,26.375,26.375,26.125,26.25,26.375,26.25,26,26.25,NA,NA,NA,NA,NA,NA,NA,NA,NA,NA,NA,NA,NA,26.875
9,9/19/2023 0:34,2693,26,26.375,26,26.25,26.25,26,26.125,26.25,26.125,26,26.125,NA,NA,NA,NA,NA,NA,NA,NA,NA,NA,NA,NA,NA,26.875
9,9/19/2023 1:04,2694,26.125,26.375,26,26.25,26.375,26,26.125,26.25,26.125,26,26.125,NA,NA,NA,NA,NA,NA,NA,NA,NA,NA,NA,NA,NA,26.75
9,9/19/2023 1:34,2695,26,26.25,26,26.25,26.25,26,26.125,26.25,26.125,25.875,26.125,NA,NA,NA,NA,NA,NA,NA,NA,NA,NA,NA,NA,NA,26.75
9,9/19/2023 2:04,2696,26,26.25,25.875,26.125,26.25,26,26,26.125,26,25.875,26,NA,NA,NA,NA,NA,NA,NA,NA,NA,NA,NA,NA,NA,26.75
9,9/19/2023 2:34,2697,26,26.25,25.875,26.125,26.25,25.875,26,26.125,26,25.875,26,NA,NA,NA,NA,NA,NA,NA,NA,NA,NA,NA,NA,NA,26.75
9,9/19/2023 3:04,2698,26,26.25,26,26.125,26.25,26,26,26.25,26,25.875,26.125,NA,NA,NA,NA,NA,NA,NA,NA,NA,NA,NA,NA,NA,26.75
9,9/19/2023 3:34,2699,26,26.25,25.875,26.125,26.25,26,26,26.25,26,25.875,26.125,NA,NA,NA,NA,NA,NA,NA,NA,NA,NA,NA,NA,NA,26.75
9,9/19/2023 4:04,2700,25.875,26.25,25.875,26.125,26.125,25.875,26,26.125,25.875,25.75,26,NA,NA,NA,NA,NA,NA,NA,NA,NA,NA,NA,NA,NA,26.75
9,9/19/2023 4:34,2701,25.875,26.125,25.75,26,26.125,25.875,25.875,26.125,25.875,25.75,26,NA,NA,NA,NA,NA,NA,NA,NA,NA,NA,NA,NA,NA,26.75
9,9/19/2023 5:04,2702,25.875,26.25,25.875,26.125,26.125,25.875,26,26.125,25.875,25.75,26,NA,NA,NA,NA,NA,NA,NA,NA,NA,NA,NA,NA,NA,26.75
9,9/19/2023 5:34,2703,25.875,26.25,25.875,26.125,26.125,25.875,26,26.125,25.875,25.75,26,NA,NA,NA,NA,NA,NA,NA,NA,NA,NA,NA,NA,NA,26.625
9,9/19/2023 6:04,2704,25.875,26.25,25.875,26.125,26.125,25.875,26,26.125,26,25.875,26,NA,NA,NA,NA,NA,NA,NA,NA,NA,NA,NA,NA,NA,26.75
9,9/19/2023 6:34,2705,25.875,26.25,25.875,26.125,26.125,25.875,26,26.125,26,25.875,26,NA,NA,NA,NA,NA,NA,NA,NA,NA,NA,NA,NA,NA,26.75
9,9/19/2023 7:04,2706,25.875,26.25,25.875,26.125,26.125,25.875,26,26.125,25.875,25.875,26,NA,NA,NA,NA,NA,NA,NA,NA,NA,NA,NA,NA,NA,26.75
9,9/19/2023 7:34,2707,26,26.25,26,26.125,26.25,26,26.125,26.25,26,25.875,26.125,NA,NA,NA,NA,NA,NA,NA,NA,NA,NA,NA,NA,NA,26.75
9,9/19/2023 8:04,2708,26.25,26.5,26.125,26.375,26.375,26.375,26.25,26.375,26.25,26,26.25,NA,NA,NA,NA,NA,NA,NA,NA,NA,NA,NA,NA,NA,26.875
9,9/19/2023 8:34,2709,26.5,26.625,26.375,26.5,26.625,26.375,26.375,26.5,26.5,26.25,26.5,NA,NA,NA,NA,NA,NA,NA,NA,NA,NA,NA,NA,NA,27
9,9/19/2023 9:04,2710,26.375,26.625,26.375,26.5,26.625,26.375,26.375,26.625,26.5,26.25,26.5,NA,NA,NA,NA,NA,NA,NA,NA,NA,NA,NA,NA,NA,27
9,9/19/2023 9:34,2711,26.5,26.75,26.375,26.625,26.75,26.5,26.625,26.75,26.5,26.375,26.625,NA,NA,NA,NA,NA,NA,NA,NA,NA,NA,NA,NA,NA,27.25
9,9/19/2023 10:04,2712,26.625,26.875,26.5,26.75,26.75,26.625,26.625,26.875,26.75,26.5,26.75,NA,NA,NA,NA,NA,NA,NA,NA,NA,NA,NA,NA,NA,27.25
9,9/19/2023 10:34,2713,26.875,27,26.75,27,27,26.875,26.75,27,27,26.75,26.875,NA,NA,NA,NA,NA,NA,NA,NA,NA,NA,NA,NA,NA,27.625
9,9/19/2023 11:04,2714,26.625,26.875,26.625,26.75,26.875,26.625,26.625,26.875,26.75,26.5,26.75,NA,NA,NA,NA,NA,NA,NA,NA,NA,NA,NA,NA,NA,27.5
9,9/19/2023 11:34,2715,26.875,27.125,26.875,27,27.125,26.875,26.875,27.125,27,26.75,27,NA,NA,NA,NA,NA,NA,NA,NA,NA,NA,NA,NA,NA,27.625
9,9/19/2023 12:04,2716,27,27.375,27,27.25,27.25,27.125,27.125,27.375,27.125,27,27.125,NA,NA,NA,NA,NA,NA,NA,NA,NA,NA,NA,NA,NA,28
9,9/19/2023 12:34,2717,27.25,27.625,27.25,27.375,27.5,27.25,27.375,27.5,27.375,27.125,27.375,NA,NA,NA,NA,NA,NA,NA,NA,NA,NA,NA,NA,NA,27.75
9,9/19/2023 13:04,2718,27.375,27.625,27.375,27.5,27.625,27.375,27.375,27.625,27.5,27.25,27.5,NA,NA,NA,NA,NA,NA,NA,NA,NA,NA,NA,NA,NA,27.875
9,9/19/2023 13:34,2719,27.25,27.625,27.25,27.375,27.625,27.375,27.375,27.5,27.375,27.25,27.375,NA,NA,NA,NA,NA,NA,NA,NA,NA,NA,NA,NA,NA,28.25
9,9/19/2023 14:04,2720,27.375,27.75,27.375,27.5,27.625,27.5,27.5,27.625,27.375,27.25,27.5,NA,NA,NA,NA,NA,NA,NA,NA,NA,NA,NA,NA,NA,28.25
9,9/19/2023 14:34,2721,27.125,27.5,27.125,27.25,27.375,27.125,27.25,27.5,27.25,27,27.25,NA,NA,NA,NA,NA,NA,NA,NA,NA,NA,NA,NA,NA,27.75
9,9/19/2023 15:04,2722,27.125,27.5,27.125,27.25,27.375,27.375,27.25,27.5,27.125,27,27.25,NA,NA,NA,NA,NA,NA,NA,NA,NA,NA,NA,NA,NA,27.625
9,9/19/2023 15:34,2723,26.875,27.25,27,27,27.125,27,27,27.125,27,26.875,27,NA,NA,NA,NA,NA,NA,NA,NA,NA,NA,NA,NA,NA,27.5
9,9/19/2023 16:04,2724,27,27.375,27,27.125,27.25,27.125,27.125,27.25,27,26.875,27.125,NA,NA,NA,NA,NA,NA,NA,NA,NA,NA,NA,NA,NA,27.5
9,9/19/2023 16:34,2725,26.875,27.25,26.875,27,27.125,26.875,27,27.125,26.875,26.75,27,NA,NA,NA,NA,NA,NA,NA,NA,NA,NA,NA,NA,NA,27.375
9,9/19/2023 17:04,2726,26.75,27.125,26.75,27,27,26.875,26.875,27,26.875,26.75,26.875,NA,NA,NA,NA,NA,NA,NA,NA,NA,NA,NA,NA,NA,27.375
9,9/19/2023 17:34,2727,26.75,27.125,26.75,27,27,26.75,26.875,27,26.875,26.625,26.875,NA,NA,NA,NA,NA,NA,NA,NA,NA,NA,NA,NA,NA,27.25
9,9/19/2023 18:04,2728,26.625,27,26.625,26.875,26.875,26.625,26.75,26.875,26.75,26.5,26.75,NA,NA,NA,NA,NA,NA,NA,NA,NA,NA,NA,NA,NA,27.125
9,9/19/2023 18:34,2729,26.5,26.75,26.5,26.625,26.75,26.5,26.5,26.75,26.625,26.375,26.625,NA,NA,NA,NA,NA,NA,NA,NA,NA,NA,NA,NA,NA,27.125
9,9/19/2023 19:04,2730,26.375,26.75,26.375,26.625,26.625,26.375,26.5,26.625,26.5,26.25,26.5,NA,NA,NA,NA,NA,NA,NA,NA,NA,NA,NA,NA,NA,27
9,9/19/2023 19:34,2731,26.375,26.625,26.375,26.5,26.625,26.375,26.375,26.5,26.375,26.25,26.375,NA,NA,NA,NA,NA,NA,NA,NA,NA,NA,NA,NA,NA,27
9,9/19/2023 20:04,2732,26.25,26.5,26.25,26.5,26.5,26.25,26.375,26.5,26.375,26.125,26.375,NA,NA,NA,NA,NA,NA,NA,NA,NA,NA,NA,NA,NA,27
9,9/19/2023 20:34,2733,26.25,26.5,26.125,26.375,26.5,26.25,26.25,26.375,26.25,26.125,26.25,NA,NA,NA,NA,NA,NA,NA,NA,NA,NA,NA,NA,NA,27
9,9/19/2023 21:04,2734,26.125,26.5,26.125,26.375,26.5,26.125,26.25,26.375,26.25,26.125,26.25,NA,NA,NA,NA,NA,NA,NA,NA,NA,NA,NA,NA,NA,26.875
9,9/19/2023 21:34,2735,26.125,26.375,26.125,26.25,26.375,26.125,26.125,26.25,26.125,26,26.25,NA,NA,NA,NA,NA,NA,NA,NA,NA,NA,NA,NA,NA,26.75
9,9/19/2023 22:04,2736,26.125,26.375,26.125,26.25,26.375,26.125,26.25,26.375,26.25,26,26.25,NA,NA,NA,NA,NA,NA,NA,NA,NA,NA,NA,NA,NA,26.875
9,9/19/2023 22:34,2737,26.125,26.375,26,26.25,26.375,26,26.125,26.25,26.125,26,26.125,NA,NA,NA,NA,NA,NA,NA,NA,NA,NA,NA,NA,NA,26.875
9,9/19/2023 23:04,2738,26,26.375,26,26.25,26.25,26,26.125,26.25,26.125,25.875,26.125,NA,NA,NA,NA,NA,NA,NA,NA,NA,NA,NA,NA,NA,26.875
9,9/19/2023 23:34,2739,26,26.25,26,26.125,26.25,26,26,26.125,26,25.875,26.125,NA,NA,NA,NA,NA,NA,NA,NA,NA,NA,NA,NA,NA,26.875
9,9/20/2023 0:04,2740,26,26.25,25.875,26.125,26.25,26,26,26.125,26,25.875,26.125,NA,NA,NA,NA,NA,NA,NA,NA,NA,NA,NA,NA,NA,26.75
9,9/20/2023 0:34,2741,26,26.25,25.875,26.125,26.25,26,26,26.125,26,25.875,26,NA,NA,NA,NA,NA,NA,NA,NA,NA,NA,NA,NA,NA,26.75
9,9/20/2023 1:04,2742,26,26.25,25.875,26.125,26.25,26,26,26.125,26,25.875,26.125,NA,NA,NA,NA,NA,NA,NA,NA,NA,NA,NA,NA,NA,26.875
9,9/20/2023 1:34,2743,26,26.375,26,26.25,26.25,26,26.125,26.25,26.125,26,26.125,NA,NA,NA,NA,NA,NA,NA,NA,NA,NA,NA,NA,NA,26.875
9,9/20/2023 2:04,2744,26.125,26.375,26,26.25,26.375,26,26.125,26.25,26.125,26,26.125,NA,NA,NA,NA,NA,NA,NA,NA,NA,NA,NA,NA,NA,26.875
9,9/20/2023 2:34,2745,26.125,26.375,26,26.25,26.375,26.125,26.125,26.25,26.125,26,26.125,NA,NA,NA,NA,NA,NA,NA,NA,NA,NA,NA,NA,NA,26.875
9,9/20/2023 3:04,2746,26.125,26.375,26,26.25,26.375,26.125,26.125,26.25,26.125,26,26.125,NA,NA,NA,NA,NA,NA,NA,NA,NA,NA,NA,NA,NA,26.875
9,9/20/2023 3:34,2747,26,26.375,26,26.25,26.25,26,26.125,26.25,26.125,25.875,26.125,NA,NA,NA,NA,NA,NA,NA,NA,NA,NA,NA,NA,NA,26.75
9,9/20/2023 4:04,2748,25.875,26.25,25.875,26.125,26.25,25.875,26,26.125,26,25.875,26,NA,NA,NA,NA,NA,NA,NA,NA,NA,NA,NA,NA,NA,26.75
9,9/20/2023 4:34,2749,26,26.25,25.875,26.125,26.25,26,26,26.125,26,25.875,26,NA,NA,NA,NA,NA,NA,NA,NA,NA,NA,NA,NA,NA,26.75
9,9/20/2023 5:04,2750,26,26.25,26,26.125,26.25,26,26,26.125,26,25.875,26.125,NA,NA,NA,NA,NA,NA,NA,NA,NA,NA,NA,NA,NA,26.75
9,9/20/2023 5:34,2751,25.875,26.25,25.875,26.125,26.25,25.875,26,26.125,26,25.875,26,NA,NA,NA,NA,NA,NA,NA,NA,NA,NA,NA,NA,NA,26.75
9,9/20/2023 6:04,2752,26,26.25,25.875,26.125,26.25,26,26,26.125,26,25.875,26,NA,NA,NA,NA,NA,NA,NA,NA,NA,NA,NA,NA,NA,26.75
9,9/20/2023 6:34,2753,26,26.25,25.875,26.125,26.25,26,26,26.125,26,25.875,26,NA,NA,NA,NA,NA,NA,NA,NA,NA,NA,NA,NA,NA,26.625
9,9/20/2023 7:04,2754,26.125,26.375,26,26.25,26.375,26.125,26.125,26.25,26.125,26,26.125,NA,NA,NA,NA,NA,NA,NA,NA,NA,NA,NA,NA,NA,26.75
9,9/20/2023 7:34,2755,26.25,26.5,26.125,26.375,26.5,26.375,26.375,26.5,26.375,26.125,26.375,NA,NA,NA,NA,NA,NA,NA,NA,NA,NA,NA,NA,NA,26.875
9,9/20/2023 8:04,2756,26.375,26.625,26.25,26.5,26.625,26.375,26.5,26.5,26.375,26.125,26.375,NA,NA,NA,NA,NA,NA,NA,NA,NA,NA,NA,NA,NA,26.875
9,9/20/2023 8:34,2757,26.5,26.75,26.375,26.625,26.625,26.5,26.5,26.625,26.5,26.25,26.5,NA,NA,NA,NA,NA,NA,NA,NA,NA,NA,NA,NA,NA,26.875
9,9/20/2023 9:04,2758,26.625,26.875,26.5,26.625,26.75,26.5,26.625,26.75,26.625,26.375,26.625,NA,NA,NA,NA,NA,NA,NA,NA,NA,NA,NA,NA,NA,27
9,9/20/2023 9:34,2759,26.625,26.875,26.5,26.625,26.75,26.625,26.75,26.75,26.75,26.375,26.625,NA,NA,NA,NA,NA,NA,NA,NA,NA,NA,NA,NA,NA,27.125
9,9/20/2023 10:04,2760,26.625,26.875,26.625,26.75,26.875,26.625,26.75,26.875,26.75,26.5,26.625,NA,NA,NA,NA,NA,NA,NA,NA,NA,NA,NA,NA,NA,27.125
9,9/20/2023 10:34,2761,26.875,27.125,26.75,27,27,26.75,26.75,26.875,26.875,26.625,26.75,NA,NA,NA,NA,NA,NA,NA,NA,NA,NA,NA,NA,NA,27.375
9,9/20/2023 11:04,2762,26.75,27,26.625,26.875,27,26.75,26.875,26.875,26.75,26.625,26.75,NA,NA,NA,NA,NA,NA,NA,NA,NA,NA,NA,NA,NA,27.375
9,9/20/2023 11:34,2763,27,27.375,27,27.125,27.25,27,27.125,27.25,27.125,26.875,27.125,NA,NA,NA,NA,NA,NA,NA,NA,NA,NA,NA,NA,NA,27.5
9,9/20/2023 12:04,2764,27,27.25,27,27.125,27.25,27,27.125,27.25,27.125,26.875,27.125,NA,NA,NA,NA,NA,NA,NA,NA,NA,NA,NA,NA,NA,27.375
9,9/20/2023 12:34,2765,27.25,27.5,27.25,27.375,27.375,27.25,27.375,27.5,27.25,27.125,27.25,NA,NA,NA,NA,NA,NA,NA,NA,NA,NA,NA,NA,NA,27.625
9,9/20/2023 13:04,2766,27.25,27.5,27.125,27.25,27.375,27.25,27.25,27.375,27.25,27.125,27.25,NA,NA,NA,NA,NA,NA,NA,NA,NA,NA,NA,NA,NA,27.5
9,9/20/2023 13:34,2767,27.25,27.5,27.25,27.375,27.375,27.25,27.375,27.375,27.25,27.125,27.25,NA,NA,NA,NA,NA,NA,NA,NA,NA,NA,NA,NA,NA,27.625
9,9/20/2023 14:04,2768,27,27.375,27,27.25,27.25,27.125,27.125,27.25,27.125,27,27.125,NA,NA,NA,NA,NA,NA,NA,NA,NA,NA,NA,NA,NA,27.5
9,9/20/2023 14:34,2769,27,27.375,27,27.125,27.25,27,27.125,27.25,27,26.875,27,NA,NA,NA,NA,NA,NA,NA,NA,NA,NA,NA,NA,NA,27.5
9,9/20/2023 15:04,2770,26.875,27.25,26.875,27,27.125,27,27.125,27.25,27,26.875,27,NA,NA,NA,NA,NA,NA,NA,NA,NA,NA,NA,NA,NA,27.5
9,9/20/2023 15:34,2771,26.875,27.25,26.875,27.125,27.125,27,27,27.125,27,26.875,27,NA,NA,NA,NA,NA,NA,NA,NA,NA,NA,NA,NA,NA,27.375
9,9/20/2023 16:04,2772,26.875,27.25,26.875,27,27.125,26.875,27,27.125,27,26.875,26.875,NA,NA,NA,NA,NA,NA,NA,NA,NA,NA,NA,NA,NA,27.25
9,9/20/2023 16:34,2773,26.875,27.125,26.875,27,27.125,26.875,27,27,26.875,26.75,26.875,NA,NA,NA,NA,NA,NA,NA,NA,NA,NA,NA,NA,NA,27.125
9,9/20/2023 17:04,2774,26.75,27,26.75,27,27,26.75,26.875,27,26.75,26.75,26.75,NA,NA,NA,NA,NA,NA,NA,NA,NA,NA,NA,NA,NA,27.125
9,9/20/2023 17:34,2775,26.625,27,26.625,26.875,26.875,26.75,26.75,26.875,26.75,26.625,26.75,NA,NA,NA,NA,NA,NA,NA,NA,NA,NA,NA,NA,NA,27
9,9/20/2023 18:04,2776,26.5,26.75,26.5,26.625,26.75,26.5,26.5,26.625,26.625,26.375,26.5,NA,NA,NA,NA,NA,NA,NA,NA,NA,NA,NA,NA,NA,26.875
9,9/20/2023 18:34,2777,26.375,26.75,26.375,26.625,26.625,26.375,26.5,26.625,26.5,26.375,26.5,NA,NA,NA,NA,NA,NA,NA,NA,NA,NA,NA,NA,NA,26.875
9,9/20/2023 19:04,2778,26.375,26.625,26.375,26.625,26.625,26.375,26.5,26.625,26.5,26.375,26.5,NA,NA,NA,NA,NA,NA,NA,NA,NA,NA,NA,NA,NA,26.75
9,9/20/2023 19:34,2779,26.375,26.625,26.375,26.5,26.625,26.375,26.375,26.5,26.375,26.25,26.375,NA,NA,NA,NA,NA,NA,NA,NA,NA,NA,NA,NA,NA,26.75
9,9/20/2023 20:04,2780,26.375,26.625,26.25,26.5,26.5,26.25,26.375,26.5,26.375,26.25,26.375,NA,NA,NA,NA,NA,NA,NA,NA,NA,NA,NA,NA,NA,26.75
9,9/20/2023 20:34,2781,26.375,26.625,26.25,26.5,26.5,26.25,26.375,26.5,26.375,26.25,26.375,NA,NA,NA,NA,NA,NA,NA,NA,NA,NA,NA,NA,NA,26.625
9,9/20/2023 21:04,2782,26.375,26.625,26.25,26.5,26.625,26.375,26.375,26.5,26.375,26.25,26.375,NA,NA,NA,NA,NA,NA,NA,NA,NA,NA,NA,NA,NA,26.625
9,9/20/2023 21:34,2783,26.25,26.5,26.25,26.5,26.5,26.25,26.375,26.5,26.375,26.25,26.375,NA,NA,NA,NA,NA,NA,NA,NA,NA,NA,NA,NA,NA,26.625
9,9/20/2023 22:04,2784,26.25,26.5,26.125,26.375,26.5,26.25,26.25,26.375,26.25,26.125,26.25,NA,NA,NA,NA,NA,NA,NA,NA,NA,NA,NA,NA,NA,26.625
9,9/20/2023 22:34,2785,26.125,26.5,26.125,26.375,26.375,26.125,26.25,26.375,26.25,26.125,26.25,NA,NA,NA,NA,NA,NA,NA,NA,NA,NA,NA,NA,NA,26.625
9,9/20/2023 23:04,2786,26.125,26.375,26.125,26.25,26.375,26.125,26.125,26.25,26.125,26,26.125,NA,NA,NA,NA,NA,NA,NA,NA,NA,NA,NA,NA,NA,26.625
9,9/20/2023 23:34,2787,26.125,26.375,26.125,26.25,26.375,26.125,26.125,26.25,26.125,26,26.125,NA,NA,NA,NA,NA,NA,NA,NA,NA,NA,NA,NA,NA,26.625
9,9/21/2023 0:04,2788,26.125,26.375,26.125,26.25,26.375,26.125,26.125,26.25,26.125,26,26.25,NA,NA,NA,NA,NA,NA,NA,NA,NA,NA,NA,NA,NA,26.5
9,9/21/2023 0:34,2789,26,26.375,26,26.25,26.25,26,26.125,26.25,26.125,26,26.125,NA,NA,NA,NA,NA,NA,NA,NA,NA,NA,NA,NA,NA,26.5
9,9/21/2023 1:04,2790,26.125,26.375,26,26.25,26.25,26.125,26.125,26.25,26.125,26,26.125,NA,NA,NA,NA,NA,NA,NA,NA,NA,NA,NA,NA,NA,26.5
9,9/21/2023 1:34,2791,26.125,26.375,26.125,26.25,26.375,26.125,26.125,26.25,26.125,26,26.125,NA,NA,NA,NA,NA,NA,NA,NA,NA,NA,NA,NA,NA,26.5
9,9/21/2023 2:04,2792,26.125,26.375,26.125,26.25,26.375,26.125,26.125,26.25,26.125,26,26.125,NA,NA,NA,NA,NA,NA,NA,NA,NA,NA,NA,NA,NA,26.5
9,9/21/2023 2:34,2793,26,26.375,26,26.25,26.25,26,26.125,26.25,26.125,26,26.125,NA,NA,NA,NA,NA,NA,NA,NA,NA,NA,NA,NA,NA,26.5
9,9/21/2023 3:04,2794,26,26.25,26,26.125,26.25,26,26,26.25,26,25.875,26.125,NA,NA,NA,NA,NA,NA,NA,NA,NA,NA,NA,NA,NA,26.5
9,9/21/2023 3:34,2795,26,26.25,25.875,26.125,26.125,25.875,26,26.125,26,25.875,26,NA,NA,NA,NA,NA,NA,NA,NA,NA,NA,NA,NA,NA,26.375
9,9/21/2023 4:04,2796,26,26.25,26,26.125,26.25,26,26,26.125,26,25.875,26.125,NA,NA,NA,NA,NA,NA,NA,NA,NA,NA,NA,NA,NA,26.375
9,9/21/2023 4:34,2797,25.875,26.25,25.875,26.125,26.125,25.875,26,26.125,26,25.875,26,NA,NA,NA,NA,NA,NA,NA,NA,NA,NA,NA,NA,NA,26.5
9,9/21/2023 5:04,2798,26,26.25,25.875,26.125,26.25,26,26,26.125,26,25.875,26,NA,NA,NA,NA,NA,NA,NA,NA,NA,NA,NA,NA,NA,26.5
9,9/21/2023 5:34,2799,25.875,26.125,25.875,26.125,26.125,25.875,26,26.125,26,25.875,26,NA,NA,NA,NA,NA,NA,NA,NA,NA,NA,NA,NA,NA,26.375
9,9/21/2023 6:04,2800,25.875,26.125,25.875,26,26.125,25.875,25.875,26,25.875,25.75,26,NA,NA,NA,NA,NA,NA,NA,NA,NA,NA,NA,NA,NA,26.375
9,9/21/2023 6:34,2801,25.875,26.125,25.75,26,26.125,25.875,25.875,26,25.875,25.75,26,NA,NA,NA,NA,NA,NA,NA,NA,NA,NA,NA,NA,NA,26.375
9,9/21/2023 7:04,2802,25.875,26.125,25.875,26.125,26.125,25.875,26,26.125,25.875,25.75,26,NA,NA,NA,NA,NA,NA,NA,NA,NA,NA,NA,NA,NA,26.375
9,9/21/2023 7:34,2803,25.875,26.25,25.875,26.125,26.125,25.875,26,26.125,26,25.875,26,NA,NA,NA,NA,NA,NA,NA,NA,NA,NA,NA,NA,NA,26.5
9,9/21/2023 8:04,2804,26.25,26.5,26.125,26.375,26.375,26.25,26.25,26.375,26.25,26.125,26.25,NA,NA,NA,NA,NA,NA,NA,NA,NA,NA,NA,NA,NA,26.625
9,9/21/2023 8:34,2805,26.5,26.625,26.25,26.5,26.625,26.375,26.375,26.5,26.375,26.25,26.375,NA,NA,NA,NA,NA,NA,NA,NA,NA,NA,NA,NA,NA,26.75
9,9/21/2023 9:04,2806,26.5,26.625,26.375,26.5,26.625,26.375,26.5,26.625,26.5,26.25,26.375,NA,NA,NA,NA,NA,NA,NA,NA,NA,NA,NA,NA,NA,26.875
9,9/21/2023 9:34,2807,26.625,26.875,26.5,26.75,26.75,26.625,26.625,26.75,26.75,26.5,26.625,NA,NA,NA,NA,NA,NA,NA,NA,NA,NA,NA,NA,NA,27
9,9/21/2023 10:04,2808,26.875,27.125,26.75,27,27,26.75,26.875,27,26.875,26.75,26.75,NA,NA,NA,NA,NA,NA,NA,NA,NA,NA,NA,NA,NA,27.125
9,9/21/2023 10:34,2809,26.875,27.125,26.75,27,27,26.75,26.875,27,26.875,26.75,26.875,NA,NA,NA,NA,NA,NA,NA,NA,NA,NA,NA,NA,NA,27.5
9,9/21/2023 11:04,2810,26.75,27,26.625,26.875,26.875,26.75,26.875,27,26.75,26.625,26.75,NA,NA,NA,NA,NA,NA,NA,NA,NA,NA,NA,NA,NA,27.5
9,9/21/2023 11:34,2811,27,27.375,27,27,27.125,27,27.125,27.25,27.125,26.875,27,NA,NA,NA,NA,NA,NA,NA,NA,NA,NA,NA,NA,NA,27.875
9,9/21/2023 12:04,2812,27,27.375,27,27.125,27.125,27,27.125,27.25,27.125,26.875,27.125,NA,NA,NA,NA,NA,NA,NA,NA,NA,NA,NA,NA,NA,27.75
9,9/21/2023 12:34,2813,27.375,27.75,27.375,27.5,27.5,27.5,27.5,27.5,27.5,27.25,27.375,NA,NA,NA,NA,NA,NA,NA,NA,NA,NA,NA,NA,NA,28.25
9,9/21/2023 13:04,2814,27.25,27.5,27.25,27.375,27.375,27.25,27.375,27.375,27.25,27.125,27.25,NA,NA,NA,NA,NA,NA,NA,NA,NA,NA,NA,NA,NA,27.875
9,9/21/2023 13:34,2815,26.75,27.125,26.875,27,27,26.875,27,27.125,26.875,26.75,26.875,NA,NA,NA,NA,NA,NA,NA,NA,NA,NA,NA,NA,NA,27.125
9,9/21/2023 14:04,2816,26.875,27.25,27,27.125,27.125,27,27.125,27.25,27,26.875,27,NA,NA,NA,NA,NA,NA,NA,NA,NA,NA,NA,NA,NA,27.375
9,9/21/2023 14:34,2817,26.625,27,26.625,26.875,26.875,26.75,26.75,27,26.75,26.625,26.75,NA,NA,NA,NA,NA,NA,NA,NA,NA,NA,NA,NA,NA,27.25
9,9/21/2023 15:04,2818,26.625,27,26.625,26.75,26.75,26.625,26.75,26.875,26.75,26.5,26.75,NA,NA,NA,NA,NA,NA,NA,NA,NA,NA,NA,NA,NA,27.25
9,9/21/2023 15:34,2819,26.625,27,26.625,26.75,26.875,26.625,26.75,26.875,26.75,26.5,26.75,NA,NA,NA,NA,NA,NA,NA,NA,NA,NA,NA,NA,NA,27.25
9,9/21/2023 16:04,2820,26.5,26.875,26.5,26.75,26.75,26.5,26.625,26.75,26.75,26.5,26.625,NA,NA,NA,NA,NA,NA,NA,NA,NA,NA,NA,NA,NA,27.25
9,9/21/2023 16:34,2821,26.5,26.875,26.5,26.625,26.75,26.5,26.625,26.75,26.625,26.375,26.625,NA,NA,NA,NA,NA,NA,NA,NA,NA,NA,NA,NA,NA,27.125
9,9/21/2023 17:04,2822,26.375,26.75,26.375,26.625,26.625,26.375,26.5,26.625,26.5,26.375,26.5,NA,NA,NA,NA,NA,NA,NA,NA,NA,NA,NA,NA,NA,27.125
9,9/21/2023 17:34,2823,26,26.375,26,26.25,26.25,26,26.125,26.25,26.125,26,26.25,NA,NA,NA,NA,NA,NA,NA,NA,NA,NA,NA,NA,NA,26.875
9,9/21/2023 18:04,2824,26,26.25,26,26.125,26.25,26,26,26.25,26,25.875,26.125,NA,NA,NA,NA,NA,NA,NA,NA,NA,NA,NA,NA,NA,27
9,9/21/2023 18:34,2825,26.125,26.375,26,26.25,26.25,26.125,26.125,26.25,26.125,26,26.125,NA,NA,NA,NA,NA,NA,NA,NA,NA,NA,NA,NA,NA,27
9,9/21/2023 19:04,2826,26.125,26.375,26.125,26.25,26.25,26.125,26.125,26.375,26.125,26,26.25,NA,NA,NA,NA,NA,NA,NA,NA,NA,NA,NA,NA,NA,27
9,9/21/2023 19:34,2827,26.25,26.375,26.125,26.375,26.375,26.125,26.25,26.375,26.25,26.125,26.25,NA,NA,NA,NA,NA,NA,NA,NA,NA,NA,NA,NA,NA,27
9,9/21/2023 20:04,2828,26.25,26.375,26.125,26.375,26.375,26.125,26.25,26.375,26.25,26.125,26.25,NA,NA,NA,NA,NA,NA,NA,NA,NA,NA,NA,NA,NA,27
9,9/21/2023 20:34,2829,26.125,26.375,26.125,26.375,26.375,26.125,26.25,26.375,26.25,26.125,26.25,NA,NA,NA,NA,NA,NA,NA,NA,NA,NA,NA,NA,NA,27
9,9/21/2023 21:04,2830,26.125,26.375,26.125,26.25,26.25,26.125,26.125,26.25,26.125,26,26.25,NA,NA,NA,NA,NA,NA,NA,NA,NA,NA,NA,NA,NA,26.875
9,9/21/2023 21:34,2831,26.125,26.375,26.125,26.25,26.25,26.125,26.125,26.25,26.125,26,26.125,NA,NA,NA,NA,NA,NA,NA,NA,NA,NA,NA,NA,NA,26.875
9,9/21/2023 22:04,2832,26.125,26.375,26,26.25,26.25,26.125,26.125,26.25,26.125,26,26.125,NA,NA,NA,NA,NA,NA,NA,NA,NA,NA,NA,NA,NA,26.875
9,9/21/2023 22:34,2833,26,26.375,26,26.25,26.25,26,26.125,26.25,26.125,26,26.125,NA,NA,NA,NA,NA,NA,NA,NA,NA,NA,NA,NA,NA,26.875
9,9/21/2023 23:04,2834,26,26.25,26,26.25,26.25,26,26.125,26.25,26.125,26,26.125,NA,NA,NA,NA,NA,NA,NA,NA,NA,NA,NA,NA,NA,26.75
9,9/21/2023 23:34,2835,26,26.25,26,26.125,26.125,26,26,26.125,26,25.875,26.125,NA,NA,NA,NA,NA,NA,NA,NA,NA,NA,NA,NA,NA,26.75
9,9/22/2023 0:04,2836,26,26.25,25.875,26.125,26.125,26,26,26.125,26,25.875,26,NA,NA,NA,NA,NA,NA,NA,NA,NA,NA,NA,NA,NA,26.75
9,9/22/2023 0:34,2837,25.875,26.125,25.875,26.125,26.125,25.875,26,26,26,25.875,26,NA,NA,NA,NA,NA,NA,NA,NA,NA,NA,NA,NA,NA,26.75
9,9/22/2023 1:04,2838,25.875,26.125,25.875,26,26,25.875,25.875,26,25.875,25.75,26,NA,NA,NA,NA,NA,NA,NA,NA,NA,NA,NA,NA,NA,26.625
9,9/22/2023 1:34,2839,25.875,26.125,25.875,26,26,25.875,25.875,26,25.875,25.75,25.875,NA,NA,NA,NA,NA,NA,NA,NA,NA,NA,NA,NA,NA,26.625
9,9/22/2023 2:04,2840,25.875,26.125,25.875,26.125,26.125,25.875,25.875,26,25.875,25.75,26,NA,NA,NA,NA,NA,NA,NA,NA,NA,NA,NA,NA,NA,26.625
9,9/22/2023 2:34,2841,25.875,26.125,25.875,26.125,26,25.875,25.875,26,25.875,25.75,26,NA,NA,NA,NA,NA,NA,NA,NA,NA,NA,NA,NA,NA,26.625
9,9/22/2023 3:04,2842,25.875,26.125,25.875,26,26,25.875,25.875,26,25.875,25.75,26,NA,NA,NA,NA,NA,NA,NA,NA,NA,NA,NA,NA,NA,26.625
9,9/22/2023 3:34,2843,25.875,26.125,25.75,26,26,25.875,25.875,26,25.875,25.75,25.875,NA,NA,NA,NA,NA,NA,NA,NA,NA,NA,NA,NA,NA,26.625
9,9/22/2023 4:04,2844,25.875,26.125,25.75,26,26,25.875,25.875,26,25.875,25.75,25.875,NA,NA,NA,NA,NA,NA,NA,NA,NA,NA,NA,NA,NA,26.625
9,9/22/2023 4:34,2845,25.75,26,25.75,26,26,25.875,25.75,26,25.875,25.625,25.875,NA,NA,NA,NA,NA,NA,NA,NA,NA,NA,NA,NA,NA,26.625
9,9/22/2023 5:04,2846,25.75,26,25.625,25.875,25.875,25.75,25.75,25.875,25.75,25.625,25.75,NA,NA,NA,NA,NA,NA,NA,NA,NA,NA,NA,NA,NA,26.625
9,9/22/2023 5:34,2847,25.625,26,25.625,25.875,25.875,25.75,25.75,25.875,25.75,25.5,25.75,NA,NA,NA,NA,NA,NA,NA,NA,NA,NA,NA,NA,NA,26.625
9,9/22/2023 6:04,2848,25.375,25.75,25.375,25.625,25.625,25.5,25.5,25.625,25.5,25.375,25.5,NA,NA,NA,NA,NA,NA,NA,NA,NA,NA,NA,NA,NA,26.5
9,9/22/2023 6:34,2849,25.375,25.75,25.375,25.625,25.625,25.5,25.5,25.625,25.5,25.375,25.5,NA,NA,NA,NA,NA,NA,NA,NA,NA,NA,NA,NA,NA,26.5
9,9/22/2023 7:04,2850,25.5,25.75,25.375,25.625,25.625,25.5,25.5,25.75,25.5,25.375,25.625,NA,NA,NA,NA,NA,NA,NA,NA,NA,NA,NA,NA,NA,26.5
9,9/22/2023 7:34,2851,25.625,26,25.625,25.75,25.75,25.75,25.75,25.875,25.625,25.5,25.75,NA,NA,NA,NA,NA,NA,NA,NA,NA,NA,NA,NA,NA,26.625
9,9/22/2023 8:04,2852,25.875,26.125,25.875,26,26.125,26,26,26.125,26,25.75,26,NA,NA,NA,NA,NA,NA,NA,NA,NA,NA,NA,NA,NA,26.625
9,9/22/2023 8:34,2853,26.25,26.375,26.125,26.375,26.375,26.25,26.125,26.25,26.25,26,26.25,NA,NA,NA,NA,NA,NA,NA,NA,NA,NA,NA,NA,NA,26.625
9,9/22/2023 9:04,2854,26.25,26.5,26.125,26.375,26.375,26.25,26.25,26.375,26.25,26.125,26.25,NA,NA,NA,NA,NA,NA,NA,NA,NA,NA,NA,NA,NA,26.75
9,9/22/2023 9:34,2855,26.375,26.5,26.25,26.375,26.375,26.25,26.375,26.375,26.375,26.125,26.25,NA,NA,NA,NA,NA,NA,NA,NA,NA,NA,NA,NA,NA,26.75
9,9/22/2023 10:04,2856,26.375,26.625,26.25,26.5,26.5,26.375,26.375,26.625,26.5,26.25,26.375,NA,NA,NA,NA,NA,NA,NA,NA,NA,NA,NA,NA,NA,26.75
9,9/22/2023 10:34,2857,26.625,26.875,26.5,26.75,26.75,26.5,26.5,26.75,26.75,26.375,26.5,NA,NA,NA,NA,NA,NA,NA,NA,NA,NA,NA,NA,NA,27
9,9/22/2023 11:04,2858,26.625,26.75,26.5,26.625,26.625,26.5,26.5,26.625,26.625,26.375,26.5,NA,NA,NA,NA,NA,NA,NA,NA,NA,NA,NA,NA,NA,26.875
9,9/22/2023 11:34,2859,26.625,26.875,26.5,26.75,26.75,26.625,26.625,26.75,26.75,26.5,26.625,NA,NA,NA,NA,NA,NA,NA,NA,NA,NA,NA,NA,NA,27
9,9/22/2023 12:04,2860,26.625,27,26.625,26.75,26.75,26.75,26.75,26.875,26.75,26.5,26.75,NA,NA,NA,NA,NA,NA,NA,NA,NA,NA,NA,NA,NA,27.125
9,9/22/2023 12:34,2861,26.625,27,26.625,26.75,26.875,26.875,26.75,26.875,26.75,26.5,26.75,NA,NA,NA,NA,NA,NA,NA,NA,NA,NA,NA,NA,NA,27.125
9,9/22/2023 13:04,2862,26.75,27.125,26.75,26.875,26.875,26.875,26.75,26.875,26.75,26.625,26.75,NA,NA,NA,NA,NA,NA,NA,NA,NA,NA,NA,NA,NA,27.125
9,9/22/2023 13:34,2863,26.625,27,26.625,26.75,26.875,26.875,26.75,26.875,26.75,26.625,26.75,NA,NA,NA,NA,NA,NA,NA,NA,NA,NA,NA,NA,NA,27.25
9,9/22/2023 14:04,2864,26.625,27,26.625,26.875,26.875,26.75,26.75,26.875,26.75,26.625,26.75,NA,NA,NA,NA,NA,NA,NA,NA,NA,NA,NA,NA,NA,27
9,9/22/2023 14:34,2865,26.625,26.875,26.5,26.75,26.75,26.625,26.625,26.75,26.75,26.5,26.625,NA,NA,NA,NA,NA,NA,NA,NA,NA,NA,NA,NA,NA,26.875
9,9/22/2023 15:04,2866,26.5,26.75,26.375,26.625,26.625,26.5,26.5,26.625,26.5,26.375,26.5,NA,NA,NA,NA,NA,NA,NA,NA,NA,NA,NA,NA,NA,26.875
9,9/22/2023 15:34,2867,26.375,26.75,26.5,26.625,26.625,26.5,26.5,26.625,26.5,26.375,26.5,NA,NA,NA,NA,NA,NA,NA,NA,NA,NA,NA,NA,NA,26.875
9,9/22/2023 16:04,2868,26.5,26.75,26.5,26.625,26.625,26.5,26.625,26.625,26.5,26.375,26.5,NA,NA,NA,NA,NA,NA,NA,NA,NA,NA,NA,NA,NA,27
9,9/22/2023 16:34,2869,26.375,26.75,26.375,26.625,26.625,26.5,26.5,26.625,26.5,26.375,26.5,NA,NA,NA,NA,NA,NA,NA,NA,NA,NA,NA,NA,NA,27
9,9/22/2023 17:04,2870,26.375,26.625,26.375,26.5,26.5,26.5,26.375,26.5,26.375,26.25,26.5,NA,NA,NA,NA,NA,NA,NA,NA,NA,NA,NA,NA,NA,26.875
9,9/22/2023 17:34,2871,26.375,26.625,26.375,26.625,26.625,26.5,26.5,26.5,26.5,26.375,26.5,NA,NA,NA,NA,NA,NA,NA,NA,NA,NA,NA,NA,NA,26.875
9,9/22/2023 18:04,2872,26.25,26.5,26.25,26.5,26.5,26.375,26.375,26.5,26.375,26.25,26.375,NA,NA,NA,NA,NA,NA,NA,NA,NA,NA,NA,NA,NA,26.875
9,9/22/2023 18:34,2873,26.125,26.5,26.125,26.375,26.375,26.25,26.25,26.375,26.25,26.125,26.25,NA,NA,NA,NA,NA,NA,NA,NA,NA,NA,NA,NA,NA,26.875
9,9/22/2023 19:04,2874,26.125,26.375,26,26.25,26.25,26.125,26.125,26.25,26.125,26,26.125,NA,NA,NA,NA,NA,NA,NA,NA,NA,NA,NA,NA,NA,26.75
9,9/22/2023 19:34,2875,26,26.25,25.875,26.125,26.125,26,26,26.125,26,25.875,26,NA,NA,NA,NA,NA,NA,NA,NA,NA,NA,NA,NA,NA,26.75
9,9/22/2023 20:04,2876,25.875,26.125,25.75,26,26,25.875,25.875,26,25.875,25.75,25.875,NA,NA,NA,NA,NA,NA,NA,NA,NA,NA,NA,NA,NA,26.75
9,9/22/2023 20:34,2877,25.75,26,25.625,25.875,25.875,25.75,25.75,25.875,25.875,25.625,25.875,NA,NA,NA,NA,NA,NA,NA,NA,NA,NA,NA,NA,NA,26.75
9,9/22/2023 21:04,2878,25.75,26,25.625,25.875,25.875,25.75,25.75,25.875,25.75,25.625,25.75,NA,NA,NA,NA,NA,NA,NA,NA,NA,NA,NA,NA,NA,26.75
9,9/22/2023 21:34,2879,25.75,26,25.625,25.875,25.875,25.75,25.75,25.875,25.75,25.625,25.75,NA,NA,NA,NA,NA,NA,NA,NA,NA,NA,NA,NA,NA,26.75
9,9/22/2023 22:04,2880,25.625,26,25.625,25.875,25.875,25.75,25.75,25.875,25.75,25.625,25.75,NA,NA,NA,NA,NA,NA,NA,NA,NA,NA,NA,NA,NA,26.75
9,9/22/2023 22:34,2881,25.5,25.875,25.5,25.75,25.75,25.625,25.625,25.75,25.625,25.5,25.625,NA,NA,NA,NA,NA,NA,NA,NA,NA,NA,NA,NA,NA,26.625
9,9/22/2023 23:04,2882,25.625,25.875,25.5,25.75,25.75,25.625,25.625,25.75,25.625,25.5,25.625,NA,NA,NA,NA,NA,NA,NA,NA,NA,NA,NA,NA,NA,26.625
9,9/22/2023 23:34,2883,25.625,25.875,25.5,25.75,25.75,25.625,25.625,25.75,25.625,25.5,25.75,NA,NA,NA,NA,NA,NA,NA,NA,NA,NA,NA,NA,NA,26.625
9,9/23/2023 0:04,2884,25.625,26,25.625,25.75,25.75,25.625,25.625,25.75,25.75,25.5,25.75,NA,NA,NA,NA,NA,NA,NA,NA,NA,NA,NA,NA,NA,26.625
9,9/23/2023 0:34,2885,25.625,26,25.625,25.875,25.875,25.75,25.75,25.75,25.75,25.5,25.75,NA,NA,NA,NA,NA,NA,NA,NA,NA,NA,NA,NA,NA,26.625
9,9/23/2023 1:04,2886,25.625,26,25.625,25.875,25.875,25.75,25.75,25.875,25.75,25.625,25.75,NA,NA,NA,NA,NA,NA,NA,NA,NA,NA,NA,NA,NA,26.625
9,9/23/2023 1:34,2887,25.5,25.875,25.5,25.75,25.75,25.625,25.625,25.75,25.625,25.5,25.625,NA,NA,NA,NA,NA,NA,NA,NA,NA,NA,NA,NA,NA,26.625
9,9/23/2023 2:04,2888,25.5,25.875,25.5,25.75,25.75,25.625,25.625,25.75,25.625,25.5,25.625,NA,NA,NA,NA,NA,NA,NA,NA,NA,NA,NA,NA,NA,26.625
9,9/23/2023 2:34,2889,25.625,25.875,25.5,25.75,25.75,25.625,25.625,25.75,25.625,25.5,25.625,NA,NA,NA,NA,NA,NA,NA,NA,NA,NA,NA,NA,NA,26.625
9,9/23/2023 3:04,2890,25.625,26,25.5,25.75,25.75,25.625,25.625,25.75,25.625,25.5,25.75,NA,NA,NA,NA,NA,NA,NA,NA,NA,NA,NA,NA,NA,26.625
9,9/23/2023 3:34,2891,25.625,26,25.625,25.875,25.75,25.625,25.625,25.75,25.625,25.5,25.75,NA,NA,NA,NA,NA,NA,NA,NA,NA,NA,NA,NA,NA,26.625
9,9/23/2023 4:04,2892,25.625,26,25.5,25.75,25.75,25.625,25.625,25.75,25.625,25.5,25.75,NA,NA,NA,NA,NA,NA,NA,NA,NA,NA,NA,NA,NA,26.625
9,9/23/2023 4:34,2893,25.625,26,25.5,25.75,25.75,25.625,25.625,25.75,25.625,25.5,25.75,NA,NA,NA,NA,NA,NA,NA,NA,NA,NA,NA,NA,NA,26.5
9,9/23/2023 5:04,2894,25.625,26,25.625,25.875,25.875,25.625,25.625,25.75,25.75,25.5,25.75,NA,NA,NA,NA,NA,NA,NA,NA,NA,NA,NA,NA,NA,26.5
9,9/23/2023 5:34,2895,25.625,26,25.625,25.875,25.875,25.75,25.75,25.875,25.75,25.625,25.75,NA,NA,NA,NA,NA,NA,NA,NA,NA,NA,NA,NA,NA,26.5
9,9/23/2023 6:04,2896,25.625,26,25.625,25.75,25.75,25.625,25.625,25.75,25.625,25.5,25.75,NA,NA,NA,NA,NA,NA,NA,NA,NA,NA,NA,NA,NA,26.5
9,9/23/2023 6:34,2897,25.625,26,25.625,25.875,25.875,25.75,25.75,25.875,25.75,25.625,25.75,NA,NA,NA,NA,NA,NA,NA,NA,NA,NA,NA,NA,NA,26.5
9,9/23/2023 7:04,2898,25.75,26,25.625,25.875,25.875,25.75,25.75,25.875,25.875,25.625,25.75,NA,NA,NA,NA,NA,NA,NA,NA,NA,NA,NA,NA,NA,26.5
9,9/23/2023 7:34,2899,25.875,26.25,25.875,26,26.125,26,26,26.125,26,25.75,26,NA,NA,NA,NA,NA,NA,NA,NA,NA,NA,NA,NA,NA,26.5
9,9/23/2023 8:04,2900,26.25,26.5,26.125,26.25,26.375,26.375,26.375,26.375,26.25,26,26.25,NA,NA,NA,NA,NA,NA,NA,NA,NA,NA,NA,NA,NA,26.625
9,9/23/2023 8:34,2901,26.375,26.625,26.25,26.5,26.5,26.375,26.375,26.375,26.375,26.125,26.375,NA,NA,NA,NA,NA,NA,NA,NA,NA,NA,NA,NA,NA,26.625
9,9/23/2023 9:04,2902,26.375,26.625,26.25,26.5,26.5,26.375,26.375,26.5,26.375,26.125,26.375,NA,NA,NA,NA,NA,NA,NA,NA,NA,NA,NA,NA,NA,26.625
9,9/23/2023 9:34,2903,26.375,26.625,26.25,26.5,26.5,26.375,26.375,26.5,26.375,26.25,26.375,NA,NA,NA,NA,NA,NA,NA,NA,NA,NA,NA,NA,NA,26.75
9,9/23/2023 10:04,2904,26.5,26.75,26.5,26.625,26.625,26.625,26.625,26.75,26.625,26.375,26.5,NA,NA,NA,NA,NA,NA,NA,NA,NA,NA,NA,NA,NA,26.75
9,9/23/2023 10:34,2905,26.625,26.875,26.5,26.625,26.625,26.5,26.5,26.625,26.75,26.375,26.5,NA,NA,NA,NA,NA,NA,NA,NA,NA,NA,NA,NA,NA,26.75
9,9/23/2023 11:04,2906,26.5,26.875,26.375,26.625,26.625,26.625,26.625,26.75,26.625,26.375,26.5,NA,NA,NA,NA,NA,NA,NA,NA,NA,NA,NA,NA,NA,26.875
9,9/23/2023 11:34,2907,26.75,27.125,26.75,26.75,26.875,26.875,26.875,27,26.875,26.625,26.75,NA,NA,NA,NA,NA,NA,NA,NA,NA,NA,NA,NA,NA,27.125
9,9/23/2023 12:04,2908,27,27.375,27,27.125,27.125,27.125,27.125,27.25,27.125,26.875,27,NA,NA,NA,NA,NA,NA,NA,NA,NA,NA,NA,NA,NA,27.125
9,9/23/2023 12:34,2909,27.25,27.625,27.25,27.25,27.375,27.375,27.375,27.375,27.375,27.125,27.25,NA,NA,NA,NA,NA,NA,NA,NA,NA,NA,NA,NA,NA,27.25
9,9/23/2023 13:04,2910,27.375,27.75,27.375,27.5,27.5,27.5,27.5,27.625,27.5,27.25,27.375,NA,NA,NA,NA,NA,NA,NA,NA,NA,NA,NA,NA,NA,27.25
9,9/23/2023 13:34,2911,27.5,27.875,27.5,27.5,27.625,27.625,27.625,27.625,27.5,27.375,27.375,NA,NA,NA,NA,NA,NA,NA,NA,NA,NA,NA,NA,NA,27.375
9,9/23/2023 14:04,2912,27.625,28,27.625,27.625,27.75,27.625,27.75,27.875,27.625,27.5,27.5,NA,NA,NA,NA,NA,NA,NA,NA,NA,NA,NA,NA,NA,27.25
9,9/23/2023 14:34,2913,27.25,27.625,27.25,27.375,27.5,27.375,27.375,27.5,27.25,27.25,27.25,NA,NA,NA,NA,NA,NA,NA,NA,NA,NA,NA,NA,NA,27.125
9,9/23/2023 15:04,2914,27,27.375,27,27.25,27.25,27.125,27.125,27.25,27.125,27,27,NA,NA,NA,NA,NA,NA,NA,NA,NA,NA,NA,NA,NA,27.125
9,9/23/2023 15:34,2915,26.875,27.125,26.875,27,27,26.875,26.875,27,26.875,26.75,26.875,NA,NA,NA,NA,NA,NA,NA,NA,NA,NA,NA,NA,NA,27.125
9,9/23/2023 16:04,2916,26.875,27.125,26.875,27.125,27,27,27,27.125,26.875,26.875,26.875,NA,NA,NA,NA,NA,NA,NA,NA,NA,NA,NA,NA,NA,27.125
9,9/23/2023 16:34,2917,26.75,27.125,26.875,27,27,26.875,26.875,27,26.75,26.875,26.875,NA,NA,NA,NA,NA,NA,NA,NA,NA,NA,NA,NA,NA,27.125
9,9/23/2023 17:04,2918,26.625,26.875,26.625,26.875,26.875,26.75,26.75,26.875,26.75,26.625,26.75,NA,NA,NA,NA,NA,NA,NA,NA,NA,NA,NA,NA,NA,27.125
9,9/23/2023 17:34,2919,26.5,26.75,26.5,26.625,26.625,26.625,26.5,26.625,26.5,26.375,26.5,NA,NA,NA,NA,NA,NA,NA,NA,NA,NA,NA,NA,NA,27
9,9/23/2023 18:04,2920,26.375,26.625,26.375,26.625,26.5,26.375,26.375,26.5,26.375,26.25,26.375,NA,NA,NA,NA,NA,NA,NA,NA,NA,NA,NA,NA,NA,26.875
9,9/23/2023 18:34,2921,26.25,26.5,26.25,26.5,26.5,26.375,26.25,26.375,26.25,26.125,26.375,NA,NA,NA,NA,NA,NA,NA,NA,NA,NA,NA,NA,NA,26.875
9,9/23/2023 19:04,2922,26.25,26.5,26.125,26.375,26.375,26.25,26.25,26.375,26.25,26.125,26.25,NA,NA,NA,NA,NA,NA,NA,NA,NA,NA,NA,NA,NA,26.875
9,9/23/2023 19:34,2923,26.125,26.375,26.125,26.375,26.375,26.125,26.125,26.25,26.125,26,26.25,NA,NA,NA,NA,NA,NA,NA,NA,NA,NA,NA,NA,NA,26.75
9,9/23/2023 20:04,2924,26.125,26.375,26,26.25,26.25,26.125,26.125,26.25,26.125,26,26.125,NA,NA,NA,NA,NA,NA,NA,NA,NA,NA,NA,NA,NA,26.75
9,9/23/2023 20:34,2925,25.875,26.125,25.875,26.125,26.125,26,26,26.125,26,25.875,26,NA,NA,NA,NA,NA,NA,NA,NA,NA,NA,NA,NA,NA,26.75
9,9/23/2023 21:04,2926,25.875,26.125,25.875,26.125,26.125,26,25.875,26.125,25.875,25.75,26,NA,NA,NA,NA,NA,NA,NA,NA,NA,NA,NA,NA,NA,26.75
9,9/23/2023 21:34,2927,25.875,26.125,25.875,26,26,25.875,25.875,26,25.875,25.75,26,NA,NA,NA,NA,NA,NA,NA,NA,NA,NA,NA,NA,NA,26.625
9,9/23/2023 22:04,2928,25.875,26.125,25.75,26,26,25.875,25.875,26,25.875,25.75,25.875,NA,NA,NA,NA,NA,NA,NA,NA,NA,NA,NA,NA,NA,26.625
9,9/23/2023 22:34,2929,25.75,26,25.75,26,26,25.875,25.75,26,25.875,25.75,25.875,NA,NA,NA,NA,NA,NA,NA,NA,NA,NA,NA,NA,NA,26.625
9,9/23/2023 23:04,2930,25.75,26,25.75,26,26,25.875,25.75,26,25.875,25.625,25.875,NA,NA,NA,NA,NA,NA,NA,NA,NA,NA,NA,NA,NA,26.625
9,9/23/2023 23:34,2931,25.875,26.125,25.75,26,26,25.875,25.875,26,25.875,25.75,25.875,NA,NA,NA,NA,NA,NA,NA,NA,NA,NA,NA,NA,NA,26.625
9,9/24/2023 0:04,2932,25.75,26,25.75,25.875,26,25.75,25.75,26,25.875,25.625,25.875,NA,NA,NA,NA,NA,NA,NA,NA,NA,NA,NA,NA,NA,26.5
9,9/24/2023 0:34,2933,25.625,26,25.625,25.875,25.875,25.75,25.75,25.875,25.75,25.625,25.75,NA,NA,NA,NA,NA,NA,NA,NA,NA,NA,NA,NA,NA,26.5
9,9/24/2023 1:04,2934,25.625,26,25.5,25.75,25.75,25.625,25.625,25.75,25.625,25.5,25.75,NA,NA,NA,NA,NA,NA,NA,NA,NA,NA,NA,NA,NA,26.375
9,9/24/2023 1:34,2935,25.625,25.875,25.5,25.75,25.75,25.625,25.625,25.75,25.625,25.5,25.625,NA,NA,NA,NA,NA,NA,NA,NA,NA,NA,NA,NA,NA,26.375
9,9/24/2023 2:04,2936,25.5,25.875,25.5,25.75,25.75,25.625,25.625,25.75,25.625,25.5,25.625,NA,NA,NA,NA,NA,NA,NA,NA,NA,NA,NA,NA,NA,26.5
9,9/24/2023 2:34,2937,25.5,25.75,25.375,25.625,25.625,25.5,25.5,25.75,25.5,25.375,25.625,NA,NA,NA,NA,NA,NA,NA,NA,NA,NA,NA,NA,NA,26.375
9,9/24/2023 3:04,2938,25.5,25.875,25.5,25.75,25.75,25.625,25.5,25.75,25.625,25.5,25.625,NA,NA,NA,NA,NA,NA,NA,NA,NA,NA,NA,NA,NA,26.375
9,9/24/2023 3:34,2939,25.625,25.875,25.5,25.75,25.75,25.625,25.625,25.75,25.625,25.5,25.625,NA,NA,NA,NA,NA,NA,NA,NA,NA,NA,NA,NA,NA,26.375
9,9/24/2023 4:04,2940,25.625,26,25.5,25.75,25.75,25.625,25.625,25.75,25.625,25.5,25.625,NA,NA,NA,NA,NA,NA,NA,NA,NA,NA,NA,NA,NA,26.375
9,9/24/2023 4:34,2941,25.625,26,25.5,25.75,25.75,25.625,25.625,25.75,25.625,25.5,25.625,NA,NA,NA,NA,NA,NA,NA,NA,NA,NA,NA,NA,NA,26.375
9,9/24/2023 5:04,2942,25.625,26,25.5,25.75,25.75,25.625,25.625,25.75,25.625,25.5,25.625,NA,NA,NA,NA,NA,NA,NA,NA,NA,NA,NA,NA,NA,26.375
9,9/24/2023 5:34,2943,25.625,25.875,25.5,25.75,25.75,25.625,25.625,25.75,25.625,25.5,25.625,NA,NA,NA,NA,NA,NA,NA,NA,NA,NA,NA,NA,NA,26.375
9,9/24/2023 6:04,2944,25.5,25.875,25.5,25.75,25.75,25.625,25.5,25.75,25.625,25.5,25.625,NA,NA,NA,NA,NA,NA,NA,NA,NA,NA,NA,NA,NA,26.25
9,9/24/2023 6:34,2945,25.5,25.75,25.375,25.625,25.625,25.5,25.5,25.625,25.625,25.375,25.5,NA,NA,NA,NA,NA,NA,NA,NA,NA,NA,NA,NA,NA,26.375
9,9/24/2023 7:04,2946,25.5,25.75,25.375,25.625,25.625,25.5,25.5,25.625,25.5,25.375,25.5,NA,NA,NA,NA,NA,NA,NA,NA,NA,NA,NA,NA,NA,26.375
9,9/24/2023 7:34,2947,25.75,26,25.625,25.75,25.875,25.875,25.875,25.875,25.875,25.5,25.75,NA,NA,NA,NA,NA,NA,NA,NA,NA,NA,NA,NA,NA,26.5
9,9/24/2023 8:04,2948,26,26.375,25.875,26,26.125,26.125,26.125,26.25,26.125,25.875,26.125,NA,NA,NA,NA,NA,NA,NA,NA,NA,NA,NA,NA,NA,26.5
9,9/24/2023 8:34,2949,26.125,26.375,26,26.125,26.25,26.125,26.125,26.25,26.125,25.875,26.125,NA,NA,NA,NA,NA,NA,NA,NA,NA,NA,NA,NA,NA,26.5
9,9/24/2023 9:04,2950,26,26.25,25.875,26.125,26.125,26,26,26.125,26.125,25.875,26.125,NA,NA,NA,NA,NA,NA,NA,NA,NA,NA,NA,NA,NA,26.5
9,9/24/2023 9:34,2951,26.125,26.375,26,26.25,26.25,26.125,26.125,26.25,26.25,26,26.125,NA,NA,NA,NA,NA,NA,NA,NA,NA,NA,NA,NA,NA,26.625
9,9/24/2023 10:04,2952,26.375,26.625,26.25,26.375,26.5,26.375,26.375,26.5,26.375,26.25,26.375,NA,NA,NA,NA,NA,NA,NA,NA,NA,NA,NA,NA,NA,26.75
9,9/24/2023 10:34,2953,26.375,26.625,26.25,26.375,26.5,26.375,26.375,26.5,26.375,26.25,26.375,NA,NA,NA,NA,NA,NA,NA,NA,NA,NA,NA,NA,NA,27.125
9,9/24/2023 11:04,2954,26.375,26.75,26.375,26.5,26.625,26.5,26.625,26.625,26.5,26.375,26.5,NA,NA,NA,NA,NA,NA,NA,NA,NA,NA,NA,NA,NA,26.875
9,9/24/2023 11:34,2955,26.625,27,26.625,26.75,26.75,26.75,26.75,26.875,26.75,26.5,26.625,NA,NA,NA,NA,NA,NA,NA,NA,NA,NA,NA,NA,NA,27
9,9/24/2023 12:04,2956,26.875,27.125,26.75,26.875,27,27,27,27,26.875,26.75,26.875,NA,NA,NA,NA,NA,NA,NA,NA,NA,NA,NA,NA,NA,27
9,9/24/2023 12:34,2957,27.125,27.5,27.125,27.25,27.25,27.375,27.25,27.375,27.25,27,27.125,NA,NA,NA,NA,NA,NA,NA,NA,NA,NA,NA,NA,NA,27.125
9,9/24/2023 13:04,2958,27.25,27.5,27.25,27.25,27.375,27.375,27.25,27.375,27.25,27.125,27.125,NA,NA,NA,NA,NA,NA,NA,NA,NA,NA,NA,NA,NA,27.125
9,9/24/2023 13:34,2959,27.375,27.625,27.25,27.375,27.5,27.375,27.375,27.5,27.375,27.25,27.25,NA,NA,NA,NA,NA,NA,NA,NA,NA,NA,NA,NA,NA,28.375
9,9/24/2023 14:04,2960,27.25,27.5,27.25,27.25,27.375,27.25,27.25,27.5,27.25,27.125,27.25,NA,NA,NA,NA,NA,NA,NA,NA,NA,NA,NA,NA,NA,27.25
9,9/24/2023 14:34,2961,26.875,27.25,26.875,27,27.125,26.875,27,27.125,27,26.75,26.875,NA,NA,NA,NA,NA,NA,NA,NA,NA,NA,NA,NA,NA,26.875
9,9/24/2023 15:04,2962,26.625,27,26.625,26.75,26.875,26.625,26.75,26.875,26.75,26.5,26.75,NA,NA,NA,NA,NA,NA,NA,NA,NA,NA,NA,NA,NA,26.875
9,9/24/2023 15:34,2963,26.5,26.75,26.375,26.625,26.625,26.5,26.5,26.625,26.5,26.375,26.5,NA,NA,NA,NA,NA,NA,NA,NA,NA,NA,NA,NA,NA,26.75
9,9/24/2023 16:04,2964,26.375,26.625,26.25,26.5,26.5,26.375,26.375,26.5,26.375,26.25,26.375,NA,NA,NA,NA,NA,NA,NA,NA,NA,NA,NA,NA,NA,26.75
9,9/24/2023 16:34,2965,26.25,26.625,26.25,26.5,26.5,26.375,26.375,26.5,26.375,26.25,26.375,NA,NA,NA,NA,NA,NA,NA,NA,NA,NA,NA,NA,NA,26.875
9,9/24/2023 17:04,2966,26.25,26.5,26.25,26.375,26.5,26.25,26.25,26.375,26.25,26.25,26.25,NA,NA,NA,NA,NA,NA,NA,NA,NA,NA,NA,NA,NA,26.75
9,9/24/2023 17:34,2967,26.25,26.5,26.125,26.375,26.375,26.25,26.25,26.375,26.25,26.125,26.25,NA,NA,NA,NA,NA,NA,NA,NA,NA,NA,NA,NA,NA,26.75
9,9/24/2023 18:04,2968,26.125,26.375,26,26.25,26.25,26.125,26.125,26.25,26.125,26,26.125,NA,NA,NA,NA,NA,NA,NA,NA,NA,NA,NA,NA,NA,26.75
9,9/24/2023 18:34,2969,26,26.25,25.875,26.125,26.125,26,26,26.125,26,25.875,26,NA,NA,NA,NA,NA,NA,NA,NA,NA,NA,NA,NA,NA,26.625
9,9/24/2023 19:04,2970,25.875,26.125,25.875,26.125,26.125,26,25.875,26.125,26,25.875,26,NA,NA,NA,NA,NA,NA,NA,NA,NA,NA,NA,NA,NA,26.625
9,9/24/2023 19:34,2971,25.875,26.125,25.75,26,26,25.875,25.875,26,26,25.75,26,NA,NA,NA,NA,NA,NA,NA,NA,NA,NA,NA,NA,NA,26.625
9,9/24/2023 20:04,2972,25.875,26.125,25.75,26,26,25.875,25.875,26,25.875,25.75,25.875,NA,NA,NA,NA,NA,NA,NA,NA,NA,NA,NA,NA,NA,26.625
9,9/24/2023 20:34,2973,25.75,26,25.75,26,26,25.875,25.75,25.875,25.875,25.625,25.875,NA,NA,NA,NA,NA,NA,NA,NA,NA,NA,NA,NA,NA,26.625
9,9/24/2023 21:04,2974,25.625,26,25.625,25.875,25.875,25.75,25.75,25.875,25.75,25.5,25.75,NA,NA,NA,NA,NA,NA,NA,NA,NA,NA,NA,NA,NA,26.5
9,9/24/2023 21:34,2975,25.625,26,25.5,25.75,25.75,25.625,25.625,25.75,25.75,25.5,25.75,NA,NA,NA,NA,NA,NA,NA,NA,NA,NA,NA,NA,NA,26.5
9,9/24/2023 22:04,2976,25.625,25.875,25.5,25.75,25.75,25.625,25.625,25.75,25.625,25.5,25.625,NA,NA,NA,NA,NA,NA,NA,NA,NA,NA,NA,NA,NA,26.5
9,9/24/2023 22:34,2977,25.5,25.875,25.375,25.625,25.625,25.5,25.5,25.75,25.625,25.375,25.625,NA,NA,NA,NA,NA,NA,NA,NA,NA,NA,NA,NA,NA,26.5
9,9/24/2023 23:04,2978,25.375,25.75,25.25,25.5,25.625,25.5,25.375,25.625,25.5,25.25,25.5,NA,NA,NA,NA,NA,NA,NA,NA,NA,NA,NA,NA,NA,26.5
9,9/24/2023 23:34,2979,25.375,25.625,25.25,25.5,25.625,25.375,25.375,25.5,25.5,25.25,25.375,NA,NA,NA,NA,NA,NA,NA,NA,NA,NA,NA,NA,NA,26.5
10,9/25/2023 0:04,2980,25.375,25.625,25.25,25.5,25.625,25.375,25.375,25.5,25.5,25.25,25.5,NA,NA,NA,NA,NA,NA,NA,NA,NA,NA,NA,NA,NA,26.375
10,9/25/2023 0:34,2981,25.375,25.75,25.375,25.625,25.625,25.5,25.375,25.625,25.5,25.25,25.5,NA,NA,NA,NA,NA,NA,NA,NA,NA,NA,NA,NA,NA,26.375
10,9/25/2023 1:04,2982,25.375,25.625,25.25,25.5,25.625,25.375,25.375,25.625,25.5,25.25,25.5,NA,NA,NA,NA,NA,NA,NA,NA,NA,NA,NA,NA,NA,26.25
10,9/25/2023 1:34,2983,25.375,25.625,25.25,25.5,25.625,25.375,25.375,25.5,25.375,25.25,25.375,NA,NA,NA,NA,NA,NA,NA,NA,NA,NA,NA,NA,NA,26.25
10,9/25/2023 2:04,2984,25.375,25.75,25.25,25.5,25.625,25.5,25.375,25.625,25.5,25.25,25.375,NA,NA,NA,NA,NA,NA,NA,NA,NA,NA,NA,NA,NA,26.25
10,9/25/2023 2:34,2985,25.5,25.75,25.375,25.625,25.625,25.5,25.5,25.625,25.5,25.375,25.5,NA,NA,NA,NA,NA,NA,NA,NA,NA,NA,NA,NA,NA,26.25
10,9/25/2023 3:04,2986,25.5,25.75,25.375,25.625,25.625,25.5,25.5,25.75,25.625,25.5,25.625,NA,NA,NA,NA,NA,NA,NA,NA,NA,NA,NA,NA,NA,26.25
10,9/25/2023 3:34,2987,25.625,25.875,25.5,25.75,25.75,25.625,25.625,25.75,25.625,25.5,25.625,NA,NA,NA,NA,NA,NA,NA,NA,NA,NA,NA,NA,NA,26.25
10,9/25/2023 4:04,2988,25.625,25.875,25.5,25.75,25.75,25.625,25.625,25.75,25.625,25.5,25.625,NA,NA,NA,NA,NA,NA,NA,NA,NA,NA,NA,NA,NA,26.25
10,9/25/2023 4:34,2989,25.625,25.875,25.5,25.75,25.75,25.625,25.625,25.75,25.625,25.5,25.625,NA,NA,NA,NA,NA,NA,NA,NA,NA,NA,NA,NA,NA,26.25
10,9/25/2023 5:04,2990,25.625,25.875,25.5,25.75,25.75,25.625,25.625,25.75,25.625,25.5,25.625,NA,NA,NA,NA,NA,NA,NA,NA,NA,NA,NA,NA,NA,26.25
10,9/25/2023 5:34,2991,25.5,25.75,25.375,25.625,25.625,25.5,25.5,25.625,25.5,25.375,25.5,NA,NA,NA,NA,NA,NA,NA,NA,NA,NA,NA,NA,NA,26.25
10,9/25/2023 6:04,2992,25.5,25.75,25.375,25.625,25.625,25.5,25.5,25.625,25.5,25.375,25.5,NA,NA,NA,NA,NA,NA,NA,NA,NA,NA,NA,NA,NA,26.25
10,9/25/2023 6:34,2993,25.5,25.75,25.375,25.625,25.625,25.5,25.5,25.625,25.5,25.375,25.5,NA,NA,NA,NA,NA,NA,NA,NA,NA,NA,NA,NA,NA,26.25
10,9/25/2023 7:04,2994,25.5,25.875,25.5,25.75,25.75,25.625,25.625,25.75,25.625,25.5,25.625,NA,NA,NA,NA,NA,NA,NA,NA,NA,NA,NA,NA,NA,26.25
10,9/25/2023 7:34,2995,25.625,26,25.625,25.75,25.875,25.75,25.75,25.875,25.75,25.5,25.75,NA,NA,NA,NA,NA,NA,NA,NA,NA,NA,NA,NA,NA,26.375
10,9/25/2023 8:04,2996,26.125,26.375,26,26.125,26.25,26.125,26.125,26.25,26.125,25.875,26.125,NA,NA,NA,NA,NA,NA,NA,NA,NA,NA,NA,NA,NA,26.5
10,9/25/2023 8:34,2997,26.25,26.375,26.125,26.25,26.25,26.25,26.125,26.25,26.25,26,26.125,NA,NA,NA,NA,NA,NA,NA,NA,NA,NA,NA,NA,NA,26.5
10,9/25/2023 9:04,2998,26.25,26.5,26.125,26.25,26.375,26.25,26.25,26.375,26.25,26.125,26.125,NA,NA,NA,NA,NA,NA,NA,NA,NA,NA,NA,NA,NA,26.5
10,9/25/2023 9:34,2999,26.375,26.625,26.25,26.5,26.5,26.375,26.5,26.5,26.5,26.25,26.375,NA,NA,NA,NA,NA,NA,NA,NA,NA,NA,NA,NA,NA,26.625
10,9/25/2023 10:04,3000,26.625,26.75,26.5,26.625,26.625,26.625,26.625,26.625,26.75,26.375,26.5,NA,NA,NA,NA,NA,NA,NA,NA,NA,NA,NA,NA,NA,26.75
10,9/25/2023 10:34,3001,26.375,26.625,26.25,26.5,26.5,26.375,26.375,26.5,26.5,26.25,26.375,NA,NA,NA,NA,NA,NA,NA,NA,NA,NA,NA,NA,NA,26.75
10,9/25/2023 11:04,3002,26.5,26.75,26.5,26.625,26.625,26.625,26.625,26.625,26.5,26.375,26.5,NA,NA,NA,NA,NA,NA,NA,NA,NA,NA,NA,NA,NA,26.875
10,9/25/2023 11:34,3003,26.75,27.125,26.75,26.875,27,27,27,27,26.875,26.75,26.875,NA,NA,NA,NA,NA,NA,NA,NA,NA,NA,NA,NA,NA,26.75
10,9/25/2023 12:04,3004,27.125,27.375,27,27.125,27.25,27.25,27.125,27.25,27.125,27,27.125,NA,NA,NA,NA,NA,NA,NA,NA,NA,NA,NA,NA,NA,26.875
10,9/25/2023 12:34,3005,27,27.375,27,27.125,27.25,27.125,27.125,27.25,27.125,27,27,NA,NA,NA,NA,NA,NA,NA,NA,NA,NA,NA,NA,NA,27
10,9/25/2023 13:04,3006,27.125,27.375,27,27.125,27.25,27.125,27.125,27.25,27.125,27,27,NA,NA,NA,NA,NA,NA,NA,NA,NA,NA,NA,NA,NA,27.125
10,9/25/2023 13:34,3007,26.875,27.25,26.875,27,27.125,26.875,27,27.125,27,26.875,26.875,NA,NA,NA,NA,NA,NA,NA,NA,NA,NA,NA,NA,NA,26.875
10,9/25/2023 14:04,3008,26.75,27,26.75,26.875,26.875,26.875,26.875,27,26.75,26.75,26.75,NA,NA,NA,NA,NA,NA,NA,NA,NA,NA,NA,NA,NA,26.875
10,9/25/2023 14:34,3009,26.625,26.875,26.625,26.75,26.75,26.625,26.625,26.75,26.75,26.5,26.625,NA,NA,NA,NA,NA,NA,NA,NA,NA,NA,NA,NA,NA,26.875
10,9/25/2023 15:04,3010,26.5,26.75,26.375,26.625,26.625,26.5,26.5,26.625,26.625,26.375,26.5,NA,NA,NA,NA,NA,NA,NA,NA,NA,NA,NA,NA,NA,26.875
10,9/25/2023 15:34,3011,26.375,26.75,26.375,26.5,26.625,26.5,26.5,26.625,26.5,26.25,26.5,NA,NA,NA,NA,NA,NA,NA,NA,NA,NA,NA,NA,NA,26.875
10,9/25/2023 16:04,3012,26.375,26.625,26.375,26.5,26.5,26.375,26.375,26.625,26.5,26.25,26.375,NA,NA,NA,NA,NA,NA,NA,NA,NA,NA,NA,NA,NA,26.875
10,9/25/2023 16:34,3013,26.375,26.625,26.25,26.5,26.5,26.375,26.375,26.5,26.375,26.25,26.375,NA,NA,NA,NA,NA,NA,NA,NA,NA,NA,NA,NA,NA,26.875
10,9/25/2023 17:04,3014,26.25,26.5,26.25,26.5,26.5,26.375,26.375,26.5,26.375,26.25,26.375,NA,NA,NA,NA,NA,NA,NA,NA,NA,NA,NA,NA,NA,26.75
10,9/25/2023 17:34,3015,26.125,26.5,26.125,26.375,26.375,26.25,26.25,26.375,26.25,26.125,26.25,NA,NA,NA,NA,NA,NA,NA,NA,NA,NA,NA,NA,NA,26.75
10,9/25/2023 18:04,3016,26.125,26.375,26,26.25,26.25,26.125,26.125,26.25,26.25,26,26.25,NA,NA,NA,NA,NA,NA,NA,NA,NA,NA,NA,NA,NA,26.75
10,9/25/2023 18:34,3017,26,26.25,26,26.25,26.25,26.125,26.125,26.25,26.125,26,26.125,NA,NA,NA,NA,NA,NA,NA,NA,NA,NA,NA,NA,NA,26.75
10,9/25/2023 19:04,3018,26,26.25,25.875,26.125,26.125,26,26,26.125,26.125,25.875,26,NA,NA,NA,NA,NA,NA,NA,NA,NA,NA,NA,NA,NA,26.75
10,9/25/2023 19:34,3019,25.875,26.125,25.875,26.125,26.125,26,25.875,26.125,26,25.75,26,NA,NA,NA,NA,NA,NA,NA,NA,NA,NA,NA,NA,NA,26.75
10,9/25/2023 20:04,3020,25.875,26.125,25.75,26,26,25.875,25.875,26,26,25.75,26,NA,NA,NA,NA,NA,NA,NA,NA,NA,NA,NA,NA,NA,26.625
10,9/25/2023 20:34,3021,25.875,26.125,25.75,26,26,25.875,25.875,26,26,25.75,25.875,NA,NA,NA,NA,NA,NA,NA,NA,NA,NA,NA,NA,NA,26.625
10,9/25/2023 21:04,3022,25.75,26,25.75,26,26,25.875,25.75,26,25.875,25.625,25.875,NA,NA,NA,NA,NA,NA,NA,NA,NA,NA,NA,NA,NA,26.625
10,9/25/2023 21:34,3023,25.75,26,25.625,25.875,25.875,25.75,25.75,25.875,25.875,25.625,25.75,NA,NA,NA,NA,NA,NA,NA,NA,NA,NA,NA,NA,NA,26.625
10,9/25/2023 22:04,3024,25.75,26,25.625,25.875,25.875,25.75,25.75,25.875,25.75,25.625,25.75,NA,NA,NA,NA,NA,NA,NA,NA,NA,NA,NA,NA,NA,26.625
10,9/25/2023 22:34,3025,25.625,26,25.625,25.875,25.875,25.75,25.75,25.875,25.75,25.5,25.75,NA,NA,NA,NA,NA,NA,NA,NA,NA,NA,NA,NA,NA,26.625
10,9/25/2023 23:04,3026,25.625,25.875,25.5,25.75,25.75,25.625,25.625,25.75,25.75,25.5,25.75,NA,NA,NA,NA,NA,NA,NA,NA,NA,NA,NA,NA,NA,26.5
10,9/25/2023 23:34,3027,25.625,25.875,25.5,25.75,25.75,25.625,25.625,25.75,25.75,25.5,25.625,NA,NA,NA,NA,NA,NA,NA,NA,NA,NA,NA,NA,NA,26.5
10,9/26/2023 0:04,3028,25.5,25.75,25.5,25.75,25.75,25.625,25.5,25.75,25.625,25.5,25.625,NA,NA,NA,NA,NA,NA,NA,NA,NA,NA,NA,NA,NA,26.5
10,9/26/2023 0:34,3029,25.375,25.625,25.25,25.5,25.5,25.5,25.375,25.625,25.5,25.25,25.5,NA,NA,NA,NA,NA,NA,NA,NA,NA,NA,NA,NA,NA,26.5
10,9/26/2023 1:04,3030,25.375,25.625,25.25,25.5,25.625,25.5,25.375,25.625,25.5,25.25,25.5,NA,NA,NA,NA,NA,NA,NA,NA,NA,NA,NA,NA,NA,26.5
10,9/26/2023 1:34,3031,25.5,25.75,25.375,25.625,25.625,25.625,25.5,25.625,25.625,25.375,25.625,NA,NA,NA,NA,NA,NA,NA,NA,NA,NA,NA,NA,NA,26.5
10,9/26/2023 2:04,3032,25.5,25.875,25.5,25.75,25.75,25.625,25.5,25.75,25.625,25.5,25.625,NA,NA,NA,NA,NA,NA,NA,NA,NA,NA,NA,NA,NA,26.5
10,9/26/2023 2:34,3033,25.375,25.75,25.25,25.625,25.625,25.5,25.375,25.625,25.5,25.25,25.5,NA,NA,NA,NA,NA,NA,NA,NA,NA,NA,NA,NA,NA,26.375
10,9/26/2023 3:04,3034,25.375,25.625,25.25,25.5,25.625,25.5,25.375,25.5,25.5,25.25,25.5,NA,NA,NA,NA,NA,NA,NA,NA,NA,NA,NA,NA,NA,26.375
10,9/26/2023 3:34,3035,25.5,25.75,25.375,25.625,25.625,25.5,25.5,25.625,25.625,25.375,25.5,NA,NA,NA,NA,NA,NA,NA,NA,NA,NA,NA,NA,NA,26.375
10,9/26/2023 4:04,3036,25.375,25.625,25.25,25.5,25.625,25.5,25.375,25.5,25.5,25.25,25.5,NA,NA,NA,NA,NA,NA,NA,NA,NA,NA,NA,NA,NA,26.375
10,9/26/2023 4:34,3037,25.375,25.625,25.25,25.625,25.625,25.5,25.375,25.625,25.5,25.25,25.5,NA,NA,NA,NA,NA,NA,NA,NA,NA,NA,NA,NA,NA,26.375
10,9/26/2023 5:04,3038,25.375,25.625,25.375,25.5,25.625,25.5,25.375,25.625,25.5,25.25,25.5,NA,NA,NA,NA,NA,NA,NA,NA,NA,NA,NA,NA,NA,26.25
10,9/26/2023 5:34,3039,25.25,25.5,25.125,25.375,25.375,25.375,25.25,25.375,25.375,25.125,25.375,NA,NA,NA,NA,NA,NA,NA,NA,NA,NA,NA,NA,NA,26.125
10,9/26/2023 6:04,3040,25.25,25.5,25.125,25.375,25.375,25.375,25.25,25.375,25.375,25.125,25.375,NA,NA,NA,NA,NA,NA,NA,NA,NA,NA,NA,NA,NA,26.25
10,9/26/2023 6:34,3041,25.125,25.5,25.125,25.375,25.375,25.25,25.25,25.375,25.25,25.125,25.375,NA,NA,NA,NA,NA,NA,NA,NA,NA,NA,NA,NA,NA,26.25
10,9/26/2023 7:04,3042,25.25,25.5,25.125,25.375,25.375,25.375,25.25,25.375,25.375,25.125,25.375,NA,NA,NA,NA,NA,NA,NA,NA,NA,NA,NA,NA,NA,26.25
10,9/26/2023 7:34,3043,25.375,25.75,25.375,25.5,25.625,25.5,25.5,25.625,25.5,25.25,25.5,NA,NA,NA,NA,NA,NA,NA,NA,NA,NA,NA,NA,NA,26.25
10,9/26/2023 8:04,3044,25.625,26,25.625,25.75,25.875,25.75,25.75,25.875,25.75,25.5,25.75,NA,NA,NA,NA,NA,NA,NA,NA,NA,NA,NA,NA,NA,26.25
10,9/26/2023 8:34,3045,25.75,26,25.75,25.875,25.875,25.875,25.75,25.875,25.875,25.625,25.875,NA,NA,NA,NA,NA,NA,NA,NA,NA,NA,NA,NA,NA,26.375
10,9/26/2023 9:04,3046,25.875,26.125,25.75,25.875,25.875,25.875,25.75,26,26,25.625,25.875,NA,NA,NA,NA,NA,NA,NA,NA,NA,NA,NA,NA,NA,26.375
10,9/26/2023 9:34,3047,25.75,26,25.625,25.875,25.875,25.75,25.75,25.875,25.75,25.625,25.75,NA,NA,NA,NA,NA,NA,NA,NA,NA,NA,NA,NA,NA,26.25
10,9/26/2023 10:04,3048,25.875,26,25.75,25.875,26,25.875,25.875,26,25.875,25.75,25.875,NA,NA,NA,NA,NA,NA,NA,NA,NA,NA,NA,NA,NA,26.25
10,9/26/2023 10:34,3049,25.875,26.125,26,26.375,26.375,26.25,26,26.125,26.125,26.25,26.125,NA,NA,NA,NA,NA,NA,NA,NA,NA,NA,NA,NA,NA,26.5
10,9/26/2023 11:04,3050,25.875,26,26,26.25,26.25,26,26,26,26,26.125,26,NA,NA,NA,NA,NA,NA,NA,NA,NA,NA,NA,NA,NA,26.5
10,9/26/2023 11:34,3051,26,26.125,26.125,26.375,26.375,26.25,26,26.125,26.125,26.125,26.125,NA,NA,NA,NA,NA,NA,NA,NA,NA,NA,NA,NA,NA,26.625
10,9/26/2023 12:04,3052,26.5,26.5,26.5,26.75,26.75,26.5,26.375,26.5,26.5,26.5,26.5,NA,NA,NA,NA,NA,NA,NA,NA,NA,NA,NA,NA,NA,27
10,9/26/2023 12:34,3053,26.625,26.625,26.625,26.875,26.875,26.5,26.5,26.625,26.75,26.625,26.5,NA,NA,NA,NA,NA,NA,NA,NA,NA,NA,NA,NA,NA,26.75
10,9/26/2023 13:04,3054,26.75,26.75,26.625,27,27,26.625,26.625,26.75,26.75,26.75,26.625,NA,NA,NA,NA,NA,NA,NA,NA,NA,NA,NA,NA,NA,26.75
10,9/26/2023 13:34,3055,26.875,26.875,26.75,27,27,26.75,26.625,26.875,26.75,26.75,26.625,NA,NA,NA,NA,NA,NA,NA,NA,NA,NA,NA,NA,NA,26.875
10,9/26/2023 14:04,3056,27,26.875,26.875,27.25,27.125,26.875,26.75,27,26.875,27,27,NA,NA,NA,NA,NA,NA,NA,NA,NA,NA,NA,NA,NA,26.75
10,9/26/2023 14:34,3057,26.625,26.75,26.625,27,26.875,26.5,26.5,26.625,26.75,26.625,26.625,NA,NA,NA,NA,NA,NA,NA,NA,NA,NA,NA,NA,NA,26.75
10,9/26/2023 15:04,3058,26.75,26.625,26.625,26.875,26.875,26.625,26.375,26.625,26.75,26.625,26.75,NA,NA,NA,NA,NA,NA,NA,NA,NA,NA,NA,NA,NA,26.75
10,9/26/2023 15:34,3059,26.625,26.625,26.625,26.875,26.875,26.75,26.75,26.625,26.75,26.5,26.75,NA,NA,NA,NA,NA,NA,NA,NA,NA,NA,NA,NA,NA,26.875
10,9/26/2023 16:04,3060,26.75,26.875,26.875,27.25,27,26.875,26.875,26.875,26.75,26.75,26.75,NA,NA,NA,NA,NA,NA,NA,NA,NA,NA,NA,NA,NA,26.75
10,9/26/2023 16:34,3061,26.75,26.75,26.625,27.125,27,26.75,26.75,26.75,26.75,26.625,26.625,NA,NA,NA,NA,NA,NA,NA,NA,NA,NA,NA,NA,NA,26.75
10,9/26/2023 17:04,3062,26.375,26.375,26.25,26.5,26.625,26.25,26.25,26.375,26.5,26.375,26.25,NA,NA,NA,NA,NA,NA,NA,NA,NA,NA,NA,NA,NA,26.75
10,9/26/2023 17:34,3063,26.125,26.25,26.125,26.25,26.375,26.125,26.125,26.25,26.25,26.125,26,NA,NA,NA,NA,NA,NA,NA,NA,NA,NA,NA,NA,NA,26.75
10,9/26/2023 18:04,3064,26,26.125,26,26.125,26.25,25.875,26,26.125,26.125,26,25.875,NA,NA,NA,NA,NA,NA,NA,NA,NA,NA,NA,NA,NA,26.625
10,9/26/2023 18:34,3065,26,26.125,26,26,26.125,25.875,25.875,26,26,25.875,25.75,NA,NA,NA,NA,NA,NA,NA,NA,NA,NA,NA,NA,NA,26.625
10,9/26/2023 19:04,3066,25.75,26,25.75,25.75,26,25.625,25.75,25.875,25.875,25.625,25.5,NA,NA,NA,NA,NA,NA,NA,NA,NA,NA,NA,NA,NA,26.5
10,9/26/2023 19:34,3067,25.75,25.875,25.75,25.75,25.875,25.625,25.625,25.75,25.875,25.625,25.5,NA,NA,NA,NA,NA,NA,NA,NA,NA,NA,NA,NA,NA,26.5
10,9/26/2023 20:04,3068,25.75,25.875,25.75,25.75,25.875,25.625,25.625,25.75,25.75,25.625,25.5,NA,NA,NA,NA,NA,NA,NA,NA,NA,NA,NA,NA,NA,26.5
10,9/26/2023 20:34,3069,25.75,25.875,25.625,25.625,25.75,25.625,25.625,25.75,25.75,25.5,25.375,NA,NA,NA,NA,NA,NA,NA,NA,NA,NA,NA,NA,NA,26.5
10,9/26/2023 21:04,3070,25.75,25.875,25.625,25.625,25.75,25.625,25.625,25.75,25.75,25.5,25.375,NA,NA,NA,NA,NA,NA,NA,NA,NA,NA,NA,NA,NA,26.375
10,9/26/2023 21:34,3071,25.75,25.875,25.75,25.625,25.75,25.625,25.625,25.75,25.75,25.5,25.375,NA,NA,NA,NA,NA,NA,NA,NA,NA,NA,NA,NA,NA,26.375
10,9/26/2023 22:04,3072,25.625,25.75,25.625,25.5,25.75,25.5,25.5,25.625,25.625,25.5,25.375,NA,NA,NA,NA,NA,NA,NA,NA,NA,NA,NA,NA,NA,26.375
10,9/26/2023 22:34,3073,25.5,25.625,25.5,25.5,25.625,25.375,25.375,25.5,25.625,25.5,25.25,NA,NA,NA,NA,NA,NA,NA,NA,NA,NA,NA,NA,NA,26.375
10,9/26/2023 23:04,3074,25.375,25.5,25.375,25.5,25.625,25.375,25.375,25.5,25.5,25.375,25.25,NA,NA,NA,NA,NA,NA,NA,NA,NA,NA,NA,NA,NA,26.375
10,9/26/2023 23:34,3075,25.5,25.625,25.5,25.5,25.625,25.375,25.375,25.5,25.625,25.375,25.375,NA,NA,NA,NA,NA,NA,NA,NA,NA,NA,NA,NA,NA,26.375
10,9/27/2023 0:04,3076,25.5,25.625,25.5,25.5,25.625,25.375,25.375,25.625,25.625,25.375,25.375,NA,NA,NA,NA,NA,NA,NA,NA,NA,NA,NA,NA,NA,26.375
10,9/27/2023 0:34,3077,25.5,25.625,25.5,25.5,25.625,25.375,25.5,25.625,25.625,25.375,25.375,NA,NA,NA,NA,NA,NA,NA,NA,NA,NA,NA,NA,NA,26.375
10,9/27/2023 1:04,3078,25.5,25.625,25.5,25.5,25.625,25.375,25.5,25.625,25.625,25.5,25.25,NA,NA,NA,NA,NA,NA,NA,NA,NA,NA,NA,NA,NA,26.375
10,9/27/2023 1:34,3079,25.625,25.625,25.5,25.5,25.625,25.5,25.5,25.625,25.625,25.375,25.375,NA,NA,NA,NA,NA,NA,NA,NA,NA,NA,NA,NA,NA,26.375
10,9/27/2023 2:04,3080,25.5,25.625,25.5,25.5,25.625,25.5,25.5,25.625,25.625,25.5,25.375,NA,NA,NA,NA,NA,NA,NA,NA,NA,NA,NA,NA,NA,26.25
10,9/27/2023 2:34,3081,25.5,25.625,25.5,25.5,25.625,25.375,25.375,25.5,25.5,25.375,25.25,NA,NA,NA,NA,NA,NA,NA,NA,NA,NA,NA,NA,NA,26.25
10,9/27/2023 3:04,3082,25.375,25.5,25.375,25.5,25.625,25.375,25.375,25.5,25.5,25.375,25.125,NA,NA,NA,NA,NA,NA,NA,NA,NA,NA,NA,NA,NA,26.25
10,9/27/2023 3:34,3083,25.5,25.625,25.5,25.375,25.625,25.5,25.5,25.625,25.625,25.375,25.375,NA,NA,NA,NA,NA,NA,NA,NA,NA,NA,NA,NA,NA,26.25
10,9/27/2023 4:04,3084,25.5,25.625,25.5,25.5,25.625,25.375,25.375,25.5,25.5,25.375,25.25,NA,NA,NA,NA,NA,NA,NA,NA,NA,NA,NA,NA,NA,26.25
10,9/27/2023 4:34,3085,25.5,25.5,25.375,25.5,25.625,25.375,25.375,25.5,25.5,25.375,25.25,NA,NA,NA,NA,NA,NA,NA,NA,NA,NA,NA,NA,NA,26.25
10,9/27/2023 5:04,3086,25.5,25.625,25.375,25.375,25.625,25.375,25.375,25.5,25.5,25.375,25.25,NA,NA,NA,NA,NA,NA,NA,NA,NA,NA,NA,NA,NA,26.25
10,9/27/2023 5:34,3087,25.375,25.5,25.375,25.375,25.625,25.25,25.25,25.375,25.5,25.25,25.125,NA,NA,NA,NA,NA,NA,NA,NA,NA,NA,NA,NA,NA,26.125
10,9/27/2023 6:04,3088,25.375,25.5,25.375,25.375,25.5,25.25,25.375,25.5,25.5,25.25,25.25,NA,NA,NA,NA,NA,NA,NA,NA,NA,NA,NA,NA,NA,26.25
10,9/27/2023 6:34,3089,25.375,25.5,25.375,25.375,25.5,25.375,25.375,25.5,25.5,25.25,25.25,NA,NA,NA,NA,NA,NA,NA,NA,NA,NA,NA,NA,NA,26.25
10,9/27/2023 7:04,3090,25.375,25.5,25.375,25.375,25.5,25.25,25.25,25.375,25.375,25.25,25.125,NA,NA,NA,NA,NA,NA,NA,NA,NA,NA,NA,NA,NA,26.125
10,9/27/2023 7:34,3091,25.375,25.5,25.375,25.375,25.625,25.25,25.25,25.375,25.5,25.375,25.25,NA,NA,NA,NA,NA,NA,NA,NA,NA,NA,NA,NA,NA,26.125
10,9/27/2023 8:04,3092,25.5,25.625,25.5,25.5,25.625,25.5,25.375,25.625,25.625,25.5,25.375,NA,NA,NA,NA,NA,NA,NA,NA,NA,NA,NA,NA,NA,26.25
10,9/27/2023 8:34,3093,25.75,25.875,25.625,25.625,25.75,25.625,25.625,25.75,25.75,25.5,25.5,NA,NA,NA,NA,NA,NA,NA,NA,NA,NA,NA,NA,NA,26.25
10,9/27/2023 9:04,3094,25.625,25.625,25.625,25.625,25.625,25.5,25.5,25.625,25.5,25.375,25.375,NA,NA,NA,NA,NA,NA,NA,NA,NA,NA,NA,NA,NA,26.125
10,9/27/2023 9:34,3095,25.75,25.875,25.625,25.875,25.875,25.625,25.625,25.75,25.75,25.625,25.625,NA,NA,NA,NA,NA,NA,NA,NA,NA,NA,NA,NA,NA,26.25
10,9/27/2023 10:04,3096,25.875,26,25.875,26.125,26.125,25.875,25.875,25.875,25.875,25.875,25.875,NA,NA,NA,NA,NA,NA,NA,NA,NA,NA,NA,NA,NA,26.25
10,9/27/2023 10:34,3097,26,26.125,26,26.25,26.25,26,26,26,26,26,26,NA,NA,NA,NA,NA,NA,NA,NA,NA,NA,NA,NA,NA,26.25
10,9/27/2023 11:04,3098,26.125,26.375,26.125,26.5,26.5,26.25,26.125,26.125,26.25,26.125,26.125,NA,NA,NA,NA,NA,NA,NA,NA,NA,NA,NA,NA,NA,26.375
10,9/27/2023 11:34,3099,26.375,26.375,26.375,26.625,26.625,26.375,26.25,26.25,26.375,26.25,26.25,NA,NA,NA,NA,NA,NA,NA,NA,NA,NA,NA,NA,NA,26.5
10,9/27/2023 12:04,3100,26.625,26.75,26.625,26.875,26.875,26.75,26.625,26.625,26.75,26.625,26.5,NA,NA,NA,NA,NA,NA,NA,NA,NA,NA,NA,NA,NA,26.625
10,9/27/2023 12:34,3101,26.75,26.75,26.625,27,27,26.75,26.625,26.75,26.75,26.625,26.625,NA,NA,NA,NA,NA,NA,NA,NA,NA,NA,NA,NA,NA,26.75
10,9/27/2023 13:04,3102,27,26.875,26.875,27.125,27.125,26.875,26.875,26.875,26.875,26.75,26.75,NA,NA,NA,NA,NA,NA,NA,NA,NA,NA,NA,NA,NA,27
10,9/27/2023 13:34,3103,27.125,27.125,27,27.25,27.25,27.125,27,27.125,27,26.875,27,NA,NA,NA,NA,NA,NA,NA,NA,NA,NA,NA,NA,NA,27.25
10,9/27/2023 14:04,3104,27,27,26.875,27.25,27.25,26.875,26.875,27,27,26.875,27,NA,NA,NA,NA,NA,NA,NA,NA,NA,NA,NA,NA,NA,26.75
10,9/27/2023 14:34,3105,26.75,26.75,26.75,27,27,26.75,26.75,26.75,26.75,26.625,26.75,NA,NA,NA,NA,NA,NA,NA,NA,NA,NA,NA,NA,NA,26.5
10,9/27/2023 15:04,3106,26.625,26.625,26.5,26.875,26.875,26.625,26.5,26.625,26.75,26.5,26.625,NA,NA,NA,NA,NA,NA,NA,NA,NA,NA,NA,NA,NA,26.25
10,9/27/2023 15:34,3107,26.5,26.625,26.625,26.75,26.75,26.75,26.75,26.5,26.75,26.5,26.625,NA,NA,NA,NA,NA,NA,NA,NA,NA,NA,NA,NA,NA,26.125
10,9/27/2023 16:04,3108,26.625,26.875,26.75,27,26.875,26.75,26.875,26.625,26.75,26.5,26.75,NA,NA,NA,NA,NA,NA,NA,NA,NA,NA,NA,NA,NA,26.125
10,9/27/2023 16:34,3109,26.375,26.375,26.375,26.625,26.625,26.375,26.375,26.375,26.375,26.25,26.25,NA,NA,NA,NA,NA,NA,NA,NA,NA,NA,NA,NA,NA,26
10,9/27/2023 17:04,3110,26.125,26.125,26.125,26.375,26.375,26,26.125,26.125,26.125,26,26,NA,NA,NA,NA,NA,NA,NA,NA,NA,NA,NA,NA,NA,25.875
10,9/27/2023 17:34,3111,26,26.125,26,26.25,26.25,25.875,25.875,26,26,26,25.875,NA,NA,NA,NA,NA,NA,NA,NA,NA,NA,NA,NA,NA,25.875
10,9/27/2023 18:04,3112,25.875,26,25.75,26,26.125,25.75,25.75,25.875,25.875,25.75,25.625,NA,NA,NA,NA,NA,NA,NA,NA,NA,NA,NA,NA,NA,25.75
10,9/27/2023 18:34,3113,25.75,25.875,25.75,26,26.125,25.75,25.75,25.875,25.75,25.75,25.625,NA,NA,NA,NA,NA,NA,NA,NA,NA,NA,NA,NA,NA,25.625
10,9/27/2023 19:04,3114,25.75,25.875,25.75,26,26,25.625,25.625,25.75,25.75,25.625,25.625,NA,NA,NA,NA,NA,NA,NA,NA,NA,NA,NA,NA,NA,25.625
10,9/27/2023 19:34,3115,25.75,25.75,25.625,25.875,26,25.625,25.625,25.75,25.75,25.625,25.5,NA,NA,NA,NA,NA,NA,NA,NA,NA,NA,NA,NA,NA,25.625
10,9/27/2023 20:04,3116,25.625,25.75,25.625,25.875,25.875,25.5,25.5,25.625,25.625,25.625,25.5,NA,NA,NA,NA,NA,NA,NA,NA,NA,NA,NA,NA,NA,25.5
10,9/27/2023 20:34,3117,25.625,25.75,25.625,25.875,25.875,25.5,25.5,25.625,25.625,25.625,25.5,NA,NA,NA,NA,NA,NA,NA,NA,NA,NA,NA,NA,NA,25.5
10,9/27/2023 21:04,3118,25.625,25.625,25.625,25.875,25.875,25.5,25.5,25.625,25.625,25.5,25.375,NA,NA,NA,NA,NA,NA,NA,NA,NA,NA,NA,NA,NA,25.5
10,9/27/2023 21:34,3119,25.625,25.625,25.5,25.75,25.875,25.5,25.5,25.625,25.625,25.5,25.375,NA,NA,NA,NA,NA,NA,NA,NA,NA,NA,NA,NA,NA,25.375
10,9/27/2023 22:04,3120,25.5,25.625,25.5,25.75,25.875,25.5,25.5,25.625,25.625,25.5,25.375,NA,NA,NA,NA,NA,NA,NA,NA,NA,NA,NA,NA,NA,25.375
10,9/27/2023 22:34,3121,25.5,25.625,25.5,25.75,25.875,25.5,25.375,25.625,25.5,25.5,25.375,NA,NA,NA,NA,NA,NA,NA,NA,NA,NA,NA,NA,NA,25.375
10,9/27/2023 23:04,3122,25.625,25.625,25.5,25.75,25.875,25.5,25.5,25.625,25.625,25.5,25.375,NA,NA,NA,NA,NA,NA,NA,NA,NA,NA,NA,NA,NA,25.375
10,9/27/2023 23:34,3123,25.5,25.625,25.5,25.75,25.875,25.5,25.5,25.625,25.625,25.5,25.375,NA,NA,NA,NA,NA,NA,NA,NA,NA,NA,NA,NA,NA,25.375
10,9/28/2023 0:04,3124,25.5,25.625,25.5,25.75,25.75,25.375,25.375,25.5,25.5,25.5,25.375,NA,NA,NA,NA,NA,NA,NA,NA,NA,NA,NA,NA,NA,25.375
10,9/28/2023 0:34,3125,25.5,25.5,25.375,25.625,25.75,25.375,25.375,25.5,25.5,25.5,25.375,NA,NA,NA,NA,NA,NA,NA,NA,NA,NA,NA,NA,NA,25.25
10,9/28/2023 1:04,3126,25.375,25.5,25.375,25.625,25.625,25.25,25.25,25.375,25.375,25.375,25.375,NA,NA,NA,NA,NA,NA,NA,NA,NA,NA,NA,NA,NA,25.25
10,9/28/2023 1:34,3127,25.375,25.5,25.375,25.625,25.625,25.375,25.375,25.5,25.375,25.375,25.375,NA,NA,NA,NA,NA,NA,NA,NA,NA,NA,NA,NA,NA,25.25
10,9/28/2023 2:04,3128,25.5,25.625,25.5,25.75,25.75,25.375,25.375,25.5,25.5,25.5,25.375,NA,NA,NA,NA,NA,NA,NA,NA,NA,NA,NA,NA,NA,25.25
10,9/28/2023 2:34,3129,25.5,25.625,25.5,25.75,25.75,25.5,25.375,25.5,25.5,25.5,25.375,NA,NA,NA,NA,NA,NA,NA,NA,NA,NA,NA,NA,NA,25.25
10,9/28/2023 3:04,3130,25.5,25.625,25.5,25.75,25.875,25.5,25.5,25.625,25.5,25.5,25.375,NA,NA,NA,NA,NA,NA,NA,NA,NA,NA,NA,NA,NA,25.25
10,9/28/2023 3:34,3131,25.5,25.625,25.5,25.75,25.75,25.5,25.5,25.625,25.5,25.5,25.375,NA,NA,NA,NA,NA,NA,NA,NA,NA,NA,NA,NA,NA,25.25
10,9/28/2023 4:04,3132,25.5,25.625,25.375,25.75,25.75,25.375,25.375,25.5,25.5,25.5,25.375,NA,NA,NA,NA,NA,NA,NA,NA,NA,NA,NA,NA,NA,25.25
10,9/28/2023 4:34,3133,25.5,25.625,25.5,25.75,25.75,25.375,25.375,25.5,25.5,25.5,25.375,NA,NA,NA,NA,NA,NA,NA,NA,NA,NA,NA,NA,NA,25.25
10,9/28/2023 5:04,3134,25.5,25.625,25.5,25.75,25.75,25.5,25.5,25.5,25.5,25.5,25.375,NA,NA,NA,NA,NA,NA,NA,NA,NA,NA,NA,NA,NA,25.25
10,9/28/2023 5:34,3135,25.625,25.75,25.5,25.75,25.875,25.5,25.5,25.625,25.625,25.5,25.375,NA,NA,NA,NA,NA,NA,NA,NA,NA,NA,NA,NA,NA,25.25
10,9/28/2023 6:04,3136,25.625,25.75,25.625,25.875,25.875,25.5,25.5,25.625,25.625,25.5,25.5,NA,NA,NA,NA,NA,NA,NA,NA,NA,NA,NA,NA,NA,25.25
10,9/28/2023 6:34,3137,25.75,25.875,25.625,25.875,25.875,25.625,25.75,25.75,25.625,25.625,25.625,NA,NA,NA,NA,NA,NA,NA,NA,NA,NA,NA,NA,NA,25.25
10,9/28/2023 7:04,3138,25.75,26,25.75,26,26,25.625,25.75,25.875,25.75,25.75,25.625,NA,NA,NA,NA,NA,NA,NA,NA,NA,NA,NA,NA,NA,25.25
10,9/28/2023 7:34,3139,26,26.125,25.875,26.125,26.125,26,25.875,26,25.875,25.875,25.875,NA,NA,NA,NA,NA,NA,NA,NA,NA,NA,NA,NA,NA,25.375
10,9/28/2023 8:04,3140,26.25,26.25,26.125,26.5,26.5,26.25,26.125,26.25,26.25,26.125,26.125,NA,NA,NA,NA,NA,NA,NA,NA,NA,NA,NA,NA,NA,25.625
10,9/28/2023 8:34,3141,26.5,26.625,26.375,26.625,26.625,26.375,26.5,26.5,26.375,26.375,26.375,NA,NA,NA,NA,NA,NA,NA,NA,NA,NA,NA,NA,NA,25.75
10,9/28/2023 9:04,3142,26.5,26.625,26.375,26.75,26.625,26.5,26.5,26.625,26.5,26.375,26.375,NA,NA,NA,NA,NA,NA,NA,NA,NA,NA,NA,NA,NA,26
10,9/28/2023 9:34,3143,26.375,26.5,26.25,26.625,26.5,26.375,26.375,26.375,26.375,26.25,26.25,NA,NA,NA,NA,NA,NA,NA,NA,NA,NA,NA,NA,NA,26
10,9/28/2023 10:04,3144,26.25,26.375,26.25,26.5,26.5,26.25,26.25,26.375,26.25,26.25,26.25,NA,NA,NA,NA,NA,NA,NA,NA,NA,NA,NA,NA,NA,26
10,9/28/2023 10:34,3145,26.25,26.375,26.125,26.5,26.5,26.25,26.25,26.25,26.25,26.125,26.25,NA,NA,NA,NA,NA,NA,NA,NA,NA,NA,NA,NA,NA,26
10,9/28/2023 11:04,3146,26.375,26.5,26.375,26.625,26.625,26.5,26.375,26.375,26.375,26.375,26.375,NA,NA,NA,NA,NA,NA,NA,NA,NA,NA,NA,NA,NA,26.125
10,9/28/2023 11:34,3147,26.625,26.625,26.5,26.75,26.75,26.625,26.5,26.5,26.625,26.5,26.5,NA,NA,NA,NA,NA,NA,NA,NA,NA,NA,NA,NA,NA,26.375
10,9/28/2023 12:04,3148,26.875,26.875,26.75,27.125,27,26.875,26.75,26.875,26.75,26.75,26.75,NA,NA,NA,NA,NA,NA,NA,NA,NA,NA,NA,NA,NA,26.875
10,9/28/2023 12:34,3149,26.875,26.875,26.75,27,27,26.875,26.75,26.75,26.75,26.625,26.75,NA,NA,NA,NA,NA,NA,NA,NA,NA,NA,NA,NA,NA,26.625
10,9/28/2023 13:04,3150,26.875,26.875,26.75,27,27,26.875,26.75,26.75,26.75,26.75,26.75,NA,NA,NA,NA,NA,NA,NA,NA,NA,NA,NA,NA,NA,26.75
10,9/28/2023 13:34,3151,26.75,26.875,26.75,27,27,26.75,26.75,26.875,26.75,26.75,26.75,NA,NA,NA,NA,NA,NA,NA,NA,NA,NA,NA,NA,NA,26.75
10,9/28/2023 14:04,3152,26.75,26.875,26.75,27.125,27,26.75,26.75,26.75,26.75,26.75,26.875,NA,NA,NA,NA,NA,NA,NA,NA,NA,NA,NA,NA,NA,26.875
10,9/28/2023 14:34,3153,26.625,26.625,26.5,26.875,26.75,26.5,26.625,26.625,26.625,26.5,26.625,NA,NA,NA,NA,NA,NA,NA,NA,NA,NA,NA,NA,NA,26.75
10,9/28/2023 15:04,3154,26.375,26.5,26.375,26.625,26.625,26.375,26.375,26.5,26.5,26.375,26.375,NA,NA,NA,NA,NA,NA,NA,NA,NA,NA,NA,NA,NA,26.5
10,9/28/2023 15:34,3155,26.25,26.375,26.25,26.5,26.5,26.25,26.25,26.25,26.25,26.25,26.25,NA,NA,NA,NA,NA,NA,NA,NA,NA,NA,NA,NA,NA,26.25
10,9/28/2023 16:04,3156,26.25,26.375,26.125,26.375,26.375,26.25,26.25,26.25,26.25,26.125,26.125,NA,NA,NA,NA,NA,NA,NA,NA,NA,NA,NA,NA,NA,26
10,9/28/2023 16:34,3157,26.25,26.25,26.125,26.375,26.375,26.125,26.125,26.25,26.25,26.125,26.125,NA,NA,NA,NA,NA,NA,NA,NA,NA,NA,NA,NA,NA,25.875
10,9/28/2023 17:04,3158,26.25,26.25,26.125,26.375,26.375,26.125,26.125,26.25,26.25,26.125,26.125,NA,NA,NA,NA,NA,NA,NA,NA,NA,NA,NA,NA,NA,25.5
10,9/28/2023 17:34,3159,26.125,26.25,26.125,26.375,26.375,26.125,26.125,26.25,26.125,26.125,26.125,NA,NA,NA,NA,NA,NA,NA,NA,NA,NA,NA,NA,NA,25
10,9/28/2023 18:04,3160,26.125,26.25,26.125,26.375,26.375,26.125,26.125,26.25,26.125,26.125,26,NA,NA,NA,NA,NA,NA,NA,NA,NA,NA,NA,NA,NA,24.625
10,9/28/2023 18:34,3161,26.125,26.25,26.125,26.375,26.375,26.125,26.125,26.25,26.125,26.125,26,NA,NA,NA,NA,NA,NA,NA,NA,NA,NA,NA,NA,NA,24.5
10,9/28/2023 19:04,3162,26.125,26.25,26.125,26.375,26.375,26.125,26.125,26.125,26.125,26,26,NA,NA,NA,NA,NA,NA,NA,NA,NA,NA,NA,NA,NA,24.5
10,9/28/2023 19:34,3163,26.125,26.125,26,26.25,26.25,26,26,26.125,26.125,26,25.875,NA,NA,NA,NA,NA,NA,NA,NA,NA,NA,NA,NA,NA,24.375
10,9/28/2023 20:04,3164,26,26.125,26,26.25,26.25,25.875,25.875,26,26,25.875,25.875,NA,NA,NA,NA,NA,NA,NA,NA,NA,NA,NA,NA,NA,24.25
10,9/28/2023 20:34,3165,26,26.125,26,26.25,26.25,25.875,25.875,26,26,25.875,25.875,NA,NA,NA,NA,NA,NA,NA,NA,NA,NA,NA,NA,NA,24.25
10,9/28/2023 21:04,3166,26,26,25.875,26.125,26.25,25.875,25.875,26,25.875,25.875,25.75,NA,NA,NA,NA,NA,NA,NA,NA,NA,NA,NA,NA,NA,24.125
10,9/28/2023 21:34,3167,26,26,25.875,26.125,26.25,25.875,25.875,26,25.875,25.875,25.75,NA,NA,NA,NA,NA,NA,NA,NA,NA,NA,NA,NA,NA,24.25
10,9/28/2023 22:04,3168,25.875,26,25.875,26.125,26.25,25.875,25.875,25.875,25.875,25.875,25.75,NA,NA,NA,NA,NA,NA,NA,NA,NA,NA,NA,NA,NA,24.125
10,9/28/2023 22:34,3169,25.875,26,25.875,26.125,26.125,25.75,25.75,26,25.875,25.875,25.75,NA,NA,NA,NA,NA,NA,NA,NA,NA,NA,NA,NA,NA,24.125
10,9/28/2023 23:04,3170,25.875,26,25.875,26.125,26.125,25.75,25.75,25.875,25.875,25.875,25.75,NA,NA,NA,NA,NA,NA,NA,NA,NA,NA,NA,NA,NA,24.125
10,9/28/2023 23:34,3171,25.875,26,25.875,26.125,26.125,25.875,25.875,26,25.875,25.875,25.75,NA,NA,NA,NA,NA,NA,NA,NA,NA,NA,NA,NA,NA,24.25
10,9/29/2023 0:04,3172,26,26,25.875,26.125,26.25,25.875,25.875,26,26,25.875,25.75,NA,NA,NA,NA,NA,NA,NA,NA,NA,NA,NA,NA,NA,24.25
10,9/29/2023 0:34,3173,25.875,26,25.875,26.125,26.125,25.75,25.75,25.875,25.875,25.75,25.75,NA,NA,NA,NA,NA,NA,NA,NA,NA,NA,NA,NA,NA,24.25
10,9/29/2023 1:04,3174,25.875,26,25.75,26,26.125,25.75,25.75,25.875,25.875,25.75,25.75,NA,NA,NA,NA,NA,NA,NA,NA,NA,NA,NA,NA,NA,24.25
10,9/29/2023 1:34,3175,25.875,26,25.75,26,26.125,25.75,25.75,25.875,25.875,25.75,25.75,NA,NA,NA,NA,NA,NA,NA,NA,NA,NA,NA,NA,NA,24.125
10,9/29/2023 2:04,3176,25.75,26,25.75,26,26.125,25.75,25.75,25.875,25.875,25.75,25.625,NA,NA,NA,NA,NA,NA,NA,NA,NA,NA,NA,NA,NA,24.125
10,9/29/2023 2:34,3177,25.875,26,25.75,26,26.125,25.75,25.75,25.875,25.875,25.75,25.625,NA,NA,NA,NA,NA,NA,NA,NA,NA,NA,NA,NA,NA,24.125
10,9/29/2023 3:04,3178,25.875,26,25.75,26.125,26.125,25.75,25.75,25.875,25.875,25.75,25.75,NA,NA,NA,NA,NA,NA,NA,NA,NA,NA,NA,NA,NA,24.25
10,9/29/2023 3:34,3179,25.875,26,25.875,26.125,26.125,25.75,25.875,25.875,25.875,25.875,25.75,NA,NA,NA,NA,NA,NA,NA,NA,NA,NA,NA,NA,NA,24.25
10,9/29/2023 4:04,3180,25.875,26,25.875,26.125,26.125,25.75,25.75,25.875,25.875,25.75,25.75,NA,NA,NA,NA,NA,NA,NA,NA,NA,NA,NA,NA,NA,24.125
10,9/29/2023 4:34,3181,25.875,26,25.875,26.125,26.125,25.75,25.75,25.875,25.875,25.75,25.75,NA,NA,NA,NA,NA,NA,NA,NA,NA,NA,NA,NA,NA,24.125
10,9/29/2023 5:04,3182,25.875,26,25.875,26.125,26.125,25.875,25.875,25.875,25.875,25.875,25.75,NA,NA,NA,NA,NA,NA,NA,NA,NA,NA,NA,NA,NA,24
10,9/29/2023 5:34,3183,26,26.125,25.875,26.25,26.25,25.875,25.875,26,26,25.875,25.875,NA,NA,NA,NA,NA,NA,NA,NA,NA,NA,NA,NA,NA,24
10,9/29/2023 6:04,3184,26,26,25.875,26.125,26.125,25.875,25.875,26,25.875,25.875,25.75,NA,NA,NA,NA,NA,NA,NA,NA,NA,NA,NA,NA,NA,24
10,9/29/2023 6:34,3185,26,26.125,25.875,26.25,26.25,25.875,26,26,26,25.875,25.875,NA,NA,NA,NA,NA,NA,NA,NA,NA,NA,NA,NA,NA,24
10,9/29/2023 7:04,3186,26,26.125,25.875,26.25,26.25,25.875,26,26,26,25.875,25.875,NA,NA,NA,NA,NA,NA,NA,NA,NA,NA,NA,NA,NA,24.125
10,9/29/2023 7:34,3187,26.125,26.125,26,26.25,26.25,26,26,26.125,26.125,26,26,NA,NA,NA,NA,NA,NA,NA,NA,NA,NA,NA,NA,NA,24.5
10,9/29/2023 8:04,3188,26.125,26.125,26,26.375,26.25,26,26,26.125,26.125,26,26,NA,NA,NA,NA,NA,NA,NA,NA,NA,NA,NA,NA,NA,24.625
10,9/29/2023 8:34,3189,26.25,26.375,26.125,26.375,26.375,26.125,26.125,26.25,26.25,26.125,26.125,NA,NA,NA,NA,NA,NA,NA,NA,NA,NA,NA,NA,NA,25
10,9/29/2023 9:04,3190,26.375,26.5,26.25,26.5,26.5,26.25,26.375,26.375,26.375,26.25,26.25,NA,NA,NA,NA,NA,NA,NA,NA,NA,NA,NA,NA,NA,26.125
10,9/29/2023 9:34,3191,26.5,26.625,26.375,26.75,26.625,26.375,26.375,26.5,26.5,26.375,26.375,NA,NA,NA,NA,NA,NA,NA,NA,NA,NA,NA,NA,NA,26.25
10,9/29/2023 10:04,3192,26.75,26.75,26.625,27,26.875,26.75,26.625,26.75,26.75,26.625,26.625,NA,NA,NA,NA,NA,NA,NA,NA,NA,NA,NA,NA,NA,26.25
10,9/29/2023 10:34,3193,26.75,26.875,26.75,27,26.875,26.75,26.75,26.75,26.75,26.625,26.625,NA,NA,NA,NA,NA,NA,NA,NA,NA,NA,NA,NA,NA,26.375
10,9/29/2023 11:04,3194,26.875,27,26.75,27.125,27,26.875,26.875,26.875,26.875,26.75,26.875,NA,NA,NA,NA,NA,NA,NA,NA,NA,NA,NA,NA,NA,26.5
10,9/29/2023 11:34,3195,27,27,26.875,27.25,27.125,27,26.875,27,27,26.875,26.875,NA,NA,NA,NA,NA,NA,NA,NA,NA,NA,NA,NA,NA,26.625
10,9/29/2023 12:04,3196,27,27.125,27,27.25,27.25,27,27,27.125,27.125,27,27,NA,NA,NA,NA,NA,NA,NA,NA,NA,NA,NA,NA,NA,26.625
10,9/29/2023 12:34,3197,27.125,27.25,27,27.25,27.25,27.125,27.125,27.125,27.125,27,27,NA,NA,NA,NA,NA,NA,NA,NA,NA,NA,NA,NA,NA,26.75
10,9/29/2023 13:04,3198,27.25,27.375,27.25,27.5,27.375,27.25,27.25,27.25,27.25,27.125,27.25,NA,NA,NA,NA,NA,NA,NA,NA,NA,NA,NA,NA,NA,26.75
10,9/29/2023 13:34,3199,27.5,27.5,27.375,27.625,27.625,27.5,27.375,27.5,27.5,27.375,27.375,NA,NA,NA,NA,NA,NA,NA,NA,NA,NA,NA,NA,NA,27.125
10,9/29/2023 14:04,3200,27.5,27.5,27.375,27.75,27.625,27.375,27.375,27.5,27.5,27.5,27.5,NA,NA,NA,NA,NA,NA,NA,NA,NA,NA,NA,NA,NA,27
10,9/29/2023 14:34,3201,27.375,27.375,27.25,27.625,27.5,27.25,27.25,27.375,27.375,27.25,27.375,NA,NA,NA,NA,NA,NA,NA,NA,NA,NA,NA,NA,NA,26.875
10,9/29/2023 15:04,3202,27.125,27.25,27.125,27.375,27.375,27.125,27.125,27.25,27.25,27.125,27.125,NA,NA,NA,NA,NA,NA,NA,NA,NA,NA,NA,NA,NA,26.875
10,9/29/2023 15:34,3203,27.125,27.25,27,27.25,27.25,27.125,27.125,27.125,27.125,27,27,NA,NA,NA,NA,NA,NA,NA,NA,NA,NA,NA,NA,NA,26.875
10,9/29/2023 16:04,3204,27,27.125,27,27.25,27.25,27,27,27.125,27,27,27,NA,NA,NA,NA,NA,NA,NA,NA,NA,NA,NA,NA,NA,26.875
10,9/29/2023 16:34,3205,26.875,27,26.875,27.125,27.125,26.875,27,27,26.875,26.875,26.875,NA,NA,NA,NA,NA,NA,NA,NA,NA,NA,NA,NA,NA,26.75
10,9/29/2023 17:04,3206,26.875,27,26.75,27.125,27,26.75,26.875,26.875,26.875,26.75,26.75,NA,NA,NA,NA,NA,NA,NA,NA,NA,NA,NA,NA,NA,26.75
10,9/29/2023 17:34,3207,26.75,26.875,26.75,27,26.875,26.75,26.75,26.75,26.75,26.625,26.625,NA,NA,NA,NA,NA,NA,NA,NA,NA,NA,NA,NA,NA,26.75
10,9/29/2023 18:04,3208,26.625,26.625,26.625,26.75,26.75,26.5,26.625,26.625,26.625,26.5,26.5,NA,NA,NA,NA,NA,NA,NA,NA,NA,NA,NA,NA,NA,26.75
10,9/29/2023 18:34,3209,26.5,26.625,26.5,26.75,26.625,26.375,26.5,26.5,26.5,26.375,26.375,NA,NA,NA,NA,NA,NA,NA,NA,NA,NA,NA,NA,NA,26.75
10,9/29/2023 19:04,3210,26.375,26.5,26.375,26.625,26.625,26.25,26.375,26.375,26.375,26.375,26.25,NA,NA,NA,NA,NA,NA,NA,NA,NA,NA,NA,NA,NA,26.625
10,9/29/2023 19:34,3211,26.25,26.375,26.375,26.5,26.5,26.25,26.25,26.375,26.375,26.25,26.25,NA,NA,NA,NA,NA,NA,NA,NA,NA,NA,NA,NA,NA,26.75
10,9/29/2023 20:04,3212,26.25,26.375,26.25,26.5,26.5,26.25,26.25,26.375,26.25,26.25,26.25,NA,NA,NA,NA,NA,NA,NA,NA,NA,NA,NA,NA,NA,26.75
10,9/29/2023 20:34,3213,26.25,26.375,26.25,26.5,26.5,26.25,26.25,26.25,26.25,26.25,26.125,NA,NA,NA,NA,NA,NA,NA,NA,NA,NA,NA,NA,NA,26.75
10,9/29/2023 21:04,3214,26.25,26.375,26.25,26.5,26.5,26.25,26.25,26.25,26.25,26.25,26.125,NA,NA,NA,NA,NA,NA,NA,NA,NA,NA,NA,NA,NA,26.75
10,9/29/2023 21:34,3215,26.25,26.375,26.25,26.5,26.5,26.25,26.25,26.375,26.25,26.25,26.125,NA,NA,NA,NA,NA,NA,NA,NA,NA,NA,NA,NA,NA,26.625
10,9/29/2023 22:04,3216,26.25,26.375,26.25,26.5,26.5,26.125,26.25,26.25,26.25,26.25,26.125,NA,NA,NA,NA,NA,NA,NA,NA,NA,NA,NA,NA,NA,26.625
10,9/29/2023 22:34,3217,26.25,26.375,26.25,26.5,26.5,26.125,26.25,26.25,26.25,26.25,26.125,NA,NA,NA,NA,NA,NA,NA,NA,NA,NA,NA,NA,NA,26.625
10,9/29/2023 23:04,3218,26.25,26.375,26.25,26.5,26.5,26.25,26.25,26.375,26.25,26.25,26.125,NA,NA,NA,NA,NA,NA,NA,NA,NA,NA,NA,NA,NA,26.625
10,9/29/2023 23:34,3219,26.25,26.375,26.25,26.5,26.5,26.25,26.25,26.375,26.25,26.25,26.125,NA,NA,NA,NA,NA,NA,NA,NA,NA,NA,NA,NA,NA,26.5
10,9/30/2023 0:04,3220,26.25,26.375,26.125,26.5,26.375,26.125,26.25,26.25,26.25,26.125,26.125,NA,NA,NA,NA,NA,NA,NA,NA,NA,NA,NA,NA,NA,26.5
10,9/30/2023 0:34,3221,26.125,26.25,26.125,26.375,26.375,26.125,26.125,26.25,26.125,26.125,26,NA,NA,NA,NA,NA,NA,NA,NA,NA,NA,NA,NA,NA,26.5
10,9/30/2023 1:04,3222,26.125,26.25,26.125,26.375,26.375,26.125,26.125,26.25,26.125,26.125,26,NA,NA,NA,NA,NA,NA,NA,NA,NA,NA,NA,NA,NA,26.5
10,9/30/2023 1:34,3223,26.125,26.25,26.125,26.375,26.375,26,26.125,26.125,26.125,26,26,NA,NA,NA,NA,NA,NA,NA,NA,NA,NA,NA,NA,NA,26.5
10,9/30/2023 2:04,3224,26.125,26.125,26.125,26.25,26.25,26,26,26.125,26.125,26,26,NA,NA,NA,NA,NA,NA,NA,NA,NA,NA,NA,NA,NA,26.5
10,9/30/2023 2:34,3225,26,26.125,26,26.25,26.25,26,26,26.125,26,26,25.875,NA,NA,NA,NA,NA,NA,NA,NA,NA,NA,NA,NA,NA,26.5
10,9/30/2023 3:04,3226,26.125,26.25,26.125,26.375,26.375,26,26.125,26.125,26.125,26,26,NA,NA,NA,NA,NA,NA,NA,NA,NA,NA,NA,NA,NA,26.5
10,9/30/2023 3:34,3227,26,26.125,26,26.25,26.25,26,26,26.125,26.125,26,26,NA,NA,NA,NA,NA,NA,NA,NA,NA,NA,NA,NA,NA,26.375
10,9/30/2023 4:04,3228,26,26.125,26,26.25,26.25,26,26,26.125,26,26,25.875,NA,NA,NA,NA,NA,NA,NA,NA,NA,NA,NA,NA,NA,26.375
10,9/30/2023 4:34,3229,26.125,26.125,26.125,26.25,26.375,26,26,26.125,26.125,26,26,NA,NA,NA,NA,NA,NA,NA,NA,NA,NA,NA,NA,NA,26.375
10,9/30/2023 5:04,3230,26,26.125,26,26.25,26.25,26,26,26.125,26,26,25.875,NA,NA,NA,NA,NA,NA,NA,NA,NA,NA,NA,NA,NA,26.375
10,9/30/2023 5:34,3231,26,26.125,26,26.25,26.25,25.875,26,26,26,25.875,25.875,NA,NA,NA,NA,NA,NA,NA,NA,NA,NA,NA,NA,NA,26.375
10,9/30/2023 6:04,3232,25.875,26,25.875,26.125,26.125,25.875,25.875,26,25.875,25.875,25.875,NA,NA,NA,NA,NA,NA,NA,NA,NA,NA,NA,NA,NA,26.375
10,9/30/2023 6:34,3233,25.875,26,25.875,26.125,26.125,25.75,25.75,25.875,25.875,25.75,25.75,NA,NA,NA,NA,NA,NA,NA,NA,NA,NA,NA,NA,NA,26.25
10,9/30/2023 7:04,3234,25.875,26,25.75,26,26.125,25.75,25.75,25.875,25.875,25.75,25.75,NA,NA,NA,NA,NA,NA,NA,NA,NA,NA,NA,NA,NA,26.25
10,9/30/2023 7:34,3235,26,26,25.875,26.125,26.25,25.875,25.875,26,26,25.875,25.875,NA,NA,NA,NA,NA,NA,NA,NA,NA,NA,NA,NA,NA,26.375
10,9/30/2023 8:04,3236,26.125,26.125,26,26.375,26.375,26,26,26.125,26.125,26,26,NA,NA,NA,NA,NA,NA,NA,NA,NA,NA,NA,NA,NA,26.375
10,9/30/2023 8:34,3237,26.125,26.25,26.125,26.375,26.375,26.125,26.125,26.25,26.125,26.125,26.125,NA,NA,NA,NA,NA,NA,NA,NA,NA,NA,NA,NA,NA,26.375
10,9/30/2023 9:04,3238,26.25,26.25,26.125,26.375,26.5,26.125,26.125,26.25,26.25,26.125,26.125,NA,NA,NA,NA,NA,NA,NA,NA,NA,NA,NA,NA,NA,26.375
10,9/30/2023 9:34,3239,26.5,26.5,26.375,26.625,26.625,26.375,26.25,26.5,26.375,26.375,26.25,NA,NA,NA,NA,NA,NA,NA,NA,NA,NA,NA,NA,NA,26.5
10,9/30/2023 10:04,3240,26.625,26.75,26.625,26.875,26.875,26.625,26.5,26.625,26.75,26.5,26.5,NA,NA,NA,NA,NA,NA,NA,NA,NA,NA,NA,NA,NA,26.625
10,9/30/2023 10:34,3241,26.75,26.75,26.625,26.875,26.875,26.625,26.625,26.75,26.75,26.5,26.5,NA,NA,NA,NA,NA,NA,NA,NA,NA,NA,NA,NA,NA,26.625
10,9/30/2023 11:04,3242,26.75,26.75,26.625,26.875,26.875,26.75,26.625,26.75,26.75,26.625,26.625,NA,NA,NA,NA,NA,NA,NA,NA,NA,NA,NA,NA,NA,26.625
10,9/30/2023 11:34,3243,26.875,26.875,26.875,27.125,27.125,26.875,26.75,26.875,26.875,26.75,26.75,NA,NA,NA,NA,NA,NA,NA,NA,NA,NA,NA,NA,NA,26.75
10,9/30/2023 12:04,3244,27.125,27.125,27,27.25,27.25,27.125,27,27.125,27.125,27,27,NA,NA,NA,NA,NA,NA,NA,NA,NA,NA,NA,NA,NA,26.75
10,9/30/2023 12:34,3245,27.375,27.375,27.25,27.5,27.5,27.375,27.25,27.375,27.25,27.25,27.25,NA,NA,NA,NA,NA,NA,NA,NA,NA,NA,NA,NA,NA,27
10,9/30/2023 13:04,3246,27.5,27.5,27.375,27.75,27.625,27.5,27.375,27.5,27.5,27.375,27.375,NA,NA,NA,NA,NA,NA,NA,NA,NA,NA,NA,NA,NA,27
10,9/30/2023 13:34,3247,27.375,27.375,27.25,27.625,27.5,27.25,27.25,27.375,27.375,27.25,27.25,NA,NA,NA,NA,NA,NA,NA,NA,NA,NA,NA,NA,NA,26.875
10,9/30/2023 14:04,3248,27.25,27.25,27.25,27.5,27.375,27.125,27.25,27.25,27.25,27.125,27.25,NA,NA,NA,NA,NA,NA,NA,NA,NA,NA,NA,NA,NA,26.875
10,9/30/2023 14:34,3249,27.125,27.25,27.125,27.375,27.375,27.125,27.125,27.125,27.125,27.125,27.125,NA,NA,NA,NA,NA,NA,NA,NA,NA,NA,NA,NA,NA,26.875
10,9/30/2023 15:04,3250,27,27.125,27,27.25,27.25,27,27,27,27,27,27,NA,NA,NA,NA,NA,NA,NA,NA,NA,NA,NA,NA,NA,26.75
10,9/30/2023 15:34,3251,26.875,27.125,27,27.25,27.125,27,27,27,27,26.875,26.875,NA,NA,NA,NA,NA,NA,NA,NA,NA,NA,NA,NA,NA,26.75
10,9/30/2023 16:04,3252,26.875,27,26.875,27.125,27.125,26.875,27,27,26.875,26.875,26.875,NA,NA,NA,NA,NA,NA,NA,NA,NA,NA,NA,NA,NA,26.75
10,9/30/2023 16:34,3253,26.75,26.875,26.75,27,27,26.75,26.875,26.875,26.75,26.75,26.75,NA,NA,NA,NA,NA,NA,NA,NA,NA,NA,NA,NA,NA,26.75
10,9/30/2023 17:04,3254,26.75,26.875,26.75,27,27,26.75,26.75,26.75,26.75,26.625,26.625,NA,NA,NA,NA,NA,NA,NA,NA,NA,NA,NA,NA,NA,26.75
10,9/30/2023 17:34,3255,26.625,26.75,26.625,26.875,26.875,26.625,26.625,26.625,26.75,26.625,26.625,NA,NA,NA,NA,NA,NA,NA,NA,NA,NA,NA,NA,NA,26.75
10,9/30/2023 18:04,3256,26.625,26.625,26.5,26.75,26.75,26.5,26.5,26.625,26.625,26.5,26.5,NA,NA,NA,NA,NA,NA,NA,NA,NA,NA,NA,NA,NA,26.75
10,9/30/2023 18:34,3257,26.5,26.625,26.5,26.75,26.75,26.5,26.5,26.5,26.5,26.375,26.375,NA,NA,NA,NA,NA,NA,NA,NA,NA,NA,NA,NA,NA,26.625
10,9/30/2023 19:04,3258,26.375,26.5,26.375,26.625,26.625,26.25,26.375,26.375,26.375,26.25,26.25,NA,NA,NA,NA,NA,NA,NA,NA,NA,NA,NA,NA,NA,26.75
10,9/30/2023 19:34,3259,26.25,26.375,26.25,26.5,26.5,26.25,26.25,26.375,26.25,26.25,26.25,NA,NA,NA,NA,NA,NA,NA,NA,NA,NA,NA,NA,NA,26.625
10,9/30/2023 20:04,3260,26.25,26.375,26.25,26.5,26.5,26.125,26.125,26.25,26.25,26.125,26.125,NA,NA,NA,NA,NA,NA,NA,NA,NA,NA,NA,NA,NA,26.625
10,9/30/2023 20:34,3261,26.25,26.375,26.125,26.375,26.375,26.125,26.125,26.25,26.25,26.125,26.125,NA,NA,NA,NA,NA,NA,NA,NA,NA,NA,NA,NA,NA,26.625
10,9/30/2023 21:04,3262,26.125,26.25,26.125,26.375,26.375,26.125,26.125,26.25,26.125,26,26,NA,NA,NA,NA,NA,NA,NA,NA,NA,NA,NA,NA,NA,26.5
10,9/30/2023 21:34,3263,26.125,26.25,26.125,26.25,26.375,26,26,26.125,26.125,26,26,NA,NA,NA,NA,NA,NA,NA,NA,NA,NA,NA,NA,NA,26.5
10,9/30/2023 22:04,3264,26,26.125,26,26.25,26.25,26,26,26.125,26,26,25.875,NA,NA,NA,NA,NA,NA,NA,NA,NA,NA,NA,NA,NA,26.375
10,9/30/2023 22:34,3265,26,26,26,26.125,26.25,25.875,25.875,26,26,25.875,25.875,NA,NA,NA,NA,NA,NA,NA,NA,NA,NA,NA,NA,NA,26.5
10,9/30/2023 23:04,3266,25.875,26,25.875,26.125,26.125,25.75,25.75,25.875,25.875,25.75,25.75,NA,NA,NA,NA,NA,NA,NA,NA,NA,NA,NA,NA,NA,26.375
10,9/30/2023 23:34,3267,25.875,26,25.75,26,26.125,25.75,25.75,25.875,25.875,25.75,25.75,NA,NA,NA,NA,NA,NA,NA,NA,NA,NA,NA,NA,NA,26.375
10,10/1/2023 0:04,3268,25.875,26,25.75,26,26.125,25.75,25.75,25.875,25.875,25.75,25.75,NA,NA,NA,NA,NA,NA,NA,NA,NA,NA,NA,NA,NA,26.5
10,10/1/2023 0:34,3269,25.875,26,25.875,26.125,26.125,25.75,25.75,25.875,25.875,25.75,25.75,NA,NA,NA,NA,NA,NA,NA,NA,NA,NA,NA,NA,NA,26.5
10,10/1/2023 1:04,3270,25.875,26,25.875,26.125,26.25,25.875,25.75,26,25.875,25.875,25.75,NA,NA,NA,NA,NA,NA,NA,NA,NA,NA,NA,NA,NA,26.5
10,10/1/2023 1:34,3271,26,26,25.875,26.125,26.25,25.875,25.875,26,26,25.875,25.875,NA,NA,NA,NA,NA,NA,NA,NA,NA,NA,NA,NA,NA,26.375
10,10/1/2023 2:04,3272,26,26.125,26,26.25,26.25,25.875,25.875,26,26,25.875,25.875,NA,NA,NA,NA,NA,NA,NA,NA,NA,NA,NA,NA,NA,26.375
10,10/1/2023 2:34,3273,26,26.125,26,26.25,26.25,26,26,26.125,26.125,26,26,NA,NA,NA,NA,NA,NA,NA,NA,NA,NA,NA,NA,NA,26.375
10,10/1/2023 3:04,3274,26,26.125,26,26.25,26.25,26,26,26.125,26,26,25.875,NA,NA,NA,NA,NA,NA,NA,NA,NA,NA,NA,NA,NA,26.375
10,10/1/2023 3:34,3275,26,26.125,26,26.25,26.25,26,26,26.125,26,26,25.875,NA,NA,NA,NA,NA,NA,NA,NA,NA,NA,NA,NA,NA,26.375
10,10/1/2023 4:04,3276,26,26.125,26,26.25,26.25,25.875,26,26,26,25.875,25.875,NA,NA,NA,NA,NA,NA,NA,NA,NA,NA,NA,NA,NA,26.375
10,10/1/2023 4:34,3277,26,26.125,26,26.25,26.25,25.875,26,26,26,25.875,25.875,NA,NA,NA,NA,NA,NA,NA,NA,NA,NA,NA,NA,NA,26.375
10,10/1/2023 5:04,3278,26,26.125,26,26.25,26.25,26,26,26.125,26,26,25.875,NA,NA,NA,NA,NA,NA,NA,NA,NA,NA,NA,NA,NA,26.375
10,10/1/2023 5:34,3279,26,26.125,26,26.25,26.25,26,26,26.125,26,26,25.875,NA,NA,NA,NA,NA,NA,NA,NA,NA,NA,NA,NA,NA,26.375
10,10/1/2023 6:04,3280,26,26.125,26,26.25,26.25,25.875,26,26,26,25.875,25.875,NA,NA,NA,NA,NA,NA,NA,NA,NA,NA,NA,NA,NA,26.25
10,10/1/2023 6:34,3281,26,26.125,26,26.25,26.25,25.875,25.875,26,26,25.875,25.875,NA,NA,NA,NA,NA,NA,NA,NA,NA,NA,NA,NA,NA,26.25
10,10/1/2023 7:04,3282,26,26.125,26,26.25,26.25,26,26,26,26,26,25.875,NA,NA,NA,NA,NA,NA,NA,NA,NA,NA,NA,NA,NA,26.25
10,10/1/2023 7:34,3283,26.125,26.25,26.125,26.375,26.375,26.125,26.125,26.25,26.125,26.125,26.125,NA,NA,NA,NA,NA,NA,NA,NA,NA,NA,NA,NA,NA,26.375
10,10/1/2023 8:04,3284,26.25,26.25,26.125,26.375,26.375,26.125,26.125,26.25,26.25,26.125,26.125,NA,NA,NA,NA,NA,NA,NA,NA,NA,NA,NA,NA,NA,26.375
10,10/1/2023 8:34,3285,26.375,26.5,26.25,26.5,26.5,26.25,26.25,26.375,26.375,26.25,26.25,NA,NA,NA,NA,NA,NA,NA,NA,NA,NA,NA,NA,NA,26.375
10,10/1/2023 9:04,3286,26.5,26.5,26.375,26.625,26.625,26.375,26.375,26.5,26.375,26.375,26.25,NA,NA,NA,NA,NA,NA,NA,NA,NA,NA,NA,NA,NA,26.5
10,10/1/2023 9:34,3287,26.375,26.5,26.375,26.625,26.625,26.25,26.25,26.375,26.375,26.25,26.25,NA,NA,NA,NA,NA,NA,NA,NA,NA,NA,NA,NA,NA,26.5
10,10/1/2023 10:04,3288,26.625,26.625,26.625,26.875,26.75,26.5,26.5,26.625,26.625,26.5,26.5,NA,NA,NA,NA,NA,NA,NA,NA,NA,NA,NA,NA,NA,26.5
10,10/1/2023 10:34,3289,26.625,26.625,26.5,26.75,26.75,26.5,26.5,26.625,26.5,26.375,26.375,NA,NA,NA,NA,NA,NA,NA,NA,NA,NA,NA,NA,NA,26.625
10,10/1/2023 11:04,3290,26.75,26.875,26.75,27,26.875,26.75,26.625,26.75,26.75,26.625,26.625,NA,NA,NA,NA,NA,NA,NA,NA,NA,NA,NA,NA,NA,26.75
10,10/1/2023 11:34,3291,27.125,27.125,27,27.25,27.25,27.125,27,27.125,27.125,27,27,NA,NA,NA,NA,NA,NA,NA,NA,NA,NA,NA,NA,NA,26.875
10,10/1/2023 12:04,3292,27.25,27.25,27.125,27.375,27.375,27.125,27.125,27.125,27.125,27.125,27.125,NA,NA,NA,NA,NA,NA,NA,NA,NA,NA,NA,NA,NA,26.875
10,10/1/2023 12:34,3293,27.25,27.25,27.25,27.5,27.375,27.25,27.125,27.25,27.25,27.125,27.125,NA,NA,NA,NA,NA,NA,NA,NA,NA,NA,NA,NA,NA,27
10,10/1/2023 13:04,3294,27.375,27.375,27.375,27.625,27.5,27.375,27.25,27.375,27.375,27.25,27.25,NA,NA,NA,NA,NA,NA,NA,NA,NA,NA,NA,NA,NA,27.125
10,10/1/2023 13:34,3295,27.375,27.375,27.25,27.5,27.375,27.25,27.25,27.25,27.375,27.25,27.25,NA,NA,NA,NA,NA,NA,NA,NA,NA,NA,NA,NA,NA,27.125
10,10/1/2023 14:04,3296,27.375,27.375,27.375,27.75,27.5,27.25,27.25,27.375,27.375,27.375,27.375,NA,NA,NA,NA,NA,NA,NA,NA,NA,NA,NA,NA,NA,27.125
10,10/1/2023 14:34,3297,27.125,27.25,27.125,27.375,27.25,27.125,27.125,27.125,27.125,27.125,27.125,NA,NA,NA,NA,NA,NA,NA,NA,NA,NA,NA,NA,NA,26.875
10,10/1/2023 15:04,3298,27.125,27,27.125,27.375,27.25,27,26.875,26.875,27.125,27,27,NA,NA,NA,NA,NA,NA,NA,NA,NA,NA,NA,NA,NA,26.875
10,10/1/2023 15:34,3299,27.375,27.375,27.375,27.5,27.375,27.25,27.125,27.125,27.375,27.125,27,NA,NA,NA,NA,NA,NA,NA,NA,NA,NA,NA,NA,NA,27
10,10/1/2023 16:04,3300,27.375,27.625,27.5,27.75,27.5,27.25,27.25,27.375,27.25,27.125,27.125,NA,NA,NA,NA,NA,NA,NA,NA,NA,NA,NA,NA,NA,27
10,10/1/2023 16:34,3301,27.25,27.25,27.25,27.5,27.375,27.125,27.125,27.25,27.125,27,27,NA,NA,NA,NA,NA,NA,NA,NA,NA,NA,NA,NA,NA,26.875
10,10/1/2023 17:04,3302,26.75,26.875,26.75,27,27,26.625,26.625,26.75,26.75,26.625,26.625,NA,NA,NA,NA,NA,NA,NA,NA,NA,NA,NA,NA,NA,26.75
10,10/1/2023 17:34,3303,26.5,26.5,26.5,26.75,26.75,26.375,26.375,26.5,26.5,26.375,26.375,NA,NA,NA,NA,NA,NA,NA,NA,NA,NA,NA,NA,NA,26.75
10,10/1/2023 18:04,3304,26.375,26.375,26.375,26.625,26.625,26.25,26.25,26.375,26.375,26.25,26.25,NA,NA,NA,NA,NA,NA,NA,NA,NA,NA,NA,NA,NA,26.75
10,10/1/2023 18:34,3305,26.25,26.375,26.25,26.5,26.5,26.125,26.125,26.25,26.25,26.125,26.125,NA,NA,NA,NA,NA,NA,NA,NA,NA,NA,NA,NA,NA,26.625
10,10/1/2023 19:04,3306,26.25,26.375,26.25,26.5,26.5,26.125,26.125,26.25,26.25,26.125,26.125,NA,NA,NA,NA,NA,NA,NA,NA,NA,NA,NA,NA,NA,26.625
10,10/1/2023 19:34,3307,26.25,26.375,26.25,26.5,26.5,26.25,26.25,26.375,26.25,26.25,26.125,NA,NA,NA,NA,NA,NA,NA,NA,NA,NA,NA,NA,NA,26.625
10,10/1/2023 20:04,3308,26.25,26.375,26.25,26.5,26.5,26.25,26.25,26.375,26.25,26.25,26.125,NA,NA,NA,NA,NA,NA,NA,NA,NA,NA,NA,NA,NA,26.625
10,10/1/2023 20:34,3309,26.25,26.375,26.25,26.5,26.5,26.25,26.25,26.25,26.25,26.25,26.125,NA,NA,NA,NA,NA,NA,NA,NA,NA,NA,NA,NA,NA,26.625
10,10/1/2023 21:04,3310,26.25,26.375,26.25,26.5,26.5,26.125,26.125,26.25,26.25,26.125,26.125,NA,NA,NA,NA,NA,NA,NA,NA,NA,NA,NA,NA,NA,26.625
10,10/1/2023 21:34,3311,26.125,26.25,26.125,26.375,26.375,26.125,26.125,26.25,26.25,26.125,26,NA,NA,NA,NA,NA,NA,NA,NA,NA,NA,NA,NA,NA,26.625
10,10/1/2023 22:04,3312,26.125,26.25,26.125,26.375,26.375,26,26,26.125,26.125,26,26,NA,NA,NA,NA,NA,NA,NA,NA,NA,NA,NA,NA,NA,26.625
10,10/1/2023 22:34,3313,26.125,26.25,26.125,26.375,26.375,26,26,26.125,26.125,26,26,NA,NA,NA,NA,NA,NA,NA,NA,NA,NA,NA,NA,NA,26.625
10,10/1/2023 23:04,3314,26.125,26.25,26.125,26.375,26.375,26,26,26.125,26.125,26,26,NA,NA,NA,NA,NA,NA,NA,NA,NA,NA,NA,NA,NA,26.5
10,10/1/2023 23:34,3315,26.125,26.25,26.125,26.375,26.375,26,26,26.125,26.125,26,26,NA,NA,NA,NA,NA,NA,NA,NA,NA,NA,NA,NA,NA,26.5
11,10/2/2023 0:04,3316,26.25,26.25,26.25,26.5,26.5,26.125,26.125,26.25,26.25,26.125,26.125,NA,NA,NA,NA,NA,NA,NA,NA,NA,NA,NA,NA,NA,26.5
11,10/2/2023 0:34,3317,26.25,26.375,26.125,26.5,26.5,26.125,26.125,26.25,26.25,26.125,26.125,NA,NA,NA,NA,NA,NA,NA,NA,NA,NA,NA,NA,NA,26.5
11,10/2/2023 1:04,3318,26.125,26.25,26.125,26.375,26.375,26.125,26.125,26.25,26.25,26.125,26,NA,NA,NA,NA,NA,NA,NA,NA,NA,NA,NA,NA,NA,26.5
11,10/2/2023 1:34,3319,26.125,26.25,26.125,26.375,26.375,26,26.125,26.125,26.125,26.125,26,NA,NA,NA,NA,NA,NA,NA,NA,NA,NA,NA,NA,NA,26.5
11,10/2/2023 2:04,3320,26.125,26.25,26.125,26.375,26.375,26,26,26.125,26.125,26,26,NA,NA,NA,NA,NA,NA,NA,NA,NA,NA,NA,NA,NA,26.375
11,10/2/2023 2:34,3321,26.125,26.25,26.125,26.375,26.375,26,26,26.125,26.125,26,26,NA,NA,NA,NA,NA,NA,NA,NA,NA,NA,NA,NA,NA,26.375
11,10/2/2023 3:04,3322,26.125,26.25,26.125,26.375,26.375,26.125,26.125,26.25,26.25,26.125,26,NA,NA,NA,NA,NA,NA,NA,NA,NA,NA,NA,NA,NA,26.5
11,10/2/2023 3:34,3323,26.25,26.25,26.125,26.5,26.375,26.125,26.125,26.25,26.25,26.125,26.125,NA,NA,NA,NA,NA,NA,NA,NA,NA,NA,NA,NA,NA,26.5
11,10/2/2023 4:04,3324,26.25,26.375,26.125,26.5,26.375,26.125,26.125,26.25,26.25,26.125,26.125,NA,NA,NA,NA,NA,NA,NA,NA,NA,NA,NA,NA,NA,26.375
11,10/2/2023 4:34,3325,26.25,26.375,26.125,26.5,26.375,26.125,26.125,26.25,26.25,26.125,26.125,NA,NA,NA,NA,NA,NA,NA,NA,NA,NA,NA,NA,NA,26.375
11,10/2/2023 5:04,3326,26.25,26.375,26.25,26.5,26.5,26.125,26.25,26.25,26.25,26.125,26.125,NA,NA,NA,NA,NA,NA,NA,NA,NA,NA,NA,NA,NA,26.375
11,10/2/2023 5:34,3327,26.125,26.25,26.125,26.375,26.375,26,26.125,26.125,26.125,26,26,NA,NA,NA,NA,NA,NA,NA,NA,NA,NA,NA,NA,NA,26.375
11,10/2/2023 6:04,3328,26.125,26.25,26.125,26.375,26.375,26.125,26.125,26.25,26.125,26.125,26,NA,NA,NA,NA,NA,NA,NA,NA,NA,NA,NA,NA,NA,26.375
11,10/2/2023 6:34,3329,26.25,26.375,26.125,26.375,26.375,26.125,26.125,26.25,26.125,26.125,26,NA,NA,NA,NA,NA,NA,NA,NA,NA,NA,NA,NA,NA,26.375
11,10/2/2023 7:04,3330,26.25,26.375,26.125,26.5,26.375,26.125,26.25,26.25,26.25,26.125,26.125,NA,NA,NA,NA,NA,NA,NA,NA,NA,NA,NA,NA,NA,26.375
11,10/2/2023 7:34,3331,26.375,26.5,26.375,26.625,26.5,26.375,26.375,26.375,26.375,26.25,26.25,NA,NA,NA,NA,NA,NA,NA,NA,NA,NA,NA,NA,NA,26.375
11,10/2/2023 8:04,3332,26.625,26.625,26.5,26.875,26.75,26.625,26.5,26.625,26.75,26.5,26.5,NA,NA,NA,NA,NA,NA,NA,NA,NA,NA,NA,NA,NA,26.5
11,10/2/2023 8:34,3333,26.75,26.75,26.625,26.875,26.875,26.625,26.625,26.75,26.75,26.625,26.5,NA,NA,NA,NA,NA,NA,NA,NA,NA,NA,NA,NA,NA,26.5
11,10/2/2023 9:04,3334,26.75,26.75,26.625,26.875,26.875,26.625,26.625,26.75,26.75,26.625,26.5,NA,NA,NA,NA,NA,NA,NA,NA,NA,NA,NA,NA,NA,26.5
11,10/2/2023 9:34,3335,26.75,26.75,26.625,26.875,26.875,26.625,26.625,26.75,26.75,26.625,26.5,NA,NA,NA,NA,NA,NA,NA,NA,NA,NA,NA,NA,NA,26.625
11,10/2/2023 10:04,3336,26.875,26.875,26.75,27.125,27,26.75,26.75,26.875,26.75,26.75,26.625,NA,NA,NA,NA,NA,NA,NA,NA,NA,NA,NA,NA,NA,26.625
11,10/2/2023 10:34,3337,26.75,26.875,26.625,27,26.875,26.75,26.75,26.75,26.75,26.625,26.625,NA,NA,NA,NA,NA,NA,NA,NA,NA,NA,NA,NA,NA,26.625
11,10/2/2023 11:04,3338,26.75,26.875,26.75,27.125,27,26.75,26.75,26.75,26.75,26.75,26.75,NA,NA,NA,NA,NA,NA,NA,NA,NA,NA,NA,NA,NA,26.75
11,10/2/2023 11:34,3339,27.125,27.125,27,27.375,27.25,27.125,27,27.125,27.125,27,27,NA,NA,NA,NA,NA,NA,NA,NA,NA,NA,NA,NA,NA,27
11,10/2/2023 12:04,3340,27.375,27.375,27.375,27.625,27.5,27.375,27.25,27.375,27.375,27.25,27.25,NA,NA,NA,NA,NA,NA,NA,NA,NA,NA,NA,NA,NA,27.125
11,10/2/2023 12:34,3341,27.5,27.5,27.375,27.625,27.5,27.375,27.375,27.375,27.375,27.25,27.375,NA,NA,NA,NA,NA,NA,NA,NA,NA,NA,NA,NA,NA,27.125
11,10/2/2023 13:04,3342,27.75,27.75,27.625,27.875,27.75,27.625,27.625,27.625,27.625,27.5,27.5,NA,NA,NA,NA,NA,NA,NA,NA,NA,NA,NA,NA,NA,27.25
11,10/2/2023 13:34,3343,27.75,27.75,27.625,28,27.75,27.625,27.625,27.75,27.75,27.5,27.625,NA,NA,NA,NA,NA,NA,NA,NA,NA,NA,NA,NA,NA,27.375
11,10/2/2023 14:04,3344,27.875,27.875,27.75,28.25,27.875,27.75,27.75,27.75,27.75,27.875,27.875,NA,NA,NA,NA,NA,NA,NA,NA,NA,NA,NA,NA,NA,27.25
11,10/2/2023 14:34,3345,27.375,27.5,27.375,27.75,27.5,27.375,27.375,27.375,27.375,27.375,27.375,NA,NA,NA,NA,NA,NA,NA,NA,NA,NA,NA,NA,NA,27.125
11,10/2/2023 15:04,3346,27.125,27.25,27.125,27.375,27.25,27.125,27.125,27.125,27.125,27.125,27.125,NA,NA,NA,NA,NA,NA,NA,NA,NA,NA,NA,NA,NA,26.875
11,10/2/2023 15:34,3347,27,27.125,27,27.25,27.125,27,27,27,27,27,27,NA,NA,NA,NA,NA,NA,NA,NA,NA,NA,NA,NA,NA,26.875
11,10/2/2023 16:04,3348,27.125,27.25,27.125,27.375,27.25,26.875,27,27.125,27,27,27,NA,NA,NA,NA,NA,NA,NA,NA,NA,NA,NA,NA,NA,26.875
11,10/2/2023 16:34,3349,26.75,26.875,26.75,27.125,27,26.625,26.75,26.875,26.75,26.75,26.75,NA,NA,NA,NA,NA,NA,NA,NA,NA,NA,NA,NA,NA,26.75
11,10/2/2023 17:04,3350,26.625,26.75,26.625,26.875,26.875,26.5,26.5,26.625,26.75,26.5,26.5,NA,NA,NA,NA,NA,NA,NA,NA,NA,NA,NA,NA,NA,26.75
11,10/2/2023 17:34,3351,26.625,26.625,26.5,26.875,26.75,26.5,26.5,26.625,26.625,26.5,26.5,NA,NA,NA,NA,NA,NA,NA,NA,NA,NA,NA,NA,NA,26.75
11,10/2/2023 18:04,3352,26.5,26.5,26.5,26.75,26.75,26.375,26.375,26.5,26.5,26.375,26.375,NA,NA,NA,NA,NA,NA,NA,NA,NA,NA,NA,NA,NA,26.75
11,10/2/2023 18:34,3353,26.375,26.5,26.375,26.625,26.625,26.25,26.375,26.375,26.375,26.25,26.25,NA,NA,NA,NA,NA,NA,NA,NA,NA,NA,NA,NA,NA,26.75
11,10/2/2023 19:04,3354,26.375,26.375,26.375,26.625,26.625,26.25,26.25,26.375,26.375,26.25,26.25,NA,NA,NA,NA,NA,NA,NA,NA,NA,NA,NA,NA,NA,26.75
11,10/2/2023 19:34,3355,26.375,26.375,26.375,26.625,26.625,26.25,26.25,26.375,26.375,26.25,26.25,NA,NA,NA,NA,NA,NA,NA,NA,NA,NA,NA,NA,NA,26.75
11,10/2/2023 20:04,3356,26.25,26.25,26.25,26.5,26.5,26.125,26.125,26.25,26.25,26.125,26.125,NA,NA,NA,NA,NA,NA,NA,NA,NA,NA,NA,NA,NA,26.625
11,10/2/2023 20:34,3357,26.25,26.25,26.125,26.5,26.5,26.125,26.125,26.25,26.25,26.125,26.125,NA,NA,NA,NA,NA,NA,NA,NA,NA,NA,NA,NA,NA,26.625
11,10/2/2023 21:04,3358,26.25,26.375,26.25,26.5,26.5,26.125,26.125,26.25,26.25,26.125,26.125,NA,NA,NA,NA,NA,NA,NA,NA,NA,NA,NA,NA,NA,26.75
11,10/2/2023 21:34,3359,26.25,26.375,26.25,26.5,26.5,26.125,26.125,26.25,26.25,26.125,26.125,NA,NA,NA,NA,NA,NA,NA,NA,NA,NA,NA,NA,NA,26.75
11,10/2/2023 22:04,3360,26.375,26.375,26.25,26.5,26.625,26.25,26.25,26.375,26.375,26.25,26.25,NA,NA,NA,NA,NA,NA,NA,NA,NA,NA,NA,NA,NA,26.75
11,10/2/2023 22:34,3361,26.25,26.375,26.25,26.5,26.5,26.25,26.25,26.375,26.375,26.25,26.125,NA,NA,NA,NA,NA,NA,NA,NA,NA,NA,NA,NA,NA,26.75
11,10/2/2023 23:04,3362,26.25,26.25,26.25,26.5,26.5,26.125,26.125,26.25,26.25,26.125,26.125,NA,NA,NA,NA,NA,NA,NA,NA,NA,NA,NA,NA,NA,26.75
11,10/2/2023 23:34,3363,26.25,26.25,26.25,26.5,26.5,26.125,26.125,26.25,26.25,26.125,26.125,NA,NA,NA,NA,NA,NA,NA,NA,NA,NA,NA,NA,NA,26.75
11,10/3/2023 0:04,3364,26.25,26.25,26.25,26.5,26.5,26.125,26.125,26.25,26.25,26.125,26.125,NA,NA,NA,NA,NA,NA,NA,NA,NA,NA,NA,NA,NA,26.75
11,10/3/2023 0:34,3365,26.25,26.375,26.25,26.5,26.5,26.125,26.25,26.25,26.25,26.125,26.125,NA,NA,NA,NA,NA,NA,NA,NA,NA,NA,NA,NA,NA,26.75
11,10/3/2023 1:04,3366,26.25,26.375,26.25,26.5,26.5,26.25,26.25,26.375,26.25,26.25,26.125,NA,NA,NA,NA,NA,NA,NA,NA,NA,NA,NA,NA,NA,26.75
11,10/3/2023 1:34,3367,26.375,26.5,26.375,26.625,26.625,26.25,26.375,26.375,26.375,26.25,26.25,NA,NA,NA,NA,NA,NA,NA,NA,NA,NA,NA,NA,NA,26.625
11,10/3/2023 2:04,3368,26.5,26.625,26.375,26.625,26.625,26.375,26.5,26.5,26.5,26.375,26.25,NA,NA,NA,NA,NA,NA,NA,NA,NA,NA,NA,NA,NA,26.625
11,10/3/2023 2:34,3369,26.5,26.625,26.5,26.75,26.75,26.375,26.5,26.625,26.5,26.375,26.375,NA,NA,NA,NA,NA,NA,NA,NA,NA,NA,NA,NA,NA,26.5
11,10/3/2023 3:04,3370,26.5,26.625,26.5,26.75,26.75,26.375,26.5,26.625,26.5,26.375,26.375,NA,NA,NA,NA,NA,NA,NA,NA,NA,NA,NA,NA,NA,26.5
11,10/3/2023 3:34,3371,26.375,26.5,26.375,26.625,26.5,26.25,26.375,26.375,26.375,26.25,26.25,NA,NA,NA,NA,NA,NA,NA,NA,NA,NA,NA,NA,NA,26.5
11,10/3/2023 4:04,3372,26.375,26.5,26.25,26.5,26.5,26.25,26.375,26.375,26.375,26.25,26.25,NA,NA,NA,NA,NA,NA,NA,NA,NA,NA,NA,NA,NA,26.375
11,10/3/2023 4:34,3373,26.25,26.375,26.25,26.5,26.5,26.25,26.375,26.375,26.25,26.125,26.125,NA,NA,NA,NA,NA,NA,NA,NA,NA,NA,NA,NA,NA,26.375
11,10/3/2023 5:04,3374,26.375,26.5,26.25,26.5,26.5,26.25,26.375,26.375,26.25,26.25,26.125,NA,NA,NA,NA,NA,NA,NA,NA,NA,NA,NA,NA,NA,26.375
11,10/3/2023 5:34,3375,26.375,26.5,26.375,26.625,26.5,26.25,26.375,26.375,26.375,26.25,26.125,NA,NA,NA,NA,NA,NA,NA,NA,NA,NA,NA,NA,NA,26.375
11,10/3/2023 6:04,3376,26.375,26.5,26.25,26.5,26.5,26.25,26.375,26.375,26.25,26.25,26.125,NA,NA,NA,NA,NA,NA,NA,NA,NA,NA,NA,NA,NA,26.375
11,10/3/2023 6:34,3377,26.375,26.5,26.25,26.5,26.5,26.25,26.375,26.375,26.25,26.25,26.25,NA,NA,NA,NA,NA,NA,NA,NA,NA,NA,NA,NA,NA,26.375
11,10/3/2023 7:04,3378,26.375,26.5,26.375,26.625,26.5,26.25,26.375,26.375,26.375,26.25,26.25,NA,NA,NA,NA,NA,NA,NA,NA,NA,NA,NA,NA,NA,26.375
11,10/3/2023 7:34,3379,26.5,26.625,26.375,26.625,26.625,26.375,26.5,26.5,26.375,26.375,26.375,NA,NA,NA,NA,NA,NA,NA,NA,NA,NA,NA,NA,NA,26.5
11,10/3/2023 8:04,3380,26.625,26.625,26.5,26.75,26.75,26.5,26.625,26.625,26.5,26.5,26.5,NA,NA,NA,NA,NA,NA,NA,NA,NA,NA,NA,NA,NA,26.5
11,10/3/2023 8:34,3381,26.625,26.75,26.625,26.875,26.75,26.625,26.75,26.625,26.75,26.625,26.5,NA,NA,NA,NA,NA,NA,NA,NA,NA,NA,NA,NA,NA,26.5
11,10/3/2023 9:04,3382,26.75,26.875,26.75,27,26.875,26.75,26.875,26.75,26.75,26.625,26.625,NA,NA,NA,NA,NA,NA,NA,NA,NA,NA,NA,NA,NA,26.5
11,10/3/2023 9:34,3383,26.875,27,26.75,27.125,27,26.75,26.875,26.875,26.75,26.75,26.75,NA,NA,NA,NA,NA,NA,NA,NA,NA,NA,NA,NA,NA,26.625
11,10/3/2023 10:04,3384,26.875,27.125,26.875,27.125,27,26.875,27,27,26.875,26.75,26.75,NA,NA,NA,NA,NA,NA,NA,NA,NA,NA,NA,NA,NA,26.75
11,10/3/2023 10:34,3385,27.125,27.25,27.125,27.125,26.875,27.125,27,27,26.875,26.875,26.625,NA,NA,NA,NA,NA,NA,NA,NA,NA,NA,NA,NA,NA,26.75
11,10/3/2023 11:04,3386,27.125,27.25,27.125,27,26.875,26.875,26.75,26.75,26.875,26.625,26.625,NA,NA,NA,NA,NA,NA,NA,NA,NA,NA,NA,NA,NA,26.875
11,10/3/2023 11:34,3387,27.125,27.125,27.125,27.25,27.125,27,27,27,26.875,26.75,26.875,NA,NA,NA,NA,NA,NA,NA,NA,NA,NA,NA,NA,NA,27.25
11,10/3/2023 12:04,3388,27.25,27.25,27.25,27.375,27.25,27.25,27.25,27.25,27.125,27,27.125,NA,NA,NA,NA,NA,NA,NA,NA,NA,NA,NA,NA,NA,27.375
11,10/3/2023 12:34,3389,27.375,27.375,27.25,27.5,27.375,27.375,27.375,27.375,27.25,27.125,27.125,NA,NA,NA,NA,NA,NA,NA,NA,NA,NA,NA,NA,NA,27.125
11,10/3/2023 13:04,3390,27.25,27.375,27.25,27.5,27.25,27.375,27.25,27.375,27.25,27.125,27.125,NA,NA,NA,NA,NA,NA,NA,NA,NA,NA,NA,NA,NA,27
11,10/3/2023 13:34,3391,27.25,27.375,27.25,27.5,27.25,27.375,27.25,27.375,27.25,27.25,27.125,NA,NA,NA,NA,NA,NA,NA,NA,NA,NA,NA,NA,NA,27
11,10/3/2023 14:04,3392,27.25,27.25,27.125,27.375,27.25,27.25,27.25,27.375,27.125,27.125,27,NA,NA,NA,NA,NA,NA,NA,NA,NA,NA,NA,NA,NA,27
11,10/3/2023 14:34,3393,27.125,27.125,27,27.25,27.125,27.125,27.125,27.25,27,26.875,26.875,NA,NA,NA,NA,NA,NA,NA,NA,NA,NA,NA,NA,NA,26.875
11,10/3/2023 15:04,3394,27,27.125,26.875,27.25,27,27.125,27,27.125,26.875,26.875,26.875,NA,NA,NA,NA,NA,NA,NA,NA,NA,NA,NA,NA,NA,26.875
11,10/3/2023 15:34,3395,27,27.125,26.875,27.125,27,27.125,27,27,26.875,26.875,26.875,NA,NA,NA,NA,NA,NA,NA,NA,NA,NA,NA,NA,NA,26.875
11,10/3/2023 16:04,3396,27,27.125,26.875,27.125,27,27.125,27,27,26.875,26.875,26.875,NA,NA,NA,NA,NA,NA,NA,NA,NA,NA,NA,NA,NA,27
11,10/3/2023 16:34,3397,27,27.125,27,27.25,27,27.125,27,27.125,27,26.875,26.875,NA,NA,NA,NA,NA,NA,NA,NA,NA,NA,NA,NA,NA,27
11,10/3/2023 17:04,3398,27,27.125,26.875,27.25,27,27.125,27,27.125,27,26.875,26.875,NA,NA,NA,NA,NA,NA,NA,NA,NA,NA,NA,NA,NA,27
11,10/3/2023 17:34,3399,26.875,27,26.875,27.125,27,27,27,27,26.875,26.875,26.75,NA,NA,NA,NA,NA,NA,NA,NA,NA,NA,NA,NA,NA,27
11,10/3/2023 18:04,3400,26.875,27,26.875,27.125,26.875,27,26.875,27,26.875,26.75,26.75,NA,NA,NA,NA,NA,NA,NA,NA,NA,NA,NA,NA,NA,27
11,10/3/2023 18:34,3401,26.875,27,26.875,27.125,26.875,27,26.875,27,26.875,26.75,26.75,NA,NA,NA,NA,NA,NA,NA,NA,NA,NA,NA,NA,NA,27
11,10/3/2023 19:04,3402,26.875,27,26.875,27,26.875,27,26.875,27,26.875,26.75,26.75,NA,NA,NA,NA,NA,NA,NA,NA,NA,NA,NA,NA,NA,27
11,10/3/2023 19:34,3403,26.75,27,26.75,27,26.875,27,26.875,26.875,26.875,26.75,26.75,NA,NA,NA,NA,NA,NA,NA,NA,NA,NA,NA,NA,NA,27
11,10/3/2023 20:04,3404,26.875,27,26.875,27,26.875,27,26.875,27,26.875,26.75,26.75,NA,NA,NA,NA,NA,NA,NA,NA,NA,NA,NA,NA,NA,27
11,10/3/2023 20:34,3405,26.875,27,26.875,27,26.875,27,26.875,27,26.875,26.75,26.75,NA,NA,NA,NA,NA,NA,NA,NA,NA,NA,NA,NA,NA,26.875
11,10/3/2023 21:04,3406,26.75,27,26.75,27,26.875,27,26.875,26.875,26.875,26.75,26.75,NA,NA,NA,NA,NA,NA,NA,NA,NA,NA,NA,NA,NA,26.875
11,10/3/2023 21:34,3407,26.75,27,26.75,27,26.75,26.875,26.875,26.875,26.75,26.75,26.625,NA,NA,NA,NA,NA,NA,NA,NA,NA,NA,NA,NA,NA,26.875
11,10/3/2023 22:04,3408,26.75,26.875,26.75,26.875,26.75,26.875,26.75,26.75,26.75,26.625,26.625,NA,NA,NA,NA,NA,NA,NA,NA,NA,NA,NA,NA,NA,26.875
11,10/3/2023 22:34,3409,26.625,26.875,26.625,26.875,26.75,26.875,26.75,26.75,26.75,26.625,26.625,NA,NA,NA,NA,NA,NA,NA,NA,NA,NA,NA,NA,NA,26.875
11,10/3/2023 23:04,3410,26.625,26.875,26.625,26.75,26.625,26.75,26.75,26.75,26.75,26.625,26.625,NA,NA,NA,NA,NA,NA,NA,NA,NA,NA,NA,NA,NA,26.875
11,10/3/2023 23:34,3411,26.625,26.875,26.625,26.75,26.625,26.75,26.75,26.75,26.75,26.625,26.625,NA,NA,NA,NA,NA,NA,NA,NA,NA,NA,NA,NA,NA,26.875
11,10/4/2023 0:04,3412,26.625,26.875,26.625,26.75,26.625,26.75,26.625,26.75,26.75,26.625,26.5,NA,NA,NA,NA,NA,NA,NA,NA,NA,NA,NA,NA,NA,26.875
11,10/4/2023 0:34,3413,26.5,26.75,26.5,26.75,26.625,26.75,26.625,26.625,26.625,26.5,26.5,NA,NA,NA,NA,NA,NA,NA,NA,NA,NA,NA,NA,NA,26.875
11,10/4/2023 1:04,3414,26.5,26.75,26.5,26.75,26.5,26.625,26.625,26.625,26.625,26.5,26.5,NA,NA,NA,NA,NA,NA,NA,NA,NA,NA,NA,NA,NA,26.875
11,10/4/2023 1:34,3415,26.5,26.75,26.5,26.625,26.5,26.625,26.625,26.625,26.5,26.5,26.5,NA,NA,NA,NA,NA,NA,NA,NA,NA,NA,NA,NA,NA,26.75
11,10/4/2023 2:04,3416,26.375,26.625,26.375,26.625,26.375,26.5,26.5,26.5,26.5,26.375,26.375,NA,NA,NA,NA,NA,NA,NA,NA,NA,NA,NA,NA,NA,26.875
11,10/4/2023 2:34,3417,26.375,26.625,26.375,26.625,26.375,26.5,26.5,26.5,26.375,26.375,26.375,NA,NA,NA,NA,NA,NA,NA,NA,NA,NA,NA,NA,NA,26.875
11,10/4/2023 3:04,3418,26.25,26.5,26.375,26.5,26.375,26.5,26.5,26.5,26.375,26.375,26.375,NA,NA,NA,NA,NA,NA,NA,NA,NA,NA,NA,NA,NA,26.75
11,10/4/2023 3:34,3419,26.25,26.5,26.375,26.5,26.375,26.5,26.375,26.5,26.375,26.375,26.25,NA,NA,NA,NA,NA,NA,NA,NA,NA,NA,NA,NA,NA,26.875
11,10/4/2023 4:04,3420,26.25,26.5,26.25,26.5,26.375,26.5,26.375,26.5,26.375,26.375,26.25,NA,NA,NA,NA,NA,NA,NA,NA,NA,NA,NA,NA,NA,26.875
11,10/4/2023 4:34,3421,26.125,26.5,26.25,26.5,26.25,26.375,26.375,26.375,26.375,26.25,26.25,NA,NA,NA,NA,NA,NA,NA,NA,NA,NA,NA,NA,NA,26.625
11,10/4/2023 5:04,3422,26.125,26.375,26.125,26.375,26.25,26.375,26.25,26.375,26.25,26.25,26.125,NA,NA,NA,NA,NA,NA,NA,NA,NA,NA,NA,NA,NA,26.75
11,10/4/2023 5:34,3423,26.125,26.375,26.125,26.375,26.125,26.375,26.25,26.375,26.25,26.25,26.125,NA,NA,NA,NA,NA,NA,NA,NA,NA,NA,NA,NA,NA,26.75
11,10/4/2023 6:04,3424,26,26.375,26.125,26.375,26.125,26.25,26.25,26.25,26.125,26.125,26.125,NA,NA,NA,NA,NA,NA,NA,NA,NA,NA,NA,NA,NA,26.625
11,10/4/2023 6:34,3425,26,26.25,26.125,26.25,26,26.25,26.125,26.25,26.125,26.125,26,NA,NA,NA,NA,NA,NA,NA,NA,NA,NA,NA,NA,NA,26.625
11,10/4/2023 7:04,3426,26.125,26.375,26.125,26.375,26.25,26.375,26.25,26.25,26.25,26.25,26.125,NA,NA,NA,NA,NA,NA,NA,NA,NA,NA,NA,NA,NA,26.625
11,10/4/2023 7:34,3427,26.375,26.625,26.5,26.75,26.5,26.5,26.625,26.625,26.375,26.375,26.375,NA,NA,NA,NA,NA,NA,NA,NA,NA,NA,NA,NA,NA,26.75
11,10/4/2023 8:04,3428,26.75,27,26.75,27.125,26.875,26.75,26.875,26.875,26.75,26.625,26.625,NA,NA,NA,NA,NA,NA,NA,NA,NA,NA,NA,NA,NA,26.75
11,10/4/2023 8:34,3429,26.875,27.125,26.875,27,27,26.875,26.875,27,26.75,26.75,26.75,NA,NA,NA,NA,NA,NA,NA,NA,NA,NA,NA,NA,NA,26.75
11,10/4/2023 9:04,3430,26.875,27.125,26.875,27.125,27,27,27,27,26.875,26.75,26.75,NA,NA,NA,NA,NA,NA,NA,NA,NA,NA,NA,NA,NA,26.875
11,10/4/2023 9:34,3431,27,27.125,27,27.125,27,27,27,27,26.875,26.875,26.875,NA,NA,NA,NA,NA,NA,NA,NA,NA,NA,NA,NA,NA,26.875
11,10/4/2023 10:04,3432,27,27.25,27,27.25,27.125,27.125,27.125,27.125,27,26.875,27,NA,NA,NA,NA,NA,NA,NA,NA,NA,NA,NA,NA,NA,27
11,10/4/2023 10:34,3433,27,27.125,27,27.25,27,27.125,27,27.125,27,26.875,26.875,NA,NA,NA,NA,NA,NA,NA,NA,NA,NA,NA,NA,NA,27
11,10/4/2023 11:04,3434,27.125,27.25,27,27.25,27.125,27.125,27,27.25,27,26.875,27,NA,NA,NA,NA,NA,NA,NA,NA,NA,NA,NA,NA,NA,27.125
11,10/4/2023 11:34,3435,27.375,27.375,27.25,27.5,27.375,27.25,27.375,27.5,27.25,27.125,27.25,NA,NA,NA,NA,NA,NA,NA,NA,NA,NA,NA,NA,NA,27.25
11,10/4/2023 12:04,3436,27.625,27.625,27.5,27.625,27.625,27.5,27.5,27.625,27.375,27.375,27.375,NA,NA,NA,NA,NA,NA,NA,NA,NA,NA,NA,NA,NA,27.375
11,10/4/2023 12:34,3437,27.75,27.75,27.625,27.75,27.75,27.625,27.625,27.75,27.5,27.375,27.5,NA,NA,NA,NA,NA,NA,NA,NA,NA,NA,NA,NA,NA,27.5
11,10/4/2023 13:04,3438,27.875,27.875,27.75,27.875,27.75,27.75,27.75,27.875,27.625,27.5,27.625,NA,NA,NA,NA,NA,NA,NA,NA,NA,NA,NA,NA,NA,27.5
11,10/4/2023 13:34,3439,28,28,27.875,28,28,27.875,27.875,28,27.75,27.625,27.75,NA,NA,NA,NA,NA,NA,NA,NA,NA,NA,NA,NA,NA,27.75
11,10/4/2023 14:04,3440,28.25,28.125,28,28.5,28,28.125,28,28.375,27.875,27.875,27.875,NA,NA,NA,NA,NA,NA,NA,NA,NA,NA,NA,NA,NA,27.625
11,10/4/2023 14:34,3441,27.875,27.75,27.625,28.125,27.75,27.875,27.875,28.125,27.75,27.75,27.625,NA,NA,NA,NA,NA,NA,NA,NA,NA,NA,NA,NA,NA,27.375
11,10/4/2023 15:04,3442,27.875,27.625,27.5,28,27.75,27.75,27.75,27.875,27.5,27.625,27.5,NA,NA,NA,NA,NA,NA,NA,NA,NA,NA,NA,NA,NA,27.5
11,10/4/2023 15:34,3443,28,28,28,27.875,28.125,27.875,28,27.875,27.875,27.625,27.875,NA,NA,NA,NA,NA,NA,NA,NA,NA,NA,NA,NA,NA,27.5
11,10/4/2023 16:04,3444,28.375,28.25,28.125,28.125,28.125,28,28,28.125,28.125,27.75,28,NA,NA,NA,NA,NA,NA,NA,NA,NA,NA,NA,NA,NA,27.625
11,10/4/2023 16:34,3445,28,28,27.875,28,28,27.875,27.75,28,27.875,27.75,27.75,NA,NA,NA,NA,NA,NA,NA,NA,NA,NA,NA,NA,NA,27.625
11,10/4/2023 17:04,3446,27.75,27.75,27.625,27.75,27.625,27.75,27.625,27.75,27.625,27.5,27.5,NA,NA,NA,NA,NA,NA,NA,NA,NA,NA,NA,NA,NA,27.5
11,10/4/2023 17:34,3447,27.5,27.5,27.375,27.625,27.5,27.5,27.5,27.5,27.375,27.375,27.25,NA,NA,NA,NA,NA,NA,NA,NA,NA,NA,NA,NA,NA,27.375
11,10/4/2023 18:04,3448,27.25,27.375,27.25,27.5,27.25,27.375,27.375,27.375,27.25,27.25,27.125,NA,NA,NA,NA,NA,NA,NA,NA,NA,NA,NA,NA,NA,27.25
11,10/4/2023 18:34,3449,27.125,27.25,27.125,27.25,27.125,27.25,27.125,27.25,27.125,27,27,NA,NA,NA,NA,NA,NA,NA,NA,NA,NA,NA,NA,NA,27.125
11,10/4/2023 19:04,3450,27,27.125,27,27.25,27,27.125,27.125,27.125,27,26.875,26.875,NA,NA,NA,NA,NA,NA,NA,NA,NA,NA,NA,NA,NA,27.125
11,10/4/2023 19:34,3451,27,27.125,26.875,27.25,27,27.125,27,27.125,26.875,26.875,26.875,NA,NA,NA,NA,NA,NA,NA,NA,NA,NA,NA,NA,NA,27.125
11,10/4/2023 20:04,3452,27,27.125,26.875,27.125,27,27.125,27,27.125,27,26.875,26.75,NA,NA,NA,NA,NA,NA,NA,NA,NA,NA,NA,NA,NA,27.125
11,10/4/2023 20:34,3453,26.875,27.125,26.875,27.125,27,27,27,27,26.875,26.875,26.75,NA,NA,NA,NA,NA,NA,NA,NA,NA,NA,NA,NA,NA,27.25
11,10/4/2023 21:04,3454,26.875,27.125,26.875,27.125,26.875,27,27,27,26.875,26.875,26.75,NA,NA,NA,NA,NA,NA,NA,NA,NA,NA,NA,NA,NA,27.375
11,10/4/2023 21:34,3455,26.875,27.125,26.875,27.125,27,27.125,27,27,27,26.875,26.75,NA,NA,NA,NA,NA,NA,NA,NA,NA,NA,NA,NA,NA,27.5
11,10/4/2023 22:04,3456,26.875,27.125,26.875,27.125,27,27.125,27,27,27,26.875,26.75,NA,NA,NA,NA,NA,NA,NA,NA,NA,NA,NA,NA,NA,27.25
11,10/4/2023 22:34,3457,26.875,27.125,26.875,27.125,27,27.125,27,27,27,26.875,26.75,NA,NA,NA,NA,NA,NA,NA,NA,NA,NA,NA,NA,NA,27.25
11,10/4/2023 23:04,3458,26.875,27.125,26.875,27.125,27,27.125,27,27,27,26.875,26.75,NA,NA,NA,NA,NA,NA,NA,NA,NA,NA,NA,NA,NA,27.375
11,10/4/2023 23:34,3459,26.875,27.125,26.875,27.125,26.875,27.125,27,27,26.875,26.875,26.75,NA,NA,NA,NA,NA,NA,NA,NA,NA,NA,NA,NA,NA,27.25
11,10/5/2023 0:04,3460,26.875,27.125,26.875,27.125,26.875,27,27,27,26.875,26.875,26.75,NA,NA,NA,NA,NA,NA,NA,NA,NA,NA,NA,NA,NA,27.125
11,10/5/2023 0:34,3461,26.75,27,26.75,27,26.875,27,26.875,26.875,26.875,26.75,26.625,NA,NA,NA,NA,NA,NA,NA,NA,NA,NA,NA,NA,NA,27.25
11,10/5/2023 1:04,3462,26.75,27,26.875,27,26.875,27,26.875,27,26.875,26.75,26.75,NA,NA,NA,NA,NA,NA,NA,NA,NA,NA,NA,NA,NA,27.375
11,10/5/2023 1:34,3463,26.75,27,26.75,27,26.875,27,26.875,27,26.875,26.75,26.75,NA,NA,NA,NA,NA,NA,NA,NA,NA,NA,NA,NA,NA,27.25
11,10/5/2023 2:04,3464,26.75,27,26.75,27,26.75,27,26.875,26.875,26.875,26.75,26.625,NA,NA,NA,NA,NA,NA,NA,NA,NA,NA,NA,NA,NA,27.375
11,10/5/2023 2:34,3465,26.75,27,26.75,27,26.875,27,26.875,26.875,26.875,26.75,26.75,NA,NA,NA,NA,NA,NA,NA,NA,NA,NA,NA,NA,NA,27.25
11,10/5/2023 3:04,3466,26.75,27,26.875,27,26.875,27,27,27,26.875,26.875,26.75,NA,NA,NA,NA,NA,NA,NA,NA,NA,NA,NA,NA,NA,27.25
11,10/5/2023 3:34,3467,26.75,27,26.875,27,26.875,27,27,27,26.875,26.875,26.75,NA,NA,NA,NA,NA,NA,NA,NA,NA,NA,NA,NA,NA,27.25
11,10/5/2023 4:04,3468,26.75,27,26.875,27,26.875,27,26.875,27,26.875,26.75,26.75,NA,NA,NA,NA,NA,NA,NA,NA,NA,NA,NA,NA,NA,27.125
11,10/5/2023 4:34,3469,26.75,27,26.75,27,26.875,27,26.875,26.875,26.875,26.75,26.625,NA,NA,NA,NA,NA,NA,NA,NA,NA,NA,NA,NA,NA,27.25
11,10/5/2023 5:04,3470,26.75,27,26.75,27,26.75,27,26.875,26.875,26.75,26.75,26.625,NA,NA,NA,NA,NA,NA,NA,NA,NA,NA,NA,NA,NA,27.125
11,10/5/2023 5:34,3471,26.625,26.875,26.75,26.875,26.75,26.875,26.875,26.875,26.75,26.625,26.625,NA,NA,NA,NA,NA,NA,NA,NA,NA,NA,NA,NA,NA,27.125
11,10/5/2023 6:04,3472,26.625,26.875,26.625,26.875,26.75,26.875,26.75,26.75,26.75,26.625,26.5,NA,NA,NA,NA,NA,NA,NA,NA,NA,NA,NA,NA,NA,27.125
11,10/5/2023 6:34,3473,26.625,26.875,26.625,26.875,26.625,26.875,26.75,26.75,26.75,26.625,26.5,NA,NA,NA,NA,NA,NA,NA,NA,NA,NA,NA,NA,NA,27.125
11,10/5/2023 7:04,3474,26.75,27,26.625,27,26.75,26.875,26.75,26.875,26.75,26.625,26.625,NA,NA,NA,NA,NA,NA,NA,NA,NA,NA,NA,NA,NA,27.125
11,10/5/2023 7:34,3475,27,27.125,27,27.25,27,27.125,27.125,27.125,27,26.875,26.875,NA,NA,NA,NA,NA,NA,NA,NA,NA,NA,NA,NA,NA,27.125
11,10/5/2023 8:04,3476,27.125,27.375,27.125,27.375,27.125,27.25,27.25,27.25,27.125,27,27,NA,NA,NA,NA,NA,NA,NA,NA,NA,NA,NA,NA,NA,27.125
11,10/5/2023 8:34,3477,27.25,27.625,27.375,27.5,27.375,27.375,27.25,27.375,27.25,27.125,27.125,NA,NA,NA,NA,NA,NA,NA,NA,NA,NA,NA,NA,NA,27.25
11,10/5/2023 9:04,3478,27.5,27.75,27.375,27.625,27.5,27.5,27.5,27.5,27.375,27.25,27.375,NA,NA,NA,NA,NA,NA,NA,NA,NA,NA,NA,NA,NA,27.25
11,10/5/2023 9:34,3479,27.625,27.75,27.625,27.75,27.625,27.625,27.625,27.75,27.625,27.5,27.5,NA,NA,NA,NA,NA,NA,NA,NA,NA,NA,NA,NA,NA,27.375
11,10/5/2023 10:04,3480,27.625,27.75,27.625,27.875,27.625,27.625,27.625,27.75,27.625,27.5,27.5,NA,NA,NA,NA,NA,NA,NA,NA,NA,NA,NA,NA,NA,27.375
11,10/5/2023 10:34,3481,27.5,27.625,27.5,27.75,27.5,27.625,27.5,27.625,27.5,27.5,27.375,NA,NA,NA,NA,NA,NA,NA,NA,NA,NA,NA,NA,NA,27.375
11,10/5/2023 11:04,3482,27.625,27.75,27.5,27.875,27.625,27.75,27.625,27.75,27.625,27.5,27.5,NA,NA,NA,NA,NA,NA,NA,NA,NA,NA,NA,NA,NA,27.375
11,10/5/2023 11:34,3483,27.875,28,27.75,28.125,27.875,27.875,27.875,28,27.75,27.75,27.75,NA,NA,NA,NA,NA,NA,NA,NA,NA,NA,NA,NA,NA,27.5
11,10/5/2023 12:04,3484,28,28.125,28,28.125,28,28,27.875,28,27.875,27.625,28,NA,NA,NA,NA,NA,NA,NA,NA,NA,NA,NA,NA,NA,27.5
11,10/5/2023 12:34,3485,28,28.25,28.125,28.125,28.125,28,27.875,27.875,27.875,27.625,28,NA,NA,NA,NA,NA,NA,NA,NA,NA,NA,NA,NA,NA,27.625
11,10/5/2023 13:04,3486,27.875,28.25,28.25,28,28.125,27.875,27.875,28,28,27.625,28,NA,NA,NA,NA,NA,NA,NA,NA,NA,NA,NA,NA,NA,27.625
11,10/5/2023 13:34,3487,27.875,28,28,28,28,27.75,27.75,27.875,27.875,27.625,27.875,NA,NA,NA,NA,NA,NA,NA,NA,NA,NA,NA,NA,NA,27.875
11,10/5/2023 14:04,3488,28.25,28.125,28,28.375,28,27.875,27.875,28.375,27.875,27.75,27.875,NA,NA,NA,NA,NA,NA,NA,NA,NA,NA,NA,NA,NA,27.625
11,10/5/2023 14:34,3489,27.875,27.75,27.625,28,27.75,27.625,27.75,28,27.625,27.5,27.5,NA,NA,NA,NA,NA,NA,NA,NA,NA,NA,NA,NA,NA,27.625
11,10/5/2023 15:04,3490,27.75,27.625,27.5,27.875,27.625,27.625,27.625,27.875,27.5,27.375,27.375,NA,NA,NA,NA,NA,NA,NA,NA,NA,NA,NA,NA,NA,27.875
11,10/5/2023 15:34,3491,27.625,27.625,27.375,27.75,27.5,27.5,27.5,27.625,27.375,27.375,27.375,NA,NA,NA,NA,NA,NA,NA,NA,NA,NA,NA,NA,NA,28
11,10/5/2023 16:04,3492,27.75,27.75,27.625,27.875,27.75,27.625,27.625,27.75,27.5,27.5,27.5,NA,NA,NA,NA,NA,NA,NA,NA,NA,NA,NA,NA,NA,28
11,10/5/2023 16:34,3493,27.75,27.75,27.625,27.875,27.75,27.75,27.625,27.75,27.625,27.625,27.5,NA,NA,NA,NA,NA,NA,NA,NA,NA,NA,NA,NA,NA,28
11,10/5/2023 17:04,3494,27.5,27.5,27.375,27.625,27.5,27.5,27.5,27.625,27.375,27.375,27.25,NA,NA,NA,NA,NA,NA,NA,NA,NA,NA,NA,NA,NA,27.875
11,10/5/2023 17:34,3495,27.375,27.375,27.25,27.5,27.375,27.375,27.375,27.5,27.25,27.25,27.125,NA,NA,NA,NA,NA,NA,NA,NA,NA,NA,NA,NA,NA,27.875
11,10/5/2023 18:04,3496,27.125,27.25,27.125,27.375,27.125,27.125,27.125,27.375,27.125,27.125,27,NA,NA,NA,NA,NA,NA,NA,NA,NA,NA,NA,NA,NA,27.625
11,10/5/2023 18:34,3497,27.125,27.125,27,27.25,27.125,27.125,27.125,27.25,27,27.125,26.875,NA,NA,NA,NA,NA,NA,NA,NA,NA,NA,NA,NA,NA,27.75
11,10/5/2023 19:04,3498,27,27.125,27,27.25,27,27,27.125,27.25,27,27,26.875,NA,NA,NA,NA,NA,NA,NA,NA,NA,NA,NA,NA,NA,27.5
11,10/5/2023 19:34,3499,27,27,26.875,27.125,27,27,27,27.125,26.875,26.875,26.75,NA,NA,NA,NA,NA,NA,NA,NA,NA,NA,NA,NA,NA,27.875
11,10/5/2023 20:04,3500,27,27,26.875,27.25,27,27,27,27.125,26.875,27,26.75,NA,NA,NA,NA,NA,NA,NA,NA,NA,NA,NA,NA,NA,27.625
11,10/5/2023 20:34,3501,27,27,26.875,27.25,27,27,27,27.125,26.875,27,26.75,NA,NA,NA,NA,NA,NA,NA,NA,NA,NA,NA,NA,NA,27.75
11,10/5/2023 21:04,3502,27,27,26.875,27.25,27,27,27,27.125,26.875,27,26.75,NA,NA,NA,NA,NA,NA,NA,NA,NA,NA,NA,NA,NA,27.75
11,10/5/2023 21:34,3503,27.125,27.125,27,27.25,27.125,27.125,27.125,27.25,27,27,26.875,NA,NA,NA,NA,NA,NA,NA,NA,NA,NA,NA,NA,NA,27.75
11,10/5/2023 22:04,3504,27.125,27.125,27,27.25,27.125,27.125,27.125,27.25,27,27.125,26.875,NA,NA,NA,NA,NA,NA,NA,NA,NA,NA,NA,NA,NA,27.75
11,10/5/2023 22:34,3505,27.125,27.25,27.125,27.375,27.125,27.125,27.125,27.25,27.125,27.125,27,NA,NA,NA,NA,NA,NA,NA,NA,NA,NA,NA,NA,NA,27.75
11,10/5/2023 23:04,3506,27,27.125,27,27.25,27,27,27.125,27.25,27,27,26.875,NA,NA,NA,NA,NA,NA,NA,NA,NA,NA,NA,NA,NA,27.625
11,10/5/2023 23:34,3507,26.875,27,26.875,27.125,26.875,26.875,26.875,27.125,26.875,26.875,26.75,NA,NA,NA,NA,NA,NA,NA,NA,NA,NA,NA,NA,NA,27.625
11,10/6/2023 0:04,3508,26.875,26.875,26.75,27,26.875,26.75,26.875,27,26.75,26.875,26.625,NA,NA,NA,NA,NA,NA,NA,NA,NA,NA,NA,NA,NA,27.625
11,10/6/2023 0:34,3509,26.625,26.625,26.5,26.875,26.625,26.625,26.625,26.875,26.5,26.625,26.5,NA,NA,NA,NA,NA,NA,NA,NA,NA,NA,NA,NA,NA,27.625
11,10/6/2023 1:04,3510,26.625,26.625,26.5,26.875,26.625,26.625,26.625,26.75,26.5,26.625,26.375,NA,NA,NA,NA,NA,NA,NA,NA,NA,NA,NA,NA,NA,27.625
11,10/6/2023 1:34,3511,26.625,26.625,26.5,26.875,26.625,26.625,26.625,26.75,26.5,26.625,26.375,NA,NA,NA,NA,NA,NA,NA,NA,NA,NA,NA,NA,NA,27.5
11,10/6/2023 2:04,3512,26.625,26.625,26.5,26.875,26.625,26.625,26.625,26.75,26.5,26.625,26.375,NA,NA,NA,NA,NA,NA,NA,NA,NA,NA,NA,NA,NA,27.5
11,10/6/2023 2:34,3513,26.75,26.875,26.75,27,26.75,26.875,26.875,27,26.75,26.75,26.625,NA,NA,NA,NA,NA,NA,NA,NA,NA,NA,NA,NA,NA,27.625
11,10/6/2023 3:04,3514,26.875,27.125,26.875,27.125,26.875,27,27,27,27,27,26.75,NA,NA,NA,NA,NA,NA,NA,NA,NA,NA,NA,NA,NA,27.5
11,10/6/2023 3:34,3515,27,27.125,26.875,27.25,27,27,27,27.125,27,27,26.875,NA,NA,NA,NA,NA,NA,NA,NA,NA,NA,NA,NA,NA,27.5
11,10/6/2023 4:04,3516,27,27.125,27,27.25,27,27.125,27.125,27.125,27,27,26.875,NA,NA,NA,NA,NA,NA,NA,NA,NA,NA,NA,NA,NA,27.5
11,10/6/2023 4:34,3517,26.875,27.125,26.875,27.125,27,27,27,27.125,27,27,26.75,NA,NA,NA,NA,NA,NA,NA,NA,NA,NA,NA,NA,NA,27.5
11,10/6/2023 5:04,3518,26.875,27.125,26.875,27.125,26.875,27,27,27,27,26.875,26.75,NA,NA,NA,NA,NA,NA,NA,NA,NA,NA,NA,NA,NA,27.5
11,10/6/2023 5:34,3519,26.875,27.125,26.875,27.125,26.875,27,27,27,26.875,26.875,26.75,NA,NA,NA,NA,NA,NA,NA,NA,NA,NA,NA,NA,NA,27.375
11,10/6/2023 6:04,3520,26.75,27,26.875,27.125,26.875,27,27,27,26.875,26.875,26.75,NA,NA,NA,NA,NA,NA,NA,NA,NA,NA,NA,NA,NA,27.375
11,10/6/2023 6:34,3521,26.75,27,26.75,27.125,26.875,26.875,27,27,26.875,26.875,26.625,NA,NA,NA,NA,NA,NA,NA,NA,NA,NA,NA,NA,NA,27.375
11,10/6/2023 7:04,3522,26.75,27,26.75,27,26.75,26.875,26.875,27,26.875,26.875,26.625,NA,NA,NA,NA,NA,NA,NA,NA,NA,NA,NA,NA,NA,27.375
11,10/6/2023 7:34,3523,27,27.125,27,27.25,27,27,27.125,27.125,27,27,26.875,NA,NA,NA,NA,NA,NA,NA,NA,NA,NA,NA,NA,NA,27.375
11,10/6/2023 8:04,3524,27.25,27.5,27.25,27.5,27.375,27.25,27.375,27.375,27.25,27.25,27.125,NA,NA,NA,NA,NA,NA,NA,NA,NA,NA,NA,NA,NA,27.25
11,10/6/2023 8:34,3525,27.5,27.75,27.5,27.5,27.5,27.375,27.5,27.5,27.5,27.25,27.375,NA,NA,NA,NA,NA,NA,NA,NA,NA,NA,NA,NA,NA,27.375
11,10/6/2023 9:04,3526,27.5,27.75,27.5,27.625,27.5,27.5,27.5,27.5,27.5,27.375,27.375,NA,NA,NA,NA,NA,NA,NA,NA,NA,NA,NA,NA,NA,27.375
11,10/6/2023 9:34,3527,27.5,27.625,27.375,27.625,27.5,27.5,27.5,27.5,27.375,27.375,27.25,NA,NA,NA,NA,NA,NA,NA,NA,NA,NA,NA,NA,NA,27.375
11,10/6/2023 10:04,3528,27.375,27.5,27.375,27.5,27.375,27.5,27.375,27.5,27.375,27.25,27.25,NA,NA,NA,NA,NA,NA,NA,NA,NA,NA,NA,NA,NA,27.375
11,10/6/2023 10:34,3529,27.25,27.375,27.25,27.5,27.25,27.25,27.25,27.375,27.25,27.25,27.125,NA,NA,NA,NA,NA,NA,NA,NA,NA,NA,NA,NA,NA,27.375
11,10/6/2023 11:04,3530,27.25,27.25,27.125,27.5,27.25,27.25,27.25,27.375,27.125,27.125,27,NA,NA,NA,NA,NA,NA,NA,NA,NA,NA,NA,NA,NA,27.5
11,10/6/2023 11:34,3531,27.375,27.375,27.25,27.5,27.375,27.25,27.25,27.375,27.125,27.25,27.125,NA,NA,NA,NA,NA,NA,NA,NA,NA,NA,NA,NA,NA,27.75
11,10/6/2023 12:04,3532,27.5,27.625,27.375,27.75,27.5,27.5,27.5,27.625,27.375,27.375,27.25,NA,NA,NA,NA,NA,NA,NA,NA,NA,NA,NA,NA,NA,27.875
11,10/6/2023 12:34,3533,27.875,28,27.75,28,27.875,27.75,27.75,28,27.75,27.625,27.625,NA,NA,NA,NA,NA,NA,NA,NA,NA,NA,NA,NA,NA,27.875
11,10/6/2023 13:04,3534,28.125,28.125,28,28.25,28.125,28,28,28.125,27.875,27.875,27.875,NA,NA,NA,NA,NA,NA,NA,NA,NA,NA,NA,NA,NA,28
11,10/6/2023 13:34,3535,28.125,28.125,28,28.375,28.125,28.125,28,28.25,28,27.875,27.875,NA,NA,NA,NA,NA,NA,NA,NA,NA,NA,NA,NA,NA,28.125
11,10/6/2023 14:04,3536,28.5,28.125,28,28.625,28.125,28.125,28,28.5,28,28,27.875,NA,NA,NA,NA,NA,NA,NA,NA,NA,NA,NA,NA,NA,28.125
11,10/6/2023 14:34,3537,28.25,28,27.75,28.25,27.875,27.875,28,28.375,27.75,27.75,27.75,NA,NA,NA,NA,NA,NA,NA,NA,NA,NA,NA,NA,NA,27.875
11,10/6/2023 15:04,3538,28.125,27.75,27.75,28,27.875,27.75,27.875,28.125,27.625,27.625,27.625,NA,NA,NA,NA,NA,NA,NA,NA,NA,NA,NA,NA,NA,27.875
11,10/6/2023 15:34,3539,28.375,28.25,28.25,28,28.25,27.75,27.875,28,27.75,27.625,27.75,NA,NA,NA,NA,NA,NA,NA,NA,NA,NA,NA,NA,NA,28
11,10/6/2023 16:04,3540,28.625,28.5,28.25,28.125,28.375,27.875,28,28.25,28,27.875,27.875,NA,NA,NA,NA,NA,NA,NA,NA,NA,NA,NA,NA,NA,28
11,10/6/2023 16:34,3541,28.5,28.375,28.25,28.25,28.375,28.125,28,28.25,28,28,28,NA,NA,NA,NA,NA,NA,NA,NA,NA,NA,NA,NA,NA,28
11,10/6/2023 17:04,3542,28,28,27.875,28,27.875,27.875,27.75,28,27.75,27.75,27.625,NA,NA,NA,NA,NA,NA,NA,NA,NA,NA,NA,NA,NA,28
11,10/6/2023 17:34,3543,27.625,27.75,27.625,27.75,27.625,27.625,27.625,27.75,27.5,27.625,27.375,NA,NA,NA,NA,NA,NA,NA,NA,NA,NA,NA,NA,NA,27.875
11,10/6/2023 18:04,3544,27.5,27.5,27.375,27.625,27.5,27.5,27.5,27.625,27.375,27.375,27.25,NA,NA,NA,NA,NA,NA,NA,NA,NA,NA,NA,NA,NA,27.875
11,10/6/2023 18:34,3545,27.375,27.5,27.375,27.625,27.375,27.5,27.375,27.5,27.375,27.375,27.25,NA,NA,NA,NA,NA,NA,NA,NA,NA,NA,NA,NA,NA,27.875
11,10/6/2023 19:04,3546,27.375,27.5,27.375,27.625,27.375,27.5,27.5,27.5,27.375,27.375,27.25,NA,NA,NA,NA,NA,NA,NA,NA,NA,NA,NA,NA,NA,27.875
11,10/6/2023 19:34,3547,27.375,27.5,27.375,27.5,27.375,27.375,27.375,27.5,27.375,27.375,27.125,NA,NA,NA,NA,NA,NA,NA,NA,NA,NA,NA,NA,NA,27.75
11,10/6/2023 20:04,3548,27.25,27.375,27.25,27.5,27.25,27.375,27.375,27.375,27.25,27.25,27.125,NA,NA,NA,NA,NA,NA,NA,NA,NA,NA,NA,NA,NA,27.875
11,10/6/2023 20:34,3549,27.25,27.25,27.125,27.375,27.25,27.25,27.25,27.375,27.125,27.125,27,NA,NA,NA,NA,NA,NA,NA,NA,NA,NA,NA,NA,NA,27.875
11,10/6/2023 21:04,3550,27.125,27.25,27.125,27.375,27.125,27.25,27.125,27.25,27.125,27.125,27,NA,NA,NA,NA,NA,NA,NA,NA,NA,NA,NA,NA,NA,27.75
11,10/6/2023 21:34,3551,27,27.125,27,27.25,27.125,27.125,27.125,27.25,27,27,26.875,NA,NA,NA,NA,NA,NA,NA,NA,NA,NA,NA,NA,NA,27.75
11,10/6/2023 22:04,3552,27,27,26.875,27.25,27,27,27,27.125,26.875,27,26.75,NA,NA,NA,NA,NA,NA,NA,NA,NA,NA,NA,NA,NA,27.75
11,10/6/2023 22:34,3553,26.875,27,26.875,27.125,26.875,27,26.875,27.125,26.875,26.875,26.75,NA,NA,NA,NA,NA,NA,NA,NA,NA,NA,NA,NA,NA,27.75
11,10/6/2023 23:04,3554,26.875,26.875,26.75,27,26.875,26.875,26.875,27,26.75,26.875,26.625,NA,NA,NA,NA,NA,NA,NA,NA,NA,NA,NA,NA,NA,27.75
11,10/6/2023 23:34,3555,26.875,26.875,26.75,27,26.875,26.875,26.875,27,26.75,26.875,26.625,NA,NA,NA,NA,NA,NA,NA,NA,NA,NA,NA,NA,NA,27.625
11,10/7/2023 0:04,3556,26.875,26.875,26.75,27.125,26.875,26.875,26.875,27,26.75,26.875,26.625,NA,NA,NA,NA,NA,NA,NA,NA,NA,NA,NA,NA,NA,27.625
11,10/7/2023 0:34,3557,26.875,27,26.875,27.125,26.875,27,27,27.125,26.875,26.875,26.75,NA,NA,NA,NA,NA,NA,NA,NA,NA,NA,NA,NA,NA,27.625
11,10/7/2023 1:04,3558,26.875,26.875,26.875,27.125,26.875,26.875,26.875,27,26.875,26.875,26.75,NA,NA,NA,NA,NA,NA,NA,NA,NA,NA,NA,NA,NA,27.625
11,10/7/2023 1:34,3559,26.875,26.875,26.75,27,26.875,26.875,26.875,27,26.75,26.875,26.625,NA,NA,NA,NA,NA,NA,NA,NA,NA,NA,NA,NA,NA,27.625
11,10/7/2023 2:04,3560,26.875,26.875,26.75,27,26.875,26.875,26.875,27,26.75,26.875,26.625,NA,NA,NA,NA,NA,NA,NA,NA,NA,NA,NA,NA,NA,27.625
11,10/7/2023 2:34,3561,26.875,26.875,26.75,27,26.875,26.875,26.875,27,26.75,26.75,26.625,NA,NA,NA,NA,NA,NA,NA,NA,NA,NA,NA,NA,NA,27.5
11,10/7/2023 3:04,3562,26.625,26.75,26.625,26.875,26.75,26.75,26.75,26.875,26.75,26.625,26.5,NA,NA,NA,NA,NA,NA,NA,NA,NA,NA,NA,NA,NA,27.5
11,10/7/2023 3:34,3563,26.625,26.75,26.625,26.875,26.625,26.75,26.625,26.875,26.75,26.625,26.5,NA,NA,NA,NA,NA,NA,NA,NA,NA,NA,NA,NA,NA,27.5
11,10/7/2023 4:04,3564,26.75,26.75,26.625,26.875,26.75,26.75,26.75,26.875,26.75,26.625,26.5,NA,NA,NA,NA,NA,NA,NA,NA,NA,NA,NA,NA,NA,27.5
11,10/7/2023 4:34,3565,26.75,26.75,26.625,26.875,26.75,26.75,26.75,26.875,26.75,26.75,26.5,NA,NA,NA,NA,NA,NA,NA,NA,NA,NA,NA,NA,NA,27.5
11,10/7/2023 5:04,3566,26.75,26.875,26.75,27,26.75,26.875,26.875,26.875,26.75,26.75,26.625,NA,NA,NA,NA,NA,NA,NA,NA,NA,NA,NA,NA,NA,27.5
11,10/7/2023 5:34,3567,26.875,26.875,26.75,27,26.875,26.875,26.875,27,26.75,26.75,26.625,NA,NA,NA,NA,NA,NA,NA,NA,NA,NA,NA,NA,NA,27.5
11,10/7/2023 6:04,3568,26.875,26.875,26.75,27,26.875,26.875,26.875,27,26.75,26.875,26.625,NA,NA,NA,NA,NA,NA,NA,NA,NA,NA,NA,NA,NA,27.375
11,10/7/2023 6:34,3569,26.75,26.875,26.75,27,26.875,26.875,26.875,27,26.75,26.75,26.625,NA,NA,NA,NA,NA,NA,NA,NA,NA,NA,NA,NA,NA,27.375
11,10/7/2023 7:04,3570,26.875,26.875,26.75,27,26.875,26.875,26.875,27,26.75,26.75,26.625,NA,NA,NA,NA,NA,NA,NA,NA,NA,NA,NA,NA,NA,27.375
11,10/7/2023 7:34,3571,27,27,26.875,27.25,27,27,27,27.125,26.875,26.875,26.75,NA,NA,NA,NA,NA,NA,NA,NA,NA,NA,NA,NA,NA,27.375
11,10/7/2023 8:04,3572,27.125,27.125,27.125,27.375,27.125,27.125,27.125,27.25,27,27,26.875,NA,NA,NA,NA,NA,NA,NA,NA,NA,NA,NA,NA,NA,27.375
11,10/7/2023 8:34,3573,27.125,27.25,27.125,27.375,27.125,27.125,27.25,27.25,27.125,27.125,27,NA,NA,NA,NA,NA,NA,NA,NA,NA,NA,NA,NA,NA,27.5
11,10/7/2023 9:04,3574,27.25,27.375,27.25,27.5,27.25,27.25,27.25,27.375,27.125,27.125,27.125,NA,NA,NA,NA,NA,NA,NA,NA,NA,NA,NA,NA,NA,27.5
11,10/7/2023 9:34,3575,27.25,27.375,27.25,27.5,27.25,27.25,27.25,27.375,27.125,27.125,27,NA,NA,NA,NA,NA,NA,NA,NA,NA,NA,NA,NA,NA,27.5
11,10/7/2023 10:04,3576,27.5,27.625,27.375,27.625,27.5,27.375,27.5,27.5,27.375,27.25,27.25,NA,NA,NA,NA,NA,NA,NA,NA,NA,NA,NA,NA,NA,27.625
11,10/7/2023 10:34,3577,27.5,27.625,27.375,27.75,27.5,27.5,27.5,27.625,27.375,27.375,27.375,NA,NA,NA,NA,NA,NA,NA,NA,NA,NA,NA,NA,NA,27.625
11,10/7/2023 11:04,3578,27.75,27.75,27.625,27.875,27.75,27.625,27.625,27.75,27.5,27.625,27.5,NA,NA,NA,NA,NA,NA,NA,NA,NA,NA,NA,NA,NA,27.875
11,10/7/2023 11:34,3579,27.75,27.75,27.625,27.875,27.75,27.625,27.75,27.875,27.625,27.625,27.5,NA,NA,NA,NA,NA,NA,NA,NA,NA,NA,NA,NA,NA,27.75
11,10/7/2023 12:04,3580,27.5,27.625,27.5,27.75,27.5,27.5,27.5,27.625,27.5,27.5,27.375,NA,NA,NA,NA,NA,NA,NA,NA,NA,NA,NA,NA,NA,27.75
11,10/7/2023 12:34,3581,27.375,27.5,27.375,27.625,27.375,27.5,27.375,27.5,27.375,27.375,27.25,NA,NA,NA,NA,NA,NA,NA,NA,NA,NA,NA,NA,NA,27.625
11,10/7/2023 13:04,3582,27.75,27.75,27.625,28,27.75,27.75,27.75,27.75,27.625,27.625,27.5,NA,NA,NA,NA,NA,NA,NA,NA,NA,NA,NA,NA,NA,27.875
11,10/7/2023 13:34,3583,28,28.125,27.875,28.25,28,28,28,28.125,27.875,27.875,27.75,NA,NA,NA,NA,NA,NA,NA,NA,NA,NA,NA,NA,NA,28.125
11,10/7/2023 14:04,3584,28.375,28.125,28,28.5,28.125,28.125,28,28.375,28,28,27.875,NA,NA,NA,NA,NA,NA,NA,NA,NA,NA,NA,NA,NA,27.875
11,10/7/2023 14:34,3585,28.125,28,27.875,28.25,28,28,28,28.25,27.875,27.875,27.75,NA,NA,NA,NA,NA,NA,NA,NA,NA,NA,NA,NA,NA,27.75
11,10/7/2023 15:04,3586,27.75,27.75,27.625,27.875,27.75,27.75,27.75,27.875,27.625,27.625,27.5,NA,NA,NA,NA,NA,NA,NA,NA,NA,NA,NA,NA,NA,27.75
11,10/7/2023 15:34,3587,27.75,27.875,27.75,27.75,27.75,27.5,27.625,27.625,27.5,27.375,27.375,NA,NA,NA,NA,NA,NA,NA,NA,NA,NA,NA,NA,NA,27.75
11,10/7/2023 16:04,3588,28.25,28.125,27.875,27.875,28,27.5,27.625,27.875,27.625,27.375,27.5,NA,NA,NA,NA,NA,NA,NA,NA,NA,NA,NA,NA,NA,27.75
11,10/7/2023 16:34,3589,28,27.875,27.75,27.875,27.875,27.75,27.625,27.875,27.75,27.625,27.5,NA,NA,NA,NA,NA,NA,NA,NA,NA,NA,NA,NA,NA,27.625
11,10/7/2023 17:04,3590,27.5,27.5,27.375,27.625,27.5,27.375,27.375,27.5,27.375,27.25,27.25,NA,NA,NA,NA,NA,NA,NA,NA,NA,NA,NA,NA,NA,27.625
11,10/7/2023 17:34,3591,27.25,27.25,27.125,27.375,27.25,27.25,27.25,27.25,27.125,27.125,27,NA,NA,NA,NA,NA,NA,NA,NA,NA,NA,NA,NA,NA,27.625
11,10/7/2023 18:04,3592,27,27.125,27,27.25,27,27.125,27.125,27.125,27,27,26.875,NA,NA,NA,NA,NA,NA,NA,NA,NA,NA,NA,NA,NA,27.625
11,10/7/2023 18:34,3593,27,27,26.875,27.25,27,27,27,27.125,26.875,26.875,26.875,NA,NA,NA,NA,NA,NA,NA,NA,NA,NA,NA,NA,NA,27.5
11,10/7/2023 19:04,3594,26.875,27,26.875,27.125,26.875,27,27,27,26.875,26.875,26.75,NA,NA,NA,NA,NA,NA,NA,NA,NA,NA,NA,NA,NA,27.125
11,10/7/2023 19:34,3595,26.875,27,26.875,27.125,26.875,26.875,27,27,26.875,26.75,26.75,NA,NA,NA,NA,NA,NA,NA,NA,NA,NA,NA,NA,NA,26.875
11,10/7/2023 20:04,3596,26.875,26.875,26.75,27.125,26.875,26.875,26.875,27,26.75,26.75,26.75,NA,NA,NA,NA,NA,NA,NA,NA,NA,NA,NA,NA,NA,26.75
11,10/7/2023 20:34,3597,26.875,26.875,26.75,27,26.875,26.875,26.875,27,26.75,26.75,26.625,NA,NA,NA,NA,NA,NA,NA,NA,NA,NA,NA,NA,NA,26.625
11,10/7/2023 21:04,3598,26.75,26.875,26.75,27,26.75,26.875,26.875,26.875,26.75,26.625,26.625,NA,NA,NA,NA,NA,NA,NA,NA,NA,NA,NA,NA,NA,26.5
11,10/7/2023 21:34,3599,26.75,26.875,26.75,27,26.75,26.875,26.875,26.875,26.75,26.625,26.625,NA,NA,NA,NA,NA,NA,NA,NA,NA,NA,NA,NA,NA,26.5
11,10/7/2023 22:04,3600,26.75,26.875,26.75,27,26.75,26.875,26.875,26.875,26.75,26.75,26.625,NA,NA,NA,NA,NA,NA,NA,NA,NA,NA,NA,NA,NA,26.5
11,10/7/2023 22:34,3601,26.75,26.875,26.75,27,26.75,26.875,26.875,26.875,26.75,26.75,26.625,NA,NA,NA,NA,NA,NA,NA,NA,NA,NA,NA,NA,NA,26.375
11,10/7/2023 23:04,3602,26.75,26.875,26.75,27,26.75,26.875,26.875,26.875,26.75,26.625,26.625,NA,NA,NA,NA,NA,NA,NA,NA,NA,NA,NA,NA,NA,26.375
11,10/7/2023 23:34,3603,26.75,26.75,26.625,26.875,26.625,26.75,26.875,26.875,26.75,26.625,26.5,NA,NA,NA,NA,NA,NA,NA,NA,NA,NA,NA,NA,NA,26.25
11,10/8/2023 0:04,3604,26.75,26.75,26.625,26.875,26.625,26.75,26.875,26.875,26.75,26.625,26.5,NA,NA,NA,NA,NA,NA,NA,NA,NA,NA,NA,NA,NA,26.25
11,10/8/2023 0:34,3605,26.625,26.75,26.625,26.875,26.625,26.75,26.75,26.875,26.75,26.5,26.5,NA,NA,NA,NA,NA,NA,NA,NA,NA,NA,NA,NA,NA,26.25
11,10/8/2023 1:04,3606,26.625,26.75,26.625,26.875,26.625,26.75,26.75,26.875,26.75,26.5,26.5,NA,NA,NA,NA,NA,NA,NA,NA,NA,NA,NA,NA,NA,26.25
11,10/8/2023 1:34,3607,26.625,26.75,26.625,26.875,26.625,26.75,26.75,26.75,26.75,26.5,26.5,NA,NA,NA,NA,NA,NA,NA,NA,NA,NA,NA,NA,NA,26.25
11,10/8/2023 2:04,3608,26.625,26.75,26.5,26.875,26.625,26.75,26.75,26.75,26.75,26.5,26.5,NA,NA,NA,NA,NA,NA,NA,NA,NA,NA,NA,NA,NA,26.25
11,10/8/2023 2:34,3609,26.625,26.75,26.5,26.875,26.625,26.75,26.75,26.75,26.75,26.5,26.5,NA,NA,NA,NA,NA,NA,NA,NA,NA,NA,NA,NA,NA,26.125
11,10/8/2023 3:04,3610,26.625,26.75,26.5,26.875,26.625,26.625,26.75,26.75,26.75,26.5,26.375,NA,NA,NA,NA,NA,NA,NA,NA,NA,NA,NA,NA,NA,26.125
11,10/8/2023 3:34,3611,26.625,26.625,26.5,26.75,26.625,26.625,26.75,26.75,26.625,26.5,26.375,NA,NA,NA,NA,NA,NA,NA,NA,NA,NA,NA,NA,NA,26.125
11,10/8/2023 4:04,3612,26.625,26.625,26.5,26.75,26.625,26.625,26.625,26.75,26.625,26.5,26.375,NA,NA,NA,NA,NA,NA,NA,NA,NA,NA,NA,NA,NA,26.125
11,10/8/2023 4:34,3613,26.625,26.75,26.5,26.875,26.625,26.625,26.625,26.75,26.625,26.5,26.375,NA,NA,NA,NA,NA,NA,NA,NA,NA,NA,NA,NA,NA,26.125
11,10/8/2023 5:04,3614,26.625,26.625,26.5,26.75,26.5,26.625,26.625,26.75,26.5,26.375,26.375,NA,NA,NA,NA,NA,NA,NA,NA,NA,NA,NA,NA,NA,26.125
11,10/8/2023 5:34,3615,26.5,26.625,26.5,26.75,26.5,26.625,26.625,26.75,26.5,26.375,26.375,NA,NA,NA,NA,NA,NA,NA,NA,NA,NA,NA,NA,NA,26
11,10/8/2023 6:04,3616,26.5,26.625,26.375,26.75,26.5,26.5,26.625,26.625,26.5,26.375,26.375,NA,NA,NA,NA,NA,NA,NA,NA,NA,NA,NA,NA,NA,26
11,10/8/2023 6:34,3617,26.5,26.625,26.375,26.75,26.5,26.625,26.625,26.625,26.5,26.375,26.375,NA,NA,NA,NA,NA,NA,NA,NA,NA,NA,NA,NA,NA,26
11,10/8/2023 7:04,3618,26.625,26.625,26.5,26.75,26.5,26.625,26.625,26.75,26.5,26.375,26.375,NA,NA,NA,NA,NA,NA,NA,NA,NA,NA,NA,NA,NA,26
11,10/8/2023 7:34,3619,26.625,26.625,26.5,26.875,26.625,26.625,26.625,26.75,26.5,26.375,26.375,NA,NA,NA,NA,NA,NA,NA,NA,NA,NA,NA,NA,NA,26.125
11,10/8/2023 8:04,3620,26.875,26.875,26.75,27,26.75,26.75,26.875,27,26.75,26.625,26.625,NA,NA,NA,NA,NA,NA,NA,NA,NA,NA,NA,NA,NA,26.375
11,10/8/2023 8:34,3621,26.875,27,26.875,27,26.875,26.75,26.875,27,26.875,26.625,26.75,NA,NA,NA,NA,NA,NA,NA,NA,NA,NA,NA,NA,NA,26.5
11,10/8/2023 9:04,3622,27,27.125,26.875,27.25,27,26.875,27,27.125,26.875,26.75,26.875,NA,NA,NA,NA,NA,NA,NA,NA,NA,NA,NA,NA,NA,26.625
11,10/8/2023 9:34,3623,27.125,27.25,27.125,27.375,27.125,27.125,27.125,27.25,27,27,27,NA,NA,NA,NA,NA,NA,NA,NA,NA,NA,NA,NA,NA,26.875
11,10/8/2023 10:04,3624,27.375,27.5,27.375,27.5,27.375,27.375,27.375,27.375,27.25,27.25,27.25,NA,NA,NA,NA,NA,NA,NA,NA,NA,NA,NA,NA,NA,27
11,10/8/2023 10:34,3625,27.375,27.375,27.25,27.5,27.25,27.25,27.375,27.375,27.25,27.125,27.125,NA,NA,NA,NA,NA,NA,NA,NA,NA,NA,NA,NA,NA,27
11,10/8/2023 11:04,3626,27.5,27.5,27.25,27.625,27.375,27.375,27.375,27.5,27.25,27.125,27.125,NA,NA,NA,NA,NA,NA,NA,NA,NA,NA,NA,NA,NA,27.25
11,10/8/2023 11:34,3627,27.875,27.75,27.625,27.875,27.75,27.75,27.75,27.875,27.625,27.5,27.5,NA,NA,NA,NA,NA,NA,NA,NA,NA,NA,NA,NA,NA,27.75
11,10/8/2023 12:04,3628,28,28,27.875,28.125,28,27.875,27.875,28,27.75,27.75,27.75,NA,NA,NA,NA,NA,NA,NA,NA,NA,NA,NA,NA,NA,28.25
11,10/8/2023 12:34,3629,28,28,27.875,28.125,28,27.875,27.875,28.125,27.75,27.75,27.75,NA,NA,NA,NA,NA,NA,NA,NA,NA,NA,NA,NA,NA,28.5
11,10/8/2023 13:04,3630,28.125,28.125,27.875,28.125,28,28,28,28.125,27.75,27.75,27.75,NA,NA,NA,NA,NA,NA,NA,NA,NA,NA,NA,NA,NA,28.75
11,10/8/2023 13:34,3631,28.125,28.125,28,28.125,28.125,28,28,28.125,27.875,27.875,27.75,NA,NA,NA,NA,NA,NA,NA,NA,NA,NA,NA,NA,NA,28.875
11,10/8/2023 14:04,3632,27.875,27.875,27.75,28,27.875,27.75,27.875,28,27.625,27.625,27.625,NA,NA,NA,NA,NA,NA,NA,NA,NA,NA,NA,NA,NA,28
11,10/8/2023 14:34,3633,27.625,27.625,27.5,27.75,27.625,27.5,27.625,27.75,27.5,27.5,27.375,NA,NA,NA,NA,NA,NA,NA,NA,NA,NA,NA,NA,NA,27.625
11,10/8/2023 15:04,3634,27.5,27.375,27.375,27.625,27.5,27.375,27.5,27.625,27.375,27.25,27.25,NA,NA,NA,NA,NA,NA,NA,NA,NA,NA,NA,NA,NA,27.375
11,10/8/2023 15:34,3635,27.25,27.375,27.25,27.375,27.25,27.25,27.25,27.375,27.125,27.125,27.125,NA,NA,NA,NA,NA,NA,NA,NA,NA,NA,NA,NA,NA,27.375
11,10/8/2023 16:04,3636,27.375,27.375,27.25,27.5,27.375,27.125,27.25,27.375,27.125,27,27.125,NA,NA,NA,NA,NA,NA,NA,NA,NA,NA,NA,NA,NA,27.5
11,10/8/2023 16:34,3637,27.25,27.25,27.125,27.375,27.125,27.125,27.125,27.25,27,27,27,NA,NA,NA,NA,NA,NA,NA,NA,NA,NA,NA,NA,NA,27.375
11,10/8/2023 17:04,3638,27,27,26.875,27.25,27,27,27,27.125,26.875,26.875,26.75,NA,NA,NA,NA,NA,NA,NA,NA,NA,NA,NA,NA,NA,27.375
11,10/8/2023 17:34,3639,26.875,26.875,26.75,27,26.875,26.875,26.875,27,26.75,26.75,26.625,NA,NA,NA,NA,NA,NA,NA,NA,NA,NA,NA,NA,NA,27.375
11,10/8/2023 18:04,3640,26.75,26.875,26.75,27,26.75,26.875,26.875,27,26.75,26.625,26.625,NA,NA,NA,NA,NA,NA,NA,NA,NA,NA,NA,NA,NA,27.25
11,10/8/2023 18:34,3641,26.75,26.875,26.75,27,26.75,26.875,26.875,26.875,26.75,26.625,26.625,NA,NA,NA,NA,NA,NA,NA,NA,NA,NA,NA,NA,NA,27.25
11,10/8/2023 19:04,3642,26.75,26.875,26.75,27,26.75,26.875,26.875,27,26.75,26.625,26.625,NA,NA,NA,NA,NA,NA,NA,NA,NA,NA,NA,NA,NA,27.25
11,10/8/2023 19:34,3643,26.75,26.875,26.625,27,26.75,26.75,26.875,26.875,26.75,26.625,26.625,NA,NA,NA,NA,NA,NA,NA,NA,NA,NA,NA,NA,NA,27.25
11,10/8/2023 20:04,3644,26.75,26.875,26.625,26.875,26.75,26.75,26.875,26.875,26.75,26.625,26.625,NA,NA,NA,NA,NA,NA,NA,NA,NA,NA,NA,NA,NA,27.25
11,10/8/2023 20:34,3645,26.625,26.75,26.625,26.875,26.625,26.75,26.75,26.875,26.75,26.5,26.5,NA,NA,NA,NA,NA,NA,NA,NA,NA,NA,NA,NA,NA,27.25
11,10/8/2023 21:04,3646,26.625,26.75,26.625,26.875,26.625,26.75,26.75,26.875,26.75,26.5,26.5,NA,NA,NA,NA,NA,NA,NA,NA,NA,NA,NA,NA,NA,27.125
11,10/8/2023 21:34,3647,26.625,26.75,26.625,26.875,26.625,26.625,26.75,26.75,26.75,26.5,26.5,NA,NA,NA,NA,NA,NA,NA,NA,NA,NA,NA,NA,NA,27.125
11,10/8/2023 22:04,3648,26.625,26.75,26.625,26.875,26.625,26.75,26.75,26.875,26.75,26.5,26.5,NA,NA,NA,NA,NA,NA,NA,NA,NA,NA,NA,NA,NA,27.125
11,10/8/2023 22:34,3649,26.625,26.75,26.625,26.875,26.625,26.625,26.75,26.75,26.75,26.5,26.5,NA,NA,NA,NA,NA,NA,NA,NA,NA,NA,NA,NA,NA,27.125
11,10/8/2023 23:04,3650,26.625,26.75,26.5,26.75,26.625,26.625,26.625,26.75,26.625,26.5,26.5,NA,NA,NA,NA,NA,NA,NA,NA,NA,NA,NA,NA,NA,27.125
11,10/8/2023 23:34,3651,26.625,26.75,26.5,26.875,26.625,26.625,26.75,26.75,26.625,26.5,26.5,NA,NA,NA,NA,NA,NA,NA,NA,NA,NA,NA,NA,NA,27.125
11,10/9/2023 0:04,3652,26.625,26.75,26.625,26.875,26.625,26.625,26.75,26.75,26.625,26.5,26.5,NA,NA,NA,NA,NA,NA,NA,NA,NA,NA,NA,NA,NA,27.125
