Date,Time,Tank,Species,PAR
7/24/2023,0:15,MCAP AMB,Montipora,0
7/24/2023,0:30,MCAP AMB,Montipora,0
7/24/2023,0:45,MCAP AMB,Montipora,0
7/24/2023,1:00,MCAP AMB,Montipora,0
7/24/2023,1:15,MCAP AMB,Montipora,0
7/24/2023,1:30,MCAP AMB,Montipora,0
7/24/2023,1:45,MCAP AMB,Montipora,0
7/24/2023,2:00,MCAP AMB,Montipora,0
7/24/2023,2:15,MCAP AMB,Montipora,0
7/24/2023,2:30,MCAP AMB,Montipora,0
7/24/2023,2:45,MCAP AMB,Montipora,0
7/24/2023,3:00,MCAP AMB,Montipora,0
7/24/2023,3:15,MCAP AMB,Montipora,0
7/24/2023,3:30,MCAP AMB,Montipora,0
7/24/2023,3:45,MCAP AMB,Montipora,0
7/24/2023,4:00,MCAP AMB,Montipora,0
7/24/2023,4:15,MCAP AMB,Montipora,0
7/24/2023,4:30,MCAP AMB,Montipora,0
7/24/2023,4:45,MCAP AMB,Montipora,0
7/24/2023,5:00,MCAP AMB,Montipora,0
7/24/2023,5:15,MCAP AMB,Montipora,0
7/24/2023,5:30,MCAP AMB,Montipora,0
7/24/2023,5:45,MCAP AMB,Montipora,0
7/24/2023,6:00,MCAP AMB,Montipora,0
7/24/2023,6:15,MCAP AMB,Montipora,1.7
7/24/2023,6:30,MCAP AMB,Montipora,5.9
7/24/2023,6:45,MCAP AMB,Montipora,10.8
7/24/2023,7:00,MCAP AMB,Montipora,14.3
7/24/2023,7:15,MCAP AMB,Montipora,21
7/24/2023,7:30,MCAP AMB,Montipora,26.8
7/24/2023,7:45,MCAP AMB,Montipora,123.2
7/24/2023,8:00,MCAP AMB,Montipora,150.1
7/24/2023,8:15,MCAP AMB,Montipora,148.3
7/24/2023,8:30,MCAP AMB,Montipora,176.1
7/24/2023,8:45,MCAP AMB,Montipora,260.4
7/24/2023,9:00,MCAP AMB,Montipora,93
7/24/2023,9:15,MCAP AMB,Montipora,99
7/24/2023,9:30,MCAP AMB,Montipora,103
7/24/2023,9:45,MCAP AMB,Montipora,171.8
7/24/2023,10:00,MCAP AMB,Montipora,61.9
7/24/2023,10:15,MCAP AMB,Montipora,196.9
7/24/2023,10:30,MCAP AMB,Montipora,431
7/24/2023,10:45,MCAP AMB,Montipora,178.1
7/24/2023,11:00,MCAP AMB,Montipora,103.1
7/24/2023,11:15,MCAP AMB,Montipora,112.3
7/24/2023,11:30,MCAP AMB,Montipora,148.5
7/24/2023,11:45,MCAP AMB,Montipora,96.7
7/24/2023,12:00,MCAP AMB,Montipora,96.3
7/24/2023,12:15,MCAP AMB,Montipora,113
7/24/2023,12:30,MCAP AMB,Montipora,84.8
7/24/2023,12:45,MCAP AMB,Montipora,82
7/24/2023,13:00,MCAP AMB,Montipora,72
7/24/2023,13:15,MCAP AMB,Montipora,92.1
7/24/2023,13:30,MCAP AMB,Montipora,133.8
7/24/2023,13:45,MCAP AMB,Montipora,140.4
7/24/2023,14:00,MCAP AMB,Montipora,119.6
7/24/2023,14:15,MCAP AMB,Montipora,137.5
7/24/2023,14:30,MCAP AMB,Montipora,131.4
7/24/2023,14:45,MCAP AMB,Montipora,138.9
7/24/2023,15:00,MCAP AMB,Montipora,179.4
7/24/2023,15:15,MCAP AMB,Montipora,141
7/24/2023,15:30,MCAP AMB,Montipora,119.2
7/24/2023,15:45,MCAP AMB,Montipora,142.1
7/24/2023,16:00,MCAP AMB,Montipora,73.6
7/24/2023,16:15,MCAP AMB,Montipora,79
7/24/2023,16:30,MCAP AMB,Montipora,79.2
7/24/2023,16:45,MCAP AMB,Montipora,108.3
7/24/2023,17:00,MCAP AMB,Montipora,159.2
7/24/2023,17:15,MCAP AMB,Montipora,123.2
7/24/2023,17:30,MCAP AMB,Montipora,50.8
7/24/2023,17:45,MCAP AMB,Montipora,27.1
7/24/2023,18:00,MCAP AMB,Montipora,20.7
7/24/2023,18:15,MCAP AMB,Montipora,15
7/24/2023,18:30,MCAP AMB,Montipora,13.7
7/24/2023,18:45,MCAP AMB,Montipora,12.1
7/24/2023,19:00,MCAP AMB,Montipora,7.2
7/24/2023,19:15,MCAP AMB,Montipora,2.1
7/24/2023,19:30,MCAP AMB,Montipora,0.3
7/24/2023,19:45,MCAP AMB,Montipora,0
7/24/2023,20:00,MCAP AMB,Montipora,0
7/24/2023,20:15,MCAP AMB,Montipora,0
7/24/2023,20:30,MCAP AMB,Montipora,0
7/24/2023,20:45,MCAP AMB,Montipora,0
7/24/2023,21:00,MCAP AMB,Montipora,0
7/24/2023,21:15,MCAP AMB,Montipora,0
7/24/2023,21:30,MCAP AMB,Montipora,0
7/24/2023,21:45,MCAP AMB,Montipora,0
7/24/2023,22:00,MCAP AMB,Montipora,0
7/24/2023,22:15,MCAP AMB,Montipora,0
7/24/2023,22:30,MCAP AMB,Montipora,0
7/24/2023,22:45,MCAP AMB,Montipora,0
7/24/2023,23:00,MCAP AMB,Montipora,0
7/24/2023,23:15,MCAP AMB,Montipora,0
7/24/2023,23:30,MCAP AMB,Montipora,0
7/24/2023,23:45,MCAP AMB,Montipora,0
7/24/2023,0:00,MCAP AMB,Montipora,0
7/25/2023,0:15,MCAP AMB,Montipora,0
7/25/2023,0:30,MCAP AMB,Montipora,0
7/25/2023,0:45,MCAP AMB,Montipora,0
7/25/2023,1:00,MCAP AMB,Montipora,0
7/25/2023,1:15,MCAP AMB,Montipora,0
7/25/2023,1:30,MCAP AMB,Montipora,0
7/25/2023,1:45,MCAP AMB,Montipora,0
7/25/2023,2:00,MCAP AMB,Montipora,0
7/25/2023,2:15,MCAP AMB,Montipora,0
7/25/2023,2:30,MCAP AMB,Montipora,0
7/25/2023,2:45,MCAP AMB,Montipora,0
7/25/2023,3:00,MCAP AMB,Montipora,0
7/25/2023,3:15,MCAP AMB,Montipora,0
7/25/2023,3:30,MCAP AMB,Montipora,0
7/25/2023,3:45,MCAP AMB,Montipora,0
7/25/2023,4:00,MCAP AMB,Montipora,0
7/25/2023,4:15,MCAP AMB,Montipora,0
7/25/2023,4:30,MCAP AMB,Montipora,0
7/25/2023,4:45,MCAP AMB,Montipora,0
7/25/2023,5:00,MCAP AMB,Montipora,0
7/25/2023,5:15,MCAP AMB,Montipora,0
7/25/2023,5:30,MCAP AMB,Montipora,0
7/25/2023,5:45,MCAP AMB,Montipora,0
7/25/2023,6:00,MCAP AMB,Montipora,0.1
7/25/2023,6:15,MCAP AMB,Montipora,1.1
7/25/2023,6:30,MCAP AMB,Montipora,2.9
7/25/2023,6:45,MCAP AMB,Montipora,5.4
7/25/2023,7:00,MCAP AMB,Montipora,12.5
7/25/2023,7:15,MCAP AMB,Montipora,19.9
7/25/2023,7:30,MCAP AMB,Montipora,27.8
7/25/2023,7:45,MCAP AMB,Montipora,32.9
7/25/2023,8:00,MCAP AMB,Montipora,43.3
7/25/2023,8:15,MCAP AMB,Montipora,55.8
7/25/2023,8:30,MCAP AMB,Montipora,70.3
7/25/2023,8:45,MCAP AMB,Montipora,88.8
7/25/2023,9:00,MCAP AMB,Montipora,78.2
7/25/2023,9:15,MCAP AMB,Montipora,96.9
7/25/2023,9:30,MCAP AMB,Montipora,65.5
7/25/2023,9:45,MCAP AMB,Montipora,148.7
7/25/2023,10:00,MCAP AMB,Montipora,204
7/25/2023,10:15,MCAP AMB,Montipora,97.9
7/25/2023,10:30,MCAP AMB,Montipora,564.3
7/25/2023,10:45,MCAP AMB,Montipora,421.4
7/25/2023,11:00,MCAP AMB,Montipora,98
7/25/2023,11:15,MCAP AMB,Montipora,106.3
7/25/2023,11:30,MCAP AMB,Montipora,319.4
7/25/2023,11:45,MCAP AMB,Montipora,355.9
7/25/2023,12:00,MCAP AMB,Montipora,459.9
7/25/2023,12:15,MCAP AMB,Montipora,538.1
7/25/2023,12:30,MCAP AMB,Montipora,367.5
7/25/2023,12:45,MCAP AMB,Montipora,165
7/25/2023,13:00,MCAP AMB,Montipora,137.3
7/25/2023,13:15,MCAP AMB,Montipora,109.7
7/25/2023,13:30,MCAP AMB,Montipora,321.8
7/25/2023,13:45,MCAP AMB,Montipora,527.6
7/25/2023,14:00,MCAP AMB,Montipora,590.7
7/25/2023,14:15,MCAP AMB,Montipora,134.8
7/25/2023,14:30,MCAP AMB,Montipora,268.5
7/25/2023,14:45,MCAP AMB,Montipora,128
7/25/2023,15:00,MCAP AMB,Montipora,145.5
7/25/2023,15:15,MCAP AMB,Montipora,64.6
7/25/2023,15:30,MCAP AMB,Montipora,73.9
7/25/2023,15:45,MCAP AMB,Montipora,93.3
7/25/2023,16:00,MCAP AMB,Montipora,89.5
7/25/2023,16:15,MCAP AMB,Montipora,90.2
7/25/2023,16:30,MCAP AMB,Montipora,91.4
7/25/2023,16:45,MCAP AMB,Montipora,111.4
7/25/2023,17:00,MCAP AMB,Montipora,55.6
7/25/2023,17:15,MCAP AMB,Montipora,53.8
7/25/2023,17:30,MCAP AMB,Montipora,41.2
7/25/2023,17:45,MCAP AMB,Montipora,32.9
7/25/2023,18:00,MCAP AMB,Montipora,22.7
7/25/2023,18:15,MCAP AMB,Montipora,24.7
7/25/2023,18:30,MCAP AMB,Montipora,14.5
7/25/2023,18:45,MCAP AMB,Montipora,9.6
7/25/2023,19:00,MCAP AMB,Montipora,4.4
7/25/2023,19:15,MCAP AMB,Montipora,1.4
7/25/2023,19:30,MCAP AMB,Montipora,0.3
7/25/2023,19:45,MCAP AMB,Montipora,0
7/25/2023,20:00,MCAP AMB,Montipora,0
7/25/2023,20:15,MCAP AMB,Montipora,0
7/25/2023,20:30,MCAP AMB,Montipora,0
7/25/2023,20:45,MCAP AMB,Montipora,0
7/25/2023,21:00,MCAP AMB,Montipora,0
7/25/2023,21:15,MCAP AMB,Montipora,0
7/25/2023,21:30,MCAP AMB,Montipora,0
7/25/2023,21:45,MCAP AMB,Montipora,0
7/25/2023,22:00,MCAP AMB,Montipora,0
7/25/2023,22:15,MCAP AMB,Montipora,0
7/25/2023,22:30,MCAP AMB,Montipora,0
7/25/2023,22:45,MCAP AMB,Montipora,0
7/25/2023,23:00,MCAP AMB,Montipora,0
7/25/2023,23:15,MCAP AMB,Montipora,0
7/25/2023,23:30,MCAP AMB,Montipora,0
7/25/2023,23:45,MCAP AMB,Montipora,0
7/25/2023,0:00,MCAP AMB,Montipora,0
7/26/2023,0:15,MCAP AMB,Montipora,0
7/26/2023,0:30,MCAP AMB,Montipora,0
7/26/2023,0:45,MCAP AMB,Montipora,0
7/26/2023,1:00,MCAP AMB,Montipora,0
7/26/2023,1:15,MCAP AMB,Montipora,0
7/26/2023,1:30,MCAP AMB,Montipora,0
7/26/2023,1:45,MCAP AMB,Montipora,0
7/26/2023,2:00,MCAP AMB,Montipora,0
7/26/2023,2:15,MCAP AMB,Montipora,0
7/26/2023,2:30,MCAP AMB,Montipora,0
7/26/2023,2:45,MCAP AMB,Montipora,0
7/26/2023,3:00,MCAP AMB,Montipora,0
7/26/2023,3:15,MCAP AMB,Montipora,0
7/26/2023,3:30,MCAP AMB,Montipora,0
7/26/2023,3:45,MCAP AMB,Montipora,0
7/26/2023,4:00,MCAP AMB,Montipora,0
7/26/2023,4:15,MCAP AMB,Montipora,0
7/26/2023,4:30,MCAP AMB,Montipora,0
7/26/2023,4:45,MCAP AMB,Montipora,0
7/26/2023,5:00,MCAP AMB,Montipora,0
7/26/2023,5:15,MCAP AMB,Montipora,0
7/26/2023,5:30,MCAP AMB,Montipora,0
7/26/2023,5:45,MCAP AMB,Montipora,0
7/26/2023,6:00,MCAP AMB,Montipora,0
7/26/2023,6:15,MCAP AMB,Montipora,1.1
7/26/2023,6:30,MCAP AMB,Montipora,3.8
7/26/2023,6:45,MCAP AMB,Montipora,10.6
7/26/2023,7:00,MCAP AMB,Montipora,12.7
7/26/2023,7:15,MCAP AMB,Montipora,23.7
7/26/2023,7:30,MCAP AMB,Montipora,31.8
7/26/2023,7:45,MCAP AMB,Montipora,52.4
7/26/2023,8:00,MCAP AMB,Montipora,74.9
7/26/2023,8:15,MCAP AMB,Montipora,61
7/26/2023,8:30,MCAP AMB,Montipora,79.7
7/26/2023,8:45,MCAP AMB,Montipora,73.8
7/26/2023,9:00,MCAP AMB,Montipora,91.7
7/26/2023,9:15,MCAP AMB,Montipora,100.4
7/26/2023,9:30,MCAP AMB,Montipora,147
7/26/2023,9:45,MCAP AMB,Montipora,235.2
7/26/2023,10:00,MCAP AMB,Montipora,158.3
7/26/2023,10:15,MCAP AMB,Montipora,166.2
7/26/2023,10:30,MCAP AMB,Montipora,436.9
7/26/2023,10:45,MCAP AMB,Montipora,586.4
7/26/2023,11:00,MCAP AMB,Montipora,137.4
7/26/2023,11:15,MCAP AMB,Montipora,110.5
7/26/2023,11:30,MCAP AMB,Montipora,186.8
7/26/2023,11:45,MCAP AMB,Montipora,360.2
7/26/2023,12:00,MCAP AMB,Montipora,284
7/26/2023,12:15,MCAP AMB,Montipora,313.7
7/26/2023,12:30,MCAP AMB,Montipora,168.8
7/26/2023,12:45,MCAP AMB,Montipora,119.5
7/26/2023,13:00,MCAP AMB,Montipora,154.4
7/26/2023,13:15,MCAP AMB,Montipora,250.4
7/26/2023,13:30,MCAP AMB,Montipora,265.2
7/26/2023,13:45,MCAP AMB,Montipora,268.4
7/26/2023,14:00,MCAP AMB,Montipora,275.6
7/26/2023,14:15,MCAP AMB,Montipora,177.8
7/26/2023,14:30,MCAP AMB,Montipora,167.5
7/26/2023,14:45,MCAP AMB,Montipora,142.4
7/26/2023,15:00,MCAP AMB,Montipora,109.4
7/26/2023,15:15,MCAP AMB,Montipora,67.9
7/26/2023,15:30,MCAP AMB,Montipora,70.2
7/26/2023,15:45,MCAP AMB,Montipora,66.4
7/26/2023,16:00,MCAP AMB,Montipora,62.8
7/26/2023,16:15,MCAP AMB,Montipora,84.9
7/26/2023,16:30,MCAP AMB,Montipora,64.5
7/26/2023,16:45,MCAP AMB,Montipora,56.8
7/26/2023,17:00,MCAP AMB,Montipora,52.3
7/26/2023,17:15,MCAP AMB,Montipora,42.6
7/26/2023,17:30,MCAP AMB,Montipora,35.4
7/26/2023,17:45,MCAP AMB,Montipora,35.9
7/26/2023,18:00,MCAP AMB,Montipora,27.5
7/26/2023,18:15,MCAP AMB,Montipora,19.2
7/26/2023,18:30,MCAP AMB,Montipora,7.9
7/26/2023,18:45,MCAP AMB,Montipora,6.2
7/26/2023,19:00,MCAP AMB,Montipora,3.2
7/26/2023,19:15,MCAP AMB,Montipora,1.1
7/26/2023,19:30,MCAP AMB,Montipora,0.2
7/26/2023,19:45,MCAP AMB,Montipora,0
7/26/2023,20:00,MCAP AMB,Montipora,0
7/26/2023,20:15,MCAP AMB,Montipora,0
7/26/2023,20:30,MCAP AMB,Montipora,0
7/26/2023,20:45,MCAP AMB,Montipora,0
7/26/2023,21:00,MCAP AMB,Montipora,0
7/26/2023,21:15,MCAP AMB,Montipora,0
7/26/2023,21:30,MCAP AMB,Montipora,0
7/26/2023,21:45,MCAP AMB,Montipora,0
7/26/2023,22:00,MCAP AMB,Montipora,0
7/26/2023,22:15,MCAP AMB,Montipora,0
7/26/2023,22:30,MCAP AMB,Montipora,0
7/26/2023,22:45,MCAP AMB,Montipora,0
7/26/2023,23:00,MCAP AMB,Montipora,0
7/26/2023,23:15,MCAP AMB,Montipora,0
7/26/2023,23:30,MCAP AMB,Montipora,0
7/26/2023,23:45,MCAP AMB,Montipora,0
7/26/2023,0:00,MCAP AMB,Montipora,0
7/27/2023,0:15,MCAP AMB,Montipora,0
7/27/2023,0:30,MCAP AMB,Montipora,0
7/27/2023,0:45,MCAP AMB,Montipora,0
7/27/2023,1:00,MCAP AMB,Montipora,0
7/27/2023,1:15,MCAP AMB,Montipora,0
7/27/2023,1:30,MCAP AMB,Montipora,0
7/27/2023,1:45,MCAP AMB,Montipora,0
7/27/2023,2:00,MCAP AMB,Montipora,0
7/27/2023,2:15,MCAP AMB,Montipora,0
7/27/2023,2:30,MCAP AMB,Montipora,0
7/27/2023,2:45,MCAP AMB,Montipora,0
7/27/2023,3:00,MCAP AMB,Montipora,0
7/27/2023,3:15,MCAP AMB,Montipora,0
7/27/2023,3:30,MCAP AMB,Montipora,0
7/27/2023,3:45,MCAP AMB,Montipora,0
7/27/2023,4:00,MCAP AMB,Montipora,0
7/27/2023,4:15,MCAP AMB,Montipora,0
7/27/2023,4:30,MCAP AMB,Montipora,0
7/27/2023,4:45,MCAP AMB,Montipora,0
7/27/2023,5:00,MCAP AMB,Montipora,0
7/27/2023,5:15,MCAP AMB,Montipora,0
7/27/2023,5:30,MCAP AMB,Montipora,0
7/27/2023,5:45,MCAP AMB,Montipora,0
7/27/2023,6:00,MCAP AMB,Montipora,0.1
7/27/2023,6:15,MCAP AMB,Montipora,1.4
7/27/2023,6:30,MCAP AMB,Montipora,5.6
7/27/2023,6:45,MCAP AMB,Montipora,13.3
7/27/2023,7:00,MCAP AMB,Montipora,17.2
7/27/2023,7:15,MCAP AMB,Montipora,25.1
7/27/2023,7:30,MCAP AMB,Montipora,32.4
7/27/2023,7:45,MCAP AMB,Montipora,157.4
7/27/2023,8:00,MCAP AMB,Montipora,122.7
7/27/2023,8:15,MCAP AMB,Montipora,38.1
7/27/2023,8:30,MCAP AMB,Montipora,45.7
7/27/2023,8:45,MCAP AMB,Montipora,61.3
7/27/2023,9:00,MCAP AMB,Montipora,88.6
7/27/2023,9:15,MCAP AMB,Montipora,75.3
7/27/2023,9:30,MCAP AMB,Montipora,124.2
7/27/2023,9:45,MCAP AMB,Montipora,172.2
7/27/2023,10:00,MCAP AMB,Montipora,125.9
7/27/2023,10:15,MCAP AMB,Montipora,149.4
7/27/2023,10:30,MCAP AMB,Montipora,452.4
7/27/2023,10:45,MCAP AMB,Montipora,109.1
7/27/2023,11:00,MCAP AMB,Montipora,89.6
7/27/2023,11:15,MCAP AMB,Montipora,402.1
7/27/2023,11:30,MCAP AMB,Montipora,644.5
7/27/2023,11:45,MCAP AMB,Montipora,567.2
7/27/2023,12:00,MCAP AMB,Montipora,224.5
7/27/2023,12:15,MCAP AMB,Montipora,116.9
7/27/2023,12:30,MCAP AMB,Montipora,263.2
7/27/2023,12:45,MCAP AMB,Montipora,581.4
7/27/2023,13:00,MCAP AMB,Montipora,632.6
7/27/2023,13:15,MCAP AMB,Montipora,277.8
7/27/2023,13:30,MCAP AMB,Montipora,305.1
7/27/2023,13:45,MCAP AMB,Montipora,346.8
7/27/2023,14:00,MCAP AMB,Montipora,402.7
7/27/2023,14:15,MCAP AMB,Montipora,146.2
7/27/2023,14:30,MCAP AMB,Montipora,254.5
7/27/2023,14:45,MCAP AMB,Montipora,92.8
7/27/2023,15:00,MCAP AMB,Montipora,97.6
7/27/2023,15:15,MCAP AMB,Montipora,70.7
7/27/2023,15:30,MCAP AMB,Montipora,88.1
7/27/2023,15:45,MCAP AMB,Montipora,134.7
7/27/2023,16:00,MCAP AMB,Montipora,96.3
7/27/2023,16:15,MCAP AMB,Montipora,68.9
7/27/2023,16:30,MCAP AMB,Montipora,75.8
7/27/2023,16:45,MCAP AMB,Montipora,130.8
7/27/2023,17:00,MCAP AMB,Montipora,155.6
7/27/2023,17:15,MCAP AMB,Montipora,100.9
7/27/2023,17:30,MCAP AMB,Montipora,40
7/27/2023,17:45,MCAP AMB,Montipora,42.2
7/27/2023,18:00,MCAP AMB,Montipora,75.6
7/27/2023,18:15,MCAP AMB,Montipora,28.9
7/27/2023,18:30,MCAP AMB,Montipora,21.6
7/27/2023,18:45,MCAP AMB,Montipora,9.8
7/27/2023,19:00,MCAP AMB,Montipora,5.6
7/27/2023,19:15,MCAP AMB,Montipora,2.4
7/27/2023,19:30,MCAP AMB,Montipora,0.2
7/27/2023,19:45,MCAP AMB,Montipora,0
7/27/2023,20:00,MCAP AMB,Montipora,0
7/27/2023,20:15,MCAP AMB,Montipora,0
7/27/2023,20:30,MCAP AMB,Montipora,0
7/27/2023,20:45,MCAP AMB,Montipora,0
7/27/2023,21:00,MCAP AMB,Montipora,0
7/27/2023,21:15,MCAP AMB,Montipora,0
7/27/2023,21:30,MCAP AMB,Montipora,0
7/27/2023,21:45,MCAP AMB,Montipora,0
7/27/2023,22:00,MCAP AMB,Montipora,0
7/27/2023,22:15,MCAP AMB,Montipora,0
7/27/2023,22:30,MCAP AMB,Montipora,0
7/27/2023,22:45,MCAP AMB,Montipora,0
7/27/2023,23:00,MCAP AMB,Montipora,0
7/27/2023,23:15,MCAP AMB,Montipora,0
7/27/2023,23:30,MCAP AMB,Montipora,0
7/27/2023,23:45,MCAP AMB,Montipora,0
7/27/2023,0:00,MCAP AMB,Montipora,0
7/28/2023,0:15,MCAP AMB,Montipora,0
7/28/2023,0:30,MCAP AMB,Montipora,0
7/28/2023,0:45,MCAP AMB,Montipora,0
7/28/2023,1:00,MCAP AMB,Montipora,0
7/28/2023,1:15,MCAP AMB,Montipora,0
7/28/2023,1:30,MCAP AMB,Montipora,0
7/28/2023,1:45,MCAP AMB,Montipora,0
7/28/2023,2:00,MCAP AMB,Montipora,0
7/28/2023,2:15,MCAP AMB,Montipora,0
7/28/2023,2:30,MCAP AMB,Montipora,0
7/28/2023,2:45,MCAP AMB,Montipora,0
7/28/2023,3:00,MCAP AMB,Montipora,0
7/28/2023,3:15,MCAP AMB,Montipora,0
7/28/2023,3:30,MCAP AMB,Montipora,0
7/28/2023,3:45,MCAP AMB,Montipora,0
7/28/2023,4:00,MCAP AMB,Montipora,0
7/28/2023,4:15,MCAP AMB,Montipora,0
7/28/2023,4:30,MCAP AMB,Montipora,0
7/28/2023,4:45,MCAP AMB,Montipora,0
7/28/2023,5:00,MCAP AMB,Montipora,0
7/28/2023,5:15,MCAP AMB,Montipora,0
7/28/2023,5:30,MCAP AMB,Montipora,0
7/28/2023,5:45,MCAP AMB,Montipora,0
7/28/2023,6:00,MCAP AMB,Montipora,0
7/28/2023,6:15,MCAP AMB,Montipora,1.2
7/28/2023,6:30,MCAP AMB,Montipora,8
7/28/2023,6:45,MCAP AMB,Montipora,17.4
7/28/2023,7:00,MCAP AMB,Montipora,19.1
7/28/2023,7:15,MCAP AMB,Montipora,20
7/28/2023,7:30,MCAP AMB,Montipora,22.3
7/28/2023,7:45,MCAP AMB,Montipora,31.6
7/28/2023,8:00,MCAP AMB,Montipora,53.1
7/28/2023,8:15,MCAP AMB,Montipora,85.2
7/28/2023,8:30,MCAP AMB,Montipora,74.8
7/28/2023,8:45,MCAP AMB,Montipora,65.3
7/28/2023,9:00,MCAP AMB,Montipora,69.7
7/28/2023,9:15,MCAP AMB,Montipora,60.3
7/28/2023,9:30,MCAP AMB,Montipora,159.6
7/28/2023,9:45,MCAP AMB,Montipora,246.9
7/28/2023,10:00,MCAP AMB,Montipora,124.7
7/28/2023,10:15,MCAP AMB,Montipora,605
7/28/2023,10:30,MCAP AMB,Montipora,259.2
7/28/2023,10:45,MCAP AMB,Montipora,64.7
7/28/2023,11:00,MCAP AMB,Montipora,190.1
7/28/2023,11:15,MCAP AMB,Montipora,588.2
7/28/2023,11:30,MCAP AMB,Montipora,688.7
7/28/2023,11:45,MCAP AMB,Montipora,695.1
7/28/2023,12:00,MCAP AMB,Montipora,467.3
7/28/2023,12:15,MCAP AMB,Montipora,564
7/28/2023,12:30,MCAP AMB,Montipora,469.3
7/28/2023,12:45,MCAP AMB,Montipora,502.3
7/28/2023,13:00,MCAP AMB,Montipora,548.4
7/28/2023,13:15,MCAP AMB,Montipora,120.9
7/28/2023,13:30,MCAP AMB,Montipora,123
7/28/2023,13:45,MCAP AMB,Montipora,122.2
7/28/2023,14:00,MCAP AMB,Montipora,195.2
7/28/2023,14:15,MCAP AMB,Montipora,121.7
7/28/2023,14:30,MCAP AMB,Montipora,127.6
7/28/2023,14:45,MCAP AMB,Montipora,101.4
7/28/2023,15:00,MCAP AMB,Montipora,88.2
7/28/2023,15:15,MCAP AMB,Montipora,70.8
7/28/2023,15:30,MCAP AMB,Montipora,65.1
7/28/2023,15:45,MCAP AMB,Montipora,49.7
7/28/2023,16:00,MCAP AMB,Montipora,49.1
7/28/2023,16:15,MCAP AMB,Montipora,78.5
7/28/2023,16:30,MCAP AMB,Montipora,65.9
7/28/2023,16:45,MCAP AMB,Montipora,79.7
7/28/2023,17:00,MCAP AMB,Montipora,227.1
7/28/2023,17:15,MCAP AMB,Montipora,278.2
7/28/2023,17:30,MCAP AMB,Montipora,33.7
7/28/2023,17:45,MCAP AMB,Montipora,36.5
7/28/2023,18:00,MCAP AMB,Montipora,88.3
7/28/2023,18:15,MCAP AMB,Montipora,18.1
7/28/2023,18:30,MCAP AMB,Montipora,14.4
7/28/2023,18:45,MCAP AMB,Montipora,10.8
7/28/2023,19:00,MCAP AMB,Montipora,5.3
7/28/2023,19:15,MCAP AMB,Montipora,2.3
7/28/2023,19:30,MCAP AMB,Montipora,0.4
7/28/2023,19:45,MCAP AMB,Montipora,0
7/28/2023,20:00,MCAP AMB,Montipora,0
7/28/2023,20:15,MCAP AMB,Montipora,0
7/28/2023,20:30,MCAP AMB,Montipora,0
7/28/2023,20:45,MCAP AMB,Montipora,0
7/28/2023,21:00,MCAP AMB,Montipora,0
7/28/2023,21:15,MCAP AMB,Montipora,0
7/28/2023,21:30,MCAP AMB,Montipora,0
7/28/2023,21:45,MCAP AMB,Montipora,0
7/28/2023,22:00,MCAP AMB,Montipora,0
7/28/2023,22:15,MCAP AMB,Montipora,0
7/28/2023,22:30,MCAP AMB,Montipora,0
7/28/2023,22:45,MCAP AMB,Montipora,0
7/28/2023,23:00,MCAP AMB,Montipora,0
7/28/2023,23:15,MCAP AMB,Montipora,0
7/28/2023,23:30,MCAP AMB,Montipora,0
7/28/2023,23:45,MCAP AMB,Montipora,0
7/28/2023,0:00,MCAP AMB,Montipora,0
7/29/2023,0:15,MCAP AMB,Montipora,0
7/29/2023,0:30,MCAP AMB,Montipora,0
7/29/2023,0:45,MCAP AMB,Montipora,0
7/29/2023,1:00,MCAP AMB,Montipora,0
7/29/2023,1:15,MCAP AMB,Montipora,0
7/29/2023,1:30,MCAP AMB,Montipora,0
7/29/2023,1:45,MCAP AMB,Montipora,0
7/29/2023,2:00,MCAP AMB,Montipora,0
7/29/2023,2:15,MCAP AMB,Montipora,0
7/29/2023,2:30,MCAP AMB,Montipora,0
7/29/2023,2:45,MCAP AMB,Montipora,0
7/29/2023,3:00,MCAP AMB,Montipora,0
7/29/2023,3:15,MCAP AMB,Montipora,0
7/29/2023,3:30,MCAP AMB,Montipora,0
7/29/2023,3:45,MCAP AMB,Montipora,0
7/29/2023,4:00,MCAP AMB,Montipora,0
7/29/2023,4:15,MCAP AMB,Montipora,0
7/29/2023,4:30,MCAP AMB,Montipora,0
7/29/2023,4:45,MCAP AMB,Montipora,0
7/29/2023,5:00,MCAP AMB,Montipora,0
7/29/2023,5:15,MCAP AMB,Montipora,0
7/29/2023,5:30,MCAP AMB,Montipora,0
7/29/2023,5:45,MCAP AMB,Montipora,0
7/29/2023,6:00,MCAP AMB,Montipora,0
7/29/2023,6:15,MCAP AMB,Montipora,0.6
7/29/2023,6:30,MCAP AMB,Montipora,3.6
7/29/2023,6:45,MCAP AMB,Montipora,16.3
7/29/2023,7:00,MCAP AMB,Montipora,19.2
7/29/2023,7:15,MCAP AMB,Montipora,21.9
7/29/2023,7:30,MCAP AMB,Montipora,34.1
7/29/2023,7:45,MCAP AMB,Montipora,65.2
7/29/2023,8:00,MCAP AMB,Montipora,76.9
7/29/2023,8:15,MCAP AMB,Montipora,80.5
7/29/2023,8:30,MCAP AMB,Montipora,66.1
7/29/2023,8:45,MCAP AMB,Montipora,97.5
7/29/2023,9:00,MCAP AMB,Montipora,162.7
7/29/2023,9:15,MCAP AMB,Montipora,114.9
7/29/2023,9:30,MCAP AMB,Montipora,89.8
7/29/2023,9:45,MCAP AMB,Montipora,121.8
7/29/2023,10:00,MCAP AMB,Montipora,284
7/29/2023,10:15,MCAP AMB,Montipora,378.9
7/29/2023,10:30,MCAP AMB,Montipora,158.3
7/29/2023,10:45,MCAP AMB,Montipora,153
7/29/2023,11:00,MCAP AMB,Montipora,419.7
7/29/2023,11:15,MCAP AMB,Montipora,340.8
7/29/2023,11:30,MCAP AMB,Montipora,321.9
7/29/2023,11:45,MCAP AMB,Montipora,161.5
7/29/2023,12:00,MCAP AMB,Montipora,148.6
7/29/2023,12:15,MCAP AMB,Montipora,367.6
7/29/2023,12:30,MCAP AMB,Montipora,607.8
7/29/2023,12:45,MCAP AMB,Montipora,370.4
7/29/2023,13:00,MCAP AMB,Montipora,449.4
7/29/2023,13:15,MCAP AMB,Montipora,197.1
7/29/2023,13:30,MCAP AMB,Montipora,92
7/29/2023,13:45,MCAP AMB,Montipora,146.3
7/29/2023,14:00,MCAP AMB,Montipora,243.3
7/29/2023,14:15,MCAP AMB,Montipora,180.6
7/29/2023,14:30,MCAP AMB,Montipora,107.4
7/29/2023,14:45,MCAP AMB,Montipora,98
7/29/2023,15:00,MCAP AMB,Montipora,75.6
7/29/2023,15:15,MCAP AMB,Montipora,80.9
7/29/2023,15:30,MCAP AMB,Montipora,44.8
7/29/2023,15:45,MCAP AMB,Montipora,76
7/29/2023,16:00,MCAP AMB,Montipora,87.4
7/29/2023,16:15,MCAP AMB,Montipora,113.8
7/29/2023,16:30,MCAP AMB,Montipora,122.3
7/29/2023,16:45,MCAP AMB,Montipora,74.8
7/29/2023,17:00,MCAP AMB,Montipora,90.3
7/29/2023,17:15,MCAP AMB,Montipora,47.9
7/29/2023,17:30,MCAP AMB,Montipora,45.5
7/29/2023,17:45,MCAP AMB,Montipora,17.3
7/29/2023,18:00,MCAP AMB,Montipora,23.7
7/29/2023,18:15,MCAP AMB,Montipora,19.9
7/29/2023,18:30,MCAP AMB,Montipora,15.9
7/29/2023,18:45,MCAP AMB,Montipora,9.6
7/29/2023,19:00,MCAP AMB,Montipora,5.2
7/29/2023,19:15,MCAP AMB,Montipora,2.1
7/29/2023,19:30,MCAP AMB,Montipora,0.3
7/29/2023,19:45,MCAP AMB,Montipora,0
7/29/2023,20:00,MCAP AMB,Montipora,0
7/29/2023,20:15,MCAP AMB,Montipora,0
7/29/2023,20:30,MCAP AMB,Montipora,0
7/29/2023,20:45,MCAP AMB,Montipora,0
7/29/2023,21:00,MCAP AMB,Montipora,0
7/29/2023,21:15,MCAP AMB,Montipora,0
7/29/2023,21:30,MCAP AMB,Montipora,0
7/29/2023,21:45,MCAP AMB,Montipora,0
7/29/2023,22:00,MCAP AMB,Montipora,0
7/29/2023,22:15,MCAP AMB,Montipora,0
7/29/2023,22:30,MCAP AMB,Montipora,0
7/29/2023,22:45,MCAP AMB,Montipora,0
7/29/2023,23:00,MCAP AMB,Montipora,0
7/29/2023,23:15,MCAP AMB,Montipora,0
7/29/2023,23:30,MCAP AMB,Montipora,0
7/29/2023,23:45,MCAP AMB,Montipora,0
7/29/2023,0:00,MCAP AMB,Montipora,0
7/30/2023,0:15,MCAP AMB,Montipora,0
7/30/2023,0:30,MCAP AMB,Montipora,0
7/30/2023,0:45,MCAP AMB,Montipora,0
7/30/2023,1:00,MCAP AMB,Montipora,0
7/30/2023,1:15,MCAP AMB,Montipora,0
7/30/2023,1:30,MCAP AMB,Montipora,0
7/30/2023,1:45,MCAP AMB,Montipora,0
7/30/2023,2:00,MCAP AMB,Montipora,0
7/30/2023,2:15,MCAP AMB,Montipora,0
7/30/2023,2:30,MCAP AMB,Montipora,0
7/30/2023,2:45,MCAP AMB,Montipora,0
7/30/2023,3:00,MCAP AMB,Montipora,0
7/30/2023,3:15,MCAP AMB,Montipora,0
7/30/2023,3:30,MCAP AMB,Montipora,0
7/30/2023,3:45,MCAP AMB,Montipora,0
7/30/2023,4:00,MCAP AMB,Montipora,0
7/30/2023,4:15,MCAP AMB,Montipora,0
7/30/2023,4:30,MCAP AMB,Montipora,0
7/30/2023,4:45,MCAP AMB,Montipora,0
7/30/2023,5:00,MCAP AMB,Montipora,0
7/30/2023,5:15,MCAP AMB,Montipora,0
7/30/2023,5:30,MCAP AMB,Montipora,0
7/30/2023,5:45,MCAP AMB,Montipora,0
7/30/2023,6:00,MCAP AMB,Montipora,0.1
7/30/2023,6:15,MCAP AMB,Montipora,1.6
7/30/2023,6:30,MCAP AMB,Montipora,6.9
7/30/2023,6:45,MCAP AMB,Montipora,11.7
7/30/2023,7:00,MCAP AMB,Montipora,26.8
7/30/2023,7:15,MCAP AMB,Montipora,40.6
7/30/2023,7:30,MCAP AMB,Montipora,139.4
7/30/2023,7:45,MCAP AMB,Montipora,93.5
7/30/2023,8:00,MCAP AMB,Montipora,48.6
7/30/2023,8:15,MCAP AMB,Montipora,65.9
7/30/2023,8:30,MCAP AMB,Montipora,59.1
7/30/2023,8:45,MCAP AMB,Montipora,139.8
7/30/2023,9:00,MCAP AMB,Montipora,150.5
7/30/2023,9:15,MCAP AMB,Montipora,76.2
7/30/2023,9:30,MCAP AMB,Montipora,105.7
7/30/2023,9:45,MCAP AMB,Montipora,104.2
7/30/2023,10:00,MCAP AMB,Montipora,522.9
7/30/2023,10:15,MCAP AMB,Montipora,401.2
7/30/2023,10:30,MCAP AMB,Montipora,59.6
7/30/2023,10:45,MCAP AMB,Montipora,103.1
7/30/2023,11:00,MCAP AMB,Montipora,511.8
7/30/2023,11:15,MCAP AMB,Montipora,118.6
7/30/2023,11:30,MCAP AMB,Montipora,84.5
7/30/2023,11:45,MCAP AMB,Montipora,102
7/30/2023,12:00,MCAP AMB,Montipora,141.7
7/30/2023,12:15,MCAP AMB,Montipora,134.1
7/30/2023,12:30,MCAP AMB,Montipora,324.3
7/30/2023,12:45,MCAP AMB,Montipora,425
7/30/2023,13:00,MCAP AMB,Montipora,603.3
7/30/2023,13:15,MCAP AMB,Montipora,524
7/30/2023,13:30,MCAP AMB,Montipora,184.2
7/30/2023,13:45,MCAP AMB,Montipora,140.3
7/30/2023,14:00,MCAP AMB,Montipora,131.5
7/30/2023,14:15,MCAP AMB,Montipora,136.1
7/30/2023,14:30,MCAP AMB,Montipora,62.1
7/30/2023,14:45,MCAP AMB,Montipora,75.9
7/30/2023,15:00,MCAP AMB,Montipora,65.6
7/30/2023,15:15,MCAP AMB,Montipora,60.9
7/30/2023,15:30,MCAP AMB,Montipora,74.1
7/30/2023,15:45,MCAP AMB,Montipora,59.4
7/30/2023,16:00,MCAP AMB,Montipora,58.2
7/30/2023,16:15,MCAP AMB,Montipora,45.6
7/30/2023,16:30,MCAP AMB,Montipora,44.2
7/30/2023,16:45,MCAP AMB,Montipora,53.2
7/30/2023,17:00,MCAP AMB,Montipora,39.3
7/30/2023,17:15,MCAP AMB,Montipora,39.9
7/30/2023,17:30,MCAP AMB,Montipora,34.6
7/30/2023,17:45,MCAP AMB,Montipora,38.4
7/30/2023,18:00,MCAP AMB,Montipora,29.8
7/30/2023,18:15,MCAP AMB,Montipora,19.1
7/30/2023,18:30,MCAP AMB,Montipora,18.2
7/30/2023,18:45,MCAP AMB,Montipora,7.6
7/30/2023,19:00,MCAP AMB,Montipora,2.4
7/30/2023,19:15,MCAP AMB,Montipora,0.8
7/30/2023,19:30,MCAP AMB,Montipora,0.1
7/30/2023,19:45,MCAP AMB,Montipora,0
7/30/2023,20:00,MCAP AMB,Montipora,0
7/30/2023,20:15,MCAP AMB,Montipora,0
7/30/2023,20:30,MCAP AMB,Montipora,0
7/30/2023,20:45,MCAP AMB,Montipora,0
7/30/2023,21:00,MCAP AMB,Montipora,0
7/30/2023,21:15,MCAP AMB,Montipora,0
7/30/2023,21:30,MCAP AMB,Montipora,0
7/30/2023,21:45,MCAP AMB,Montipora,0
7/30/2023,22:00,MCAP AMB,Montipora,0
7/30/2023,22:15,MCAP AMB,Montipora,0
7/30/2023,22:30,MCAP AMB,Montipora,0
7/30/2023,22:45,MCAP AMB,Montipora,0
7/30/2023,23:00,MCAP AMB,Montipora,0
7/30/2023,23:15,MCAP AMB,Montipora,0
7/30/2023,23:30,MCAP AMB,Montipora,0
7/30/2023,23:45,MCAP AMB,Montipora,0
7/30/2023,0:00,MCAP AMB,Montipora,0
7/31/2023,0:15,MCAP AMB,Montipora,0
7/31/2023,0:30,MCAP AMB,Montipora,0
7/31/2023,0:45,MCAP AMB,Montipora,0
7/31/2023,1:00,MCAP AMB,Montipora,0
7/31/2023,1:15,MCAP AMB,Montipora,0
7/31/2023,1:30,MCAP AMB,Montipora,0
7/31/2023,1:45,MCAP AMB,Montipora,0
7/31/2023,2:00,MCAP AMB,Montipora,0
7/31/2023,2:15,MCAP AMB,Montipora,0
7/31/2023,2:30,MCAP AMB,Montipora,0
7/31/2023,2:45,MCAP AMB,Montipora,0
7/31/2023,3:00,MCAP AMB,Montipora,0
7/31/2023,3:15,MCAP AMB,Montipora,0
7/31/2023,3:30,MCAP AMB,Montipora,0
7/31/2023,3:45,MCAP AMB,Montipora,0
7/31/2023,4:00,MCAP AMB,Montipora,0
7/31/2023,4:15,MCAP AMB,Montipora,0
7/31/2023,4:30,MCAP AMB,Montipora,0
7/31/2023,4:45,MCAP AMB,Montipora,0
7/31/2023,5:00,MCAP AMB,Montipora,0
7/31/2023,5:15,MCAP AMB,Montipora,0
7/31/2023,5:30,MCAP AMB,Montipora,0
7/31/2023,5:45,MCAP AMB,Montipora,0
7/31/2023,6:00,MCAP AMB,Montipora,0.1
7/31/2023,6:15,MCAP AMB,Montipora,1.9
7/31/2023,6:30,MCAP AMB,Montipora,9
7/31/2023,6:45,MCAP AMB,Montipora,23
7/31/2023,7:00,MCAP AMB,Montipora,20.3
7/31/2023,7:15,MCAP AMB,Montipora,20.4
7/31/2023,7:30,MCAP AMB,Montipora,32.7
7/31/2023,7:45,MCAP AMB,Montipora,57.4
7/31/2023,8:00,MCAP AMB,Montipora,72.9
7/31/2023,8:15,MCAP AMB,Montipora,61.1
7/31/2023,8:30,MCAP AMB,Montipora,66.9
7/31/2023,8:45,MCAP AMB,Montipora,129
7/31/2023,9:00,MCAP AMB,Montipora,159.8
7/31/2023,9:15,MCAP AMB,Montipora,75.6
7/31/2023,9:30,MCAP AMB,Montipora,122.2
7/31/2023,9:45,MCAP AMB,Montipora,162.7
7/31/2023,10:00,MCAP AMB,Montipora,461
7/31/2023,10:15,MCAP AMB,Montipora,204.5
7/31/2023,10:30,MCAP AMB,Montipora,120.9
7/31/2023,10:45,MCAP AMB,Montipora,81.7
7/31/2023,11:00,MCAP AMB,Montipora,115.2
7/31/2023,11:15,MCAP AMB,Montipora,111.4
7/31/2023,11:30,MCAP AMB,Montipora,106.8
7/31/2023,11:45,MCAP AMB,Montipora,129.5
7/31/2023,12:00,MCAP AMB,Montipora,124.5
7/31/2023,12:15,MCAP AMB,Montipora,96
7/31/2023,12:30,MCAP AMB,Montipora,101.2
7/31/2023,12:45,MCAP AMB,Montipora,255.2
7/31/2023,13:00,MCAP AMB,Montipora,601.4
7/31/2023,13:15,MCAP AMB,Montipora,789.6
7/31/2023,13:30,MCAP AMB,Montipora,306.1
7/31/2023,13:45,MCAP AMB,Montipora,117.2
7/31/2023,14:00,MCAP AMB,Montipora,176.7
7/31/2023,14:15,MCAP AMB,Montipora,550.4
7/31/2023,14:30,MCAP AMB,Montipora,150.5
7/31/2023,14:45,MCAP AMB,Montipora,54.5
7/31/2023,15:00,MCAP AMB,Montipora,58.4
7/31/2023,15:15,MCAP AMB,Montipora,49.9
7/31/2023,15:30,MCAP AMB,Montipora,51.1
7/31/2023,15:45,MCAP AMB,Montipora,47.4
7/31/2023,16:00,MCAP AMB,Montipora,30
7/31/2023,16:15,MCAP AMB,Montipora,39
7/31/2023,16:30,MCAP AMB,Montipora,55.6
7/31/2023,16:45,MCAP AMB,Montipora,42.5
7/31/2023,17:00,MCAP AMB,Montipora,46.1
7/31/2023,17:15,MCAP AMB,Montipora,74.1
7/31/2023,17:30,MCAP AMB,Montipora,29.7
7/31/2023,17:45,MCAP AMB,Montipora,27.8
7/31/2023,18:00,MCAP AMB,Montipora,22.6
7/31/2023,18:15,MCAP AMB,Montipora,24.2
7/31/2023,18:30,MCAP AMB,Montipora,14.7
7/31/2023,18:45,MCAP AMB,Montipora,9.8
7/31/2023,19:00,MCAP AMB,Montipora,4.9
7/31/2023,19:15,MCAP AMB,Montipora,1.7
7/31/2023,19:30,MCAP AMB,Montipora,0.2
7/31/2023,19:45,MCAP AMB,Montipora,0
7/31/2023,20:00,MCAP AMB,Montipora,0
7/31/2023,20:15,MCAP AMB,Montipora,0
7/31/2023,20:30,MCAP AMB,Montipora,0
7/31/2023,20:45,MCAP AMB,Montipora,0
7/31/2023,21:00,MCAP AMB,Montipora,0
7/31/2023,21:15,MCAP AMB,Montipora,0
7/31/2023,21:30,MCAP AMB,Montipora,0
7/31/2023,21:45,MCAP AMB,Montipora,0
7/31/2023,22:00,MCAP AMB,Montipora,0
7/31/2023,22:15,MCAP AMB,Montipora,0
7/31/2023,22:30,MCAP AMB,Montipora,0
7/31/2023,22:45,MCAP AMB,Montipora,0
7/31/2023,23:00,MCAP AMB,Montipora,0
7/31/2023,23:15,MCAP AMB,Montipora,0
7/31/2023,23:30,MCAP AMB,Montipora,0
7/31/2023,23:45,MCAP AMB,Montipora,0
7/31/2023,0:00,MCAP AMB,Montipora,0
8/1/2023,0:15,MCAP AMB,Montipora,0
8/1/2023,0:30,MCAP AMB,Montipora,0
8/1/2023,0:45,MCAP AMB,Montipora,0
8/1/2023,1:00,MCAP AMB,Montipora,0
8/1/2023,1:15,MCAP AMB,Montipora,0
8/1/2023,1:30,MCAP AMB,Montipora,0
8/1/2023,1:45,MCAP AMB,Montipora,0
8/1/2023,2:00,MCAP AMB,Montipora,0
8/1/2023,2:15,MCAP AMB,Montipora,0
8/1/2023,2:30,MCAP AMB,Montipora,0
8/1/2023,2:45,MCAP AMB,Montipora,0
8/1/2023,3:00,MCAP AMB,Montipora,0
8/1/2023,3:15,MCAP AMB,Montipora,0
8/1/2023,3:30,MCAP AMB,Montipora,0
8/1/2023,3:45,MCAP AMB,Montipora,0
8/1/2023,4:00,MCAP AMB,Montipora,0
8/1/2023,4:15,MCAP AMB,Montipora,0
8/1/2023,4:30,MCAP AMB,Montipora,0
8/1/2023,4:45,MCAP AMB,Montipora,0
8/1/2023,5:00,MCAP AMB,Montipora,0
8/1/2023,5:15,MCAP AMB,Montipora,0
8/1/2023,5:30,MCAP AMB,Montipora,0
8/1/2023,5:45,MCAP AMB,Montipora,0
8/1/2023,6:00,MCAP AMB,Montipora,0
8/1/2023,6:15,MCAP AMB,Montipora,1
8/1/2023,6:30,MCAP AMB,Montipora,2.7
8/1/2023,6:45,MCAP AMB,Montipora,5.3
8/1/2023,7:00,MCAP AMB,Montipora,9.2
8/1/2023,7:15,MCAP AMB,Montipora,15.3
8/1/2023,7:30,MCAP AMB,Montipora,18.9
8/1/2023,7:45,MCAP AMB,Montipora,32.3
8/1/2023,8:00,MCAP AMB,Montipora,20.9
8/1/2023,8:15,MCAP AMB,Montipora,33.9
8/1/2023,8:30,MCAP AMB,Montipora,38.2
8/1/2023,8:45,MCAP AMB,Montipora,57.2
8/1/2023,9:00,MCAP AMB,Montipora,38.5
8/1/2023,9:15,MCAP AMB,Montipora,57.2
8/1/2023,9:30,MCAP AMB,Montipora,64.3
8/1/2023,9:45,MCAP AMB,Montipora,164.9
8/1/2023,10:00,MCAP AMB,Montipora,363.6
8/1/2023,10:15,MCAP AMB,Montipora,71.7
8/1/2023,10:30,MCAP AMB,Montipora,89.6
8/1/2023,10:45,MCAP AMB,Montipora,232.9
8/1/2023,11:00,MCAP AMB,Montipora,125.9
8/1/2023,11:15,MCAP AMB,Montipora,150.8
8/1/2023,11:30,MCAP AMB,Montipora,181
8/1/2023,11:45,MCAP AMB,Montipora,239.6
8/1/2023,12:00,MCAP AMB,Montipora,271.9
8/1/2023,12:15,MCAP AMB,Montipora,167
8/1/2023,12:30,MCAP AMB,Montipora,93.4
8/1/2023,12:45,MCAP AMB,Montipora,111.2
8/1/2023,13:00,MCAP AMB,Montipora,203.2
8/1/2023,13:15,MCAP AMB,Montipora,730.3
8/1/2023,13:30,MCAP AMB,Montipora,550.3
8/1/2023,13:45,MCAP AMB,Montipora,135.7
8/1/2023,14:00,MCAP AMB,Montipora,142.9
8/1/2023,14:15,MCAP AMB,Montipora,397.4
8/1/2023,14:30,MCAP AMB,Montipora,239.9
8/1/2023,14:45,MCAP AMB,Montipora,45.5
8/1/2023,15:00,MCAP AMB,Montipora,53.7
8/1/2023,15:15,MCAP AMB,Montipora,31.1
8/1/2023,15:30,MCAP AMB,Montipora,50
8/1/2023,15:45,MCAP AMB,Montipora,33.4
8/1/2023,16:00,MCAP AMB,Montipora,39.7
8/1/2023,16:15,MCAP AMB,Montipora,63.6
8/1/2023,16:30,MCAP AMB,Montipora,114.1
8/1/2023,16:45,MCAP AMB,Montipora,70.5
8/1/2023,17:00,MCAP AMB,Montipora,58.5
8/1/2023,17:15,MCAP AMB,Montipora,36.6
8/1/2023,17:30,MCAP AMB,Montipora,15
8/1/2023,17:45,MCAP AMB,Montipora,21.5
8/1/2023,18:00,MCAP AMB,Montipora,22.9
8/1/2023,18:15,MCAP AMB,Montipora,9.1
8/1/2023,18:30,MCAP AMB,Montipora,10.2
8/1/2023,18:45,MCAP AMB,Montipora,5.7
8/1/2023,19:00,MCAP AMB,Montipora,3
8/1/2023,19:15,MCAP AMB,Montipora,1
8/1/2023,19:30,MCAP AMB,Montipora,0.1
8/1/2023,19:45,MCAP AMB,Montipora,0
8/1/2023,20:00,MCAP AMB,Montipora,0
8/1/2023,20:15,MCAP AMB,Montipora,0
8/1/2023,20:30,MCAP AMB,Montipora,0
8/1/2023,20:45,MCAP AMB,Montipora,0
8/1/2023,21:00,MCAP AMB,Montipora,0
8/1/2023,21:15,MCAP AMB,Montipora,0
8/1/2023,21:30,MCAP AMB,Montipora,0
8/1/2023,21:45,MCAP AMB,Montipora,0
8/1/2023,22:00,MCAP AMB,Montipora,0
8/1/2023,22:15,MCAP AMB,Montipora,0
8/1/2023,22:30,MCAP AMB,Montipora,0
8/1/2023,22:45,MCAP AMB,Montipora,0
8/1/2023,23:00,MCAP AMB,Montipora,0
8/1/2023,23:15,MCAP AMB,Montipora,0
8/1/2023,23:30,MCAP AMB,Montipora,0
8/1/2023,23:45,MCAP AMB,Montipora,0
8/1/2023,0:00,MCAP AMB,Montipora,0
8/2/2023,0:15,MCAP AMB,Montipora,0
8/2/2023,0:30,MCAP AMB,Montipora,0
8/2/2023,0:45,MCAP AMB,Montipora,0
8/2/2023,1:00,MCAP AMB,Montipora,0
8/2/2023,1:15,MCAP AMB,Montipora,0
8/2/2023,1:30,MCAP AMB,Montipora,0
8/2/2023,1:45,MCAP AMB,Montipora,0
8/2/2023,2:00,MCAP AMB,Montipora,0
8/2/2023,2:15,MCAP AMB,Montipora,0
8/2/2023,2:30,MCAP AMB,Montipora,0
8/2/2023,2:45,MCAP AMB,Montipora,0
8/2/2023,3:00,MCAP AMB,Montipora,0
8/2/2023,3:15,MCAP AMB,Montipora,0
8/2/2023,3:30,MCAP AMB,Montipora,0
8/2/2023,3:45,MCAP AMB,Montipora,0
8/2/2023,4:00,MCAP AMB,Montipora,0
8/2/2023,4:15,MCAP AMB,Montipora,0
8/2/2023,4:30,MCAP AMB,Montipora,0
8/2/2023,4:45,MCAP AMB,Montipora,0
8/2/2023,5:00,MCAP AMB,Montipora,0
8/2/2023,5:15,MCAP AMB,Montipora,0
8/2/2023,5:30,MCAP AMB,Montipora,0
8/2/2023,5:45,MCAP AMB,Montipora,0
8/2/2023,6:00,MCAP AMB,Montipora,0
8/2/2023,6:15,MCAP AMB,Montipora,1.1
8/2/2023,6:30,MCAP AMB,Montipora,6.1
8/2/2023,6:45,MCAP AMB,Montipora,11.8
8/2/2023,7:00,MCAP AMB,Montipora,14.7
8/2/2023,7:15,MCAP AMB,Montipora,23.2
8/2/2023,7:30,MCAP AMB,Montipora,46.2
8/2/2023,7:45,MCAP AMB,Montipora,61.8
8/2/2023,8:00,MCAP AMB,Montipora,37.6
8/2/2023,8:15,MCAP AMB,Montipora,45.5
8/2/2023,8:30,MCAP AMB,Montipora,30.1
8/2/2023,8:45,MCAP AMB,Montipora,64.1
8/2/2023,9:00,MCAP AMB,Montipora,61.7
8/2/2023,9:15,MCAP AMB,Montipora,55.2
8/2/2023,9:30,MCAP AMB,Montipora,68.6
8/2/2023,9:45,MCAP AMB,Montipora,146.1
8/2/2023,10:00,MCAP AMB,Montipora,102.5
8/2/2023,10:15,MCAP AMB,Montipora,91.2
8/2/2023,10:30,MCAP AMB,Montipora,85.7
8/2/2023,10:45,MCAP AMB,Montipora,129.7
8/2/2023,11:00,MCAP AMB,Montipora,124.1
8/2/2023,11:15,MCAP AMB,Montipora,131.3
8/2/2023,11:30,MCAP AMB,Montipora,150.3
8/2/2023,11:45,MCAP AMB,Montipora,89.7
8/2/2023,12:00,MCAP AMB,Montipora,153.1
8/2/2023,12:15,MCAP AMB,Montipora,132.7
8/2/2023,12:30,MCAP AMB,Montipora,107.2
8/2/2023,12:45,MCAP AMB,Montipora,96.5
8/2/2023,13:00,MCAP AMB,Montipora,94.8
8/2/2023,13:15,MCAP AMB,Montipora,105.9
8/2/2023,13:30,MCAP AMB,Montipora,164.2
8/2/2023,13:45,MCAP AMB,Montipora,172.3
8/2/2023,14:00,MCAP AMB,Montipora,150.4
8/2/2023,14:15,MCAP AMB,Montipora,136.6
8/2/2023,14:30,MCAP AMB,Montipora,185.4
8/2/2023,14:45,MCAP AMB,Montipora,112.5
8/2/2023,15:00,MCAP AMB,Montipora,75.2
8/2/2023,15:15,MCAP AMB,Montipora,62.9
8/2/2023,15:30,MCAP AMB,Montipora,47.2
8/2/2023,15:45,MCAP AMB,Montipora,49.4
8/2/2023,16:00,MCAP AMB,Montipora,56.2
8/2/2023,16:15,MCAP AMB,Montipora,60.5
8/2/2023,16:30,MCAP AMB,Montipora,63.3
8/2/2023,16:45,MCAP AMB,Montipora,98.9
8/2/2023,17:00,MCAP AMB,Montipora,194.7
8/2/2023,17:15,MCAP AMB,Montipora,57.6
8/2/2023,17:30,MCAP AMB,Montipora,27.6
8/2/2023,17:45,MCAP AMB,Montipora,38
8/2/2023,18:00,MCAP AMB,Montipora,39.9
8/2/2023,18:15,MCAP AMB,Montipora,15.4
8/2/2023,18:30,MCAP AMB,Montipora,10.5
8/2/2023,18:45,MCAP AMB,Montipora,6.5
8/2/2023,19:00,MCAP AMB,Montipora,3.5
8/2/2023,19:15,MCAP AMB,Montipora,1.4
8/2/2023,19:30,MCAP AMB,Montipora,0.1
8/2/2023,19:45,MCAP AMB,Montipora,0
8/2/2023,20:00,MCAP AMB,Montipora,0
8/2/2023,20:15,MCAP AMB,Montipora,0
8/2/2023,20:30,MCAP AMB,Montipora,0
8/2/2023,20:45,MCAP AMB,Montipora,0
8/2/2023,21:00,MCAP AMB,Montipora,0
8/2/2023,21:15,MCAP AMB,Montipora,0
8/2/2023,21:30,MCAP AMB,Montipora,0
8/2/2023,21:45,MCAP AMB,Montipora,0
8/2/2023,22:00,MCAP AMB,Montipora,0
8/2/2023,22:15,MCAP AMB,Montipora,0
8/2/2023,22:30,MCAP AMB,Montipora,0
8/2/2023,22:45,MCAP AMB,Montipora,0
8/2/2023,23:00,MCAP AMB,Montipora,0
8/2/2023,23:15,MCAP AMB,Montipora,0
8/2/2023,23:30,MCAP AMB,Montipora,0
8/2/2023,23:45,MCAP AMB,Montipora,0
8/2/2023,0:00,MCAP AMB,Montipora,0
8/3/2023,0:15,MCAP AMB,Montipora,0
8/3/2023,0:30,MCAP AMB,Montipora,0
8/3/2023,0:45,MCAP AMB,Montipora,0
8/3/2023,1:00,MCAP AMB,Montipora,0
8/3/2023,1:15,MCAP AMB,Montipora,0
8/3/2023,1:30,MCAP AMB,Montipora,0
8/3/2023,1:45,MCAP AMB,Montipora,0
8/3/2023,2:00,MCAP AMB,Montipora,0
8/3/2023,2:15,MCAP AMB,Montipora,0
8/3/2023,2:30,MCAP AMB,Montipora,0
8/3/2023,2:45,MCAP AMB,Montipora,0
8/3/2023,3:00,MCAP AMB,Montipora,0
8/3/2023,3:15,MCAP AMB,Montipora,0
8/3/2023,3:30,MCAP AMB,Montipora,0
8/3/2023,3:45,MCAP AMB,Montipora,0
8/3/2023,4:00,MCAP AMB,Montipora,0
8/3/2023,4:15,MCAP AMB,Montipora,0
8/3/2023,4:30,MCAP AMB,Montipora,0
8/3/2023,4:45,MCAP AMB,Montipora,0
8/3/2023,5:00,MCAP AMB,Montipora,0
8/3/2023,5:15,MCAP AMB,Montipora,0
8/3/2023,5:30,MCAP AMB,Montipora,0
8/3/2023,5:45,MCAP AMB,Montipora,0
8/3/2023,6:00,MCAP AMB,Montipora,0
8/3/2023,6:15,MCAP AMB,Montipora,1.2
8/3/2023,6:30,MCAP AMB,Montipora,4.9
8/3/2023,6:45,MCAP AMB,Montipora,10
8/3/2023,7:00,MCAP AMB,Montipora,13.9
8/3/2023,7:15,MCAP AMB,Montipora,34.1
8/3/2023,7:30,MCAP AMB,Montipora,73.8
8/3/2023,7:45,MCAP AMB,Montipora,103.6
8/3/2023,8:00,MCAP AMB,Montipora,49.9
8/3/2023,8:15,MCAP AMB,Montipora,57
8/3/2023,8:30,MCAP AMB,Montipora,48.5
8/3/2023,8:45,MCAP AMB,Montipora,62.3
8/3/2023,9:00,MCAP AMB,Montipora,55
8/3/2023,9:15,MCAP AMB,Montipora,62.4
8/3/2023,9:30,MCAP AMB,Montipora,70.6
8/3/2023,9:45,MCAP AMB,Montipora,198.3
8/3/2023,10:00,MCAP AMB,Montipora,97.8
8/3/2023,10:15,MCAP AMB,Montipora,97
8/3/2023,10:30,MCAP AMB,Montipora,80.3
8/3/2023,10:45,MCAP AMB,Montipora,88
8/3/2023,11:00,MCAP AMB,Montipora,143.7
8/3/2023,11:15,MCAP AMB,Montipora,106.6
8/3/2023,11:30,MCAP AMB,Montipora,118.9
8/3/2023,11:45,MCAP AMB,Montipora,93.4
8/3/2023,12:00,MCAP AMB,Montipora,107.4
8/3/2023,12:15,MCAP AMB,Montipora,124.4
8/3/2023,12:30,MCAP AMB,Montipora,99.5
8/3/2023,12:45,MCAP AMB,Montipora,64.9
8/3/2023,13:00,MCAP AMB,Montipora,89.4
8/3/2023,13:15,MCAP AMB,Montipora,106.5
8/3/2023,13:30,MCAP AMB,Montipora,255.7
8/3/2023,13:45,MCAP AMB,Montipora,79.5
8/3/2023,14:00,MCAP AMB,Montipora,82
8/3/2023,14:15,MCAP AMB,Montipora,91.3
8/3/2023,14:30,MCAP AMB,Montipora,232.4
8/3/2023,14:45,MCAP AMB,Montipora,75
8/3/2023,15:00,MCAP AMB,Montipora,79.4
8/3/2023,15:15,MCAP AMB,Montipora,71.5
8/3/2023,15:30,MCAP AMB,Montipora,80.4
8/3/2023,15:45,MCAP AMB,Montipora,81.7
8/3/2023,16:00,MCAP AMB,Montipora,80.8
8/3/2023,16:15,MCAP AMB,Montipora,60.9
8/3/2023,16:30,MCAP AMB,Montipora,76.5
8/3/2023,16:45,MCAP AMB,Montipora,60.6
8/3/2023,17:00,MCAP AMB,Montipora,198.2
8/3/2023,17:15,MCAP AMB,Montipora,36.2
8/3/2023,17:30,MCAP AMB,Montipora,21.6
8/3/2023,17:45,MCAP AMB,Montipora,37.5
8/3/2023,18:00,MCAP AMB,Montipora,28.3
8/3/2023,18:15,MCAP AMB,Montipora,11.7
8/3/2023,18:30,MCAP AMB,Montipora,10.3
8/3/2023,18:45,MCAP AMB,Montipora,5.9
8/3/2023,19:00,MCAP AMB,Montipora,3.7
8/3/2023,19:15,MCAP AMB,Montipora,1.4
8/3/2023,19:30,MCAP AMB,Montipora,0.1
8/3/2023,19:45,MCAP AMB,Montipora,0
8/3/2023,20:00,MCAP AMB,Montipora,0
8/3/2023,20:15,MCAP AMB,Montipora,0
8/3/2023,20:30,MCAP AMB,Montipora,0
8/3/2023,20:45,MCAP AMB,Montipora,0
8/3/2023,21:00,MCAP AMB,Montipora,0
8/3/2023,21:15,MCAP AMB,Montipora,0
8/3/2023,21:30,MCAP AMB,Montipora,0
8/3/2023,21:45,MCAP AMB,Montipora,0
8/3/2023,22:00,MCAP AMB,Montipora,0
8/3/2023,22:15,MCAP AMB,Montipora,0
8/3/2023,22:30,MCAP AMB,Montipora,0
8/3/2023,22:45,MCAP AMB,Montipora,0
8/3/2023,23:00,MCAP AMB,Montipora,0
8/3/2023,23:15,MCAP AMB,Montipora,0
8/3/2023,23:30,MCAP AMB,Montipora,0
8/3/2023,23:45,MCAP AMB,Montipora,0
8/3/2023,0:00,MCAP AMB,Montipora,0
8/4/2023,0:15,MCAP AMB,Montipora,0
8/4/2023,0:30,MCAP AMB,Montipora,0
8/4/2023,0:45,MCAP AMB,Montipora,0
8/4/2023,1:00,MCAP AMB,Montipora,0
8/4/2023,1:15,MCAP AMB,Montipora,0
8/4/2023,1:30,MCAP AMB,Montipora,0
8/4/2023,1:45,MCAP AMB,Montipora,0
8/4/2023,2:00,MCAP AMB,Montipora,0
8/4/2023,2:15,MCAP AMB,Montipora,0
8/4/2023,2:30,MCAP AMB,Montipora,0
8/4/2023,2:45,MCAP AMB,Montipora,0
8/4/2023,3:00,MCAP AMB,Montipora,0
8/4/2023,3:15,MCAP AMB,Montipora,0
8/4/2023,3:30,MCAP AMB,Montipora,0
8/4/2023,3:45,MCAP AMB,Montipora,0
8/4/2023,4:00,MCAP AMB,Montipora,0
8/4/2023,4:15,MCAP AMB,Montipora,0
8/4/2023,4:30,MCAP AMB,Montipora,0
8/4/2023,4:45,MCAP AMB,Montipora,0
8/4/2023,5:00,MCAP AMB,Montipora,0
8/4/2023,5:15,MCAP AMB,Montipora,0
8/4/2023,5:30,MCAP AMB,Montipora,0
8/4/2023,5:45,MCAP AMB,Montipora,0
8/4/2023,6:00,MCAP AMB,Montipora,0
8/4/2023,6:15,MCAP AMB,Montipora,1.3
8/4/2023,6:30,MCAP AMB,Montipora,5
8/4/2023,6:45,MCAP AMB,Montipora,16.3
8/4/2023,7:00,MCAP AMB,Montipora,23.4
8/4/2023,7:15,MCAP AMB,Montipora,30.1
8/4/2023,7:30,MCAP AMB,Montipora,124.1
8/4/2023,7:45,MCAP AMB,Montipora,160.8
8/4/2023,8:00,MCAP AMB,Montipora,33.9
8/4/2023,8:15,MCAP AMB,Montipora,42.8
8/4/2023,8:30,MCAP AMB,Montipora,30.9
8/4/2023,8:45,MCAP AMB,Montipora,53.2
8/4/2023,9:00,MCAP AMB,Montipora,67
8/4/2023,9:15,MCAP AMB,Montipora,46.2
8/4/2023,9:30,MCAP AMB,Montipora,106.6
8/4/2023,9:45,MCAP AMB,Montipora,116.7
8/4/2023,10:00,MCAP AMB,Montipora,74.8
8/4/2023,10:15,MCAP AMB,Montipora,63.6
8/4/2023,10:30,MCAP AMB,Montipora,50.2
8/4/2023,10:45,MCAP AMB,Montipora,86.5
8/4/2023,11:00,MCAP AMB,Montipora,141.7
8/4/2023,11:15,MCAP AMB,Montipora,79
8/4/2023,11:30,MCAP AMB,Montipora,66.9
8/4/2023,11:45,MCAP AMB,Montipora,65
8/4/2023,12:00,MCAP AMB,Montipora,59
8/4/2023,12:15,MCAP AMB,Montipora,119.2
8/4/2023,12:30,MCAP AMB,Montipora,88
8/4/2023,12:45,MCAP AMB,Montipora,298.9
8/4/2023,13:00,MCAP AMB,Montipora,207.2
8/4/2023,13:15,MCAP AMB,Montipora,192.1
8/4/2023,13:30,MCAP AMB,Montipora,153.8
8/4/2023,13:45,MCAP AMB,Montipora,217.7
8/4/2023,14:00,MCAP AMB,Montipora,133.9
8/4/2023,14:15,MCAP AMB,Montipora,83
8/4/2023,14:30,MCAP AMB,Montipora,288.5
8/4/2023,14:45,MCAP AMB,Montipora,62
8/4/2023,15:00,MCAP AMB,Montipora,57.2
8/4/2023,15:15,MCAP AMB,Montipora,57.7
8/4/2023,15:30,MCAP AMB,Montipora,47.5
8/4/2023,15:45,MCAP AMB,Montipora,42.4
8/4/2023,16:00,MCAP AMB,Montipora,54.4
8/4/2023,16:15,MCAP AMB,Montipora,53.1
8/4/2023,16:30,MCAP AMB,Montipora,44.2
8/4/2023,16:45,MCAP AMB,Montipora,68.2
8/4/2023,17:00,MCAP AMB,Montipora,131.8
8/4/2023,17:15,MCAP AMB,Montipora,57.2
8/4/2023,17:30,MCAP AMB,Montipora,30
8/4/2023,17:45,MCAP AMB,Montipora,19.6
8/4/2023,18:00,MCAP AMB,Montipora,20.6
8/4/2023,18:15,MCAP AMB,Montipora,7.1
8/4/2023,18:30,MCAP AMB,Montipora,9.8
8/4/2023,18:45,MCAP AMB,Montipora,7.9
8/4/2023,19:00,MCAP AMB,Montipora,2.9
8/4/2023,19:15,MCAP AMB,Montipora,1
8/4/2023,19:30,MCAP AMB,Montipora,0
8/4/2023,19:45,MCAP AMB,Montipora,0
8/4/2023,20:00,MCAP AMB,Montipora,0
8/4/2023,20:15,MCAP AMB,Montipora,0
8/4/2023,20:30,MCAP AMB,Montipora,0
8/4/2023,20:45,MCAP AMB,Montipora,0
8/4/2023,21:00,MCAP AMB,Montipora,0
8/4/2023,21:15,MCAP AMB,Montipora,0
8/4/2023,21:30,MCAP AMB,Montipora,0
8/4/2023,21:45,MCAP AMB,Montipora,0
8/4/2023,22:00,MCAP AMB,Montipora,0
8/4/2023,22:15,MCAP AMB,Montipora,0
8/4/2023,22:30,MCAP AMB,Montipora,0
8/4/2023,22:45,MCAP AMB,Montipora,0
8/4/2023,23:00,MCAP AMB,Montipora,0
8/4/2023,23:15,MCAP AMB,Montipora,0
8/4/2023,23:30,MCAP AMB,Montipora,0
8/4/2023,23:45,MCAP AMB,Montipora,0
8/4/2023,0:00,MCAP AMB,Montipora,0
8/5/2023,0:15,MCAP AMB,Montipora,0
8/5/2023,0:30,MCAP AMB,Montipora,0
8/5/2023,0:45,MCAP AMB,Montipora,0
8/5/2023,1:00,MCAP AMB,Montipora,0
8/5/2023,1:15,MCAP AMB,Montipora,0
8/5/2023,1:30,MCAP AMB,Montipora,0
8/5/2023,1:45,MCAP AMB,Montipora,0
8/5/2023,2:00,MCAP AMB,Montipora,0
8/5/2023,2:15,MCAP AMB,Montipora,0
8/5/2023,2:30,MCAP AMB,Montipora,0
8/5/2023,2:45,MCAP AMB,Montipora,0
8/5/2023,3:00,MCAP AMB,Montipora,0
8/5/2023,3:15,MCAP AMB,Montipora,0
8/5/2023,3:30,MCAP AMB,Montipora,0
8/5/2023,3:45,MCAP AMB,Montipora,0
8/5/2023,4:00,MCAP AMB,Montipora,0
8/5/2023,4:15,MCAP AMB,Montipora,0
8/5/2023,4:30,MCAP AMB,Montipora,0
8/5/2023,4:45,MCAP AMB,Montipora,0
8/5/2023,5:00,MCAP AMB,Montipora,0
8/5/2023,5:15,MCAP AMB,Montipora,0
8/5/2023,5:30,MCAP AMB,Montipora,0
8/5/2023,5:45,MCAP AMB,Montipora,0
8/5/2023,6:00,MCAP AMB,Montipora,0
8/5/2023,6:15,MCAP AMB,Montipora,0.8
8/5/2023,6:30,MCAP AMB,Montipora,6
8/5/2023,6:45,MCAP AMB,Montipora,17
8/5/2023,7:00,MCAP AMB,Montipora,20.9
8/5/2023,7:15,MCAP AMB,Montipora,36
8/5/2023,7:30,MCAP AMB,Montipora,92.6
8/5/2023,7:45,MCAP AMB,Montipora,27.4
8/5/2023,8:00,MCAP AMB,Montipora,43.9
8/5/2023,8:15,MCAP AMB,Montipora,37.6
8/5/2023,8:30,MCAP AMB,Montipora,32.7
8/5/2023,8:45,MCAP AMB,Montipora,40.2
8/5/2023,9:00,MCAP AMB,Montipora,72
8/5/2023,9:15,MCAP AMB,Montipora,89.1
8/5/2023,9:30,MCAP AMB,Montipora,110.4
8/5/2023,9:45,MCAP AMB,Montipora,119.7
8/5/2023,10:00,MCAP AMB,Montipora,127
8/5/2023,10:15,MCAP AMB,Montipora,125.3
8/5/2023,10:30,MCAP AMB,Montipora,117.5
8/5/2023,10:45,MCAP AMB,Montipora,192.6
8/5/2023,11:00,MCAP AMB,Montipora,211.9
8/5/2023,11:15,MCAP AMB,Montipora,92.3
8/5/2023,11:30,MCAP AMB,Montipora,145.6
8/5/2023,11:45,MCAP AMB,Montipora,125.6
8/5/2023,12:00,MCAP AMB,Montipora,138.7
8/5/2023,12:15,MCAP AMB,Montipora,90.3
8/5/2023,12:30,MCAP AMB,Montipora,56
8/5/2023,12:45,MCAP AMB,Montipora,158.3
8/5/2023,13:00,MCAP AMB,Montipora,123
8/5/2023,13:15,MCAP AMB,Montipora,88.2
8/5/2023,13:30,MCAP AMB,Montipora,61.5
8/5/2023,13:45,MCAP AMB,Montipora,96.9
8/5/2023,14:00,MCAP AMB,Montipora,88.3
8/5/2023,14:15,MCAP AMB,Montipora,314.5
8/5/2023,14:30,MCAP AMB,Montipora,619.6
8/5/2023,14:45,MCAP AMB,Montipora,60.8
8/5/2023,15:00,MCAP AMB,Montipora,55.9
8/5/2023,15:15,MCAP AMB,Montipora,31.5
8/5/2023,15:30,MCAP AMB,Montipora,54
8/5/2023,15:45,MCAP AMB,Montipora,32.7
8/5/2023,16:00,MCAP AMB,Montipora,64.9
8/5/2023,16:15,MCAP AMB,Montipora,65.4
8/5/2023,16:30,MCAP AMB,Montipora,67.5
8/5/2023,16:45,MCAP AMB,Montipora,56.8
8/5/2023,17:00,MCAP AMB,Montipora,28.5
8/5/2023,17:15,MCAP AMB,Montipora,46.1
8/5/2023,17:30,MCAP AMB,Montipora,38.5
8/5/2023,17:45,MCAP AMB,Montipora,21
8/5/2023,18:00,MCAP AMB,Montipora,14.6
8/5/2023,18:15,MCAP AMB,Montipora,21.6
8/5/2023,18:30,MCAP AMB,Montipora,6.7
8/5/2023,18:45,MCAP AMB,Montipora,4.1
8/5/2023,19:00,MCAP AMB,Montipora,2.7
8/5/2023,19:15,MCAP AMB,Montipora,1
8/5/2023,19:30,MCAP AMB,Montipora,0.1
8/5/2023,19:45,MCAP AMB,Montipora,0
8/5/2023,20:00,MCAP AMB,Montipora,0
8/5/2023,20:15,MCAP AMB,Montipora,0
8/5/2023,20:30,MCAP AMB,Montipora,0
8/5/2023,20:45,MCAP AMB,Montipora,0
8/5/2023,21:00,MCAP AMB,Montipora,0
8/5/2023,21:15,MCAP AMB,Montipora,0
8/5/2023,21:30,MCAP AMB,Montipora,0
8/5/2023,21:45,MCAP AMB,Montipora,0
8/5/2023,22:00,MCAP AMB,Montipora,0
8/5/2023,22:15,MCAP AMB,Montipora,0
8/5/2023,22:30,MCAP AMB,Montipora,0
8/5/2023,22:45,MCAP AMB,Montipora,0
8/5/2023,23:00,MCAP AMB,Montipora,0
8/5/2023,23:15,MCAP AMB,Montipora,0
8/5/2023,23:30,MCAP AMB,Montipora,0
8/5/2023,23:45,MCAP AMB,Montipora,0
8/5/2023,0:00,MCAP AMB,Montipora,0
8/6/2023,0:15,MCAP AMB,Montipora,0
8/6/2023,0:30,MCAP AMB,Montipora,0
8/6/2023,0:45,MCAP AMB,Montipora,0
8/6/2023,1:00,MCAP AMB,Montipora,0
8/6/2023,1:15,MCAP AMB,Montipora,0
8/6/2023,1:30,MCAP AMB,Montipora,0
8/6/2023,1:45,MCAP AMB,Montipora,0
8/6/2023,2:00,MCAP AMB,Montipora,0
8/6/2023,2:15,MCAP AMB,Montipora,0
8/6/2023,2:30,MCAP AMB,Montipora,0
8/6/2023,2:45,MCAP AMB,Montipora,0
8/6/2023,3:00,MCAP AMB,Montipora,0
8/6/2023,3:15,MCAP AMB,Montipora,0
8/6/2023,3:30,MCAP AMB,Montipora,0
8/6/2023,3:45,MCAP AMB,Montipora,0
8/6/2023,4:00,MCAP AMB,Montipora,0
8/6/2023,4:15,MCAP AMB,Montipora,0
8/6/2023,4:30,MCAP AMB,Montipora,0
8/6/2023,4:45,MCAP AMB,Montipora,0
8/6/2023,5:00,MCAP AMB,Montipora,0
8/6/2023,5:15,MCAP AMB,Montipora,0
8/6/2023,5:30,MCAP AMB,Montipora,0
8/6/2023,5:45,MCAP AMB,Montipora,0
8/6/2023,6:00,MCAP AMB,Montipora,0
8/6/2023,6:15,MCAP AMB,Montipora,1.1
8/6/2023,6:30,MCAP AMB,Montipora,7
8/6/2023,6:45,MCAP AMB,Montipora,8.3
8/6/2023,7:00,MCAP AMB,Montipora,6
8/6/2023,7:15,MCAP AMB,Montipora,32.8
8/6/2023,7:30,MCAP AMB,Montipora,97.3
8/6/2023,7:45,MCAP AMB,Montipora,75.7
8/6/2023,8:00,MCAP AMB,Montipora,125.2
8/6/2023,8:15,MCAP AMB,Montipora,50.2
8/6/2023,8:30,MCAP AMB,Montipora,51.7
8/6/2023,8:45,MCAP AMB,Montipora,50.3
8/6/2023,9:00,MCAP AMB,Montipora,70.8
8/6/2023,9:15,MCAP AMB,Montipora,48.7
8/6/2023,9:30,MCAP AMB,Montipora,92.2
8/6/2023,9:45,MCAP AMB,Montipora,172.2
8/6/2023,10:00,MCAP AMB,Montipora,61.4
8/6/2023,10:15,MCAP AMB,Montipora,49.8
8/6/2023,10:30,MCAP AMB,Montipora,77.6
8/6/2023,10:45,MCAP AMB,Montipora,131.2
8/6/2023,11:00,MCAP AMB,Montipora,137.2
8/6/2023,11:15,MCAP AMB,Montipora,137.3
8/6/2023,11:30,MCAP AMB,Montipora,164.9
8/6/2023,11:45,MCAP AMB,Montipora,172.7
8/6/2023,12:00,MCAP AMB,Montipora,165.7
8/6/2023,12:15,MCAP AMB,Montipora,182.6
8/6/2023,12:30,MCAP AMB,Montipora,172.6
8/6/2023,12:45,MCAP AMB,Montipora,168.9
8/6/2023,13:00,MCAP AMB,Montipora,107.3
8/6/2023,13:15,MCAP AMB,Montipora,161.7
8/6/2023,13:30,MCAP AMB,Montipora,444.7
8/6/2023,13:45,MCAP AMB,Montipora,469.6
8/6/2023,14:00,MCAP AMB,Montipora,121.4
8/6/2023,14:15,MCAP AMB,Montipora,111.6
8/6/2023,14:30,MCAP AMB,Montipora,360.3
8/6/2023,14:45,MCAP AMB,Montipora,68.6
8/6/2023,15:00,MCAP AMB,Montipora,50.9
8/6/2023,15:15,MCAP AMB,Montipora,42.1
8/6/2023,15:30,MCAP AMB,Montipora,44
8/6/2023,15:45,MCAP AMB,Montipora,34.6
8/6/2023,16:00,MCAP AMB,Montipora,39.4
8/6/2023,16:15,MCAP AMB,Montipora,29.4
8/6/2023,16:30,MCAP AMB,Montipora,30.6
8/6/2023,16:45,MCAP AMB,Montipora,42.8
8/6/2023,17:00,MCAP AMB,Montipora,25.6
8/6/2023,17:15,MCAP AMB,Montipora,16.3
8/6/2023,17:30,MCAP AMB,Montipora,15.3
8/6/2023,17:45,MCAP AMB,Montipora,16
8/6/2023,18:00,MCAP AMB,Montipora,13
8/6/2023,18:15,MCAP AMB,Montipora,8.4
8/6/2023,18:30,MCAP AMB,Montipora,5.9
8/6/2023,18:45,MCAP AMB,Montipora,2.6
8/6/2023,19:00,MCAP AMB,Montipora,0.9
8/6/2023,19:15,MCAP AMB,Montipora,0.2
8/6/2023,19:30,MCAP AMB,Montipora,0
8/6/2023,19:45,MCAP AMB,Montipora,0
8/6/2023,20:00,MCAP AMB,Montipora,0
8/6/2023,20:15,MCAP AMB,Montipora,0
8/6/2023,20:30,MCAP AMB,Montipora,0
8/6/2023,20:45,MCAP AMB,Montipora,0
8/6/2023,21:00,MCAP AMB,Montipora,0
8/6/2023,21:15,MCAP AMB,Montipora,0
8/6/2023,21:30,MCAP AMB,Montipora,0
8/6/2023,21:45,MCAP AMB,Montipora,0
8/6/2023,22:00,MCAP AMB,Montipora,0
8/6/2023,22:15,MCAP AMB,Montipora,0
8/6/2023,22:30,MCAP AMB,Montipora,0
8/6/2023,22:45,MCAP AMB,Montipora,0
8/6/2023,23:00,MCAP AMB,Montipora,0
8/6/2023,23:15,MCAP AMB,Montipora,0
8/6/2023,23:30,MCAP AMB,Montipora,0
8/6/2023,23:45,MCAP AMB,Montipora,0
8/6/2023,0:00,MCAP AMB,Montipora,0
8/7/2023,0:15,MCAP AMB,Montipora,0
8/7/2023,0:30,MCAP AMB,Montipora,0
8/7/2023,0:45,MCAP AMB,Montipora,0
8/7/2023,1:00,MCAP AMB,Montipora,0
8/7/2023,1:15,MCAP AMB,Montipora,0
8/7/2023,1:30,MCAP AMB,Montipora,0
8/7/2023,1:45,MCAP AMB,Montipora,0
8/7/2023,2:00,MCAP AMB,Montipora,0
8/7/2023,2:15,MCAP AMB,Montipora,0
8/7/2023,2:30,MCAP AMB,Montipora,0
8/7/2023,2:45,MCAP AMB,Montipora,0
8/7/2023,3:00,MCAP AMB,Montipora,0
8/7/2023,3:15,MCAP AMB,Montipora,0
8/7/2023,3:30,MCAP AMB,Montipora,0
8/7/2023,3:45,MCAP AMB,Montipora,0
8/7/2023,4:00,MCAP AMB,Montipora,0
8/7/2023,4:15,MCAP AMB,Montipora,0
8/7/2023,4:30,MCAP AMB,Montipora,0
8/7/2023,4:45,MCAP AMB,Montipora,0
8/7/2023,5:00,MCAP AMB,Montipora,0
8/7/2023,5:15,MCAP AMB,Montipora,0
8/7/2023,5:30,MCAP AMB,Montipora,0
8/7/2023,5:45,MCAP AMB,Montipora,0
8/7/2023,6:00,MCAP AMB,Montipora,0
8/7/2023,6:15,MCAP AMB,Montipora,0.3
8/7/2023,6:30,MCAP AMB,Montipora,2.2
8/7/2023,6:45,MCAP AMB,Montipora,2.3
8/7/2023,7:00,MCAP AMB,Montipora,3.7
8/7/2023,7:15,MCAP AMB,Montipora,6.8
8/7/2023,7:30,MCAP AMB,Montipora,11
8/7/2023,7:45,MCAP AMB,Montipora,13.9
8/7/2023,8:00,MCAP AMB,Montipora,20.5
8/7/2023,8:15,MCAP AMB,Montipora,22.1
8/7/2023,8:30,MCAP AMB,Montipora,30.8
8/7/2023,8:45,MCAP AMB,Montipora,33.1
8/7/2023,9:00,MCAP AMB,Montipora,95.4
8/7/2023,9:15,MCAP AMB,Montipora,81.7
8/7/2023,9:30,MCAP AMB,Montipora,112.8
8/7/2023,9:45,MCAP AMB,Montipora,24.1
8/7/2023,10:00,MCAP AMB,Montipora,7.5
8/7/2023,10:15,MCAP AMB,Montipora,16.5
8/7/2023,10:30,MCAP AMB,Montipora,18.3
8/7/2023,10:45,MCAP AMB,Montipora,228.3
8/7/2023,11:00,MCAP AMB,Montipora,212.6
8/7/2023,11:15,MCAP AMB,Montipora,166.9
8/7/2023,11:30,MCAP AMB,Montipora,181
8/7/2023,11:45,MCAP AMB,Montipora,308.8
8/7/2023,12:00,MCAP AMB,Montipora,261.5
8/7/2023,12:15,MCAP AMB,Montipora,266.5
8/7/2023,12:30,MCAP AMB,Montipora,163.6
8/7/2023,12:45,MCAP AMB,Montipora,153.9
8/7/2023,13:00,MCAP AMB,Montipora,221.3
8/7/2023,13:15,MCAP AMB,Montipora,652.6
8/7/2023,13:30,MCAP AMB,Montipora,509.6
8/7/2023,13:45,MCAP AMB,Montipora,188.9
8/7/2023,14:00,MCAP AMB,Montipora,194
8/7/2023,14:15,MCAP AMB,Montipora,194.7
8/7/2023,14:30,MCAP AMB,Montipora,280.1
8/7/2023,14:45,MCAP AMB,Montipora,86
8/7/2023,15:00,MCAP AMB,Montipora,104.4
8/7/2023,15:15,MCAP AMB,Montipora,92.4
8/7/2023,15:30,MCAP AMB,Montipora,86.5
8/7/2023,15:45,MCAP AMB,Montipora,86.5
8/7/2023,16:00,MCAP AMB,Montipora,78.8
8/7/2023,16:15,MCAP AMB,Montipora,96.7
8/7/2023,16:30,MCAP AMB,Montipora,115.2
8/7/2023,16:45,MCAP AMB,Montipora,52
8/7/2023,17:00,MCAP AMB,Montipora,50.8
8/7/2023,17:15,MCAP AMB,Montipora,48.5
8/7/2023,17:30,MCAP AMB,Montipora,43.2
8/7/2023,17:45,MCAP AMB,Montipora,33.5
8/7/2023,18:00,MCAP AMB,Montipora,32.7
8/7/2023,18:15,MCAP AMB,Montipora,19.8
8/7/2023,18:30,MCAP AMB,Montipora,15.6
8/7/2023,18:45,MCAP AMB,Montipora,9.4
8/7/2023,19:00,MCAP AMB,Montipora,3
8/7/2023,19:15,MCAP AMB,Montipora,1.2
8/7/2023,19:30,MCAP AMB,Montipora,0
8/7/2023,19:45,MCAP AMB,Montipora,0
8/7/2023,20:00,MCAP AMB,Montipora,0
8/7/2023,20:15,MCAP AMB,Montipora,0
8/7/2023,20:30,MCAP AMB,Montipora,0
8/7/2023,20:45,MCAP AMB,Montipora,0
8/7/2023,21:00,MCAP AMB,Montipora,0
8/7/2023,21:15,MCAP AMB,Montipora,0
8/7/2023,21:30,MCAP AMB,Montipora,0
8/7/2023,21:45,MCAP AMB,Montipora,0
8/7/2023,22:00,MCAP AMB,Montipora,0
8/7/2023,22:15,MCAP AMB,Montipora,0
8/7/2023,22:30,MCAP AMB,Montipora,0
8/7/2023,22:45,MCAP AMB,Montipora,0
8/7/2023,23:00,MCAP AMB,Montipora,0
8/7/2023,23:15,MCAP AMB,Montipora,0
8/7/2023,23:30,MCAP AMB,Montipora,0
8/7/2023,23:45,MCAP AMB,Montipora,0
8/7/2023,0:00,MCAP AMB,Montipora,0
8/8/2023,0:15,MCAP AMB,Montipora,0
8/8/2023,0:30,MCAP AMB,Montipora,0
8/8/2023,0:45,MCAP AMB,Montipora,0
8/8/2023,1:00,MCAP AMB,Montipora,0
8/8/2023,1:15,MCAP AMB,Montipora,0
8/8/2023,1:30,MCAP AMB,Montipora,0
8/8/2023,1:45,MCAP AMB,Montipora,0
8/8/2023,2:00,MCAP AMB,Montipora,0
8/8/2023,2:15,MCAP AMB,Montipora,0
8/8/2023,2:30,MCAP AMB,Montipora,0
8/8/2023,2:45,MCAP AMB,Montipora,0
8/8/2023,3:00,MCAP AMB,Montipora,0
8/8/2023,3:15,MCAP AMB,Montipora,0
8/8/2023,3:30,MCAP AMB,Montipora,0
8/8/2023,3:45,MCAP AMB,Montipora,0
8/8/2023,4:00,MCAP AMB,Montipora,0
8/8/2023,4:15,MCAP AMB,Montipora,0
8/8/2023,4:30,MCAP AMB,Montipora,0
8/8/2023,4:45,MCAP AMB,Montipora,0
8/8/2023,5:00,MCAP AMB,Montipora,0
8/8/2023,5:15,MCAP AMB,Montipora,0
8/8/2023,5:30,MCAP AMB,Montipora,0
8/8/2023,5:45,MCAP AMB,Montipora,0
8/8/2023,6:00,MCAP AMB,Montipora,0
8/8/2023,6:15,MCAP AMB,Montipora,1
8/8/2023,6:30,MCAP AMB,Montipora,4.7
8/8/2023,6:45,MCAP AMB,Montipora,9.4
8/8/2023,7:00,MCAP AMB,Montipora,19.2
8/8/2023,7:15,MCAP AMB,Montipora,41
8/8/2023,7:30,MCAP AMB,Montipora,79.8
8/8/2023,7:45,MCAP AMB,Montipora,43.8
8/8/2023,8:00,MCAP AMB,Montipora,62.4
8/8/2023,8:15,MCAP AMB,Montipora,62.1
8/8/2023,8:30,MCAP AMB,Montipora,70.1
8/8/2023,8:45,MCAP AMB,Montipora,75.9
8/8/2023,9:00,MCAP AMB,Montipora,79.6
8/8/2023,9:15,MCAP AMB,Montipora,86
8/8/2023,9:30,MCAP AMB,Montipora,100.4
8/8/2023,9:45,MCAP AMB,Montipora,126.1
8/8/2023,10:00,MCAP AMB,Montipora,146.6
8/8/2023,10:15,MCAP AMB,Montipora,155.3
8/8/2023,10:30,MCAP AMB,Montipora,126.3
8/8/2023,10:45,MCAP AMB,Montipora,146
8/8/2023,11:00,MCAP AMB,Montipora,230
8/8/2023,11:15,MCAP AMB,Montipora,183.8
8/8/2023,11:30,MCAP AMB,Montipora,212
8/8/2023,11:45,MCAP AMB,Montipora,262.1
8/8/2023,12:00,MCAP AMB,Montipora,202.1
8/8/2023,12:15,MCAP AMB,Montipora,161.2
8/8/2023,12:30,MCAP AMB,Montipora,156.5
8/8/2023,12:45,MCAP AMB,Montipora,167
8/8/2023,13:00,MCAP AMB,Montipora,141.7
8/8/2023,13:15,MCAP AMB,Montipora,277.9
8/8/2023,13:30,MCAP AMB,Montipora,338.2
8/8/2023,13:45,MCAP AMB,Montipora,204.2
8/8/2023,14:00,MCAP AMB,Montipora,113.2
8/8/2023,14:15,MCAP AMB,Montipora,105.2
8/8/2023,14:30,MCAP AMB,Montipora,241.8
8/8/2023,14:45,MCAP AMB,Montipora,88.1
8/8/2023,15:00,MCAP AMB,Montipora,89.8
8/8/2023,15:15,MCAP AMB,Montipora,90.1
8/8/2023,15:30,MCAP AMB,Montipora,77.1
8/8/2023,15:45,MCAP AMB,Montipora,68.8
8/8/2023,16:00,MCAP AMB,Montipora,102.5
8/8/2023,16:15,MCAP AMB,Montipora,123.7
8/8/2023,16:30,MCAP AMB,Montipora,104.3
8/8/2023,16:45,MCAP AMB,Montipora,85.1
8/8/2023,17:00,MCAP AMB,Montipora,106.5
8/8/2023,17:15,MCAP AMB,Montipora,53.6
8/8/2023,17:30,MCAP AMB,Montipora,42.8
8/8/2023,17:45,MCAP AMB,Montipora,35.5
8/8/2023,18:00,MCAP AMB,Montipora,27.7
8/8/2023,18:15,MCAP AMB,Montipora,19.2
8/8/2023,18:30,MCAP AMB,Montipora,14.5
8/8/2023,18:45,MCAP AMB,Montipora,7.8
8/8/2023,19:00,MCAP AMB,Montipora,3.4
8/8/2023,19:15,MCAP AMB,Montipora,1
8/8/2023,19:30,MCAP AMB,Montipora,0
8/8/2023,19:45,MCAP AMB,Montipora,0
8/8/2023,20:00,MCAP AMB,Montipora,0
8/8/2023,20:15,MCAP AMB,Montipora,0
8/8/2023,20:30,MCAP AMB,Montipora,0
8/8/2023,20:45,MCAP AMB,Montipora,0
8/8/2023,21:00,MCAP AMB,Montipora,0
8/8/2023,21:15,MCAP AMB,Montipora,0
8/8/2023,21:30,MCAP AMB,Montipora,0
8/8/2023,21:45,MCAP AMB,Montipora,0
8/8/2023,22:00,MCAP AMB,Montipora,0
8/8/2023,22:15,MCAP AMB,Montipora,0
8/8/2023,22:30,MCAP AMB,Montipora,0
8/8/2023,22:45,MCAP AMB,Montipora,0
8/8/2023,23:00,MCAP AMB,Montipora,0
8/8/2023,23:15,MCAP AMB,Montipora,0
8/8/2023,23:30,MCAP AMB,Montipora,0
8/8/2023,23:45,MCAP AMB,Montipora,0
8/8/2023,0:00,MCAP AMB,Montipora,0
8/9/2023,0:15,MCAP AMB,Montipora,0
8/9/2023,0:30,MCAP AMB,Montipora,0
8/9/2023,0:45,MCAP AMB,Montipora,0
8/9/2023,1:00,MCAP AMB,Montipora,0
8/9/2023,1:15,MCAP AMB,Montipora,0
8/9/2023,1:30,MCAP AMB,Montipora,0
8/9/2023,1:45,MCAP AMB,Montipora,0
8/9/2023,2:00,MCAP AMB,Montipora,0
8/9/2023,2:15,MCAP AMB,Montipora,0
8/9/2023,2:30,MCAP AMB,Montipora,0
8/9/2023,2:45,MCAP AMB,Montipora,0
8/9/2023,3:00,MCAP AMB,Montipora,0
8/9/2023,3:15,MCAP AMB,Montipora,0
8/9/2023,3:30,MCAP AMB,Montipora,0
8/9/2023,3:45,MCAP AMB,Montipora,0
8/9/2023,4:00,MCAP AMB,Montipora,0
8/9/2023,4:15,MCAP AMB,Montipora,0
8/9/2023,4:30,MCAP AMB,Montipora,0
8/9/2023,4:45,MCAP AMB,Montipora,0
8/9/2023,5:00,MCAP AMB,Montipora,0
8/9/2023,5:15,MCAP AMB,Montipora,0
8/9/2023,5:30,MCAP AMB,Montipora,0
8/9/2023,5:45,MCAP AMB,Montipora,0
8/9/2023,6:00,MCAP AMB,Montipora,0
8/9/2023,6:15,MCAP AMB,Montipora,1.1
8/9/2023,6:30,MCAP AMB,Montipora,3.8
8/9/2023,6:45,MCAP AMB,Montipora,9.7
8/9/2023,7:00,MCAP AMB,Montipora,19.3
8/9/2023,7:15,MCAP AMB,Montipora,28.3
8/9/2023,7:30,MCAP AMB,Montipora,67.6
8/9/2023,7:45,MCAP AMB,Montipora,46.1
8/9/2023,8:00,MCAP AMB,Montipora,62.2
8/9/2023,8:15,MCAP AMB,Montipora,74.4
8/9/2023,8:30,MCAP AMB,Montipora,59.6
8/9/2023,8:45,MCAP AMB,Montipora,74
8/9/2023,9:00,MCAP AMB,Montipora,67.5
8/9/2023,9:15,MCAP AMB,Montipora,44.5
8/9/2023,9:30,MCAP AMB,Montipora,76.2
8/9/2023,9:45,MCAP AMB,Montipora,104.2
8/9/2023,10:00,MCAP AMB,Montipora,132.4
8/9/2023,10:15,MCAP AMB,Montipora,128.4
8/9/2023,10:30,MCAP AMB,Montipora,101
8/9/2023,10:45,MCAP AMB,Montipora,113.1
8/9/2023,11:00,MCAP AMB,Montipora,165.9
8/9/2023,11:15,MCAP AMB,Montipora,137
8/9/2023,11:30,MCAP AMB,Montipora,108.3
8/9/2023,11:45,MCAP AMB,Montipora,121.6
8/9/2023,12:00,MCAP AMB,Montipora,124.2
8/9/2023,12:15,MCAP AMB,Montipora,111.3
8/9/2023,12:30,MCAP AMB,Montipora,153.2
8/9/2023,12:45,MCAP AMB,Montipora,245.5
8/9/2023,13:00,MCAP AMB,Montipora,156.4
8/9/2023,13:15,MCAP AMB,Montipora,228.1
8/9/2023,13:30,MCAP AMB,Montipora,506.2
8/9/2023,13:45,MCAP AMB,Montipora,411.6
8/9/2023,14:00,MCAP AMB,Montipora,120.3
8/9/2023,14:15,MCAP AMB,Montipora,165.7
8/9/2023,14:30,MCAP AMB,Montipora,359.8
8/9/2023,14:45,MCAP AMB,Montipora,88.7
8/9/2023,15:00,MCAP AMB,Montipora,81.4
8/9/2023,15:15,MCAP AMB,Montipora,70.6
8/9/2023,15:30,MCAP AMB,Montipora,69.1
8/9/2023,15:45,MCAP AMB,Montipora,79.9
8/9/2023,16:00,MCAP AMB,Montipora,96
8/9/2023,16:15,MCAP AMB,Montipora,150.6
8/9/2023,16:30,MCAP AMB,Montipora,39
8/9/2023,16:45,MCAP AMB,Montipora,43.2
8/9/2023,17:00,MCAP AMB,Montipora,28.7
8/9/2023,17:15,MCAP AMB,Montipora,60.9
8/9/2023,17:30,MCAP AMB,Montipora,33.8
8/9/2023,17:45,MCAP AMB,Montipora,27.3
8/9/2023,18:00,MCAP AMB,Montipora,41.9
8/9/2023,18:15,MCAP AMB,Montipora,12.5
8/9/2023,18:30,MCAP AMB,Montipora,10.5
8/9/2023,18:45,MCAP AMB,Montipora,8.8
8/9/2023,19:00,MCAP AMB,Montipora,3.4
8/9/2023,19:15,MCAP AMB,Montipora,1.1
8/9/2023,19:30,MCAP AMB,Montipora,0
8/9/2023,19:45,MCAP AMB,Montipora,0
8/9/2023,20:00,MCAP AMB,Montipora,0
8/9/2023,20:15,MCAP AMB,Montipora,0
8/9/2023,20:30,MCAP AMB,Montipora,0
8/9/2023,20:45,MCAP AMB,Montipora,0
8/9/2023,21:00,MCAP AMB,Montipora,0
8/9/2023,21:15,MCAP AMB,Montipora,0
8/9/2023,21:30,MCAP AMB,Montipora,0
8/9/2023,21:45,MCAP AMB,Montipora,0
8/9/2023,22:00,MCAP AMB,Montipora,0
8/9/2023,22:15,MCAP AMB,Montipora,0
8/9/2023,22:30,MCAP AMB,Montipora,0
8/9/2023,22:45,MCAP AMB,Montipora,0
8/9/2023,23:00,MCAP AMB,Montipora,0
8/9/2023,23:15,MCAP AMB,Montipora,0
8/9/2023,23:30,MCAP AMB,Montipora,0
8/9/2023,23:45,MCAP AMB,Montipora,0
8/9/2023,0:00,MCAP AMB,Montipora,0
8/10/2023,0:15,MCAP AMB,Montipora,0
8/10/2023,0:30,MCAP AMB,Montipora,0
8/10/2023,0:45,MCAP AMB,Montipora,0
8/10/2023,1:00,MCAP AMB,Montipora,0
8/10/2023,1:15,MCAP AMB,Montipora,0
8/10/2023,1:30,MCAP AMB,Montipora,0
8/10/2023,1:45,MCAP AMB,Montipora,0
8/10/2023,2:00,MCAP AMB,Montipora,0
8/10/2023,2:15,MCAP AMB,Montipora,0
8/10/2023,2:30,MCAP AMB,Montipora,0
8/10/2023,2:45,MCAP AMB,Montipora,0
8/10/2023,3:00,MCAP AMB,Montipora,0
8/10/2023,3:15,MCAP AMB,Montipora,0
8/10/2023,3:30,MCAP AMB,Montipora,0
8/10/2023,3:45,MCAP AMB,Montipora,0
8/10/2023,4:00,MCAP AMB,Montipora,0
8/10/2023,4:15,MCAP AMB,Montipora,0
8/10/2023,4:30,MCAP AMB,Montipora,0
8/10/2023,4:45,MCAP AMB,Montipora,0
8/10/2023,5:00,MCAP AMB,Montipora,0
8/10/2023,5:15,MCAP AMB,Montipora,0
8/10/2023,5:30,MCAP AMB,Montipora,0
8/10/2023,5:45,MCAP AMB,Montipora,0
8/10/2023,6:00,MCAP AMB,Montipora,0
8/10/2023,6:15,MCAP AMB,Montipora,1
8/10/2023,6:30,MCAP AMB,Montipora,5
8/10/2023,6:45,MCAP AMB,Montipora,11.3
8/10/2023,7:00,MCAP AMB,Montipora,28.8
8/10/2023,7:15,MCAP AMB,Montipora,51.6
8/10/2023,7:30,MCAP AMB,Montipora,112.3
8/10/2023,7:45,MCAP AMB,Montipora,112.7
8/10/2023,8:00,MCAP AMB,Montipora,94.1
8/10/2023,8:15,MCAP AMB,Montipora,47.7
8/10/2023,8:30,MCAP AMB,Montipora,56.8
8/10/2023,8:45,MCAP AMB,Montipora,60.9
8/10/2023,9:00,MCAP AMB,Montipora,78.4
8/10/2023,9:15,MCAP AMB,Montipora,70.9
8/10/2023,9:30,MCAP AMB,Montipora,117.1
8/10/2023,9:45,MCAP AMB,Montipora,89.1
8/10/2023,10:00,MCAP AMB,Montipora,119.2
8/10/2023,10:15,MCAP AMB,Montipora,94.3
8/10/2023,10:30,MCAP AMB,Montipora,175.1
8/10/2023,10:45,MCAP AMB,Montipora,232
8/10/2023,11:00,MCAP AMB,Montipora,242.2
8/10/2023,11:15,MCAP AMB,Montipora,198.6
8/10/2023,11:30,MCAP AMB,Montipora,306
8/10/2023,11:45,MCAP AMB,Montipora,212
8/10/2023,12:00,MCAP AMB,Montipora,211.9
8/10/2023,12:15,MCAP AMB,Montipora,162.3
8/10/2023,12:30,MCAP AMB,Montipora,187.3
8/10/2023,12:45,MCAP AMB,Montipora,191.3
8/10/2023,13:00,MCAP AMB,Montipora,157.4
8/10/2023,13:15,MCAP AMB,Montipora,71.9
8/10/2023,13:30,MCAP AMB,Montipora,60.4
8/10/2023,13:45,MCAP AMB,Montipora,48.4
8/10/2023,14:00,MCAP AMB,Montipora,63.1
8/10/2023,14:15,MCAP AMB,Montipora,87.9
8/10/2023,14:30,MCAP AMB,Montipora,81.7
8/10/2023,14:45,MCAP AMB,Montipora,61.9
8/10/2023,15:00,MCAP AMB,Montipora,56.8
8/10/2023,15:15,MCAP AMB,Montipora,74
8/10/2023,15:30,MCAP AMB,Montipora,59.2
8/10/2023,15:45,MCAP AMB,Montipora,47.7
8/10/2023,16:00,MCAP AMB,Montipora,50.6
8/10/2023,16:15,MCAP AMB,Montipora,57.7
8/10/2023,16:30,MCAP AMB,Montipora,105.2
8/10/2023,16:45,MCAP AMB,Montipora,91.7
8/10/2023,17:00,MCAP AMB,Montipora,109.7
8/10/2023,17:15,MCAP AMB,Montipora,24.8
8/10/2023,17:30,MCAP AMB,Montipora,20.4
8/10/2023,17:45,MCAP AMB,Montipora,19.3
8/10/2023,18:00,MCAP AMB,Montipora,15
8/10/2023,18:15,MCAP AMB,Montipora,13.2
8/10/2023,18:30,MCAP AMB,Montipora,10.2
8/10/2023,18:45,MCAP AMB,Montipora,6.3
8/10/2023,19:00,MCAP AMB,Montipora,3.4
8/10/2023,19:15,MCAP AMB,Montipora,1
8/10/2023,19:30,MCAP AMB,Montipora,0
8/10/2023,19:45,MCAP AMB,Montipora,0
8/10/2023,20:00,MCAP AMB,Montipora,0
8/10/2023,20:15,MCAP AMB,Montipora,0
8/10/2023,20:30,MCAP AMB,Montipora,0
8/10/2023,20:45,MCAP AMB,Montipora,0
8/10/2023,21:00,MCAP AMB,Montipora,0
8/10/2023,21:15,MCAP AMB,Montipora,0
8/10/2023,21:30,MCAP AMB,Montipora,0
8/10/2023,21:45,MCAP AMB,Montipora,0
8/10/2023,22:00,MCAP AMB,Montipora,0
8/10/2023,22:15,MCAP AMB,Montipora,0
8/10/2023,22:30,MCAP AMB,Montipora,0
8/10/2023,22:45,MCAP AMB,Montipora,0
8/10/2023,23:00,MCAP AMB,Montipora,0
8/10/2023,23:15,MCAP AMB,Montipora,0
8/10/2023,23:30,MCAP AMB,Montipora,0
8/10/2023,23:45,MCAP AMB,Montipora,0
8/10/2023,0:00,MCAP AMB,Montipora,0
8/11/2023,0:15,MCAP AMB,Montipora,0
8/11/2023,0:30,MCAP AMB,Montipora,0
8/11/2023,0:45,MCAP AMB,Montipora,0
8/11/2023,1:00,MCAP AMB,Montipora,0
8/11/2023,1:15,MCAP AMB,Montipora,0
8/11/2023,1:30,MCAP AMB,Montipora,0
8/11/2023,1:45,MCAP AMB,Montipora,0
8/11/2023,2:00,MCAP AMB,Montipora,0
8/11/2023,2:15,MCAP AMB,Montipora,0
8/11/2023,2:30,MCAP AMB,Montipora,0
8/11/2023,2:45,MCAP AMB,Montipora,0
8/11/2023,3:00,MCAP AMB,Montipora,0
8/11/2023,3:15,MCAP AMB,Montipora,0
8/11/2023,3:30,MCAP AMB,Montipora,0
8/11/2023,3:45,MCAP AMB,Montipora,0
8/11/2023,4:00,MCAP AMB,Montipora,0
8/11/2023,4:15,MCAP AMB,Montipora,0
8/11/2023,4:30,MCAP AMB,Montipora,0
8/11/2023,4:45,MCAP AMB,Montipora,0
8/11/2023,5:00,MCAP AMB,Montipora,0
8/11/2023,5:15,MCAP AMB,Montipora,0
8/11/2023,5:30,MCAP AMB,Montipora,0
8/11/2023,5:45,MCAP AMB,Montipora,0
8/11/2023,6:00,MCAP AMB,Montipora,0
8/11/2023,6:15,MCAP AMB,Montipora,0.9
8/11/2023,6:30,MCAP AMB,Montipora,5.3
8/11/2023,6:45,MCAP AMB,Montipora,10.2
8/11/2023,7:00,MCAP AMB,Montipora,27.2
8/11/2023,7:15,MCAP AMB,Montipora,57.5
8/11/2023,7:30,MCAP AMB,Montipora,117.9
8/11/2023,7:45,MCAP AMB,Montipora,111.9
8/11/2023,8:00,MCAP AMB,Montipora,81.2
8/11/2023,8:15,MCAP AMB,Montipora,41.9
8/11/2023,8:30,MCAP AMB,Montipora,55.6
8/11/2023,8:45,MCAP AMB,Montipora,60.8
8/11/2023,9:00,MCAP AMB,Montipora,60.3
8/11/2023,9:15,MCAP AMB,Montipora,69.8
8/11/2023,9:30,MCAP AMB,Montipora,45.8
8/11/2023,9:45,MCAP AMB,Montipora,113.9
8/11/2023,10:00,MCAP AMB,Montipora,52.6
8/11/2023,10:15,MCAP AMB,Montipora,105.2
8/11/2023,10:30,MCAP AMB,Montipora,248.8
8/11/2023,10:45,MCAP AMB,Montipora,306.7
8/11/2023,11:00,MCAP AMB,Montipora,274.1
8/11/2023,11:15,MCAP AMB,Montipora,205.8
8/11/2023,11:30,MCAP AMB,Montipora,250.1
8/11/2023,11:45,MCAP AMB,Montipora,315.6
8/11/2023,12:00,MCAP AMB,Montipora,318.9
8/11/2023,12:15,MCAP AMB,Montipora,345.6
8/11/2023,12:30,MCAP AMB,Montipora,342
8/11/2023,12:45,MCAP AMB,Montipora,363.6
8/11/2023,13:00,MCAP AMB,Montipora,351.9
8/11/2023,13:15,MCAP AMB,Montipora,299
8/11/2023,13:30,MCAP AMB,Montipora,124.8
8/11/2023,13:45,MCAP AMB,Montipora,237.3
8/11/2023,14:00,MCAP AMB,Montipora,204.7
8/11/2023,14:15,MCAP AMB,Montipora,140.2
8/11/2023,14:30,MCAP AMB,Montipora,85.7
8/11/2023,14:45,MCAP AMB,Montipora,64.4
8/11/2023,15:00,MCAP AMB,Montipora,70.6
8/11/2023,15:15,MCAP AMB,Montipora,74.3
8/11/2023,15:30,MCAP AMB,Montipora,54.5
8/11/2023,15:45,MCAP AMB,Montipora,65.3
8/11/2023,16:00,MCAP AMB,Montipora,97.1
8/11/2023,16:15,MCAP AMB,Montipora,92.7
8/11/2023,16:30,MCAP AMB,Montipora,111.1
8/11/2023,16:45,MCAP AMB,Montipora,85.1
8/11/2023,17:00,MCAP AMB,Montipora,74.4
8/11/2023,17:15,MCAP AMB,Montipora,32.5
8/11/2023,17:30,MCAP AMB,Montipora,23
8/11/2023,17:45,MCAP AMB,Montipora,18.6
8/11/2023,18:00,MCAP AMB,Montipora,34.2
8/11/2023,18:15,MCAP AMB,Montipora,12.5
8/11/2023,18:30,MCAP AMB,Montipora,9.3
8/11/2023,18:45,MCAP AMB,Montipora,6.3
8/11/2023,19:00,MCAP AMB,Montipora,3.1
8/11/2023,19:15,MCAP AMB,Montipora,0.9
8/11/2023,19:30,MCAP AMB,Montipora,0
8/11/2023,19:45,MCAP AMB,Montipora,0
8/11/2023,20:00,MCAP AMB,Montipora,0
8/11/2023,20:15,MCAP AMB,Montipora,0
8/11/2023,20:30,MCAP AMB,Montipora,0
8/11/2023,20:45,MCAP AMB,Montipora,0
8/11/2023,21:00,MCAP AMB,Montipora,0
8/11/2023,21:15,MCAP AMB,Montipora,0
8/11/2023,21:30,MCAP AMB,Montipora,0
8/11/2023,21:45,MCAP AMB,Montipora,0
8/11/2023,22:00,MCAP AMB,Montipora,0
8/11/2023,22:15,MCAP AMB,Montipora,0
8/11/2023,22:30,MCAP AMB,Montipora,0
8/11/2023,22:45,MCAP AMB,Montipora,0
8/11/2023,23:00,MCAP AMB,Montipora,0
8/11/2023,23:15,MCAP AMB,Montipora,0
8/11/2023,23:30,MCAP AMB,Montipora,0
8/11/2023,23:45,MCAP AMB,Montipora,0
8/11/2023,0:00,MCAP AMB,Montipora,0
8/12/2023,0:15,MCAP AMB,Montipora,0
8/12/2023,0:30,MCAP AMB,Montipora,0
8/12/2023,0:45,MCAP AMB,Montipora,0
8/12/2023,1:00,MCAP AMB,Montipora,0
8/12/2023,1:15,MCAP AMB,Montipora,0
8/12/2023,1:30,MCAP AMB,Montipora,0
8/12/2023,1:45,MCAP AMB,Montipora,0
8/12/2023,2:00,MCAP AMB,Montipora,0
8/12/2023,2:15,MCAP AMB,Montipora,0
8/12/2023,2:30,MCAP AMB,Montipora,0
8/12/2023,2:45,MCAP AMB,Montipora,0
8/12/2023,3:00,MCAP AMB,Montipora,0
8/12/2023,3:15,MCAP AMB,Montipora,0
8/12/2023,3:30,MCAP AMB,Montipora,0
8/12/2023,3:45,MCAP AMB,Montipora,0
8/12/2023,4:00,MCAP AMB,Montipora,0
8/12/2023,4:15,MCAP AMB,Montipora,0
8/12/2023,4:30,MCAP AMB,Montipora,0
8/12/2023,4:45,MCAP AMB,Montipora,0
8/12/2023,5:00,MCAP AMB,Montipora,0
8/12/2023,5:15,MCAP AMB,Montipora,0
8/12/2023,5:30,MCAP AMB,Montipora,0
8/12/2023,5:45,MCAP AMB,Montipora,0
8/12/2023,6:00,MCAP AMB,Montipora,0
8/12/2023,6:15,MCAP AMB,Montipora,0.8
8/12/2023,6:30,MCAP AMB,Montipora,4
8/12/2023,6:45,MCAP AMB,Montipora,10.9
8/12/2023,7:00,MCAP AMB,Montipora,22.7
8/12/2023,7:15,MCAP AMB,Montipora,32.1
8/12/2023,7:30,MCAP AMB,Montipora,46.2
8/12/2023,7:45,MCAP AMB,Montipora,59.6
8/12/2023,8:00,MCAP AMB,Montipora,55.6
8/12/2023,8:15,MCAP AMB,Montipora,65.1
8/12/2023,8:30,MCAP AMB,Montipora,66.4
8/12/2023,8:45,MCAP AMB,Montipora,68.4
8/12/2023,9:00,MCAP AMB,Montipora,103.6
8/12/2023,9:15,MCAP AMB,Montipora,87.4
8/12/2023,9:30,MCAP AMB,Montipora,97.4
8/12/2023,9:45,MCAP AMB,Montipora,87.6
8/12/2023,10:00,MCAP AMB,Montipora,90.3
8/12/2023,10:15,MCAP AMB,Montipora,146.1
8/12/2023,10:30,MCAP AMB,Montipora,268.2
8/12/2023,10:45,MCAP AMB,Montipora,297.6
8/12/2023,11:00,MCAP AMB,Montipora,264.7
8/12/2023,11:15,MCAP AMB,Montipora,270.6
8/12/2023,11:30,MCAP AMB,Montipora,294.8
8/12/2023,11:45,MCAP AMB,Montipora,341.8
8/12/2023,12:00,MCAP AMB,Montipora,293.2
8/12/2023,12:15,MCAP AMB,Montipora,369.8
8/12/2023,12:30,MCAP AMB,Montipora,389.8
8/12/2023,12:45,MCAP AMB,Montipora,359.2
8/12/2023,13:00,MCAP AMB,Montipora,380.6
8/12/2023,13:15,MCAP AMB,Montipora,288.6
8/12/2023,13:30,MCAP AMB,Montipora,140.2
8/12/2023,13:45,MCAP AMB,Montipora,97.5
8/12/2023,14:00,MCAP AMB,Montipora,135
8/12/2023,14:15,MCAP AMB,Montipora,243.1
8/12/2023,14:30,MCAP AMB,Montipora,103.2
8/12/2023,14:45,MCAP AMB,Montipora,61.7
8/12/2023,15:00,MCAP AMB,Montipora,63.8
8/12/2023,15:15,MCAP AMB,Montipora,56.4
8/12/2023,15:30,MCAP AMB,Montipora,40.2
8/12/2023,15:45,MCAP AMB,Montipora,51.5
8/12/2023,16:00,MCAP AMB,Montipora,83.9
8/12/2023,16:15,MCAP AMB,Montipora,62.8
8/12/2023,16:30,MCAP AMB,Montipora,114
8/12/2023,16:45,MCAP AMB,Montipora,93.3
8/12/2023,17:00,MCAP AMB,Montipora,55.6
8/12/2023,17:15,MCAP AMB,Montipora,20.3
8/12/2023,17:30,MCAP AMB,Montipora,20.8
8/12/2023,17:45,MCAP AMB,Montipora,16
8/12/2023,18:00,MCAP AMB,Montipora,22.1
8/12/2023,18:15,MCAP AMB,Montipora,19.6
8/12/2023,18:30,MCAP AMB,Montipora,11.3
8/12/2023,18:45,MCAP AMB,Montipora,5.3
8/12/2023,19:00,MCAP AMB,Montipora,3.1
8/12/2023,19:15,MCAP AMB,Montipora,0.8
8/12/2023,19:30,MCAP AMB,Montipora,0
8/12/2023,19:45,MCAP AMB,Montipora,0
8/12/2023,20:00,MCAP AMB,Montipora,0
8/12/2023,20:15,MCAP AMB,Montipora,0
8/12/2023,20:30,MCAP AMB,Montipora,0
8/12/2023,20:45,MCAP AMB,Montipora,0
8/12/2023,21:00,MCAP AMB,Montipora,0
8/12/2023,21:15,MCAP AMB,Montipora,0
8/12/2023,21:30,MCAP AMB,Montipora,0
8/12/2023,21:45,MCAP AMB,Montipora,0
8/12/2023,22:00,MCAP AMB,Montipora,0
8/12/2023,22:15,MCAP AMB,Montipora,0
8/12/2023,22:30,MCAP AMB,Montipora,0
8/12/2023,22:45,MCAP AMB,Montipora,0
8/12/2023,23:00,MCAP AMB,Montipora,0
8/12/2023,23:15,MCAP AMB,Montipora,0
8/12/2023,23:30,MCAP AMB,Montipora,0
8/12/2023,23:45,MCAP AMB,Montipora,0
8/12/2023,0:00,MCAP AMB,Montipora,0
8/13/2023,0:15,MCAP AMB,Montipora,0
8/13/2023,0:30,MCAP AMB,Montipora,0
8/13/2023,0:45,MCAP AMB,Montipora,0
8/13/2023,1:00,MCAP AMB,Montipora,0
8/13/2023,1:15,MCAP AMB,Montipora,0
8/13/2023,1:30,MCAP AMB,Montipora,0
8/13/2023,1:45,MCAP AMB,Montipora,0
8/13/2023,2:00,MCAP AMB,Montipora,0
8/13/2023,2:15,MCAP AMB,Montipora,0
8/13/2023,2:30,MCAP AMB,Montipora,0
8/13/2023,2:45,MCAP AMB,Montipora,0
8/13/2023,3:00,MCAP AMB,Montipora,0
8/13/2023,3:15,MCAP AMB,Montipora,0
8/13/2023,3:30,MCAP AMB,Montipora,0
8/13/2023,3:45,MCAP AMB,Montipora,0
8/13/2023,4:00,MCAP AMB,Montipora,0
8/13/2023,4:15,MCAP AMB,Montipora,0
8/13/2023,4:30,MCAP AMB,Montipora,0
8/13/2023,4:45,MCAP AMB,Montipora,0
8/13/2023,5:00,MCAP AMB,Montipora,0
8/13/2023,5:15,MCAP AMB,Montipora,0
8/13/2023,5:30,MCAP AMB,Montipora,0
8/13/2023,5:45,MCAP AMB,Montipora,0
8/13/2023,6:00,MCAP AMB,Montipora,0
8/13/2023,6:15,MCAP AMB,Montipora,0.8
8/13/2023,6:30,MCAP AMB,Montipora,3.8
8/13/2023,6:45,MCAP AMB,Montipora,9.6
8/13/2023,7:00,MCAP AMB,Montipora,25.1
8/13/2023,7:15,MCAP AMB,Montipora,56.5
8/13/2023,7:30,MCAP AMB,Montipora,22
8/13/2023,7:45,MCAP AMB,Montipora,121
8/13/2023,8:00,MCAP AMB,Montipora,115.4
8/13/2023,8:15,MCAP AMB,Montipora,69.6
8/13/2023,8:30,MCAP AMB,Montipora,64.8
8/13/2023,8:45,MCAP AMB,Montipora,99.4
8/13/2023,9:00,MCAP AMB,Montipora,88.2
8/13/2023,9:15,MCAP AMB,Montipora,73.1
8/13/2023,9:30,MCAP AMB,Montipora,65.1
8/13/2023,9:45,MCAP AMB,Montipora,113.1
8/13/2023,10:00,MCAP AMB,Montipora,237.9
8/13/2023,10:15,MCAP AMB,Montipora,323.8
8/13/2023,10:30,MCAP AMB,Montipora,326.8
8/13/2023,10:45,MCAP AMB,Montipora,337.3
8/13/2023,11:00,MCAP AMB,Montipora,339.8
8/13/2023,11:15,MCAP AMB,Montipora,237.5
8/13/2023,11:30,MCAP AMB,Montipora,356.3
8/13/2023,11:45,MCAP AMB,Montipora,181.8
8/13/2023,12:00,MCAP AMB,Montipora,135.6
8/13/2023,12:15,MCAP AMB,Montipora,92.7
8/13/2023,12:30,MCAP AMB,Montipora,172.6
8/13/2023,12:45,MCAP AMB,Montipora,126.2
8/13/2023,13:00,MCAP AMB,Montipora,155
8/13/2023,13:15,MCAP AMB,Montipora,117.6
8/13/2023,13:30,MCAP AMB,Montipora,143.3
8/13/2023,13:45,MCAP AMB,Montipora,225.5
8/13/2023,14:00,MCAP AMB,Montipora,133.9
8/13/2023,14:15,MCAP AMB,Montipora,207.2
8/13/2023,14:30,MCAP AMB,Montipora,428.2
8/13/2023,14:45,MCAP AMB,Montipora,137.9
8/13/2023,15:00,MCAP AMB,Montipora,77.8
8/13/2023,15:15,MCAP AMB,Montipora,101.1
8/13/2023,15:30,MCAP AMB,Montipora,75.3
8/13/2023,15:45,MCAP AMB,Montipora,68.1
8/13/2023,16:00,MCAP AMB,Montipora,57.4
8/13/2023,16:15,MCAP AMB,Montipora,53
8/13/2023,16:30,MCAP AMB,Montipora,68.5
8/13/2023,16:45,MCAP AMB,Montipora,147.1
8/13/2023,17:00,MCAP AMB,Montipora,67.1
8/13/2023,17:15,MCAP AMB,Montipora,30.8
8/13/2023,17:30,MCAP AMB,Montipora,35.8
8/13/2023,17:45,MCAP AMB,Montipora,25.4
8/13/2023,18:00,MCAP AMB,Montipora,24.1
8/13/2023,18:15,MCAP AMB,Montipora,21.1
8/13/2023,18:30,MCAP AMB,Montipora,9.7
8/13/2023,18:45,MCAP AMB,Montipora,5.3
8/13/2023,19:00,MCAP AMB,Montipora,2.6
8/13/2023,19:15,MCAP AMB,Montipora,0.6
8/13/2023,19:30,MCAP AMB,Montipora,0
8/13/2023,19:45,MCAP AMB,Montipora,0
8/13/2023,20:00,MCAP AMB,Montipora,0
8/13/2023,20:15,MCAP AMB,Montipora,0
8/13/2023,20:30,MCAP AMB,Montipora,0
8/13/2023,20:45,MCAP AMB,Montipora,0
8/13/2023,21:00,MCAP AMB,Montipora,0
8/13/2023,21:15,MCAP AMB,Montipora,0
8/13/2023,21:30,MCAP AMB,Montipora,0
8/13/2023,21:45,MCAP AMB,Montipora,0
8/13/2023,22:00,MCAP AMB,Montipora,0
8/13/2023,22:15,MCAP AMB,Montipora,0
8/13/2023,22:30,MCAP AMB,Montipora,0
8/13/2023,22:45,MCAP AMB,Montipora,0
8/13/2023,23:00,MCAP AMB,Montipora,0
8/13/2023,23:15,MCAP AMB,Montipora,0
8/13/2023,23:30,MCAP AMB,Montipora,0
8/13/2023,23:45,MCAP AMB,Montipora,0
8/13/2023,0:00,MCAP AMB,Montipora,0
8/14/2023,0:15,MCAP AMB,Montipora,0
8/14/2023,0:30,MCAP AMB,Montipora,0
8/14/2023,0:45,MCAP AMB,Montipora,0
8/14/2023,1:00,MCAP AMB,Montipora,0
8/14/2023,1:15,MCAP AMB,Montipora,0
8/14/2023,1:30,MCAP AMB,Montipora,0
8/14/2023,1:45,MCAP AMB,Montipora,0
8/14/2023,2:00,MCAP AMB,Montipora,0
8/14/2023,2:15,MCAP AMB,Montipora,0
8/14/2023,2:30,MCAP AMB,Montipora,0
8/14/2023,2:45,MCAP AMB,Montipora,0
8/14/2023,3:00,MCAP AMB,Montipora,0
8/14/2023,3:15,MCAP AMB,Montipora,0
8/14/2023,3:30,MCAP AMB,Montipora,0
8/14/2023,3:45,MCAP AMB,Montipora,0
8/14/2023,4:00,MCAP AMB,Montipora,0
8/14/2023,4:15,MCAP AMB,Montipora,0
8/14/2023,4:30,MCAP AMB,Montipora,0
8/14/2023,4:45,MCAP AMB,Montipora,0
8/14/2023,5:00,MCAP AMB,Montipora,0
8/14/2023,5:15,MCAP AMB,Montipora,0
8/14/2023,5:30,MCAP AMB,Montipora,0
8/14/2023,5:45,MCAP AMB,Montipora,0
8/14/2023,6:00,MCAP AMB,Montipora,0
8/14/2023,6:15,MCAP AMB,Montipora,0.6
8/14/2023,6:30,MCAP AMB,Montipora,8.8
8/14/2023,6:45,MCAP AMB,Montipora,11.4
8/14/2023,7:00,MCAP AMB,Montipora,29.2
8/14/2023,7:15,MCAP AMB,Montipora,39.6
8/14/2023,7:30,MCAP AMB,Montipora,96.3
8/14/2023,7:45,MCAP AMB,Montipora,106.7
8/14/2023,8:00,MCAP AMB,Montipora,91.8
8/14/2023,8:15,MCAP AMB,Montipora,57.2
8/14/2023,8:30,MCAP AMB,Montipora,66.5
8/14/2023,8:45,MCAP AMB,Montipora,137.2
8/14/2023,9:00,MCAP AMB,Montipora,81.8
8/14/2023,9:15,MCAP AMB,Montipora,97.2
8/14/2023,9:30,MCAP AMB,Montipora,98.4
8/14/2023,9:45,MCAP AMB,Montipora,118
8/14/2023,10:00,MCAP AMB,Montipora,251.5
8/14/2023,10:15,MCAP AMB,Montipora,296.5
8/14/2023,10:30,MCAP AMB,Montipora,166
8/14/2023,10:45,MCAP AMB,Montipora,288.9
8/14/2023,11:00,MCAP AMB,Montipora,327.6
8/14/2023,11:15,MCAP AMB,Montipora,133.2
8/14/2023,11:30,MCAP AMB,Montipora,130.9
8/14/2023,11:45,MCAP AMB,Montipora,96.6
8/14/2023,12:00,MCAP AMB,Montipora,315.8
8/14/2023,12:15,MCAP AMB,Montipora,291.4
8/14/2023,12:30,MCAP AMB,Montipora,127.6
8/14/2023,12:45,MCAP AMB,Montipora,70.9
8/14/2023,13:00,MCAP AMB,Montipora,114.9
8/14/2023,13:15,MCAP AMB,Montipora,76.6
8/14/2023,13:30,MCAP AMB,Montipora,60.5
8/14/2023,13:45,MCAP AMB,Montipora,72.3
8/14/2023,14:00,MCAP AMB,Montipora,69.8
8/14/2023,14:15,MCAP AMB,Montipora,62.5
8/14/2023,14:30,MCAP AMB,Montipora,81.8
8/14/2023,14:45,MCAP AMB,Montipora,130.1
8/14/2023,15:00,MCAP AMB,Montipora,108.8
8/14/2023,15:15,MCAP AMB,Montipora,110.1
8/14/2023,15:30,MCAP AMB,Montipora,65.9
8/14/2023,15:45,MCAP AMB,Montipora,62.1
8/14/2023,16:00,MCAP AMB,Montipora,33.7
8/14/2023,16:15,MCAP AMB,Montipora,34.1
8/14/2023,16:30,MCAP AMB,Montipora,64
8/14/2023,16:45,MCAP AMB,Montipora,65.3
8/14/2023,17:00,MCAP AMB,Montipora,48
8/14/2023,17:15,MCAP AMB,Montipora,45.6
8/14/2023,17:30,MCAP AMB,Montipora,19.9
8/14/2023,17:45,MCAP AMB,Montipora,12.4
8/14/2023,18:00,MCAP AMB,Montipora,9
8/14/2023,18:15,MCAP AMB,Montipora,12.4
8/14/2023,18:30,MCAP AMB,Montipora,12.9
8/14/2023,18:45,MCAP AMB,Montipora,6.6
8/14/2023,19:00,MCAP AMB,Montipora,2.7
8/14/2023,19:15,MCAP AMB,Montipora,0.5
8/14/2023,19:30,MCAP AMB,Montipora,0
8/14/2023,19:45,MCAP AMB,Montipora,0
8/14/2023,20:00,MCAP AMB,Montipora,0
8/14/2023,20:15,MCAP AMB,Montipora,0
8/14/2023,20:30,MCAP AMB,Montipora,0
8/14/2023,20:45,MCAP AMB,Montipora,0
8/14/2023,21:00,MCAP AMB,Montipora,0
8/14/2023,21:15,MCAP AMB,Montipora,0
8/14/2023,21:30,MCAP AMB,Montipora,0
8/14/2023,21:45,MCAP AMB,Montipora,0
8/14/2023,22:00,MCAP AMB,Montipora,0
8/14/2023,22:15,MCAP AMB,Montipora,0
8/14/2023,22:30,MCAP AMB,Montipora,0
8/14/2023,22:45,MCAP AMB,Montipora,0
8/14/2023,23:00,MCAP AMB,Montipora,0
8/14/2023,23:15,MCAP AMB,Montipora,0
8/14/2023,23:30,MCAP AMB,Montipora,0
8/14/2023,23:45,MCAP AMB,Montipora,0
8/14/2023,0:00,MCAP AMB,Montipora,0
8/15/2023,0:15,MCAP AMB,Montipora,0
8/15/2023,0:30,MCAP AMB,Montipora,0
8/15/2023,0:45,MCAP AMB,Montipora,0
8/15/2023,1:00,MCAP AMB,Montipora,0
8/15/2023,1:15,MCAP AMB,Montipora,0
8/15/2023,1:30,MCAP AMB,Montipora,0
8/15/2023,1:45,MCAP AMB,Montipora,0
8/15/2023,2:00,MCAP AMB,Montipora,0
8/15/2023,2:15,MCAP AMB,Montipora,0
8/15/2023,2:30,MCAP AMB,Montipora,0
8/15/2023,2:45,MCAP AMB,Montipora,0
8/15/2023,3:00,MCAP AMB,Montipora,0
8/15/2023,3:15,MCAP AMB,Montipora,0
8/15/2023,3:30,MCAP AMB,Montipora,0
8/15/2023,3:45,MCAP AMB,Montipora,0
8/15/2023,4:00,MCAP AMB,Montipora,0
8/15/2023,4:15,MCAP AMB,Montipora,0
8/15/2023,4:30,MCAP AMB,Montipora,0
8/15/2023,4:45,MCAP AMB,Montipora,0
8/15/2023,5:00,MCAP AMB,Montipora,0
8/15/2023,5:15,MCAP AMB,Montipora,0
8/15/2023,5:30,MCAP AMB,Montipora,0
8/15/2023,5:45,MCAP AMB,Montipora,0
8/15/2023,6:00,MCAP AMB,Montipora,0
8/15/2023,6:15,MCAP AMB,Montipora,0.7
8/15/2023,6:30,MCAP AMB,Montipora,4
8/15/2023,6:45,MCAP AMB,Montipora,14.4
8/15/2023,7:00,MCAP AMB,Montipora,28.6
8/15/2023,7:15,MCAP AMB,Montipora,70.5
8/15/2023,7:30,MCAP AMB,Montipora,75.4
8/15/2023,7:45,MCAP AMB,Montipora,72.6
8/15/2023,8:00,MCAP AMB,Montipora,60.7
8/15/2023,8:15,MCAP AMB,Montipora,73
8/15/2023,8:30,MCAP AMB,Montipora,66.4
8/15/2023,8:45,MCAP AMB,Montipora,111.6
8/15/2023,9:00,MCAP AMB,Montipora,87
8/15/2023,9:15,MCAP AMB,Montipora,70.5
8/15/2023,9:30,MCAP AMB,Montipora,77.6
8/15/2023,9:45,MCAP AMB,Montipora,126.4
8/15/2023,10:00,MCAP AMB,Montipora,139.6
8/15/2023,10:15,MCAP AMB,Montipora,177.7
8/15/2023,10:30,MCAP AMB,Montipora,218.3
8/15/2023,10:45,MCAP AMB,Montipora,172.2
8/15/2023,11:00,MCAP AMB,Montipora,148.7
8/15/2023,11:15,MCAP AMB,Montipora,236.4
8/15/2023,11:30,MCAP AMB,Montipora,255.9
8/15/2023,11:45,MCAP AMB,Montipora,369.4
8/15/2023,12:00,MCAP AMB,Montipora,151.9
8/15/2023,12:15,MCAP AMB,Montipora,198.3
8/15/2023,12:30,MCAP AMB,Montipora,121.9
8/15/2023,12:45,MCAP AMB,Montipora,331.6
8/15/2023,13:00,MCAP AMB,Montipora,90.4
8/15/2023,13:15,MCAP AMB,Montipora,115.1
8/15/2023,13:30,MCAP AMB,Montipora,93.9
8/15/2023,13:45,MCAP AMB,Montipora,63.5
8/15/2023,14:00,MCAP AMB,Montipora,290
8/15/2023,14:15,MCAP AMB,Montipora,152.7
8/15/2023,14:30,MCAP AMB,Montipora,95.8
8/15/2023,14:45,MCAP AMB,Montipora,154.3
8/15/2023,15:00,MCAP AMB,Montipora,77.2
8/15/2023,15:15,MCAP AMB,Montipora,86.1
8/15/2023,15:30,MCAP AMB,Montipora,110.9
8/15/2023,15:45,MCAP AMB,Montipora,79.2
8/15/2023,16:00,MCAP AMB,Montipora,51.5
8/15/2023,16:15,MCAP AMB,Montipora,66.7
8/15/2023,16:30,MCAP AMB,Montipora,202.5
8/15/2023,16:45,MCAP AMB,Montipora,206.8
8/15/2023,17:00,MCAP AMB,Montipora,53.7
8/15/2023,17:15,MCAP AMB,Montipora,38.2
8/15/2023,17:30,MCAP AMB,Montipora,28.8
8/15/2023,17:45,MCAP AMB,Montipora,25.7
8/15/2023,18:00,MCAP AMB,Montipora,32.1
8/15/2023,18:15,MCAP AMB,Montipora,14.3
8/15/2023,18:30,MCAP AMB,Montipora,13.5
8/15/2023,18:45,MCAP AMB,Montipora,8.6
8/15/2023,19:00,MCAP AMB,Montipora,3
8/15/2023,19:15,MCAP AMB,Montipora,0.7
8/15/2023,19:30,MCAP AMB,Montipora,0
8/15/2023,19:45,MCAP AMB,Montipora,0
8/15/2023,20:00,MCAP AMB,Montipora,0
8/15/2023,20:15,MCAP AMB,Montipora,0
8/15/2023,20:30,MCAP AMB,Montipora,0
8/15/2023,20:45,MCAP AMB,Montipora,0
8/15/2023,21:00,MCAP AMB,Montipora,0
8/15/2023,21:15,MCAP AMB,Montipora,0
8/15/2023,21:30,MCAP AMB,Montipora,0
8/15/2023,21:45,MCAP AMB,Montipora,0
8/15/2023,22:00,MCAP AMB,Montipora,0
8/15/2023,22:15,MCAP AMB,Montipora,0
8/15/2023,22:30,MCAP AMB,Montipora,0
8/15/2023,22:45,MCAP AMB,Montipora,0
8/15/2023,23:00,MCAP AMB,Montipora,0
8/15/2023,23:15,MCAP AMB,Montipora,0
8/15/2023,23:30,MCAP AMB,Montipora,0
8/15/2023,23:45,MCAP AMB,Montipora,0
8/15/2023,0:00,MCAP AMB,Montipora,0
8/16/2023,0:15,MCAP AMB,Montipora,0
8/16/2023,0:30,MCAP AMB,Montipora,0
8/16/2023,0:45,MCAP AMB,Montipora,0
8/16/2023,1:00,MCAP AMB,Montipora,0
8/16/2023,1:15,MCAP AMB,Montipora,0
8/16/2023,1:30,MCAP AMB,Montipora,0
8/16/2023,1:45,MCAP AMB,Montipora,0
8/16/2023,2:00,MCAP AMB,Montipora,0
8/16/2023,2:15,MCAP AMB,Montipora,0
8/16/2023,2:30,MCAP AMB,Montipora,0
8/16/2023,2:45,MCAP AMB,Montipora,0
8/16/2023,3:00,MCAP AMB,Montipora,0
8/16/2023,3:15,MCAP AMB,Montipora,0
8/16/2023,3:30,MCAP AMB,Montipora,0
8/16/2023,3:45,MCAP AMB,Montipora,0
8/16/2023,4:00,MCAP AMB,Montipora,0
8/16/2023,4:15,MCAP AMB,Montipora,0
8/16/2023,4:30,MCAP AMB,Montipora,0
8/16/2023,4:45,MCAP AMB,Montipora,0
8/16/2023,5:00,MCAP AMB,Montipora,0
8/16/2023,5:15,MCAP AMB,Montipora,0
8/16/2023,5:30,MCAP AMB,Montipora,0
8/16/2023,5:45,MCAP AMB,Montipora,0
8/16/2023,6:00,MCAP AMB,Montipora,0
8/16/2023,6:15,MCAP AMB,Montipora,0.1
8/16/2023,6:30,MCAP AMB,Montipora,3
8/16/2023,6:45,MCAP AMB,Montipora,5.7
8/16/2023,7:00,MCAP AMB,Montipora,8.4
8/16/2023,7:15,MCAP AMB,Montipora,16.7
8/16/2023,7:30,MCAP AMB,Montipora,20.4
8/16/2023,7:45,MCAP AMB,Montipora,32.2
8/16/2023,8:00,MCAP AMB,Montipora,52.4
8/16/2023,8:15,MCAP AMB,Montipora,34.9
8/16/2023,8:30,MCAP AMB,Montipora,64.4
8/16/2023,8:45,MCAP AMB,Montipora,63.9
8/16/2023,9:00,MCAP AMB,Montipora,57.9
8/16/2023,9:15,MCAP AMB,Montipora,77.1
8/16/2023,9:30,MCAP AMB,Montipora,93
8/16/2023,9:45,MCAP AMB,Montipora,104.3
8/16/2023,10:00,MCAP AMB,Montipora,120.3
8/16/2023,10:15,MCAP AMB,Montipora,133.2
8/16/2023,10:30,MCAP AMB,Montipora,146.6
8/16/2023,10:45,MCAP AMB,Montipora,125.2
8/16/2023,11:00,MCAP AMB,Montipora,108
8/16/2023,11:15,MCAP AMB,Montipora,129
8/16/2023,11:30,MCAP AMB,Montipora,159.6
8/16/2023,11:45,MCAP AMB,Montipora,182.8
8/16/2023,12:00,MCAP AMB,Montipora,163.3
8/16/2023,12:15,MCAP AMB,Montipora,269.4
8/16/2023,12:30,MCAP AMB,Montipora,201.7
8/16/2023,12:45,MCAP AMB,Montipora,301.3
8/16/2023,13:00,MCAP AMB,Montipora,271.6
8/16/2023,13:15,MCAP AMB,Montipora,294.3
8/16/2023,13:30,MCAP AMB,Montipora,308
8/16/2023,13:45,MCAP AMB,Montipora,323
8/16/2023,14:00,MCAP AMB,Montipora,243.4
8/16/2023,14:15,MCAP AMB,Montipora,171.9
8/16/2023,14:30,MCAP AMB,Montipora,213.5
8/16/2023,14:45,MCAP AMB,Montipora,166.7
8/16/2023,15:00,MCAP AMB,Montipora,60.3
8/16/2023,15:15,MCAP AMB,Montipora,55.7
8/16/2023,15:30,MCAP AMB,Montipora,50.5
8/16/2023,15:45,MCAP AMB,Montipora,42.2
8/16/2023,16:00,MCAP AMB,Montipora,36.5
8/16/2023,16:15,MCAP AMB,Montipora,41.7
8/16/2023,16:30,MCAP AMB,Montipora,47
8/16/2023,16:45,MCAP AMB,Montipora,41
8/16/2023,17:00,MCAP AMB,Montipora,26.3
8/16/2023,17:15,MCAP AMB,Montipora,22
8/16/2023,17:30,MCAP AMB,Montipora,22.9
8/16/2023,17:45,MCAP AMB,Montipora,20.2
8/16/2023,18:00,MCAP AMB,Montipora,22.5
8/16/2023,18:15,MCAP AMB,Montipora,15
8/16/2023,18:30,MCAP AMB,Montipora,11.1
8/16/2023,18:45,MCAP AMB,Montipora,6.5
8/16/2023,19:00,MCAP AMB,Montipora,2.4
8/16/2023,19:15,MCAP AMB,Montipora,0.4
8/16/2023,19:30,MCAP AMB,Montipora,0
8/16/2023,19:45,MCAP AMB,Montipora,0
8/16/2023,20:00,MCAP AMB,Montipora,0
8/16/2023,20:15,MCAP AMB,Montipora,0
8/16/2023,20:30,MCAP AMB,Montipora,0
8/16/2023,20:45,MCAP AMB,Montipora,0
8/16/2023,21:00,MCAP AMB,Montipora,0
8/16/2023,21:15,MCAP AMB,Montipora,0
8/16/2023,21:30,MCAP AMB,Montipora,0
8/16/2023,21:45,MCAP AMB,Montipora,0
8/16/2023,22:00,MCAP AMB,Montipora,0
8/16/2023,22:15,MCAP AMB,Montipora,0
8/16/2023,22:30,MCAP AMB,Montipora,0
8/16/2023,22:45,MCAP AMB,Montipora,0
8/16/2023,23:00,MCAP AMB,Montipora,0
8/16/2023,23:15,MCAP AMB,Montipora,0
8/16/2023,23:30,MCAP AMB,Montipora,0
8/16/2023,23:45,MCAP AMB,Montipora,0
8/16/2023,0:00,MCAP AMB,Montipora,0
8/17/2023,0:15,MCAP AMB,Montipora,0
8/17/2023,0:30,MCAP AMB,Montipora,0
8/17/2023,0:45,MCAP AMB,Montipora,0
8/17/2023,1:00,MCAP AMB,Montipora,0
8/17/2023,1:15,MCAP AMB,Montipora,0
8/17/2023,1:30,MCAP AMB,Montipora,0
8/17/2023,1:45,MCAP AMB,Montipora,0
8/17/2023,2:00,MCAP AMB,Montipora,0
8/17/2023,2:15,MCAP AMB,Montipora,0
8/17/2023,2:30,MCAP AMB,Montipora,0
8/17/2023,2:45,MCAP AMB,Montipora,0
8/17/2023,3:00,MCAP AMB,Montipora,0
8/17/2023,3:15,MCAP AMB,Montipora,0
8/17/2023,3:30,MCAP AMB,Montipora,0
8/17/2023,3:45,MCAP AMB,Montipora,0
8/17/2023,4:00,MCAP AMB,Montipora,0
8/17/2023,4:15,MCAP AMB,Montipora,0
8/17/2023,4:30,MCAP AMB,Montipora,0
8/17/2023,4:45,MCAP AMB,Montipora,0
8/17/2023,5:00,MCAP AMB,Montipora,0
8/17/2023,5:15,MCAP AMB,Montipora,0
8/17/2023,5:30,MCAP AMB,Montipora,0
8/17/2023,5:45,MCAP AMB,Montipora,0
8/17/2023,6:00,MCAP AMB,Montipora,0
8/17/2023,6:15,MCAP AMB,Montipora,0.2
8/17/2023,6:30,MCAP AMB,Montipora,2.6
8/17/2023,6:45,MCAP AMB,Montipora,5.5
8/17/2023,7:00,MCAP AMB,Montipora,8.7
8/17/2023,7:15,MCAP AMB,Montipora,24.7
8/17/2023,7:30,MCAP AMB,Montipora,31.4
8/17/2023,7:45,MCAP AMB,Montipora,24.4
8/17/2023,8:00,MCAP AMB,Montipora,55.4
8/17/2023,8:15,MCAP AMB,Montipora,97
8/17/2023,8:30,MCAP AMB,Montipora,58.6
8/17/2023,8:45,MCAP AMB,Montipora,72.5
8/17/2023,9:00,MCAP AMB,Montipora,86.5
8/17/2023,9:15,MCAP AMB,Montipora,30
8/17/2023,9:30,MCAP AMB,Montipora,40.6
8/17/2023,9:45,MCAP AMB,Montipora,51.7
8/17/2023,10:00,MCAP AMB,Montipora,62.9
8/17/2023,10:15,MCAP AMB,Montipora,108.4
8/17/2023,10:30,MCAP AMB,Montipora,68.4
8/17/2023,10:45,MCAP AMB,Montipora,59
8/17/2023,11:00,MCAP AMB,Montipora,65.1
8/17/2023,11:15,MCAP AMB,Montipora,61.2
8/17/2023,11:30,MCAP AMB,Montipora,59.2
8/17/2023,11:45,MCAP AMB,Montipora,104.1
8/17/2023,12:00,MCAP AMB,Montipora,111.1
8/17/2023,12:15,MCAP AMB,Montipora,120.8
8/17/2023,12:30,MCAP AMB,Montipora,217.1
8/17/2023,12:45,MCAP AMB,Montipora,228
8/17/2023,13:00,MCAP AMB,Montipora,205
8/17/2023,13:15,MCAP AMB,Montipora,128.2
8/17/2023,13:30,MCAP AMB,Montipora,100.2
8/17/2023,13:45,MCAP AMB,Montipora,48.9
8/17/2023,14:00,MCAP AMB,Montipora,58.9
8/17/2023,14:15,MCAP AMB,Montipora,76
8/17/2023,14:30,MCAP AMB,Montipora,36.8
8/17/2023,14:45,MCAP AMB,Montipora,46.2
8/17/2023,15:00,MCAP AMB,Montipora,45.4
8/17/2023,15:15,MCAP AMB,Montipora,41.1
8/17/2023,15:30,MCAP AMB,Montipora,37.4
8/17/2023,15:45,MCAP AMB,Montipora,31.1
8/17/2023,16:00,MCAP AMB,Montipora,32
8/17/2023,16:15,MCAP AMB,Montipora,50.2
8/17/2023,16:30,MCAP AMB,Montipora,62.8
8/17/2023,16:45,MCAP AMB,Montipora,131
8/17/2023,17:00,MCAP AMB,Montipora,17.9
8/17/2023,17:15,MCAP AMB,Montipora,15.2
8/17/2023,17:30,MCAP AMB,Montipora,13.2
8/17/2023,17:45,MCAP AMB,Montipora,16.1
8/17/2023,18:00,MCAP AMB,Montipora,13.7
8/17/2023,18:15,MCAP AMB,Montipora,11.2
8/17/2023,18:30,MCAP AMB,Montipora,7.1
8/17/2023,18:45,MCAP AMB,Montipora,2.7
8/17/2023,19:00,MCAP AMB,Montipora,1.4
8/17/2023,19:15,MCAP AMB,Montipora,0.3
8/17/2023,19:30,MCAP AMB,Montipora,0
8/17/2023,19:45,MCAP AMB,Montipora,0
8/17/2023,20:00,MCAP AMB,Montipora,0
8/17/2023,20:15,MCAP AMB,Montipora,0
8/17/2023,20:30,MCAP AMB,Montipora,0
8/17/2023,20:45,MCAP AMB,Montipora,0
8/17/2023,21:00,MCAP AMB,Montipora,0
8/17/2023,21:15,MCAP AMB,Montipora,0
8/17/2023,21:30,MCAP AMB,Montipora,0
8/17/2023,21:45,MCAP AMB,Montipora,0
8/17/2023,22:00,MCAP AMB,Montipora,0
8/17/2023,22:15,MCAP AMB,Montipora,0
8/17/2023,22:30,MCAP AMB,Montipora,0
8/17/2023,22:45,MCAP AMB,Montipora,0
8/17/2023,23:00,MCAP AMB,Montipora,0
8/17/2023,23:15,MCAP AMB,Montipora,0
8/17/2023,23:30,MCAP AMB,Montipora,0
8/17/2023,23:45,MCAP AMB,Montipora,0
8/17/2023,0:00,MCAP AMB,Montipora,0
8/18/2023,0:15,MCAP AMB,Montipora,0
8/18/2023,0:30,MCAP AMB,Montipora,0
8/18/2023,0:45,MCAP AMB,Montipora,0
8/18/2023,1:00,MCAP AMB,Montipora,0
8/18/2023,1:15,MCAP AMB,Montipora,0
8/18/2023,1:30,MCAP AMB,Montipora,0
8/18/2023,1:45,MCAP AMB,Montipora,0
8/18/2023,2:00,MCAP AMB,Montipora,0
8/18/2023,2:15,MCAP AMB,Montipora,0
8/18/2023,2:30,MCAP AMB,Montipora,0
8/18/2023,2:45,MCAP AMB,Montipora,0
8/18/2023,3:00,MCAP AMB,Montipora,0
8/18/2023,3:15,MCAP AMB,Montipora,0
8/18/2023,3:30,MCAP AMB,Montipora,0
8/18/2023,3:45,MCAP AMB,Montipora,0
8/18/2023,4:00,MCAP AMB,Montipora,0
8/18/2023,4:15,MCAP AMB,Montipora,0
8/18/2023,4:30,MCAP AMB,Montipora,0
8/18/2023,4:45,MCAP AMB,Montipora,0
8/18/2023,5:00,MCAP AMB,Montipora,0
8/18/2023,5:15,MCAP AMB,Montipora,0
8/18/2023,5:30,MCAP AMB,Montipora,0
8/18/2023,5:45,MCAP AMB,Montipora,0
8/18/2023,6:00,MCAP AMB,Montipora,0
8/18/2023,6:15,MCAP AMB,Montipora,0.4
8/18/2023,6:30,MCAP AMB,Montipora,2
8/18/2023,6:45,MCAP AMB,Montipora,4.7
8/18/2023,7:00,MCAP AMB,Montipora,29.5
8/18/2023,7:15,MCAP AMB,Montipora,63.3
8/18/2023,7:30,MCAP AMB,Montipora,64.2
8/18/2023,7:45,MCAP AMB,Montipora,100.4
8/18/2023,8:00,MCAP AMB,Montipora,129.1
8/18/2023,8:15,MCAP AMB,Montipora,87.2
8/18/2023,8:30,MCAP AMB,Montipora,25.6
8/18/2023,8:45,MCAP AMB,Montipora,55.5
8/18/2023,9:00,MCAP AMB,Montipora,50.3
8/18/2023,9:15,MCAP AMB,Montipora,28.6
8/18/2023,9:30,MCAP AMB,Montipora,23.5
8/18/2023,9:45,MCAP AMB,Montipora,24.4
8/18/2023,10:00,MCAP AMB,Montipora,40.2
8/18/2023,10:15,MCAP AMB,Montipora,49.8
8/18/2023,10:30,MCAP AMB,Montipora,76.5
8/18/2023,10:45,MCAP AMB,Montipora,97.1
8/18/2023,11:00,MCAP AMB,Montipora,93.7
8/18/2023,11:15,MCAP AMB,Montipora,105.9
8/18/2023,11:30,MCAP AMB,Montipora,99.4
8/18/2023,11:45,MCAP AMB,Montipora,127.7
8/18/2023,12:00,MCAP AMB,Montipora,155.9
8/18/2023,12:15,MCAP AMB,Montipora,112.5
8/18/2023,12:30,MCAP AMB,Montipora,117.3
8/18/2023,12:45,MCAP AMB,Montipora,178.2
8/18/2023,13:00,MCAP AMB,Montipora,143.4
8/18/2023,13:15,MCAP AMB,Montipora,179
8/18/2023,13:30,MCAP AMB,Montipora,278.6
8/18/2023,13:45,MCAP AMB,Montipora,261.9
8/18/2023,14:00,MCAP AMB,Montipora,277.9
8/18/2023,14:15,MCAP AMB,Montipora,257.6
8/18/2023,14:30,MCAP AMB,Montipora,74.2
8/18/2023,14:45,MCAP AMB,Montipora,175.7
8/18/2023,15:00,MCAP AMB,Montipora,110.3
8/18/2023,15:15,MCAP AMB,Montipora,29.5
8/18/2023,15:30,MCAP AMB,Montipora,29.4
8/18/2023,15:45,MCAP AMB,Montipora,28
8/18/2023,16:00,MCAP AMB,Montipora,35.1
8/18/2023,16:15,MCAP AMB,Montipora,43
8/18/2023,16:30,MCAP AMB,Montipora,80.5
8/18/2023,16:45,MCAP AMB,Montipora,101.2
8/18/2023,17:00,MCAP AMB,Montipora,18.7
8/18/2023,17:15,MCAP AMB,Montipora,17.8
8/18/2023,17:30,MCAP AMB,Montipora,20.5
8/18/2023,17:45,MCAP AMB,Montipora,11.7
8/18/2023,18:00,MCAP AMB,Montipora,7.2
8/18/2023,18:15,MCAP AMB,Montipora,5.6
8/18/2023,18:30,MCAP AMB,Montipora,4.6
8/18/2023,18:45,MCAP AMB,Montipora,4.3
8/18/2023,19:00,MCAP AMB,Montipora,1.5
8/18/2023,19:15,MCAP AMB,Montipora,0.2
8/18/2023,19:30,MCAP AMB,Montipora,0
8/18/2023,19:45,MCAP AMB,Montipora,0
8/18/2023,20:00,MCAP AMB,Montipora,0
8/18/2023,20:15,MCAP AMB,Montipora,0
8/18/2023,20:30,MCAP AMB,Montipora,0
8/18/2023,20:45,MCAP AMB,Montipora,0
8/18/2023,21:00,MCAP AMB,Montipora,0
8/18/2023,21:15,MCAP AMB,Montipora,0
8/18/2023,21:30,MCAP AMB,Montipora,0
8/18/2023,21:45,MCAP AMB,Montipora,0
8/18/2023,22:00,MCAP AMB,Montipora,0
8/18/2023,22:15,MCAP AMB,Montipora,0
8/18/2023,22:30,MCAP AMB,Montipora,0
8/18/2023,22:45,MCAP AMB,Montipora,0
8/18/2023,23:00,MCAP AMB,Montipora,0
8/18/2023,23:15,MCAP AMB,Montipora,0
8/18/2023,23:30,MCAP AMB,Montipora,0
8/18/2023,23:45,MCAP AMB,Montipora,0
8/18/2023,0:00,MCAP AMB,Montipora,0
8/19/2023,0:15,MCAP AMB,Montipora,0
8/19/2023,0:30,MCAP AMB,Montipora,0
8/19/2023,0:45,MCAP AMB,Montipora,0
8/19/2023,1:00,MCAP AMB,Montipora,0
8/19/2023,1:15,MCAP AMB,Montipora,0
8/19/2023,1:30,MCAP AMB,Montipora,0
8/19/2023,1:45,MCAP AMB,Montipora,0
8/19/2023,2:00,MCAP AMB,Montipora,0
8/19/2023,2:15,MCAP AMB,Montipora,0
8/19/2023,2:30,MCAP AMB,Montipora,0
8/19/2023,2:45,MCAP AMB,Montipora,0
8/19/2023,3:00,MCAP AMB,Montipora,0
8/19/2023,3:15,MCAP AMB,Montipora,0
8/19/2023,3:30,MCAP AMB,Montipora,0
8/19/2023,3:45,MCAP AMB,Montipora,0
8/19/2023,4:00,MCAP AMB,Montipora,0
8/19/2023,4:15,MCAP AMB,Montipora,0
8/19/2023,4:30,MCAP AMB,Montipora,0
8/19/2023,4:45,MCAP AMB,Montipora,0
8/19/2023,5:00,MCAP AMB,Montipora,0
8/19/2023,5:15,MCAP AMB,Montipora,0
8/19/2023,5:30,MCAP AMB,Montipora,0
8/19/2023,5:45,MCAP AMB,Montipora,0
8/19/2023,6:00,MCAP AMB,Montipora,0
8/19/2023,6:15,MCAP AMB,Montipora,0.4
8/19/2023,6:30,MCAP AMB,Montipora,3
8/19/2023,6:45,MCAP AMB,Montipora,7.7
8/19/2023,7:00,MCAP AMB,Montipora,23.3
8/19/2023,7:15,MCAP AMB,Montipora,25.2
8/19/2023,7:30,MCAP AMB,Montipora,44.6
8/19/2023,7:45,MCAP AMB,Montipora,47.4
8/19/2023,8:00,MCAP AMB,Montipora,69.4
8/19/2023,8:15,MCAP AMB,Montipora,45.6
8/19/2023,8:30,MCAP AMB,Montipora,32.8
8/19/2023,8:45,MCAP AMB,Montipora,34.5
8/19/2023,9:00,MCAP AMB,Montipora,31.3
8/19/2023,9:15,MCAP AMB,Montipora,27.7
8/19/2023,9:30,MCAP AMB,Montipora,30.4
8/19/2023,9:45,MCAP AMB,Montipora,41.9
8/19/2023,10:00,MCAP AMB,Montipora,54
8/19/2023,10:15,MCAP AMB,Montipora,88.2
8/19/2023,10:30,MCAP AMB,Montipora,93.3
8/19/2023,10:45,MCAP AMB,Montipora,77.7
8/19/2023,11:00,MCAP AMB,Montipora,41.1
8/19/2023,11:15,MCAP AMB,Montipora,112.9
8/19/2023,11:30,MCAP AMB,Montipora,121.5
8/19/2023,11:45,MCAP AMB,Montipora,130.7
8/19/2023,12:00,MCAP AMB,Montipora,189.8
8/19/2023,12:15,MCAP AMB,Montipora,134
8/19/2023,12:30,MCAP AMB,Montipora,118.1
8/19/2023,12:45,MCAP AMB,Montipora,213
8/19/2023,13:00,MCAP AMB,Montipora,267.6
8/19/2023,13:15,MCAP AMB,Montipora,266.2
8/19/2023,13:30,MCAP AMB,Montipora,163.1
8/19/2023,13:45,MCAP AMB,Montipora,237.5
8/19/2023,14:00,MCAP AMB,Montipora,259.1
8/19/2023,14:15,MCAP AMB,Montipora,233.4
8/19/2023,14:30,MCAP AMB,Montipora,104.9
8/19/2023,14:45,MCAP AMB,Montipora,56.8
8/19/2023,15:00,MCAP AMB,Montipora,108.7
8/19/2023,15:15,MCAP AMB,Montipora,35.7
8/19/2023,15:30,MCAP AMB,Montipora,28.7
8/19/2023,15:45,MCAP AMB,Montipora,34.1
8/19/2023,16:00,MCAP AMB,Montipora,31.9
8/19/2023,16:15,MCAP AMB,Montipora,42.8
8/19/2023,16:30,MCAP AMB,Montipora,151.6
8/19/2023,16:45,MCAP AMB,Montipora,87
8/19/2023,17:00,MCAP AMB,Montipora,13.2
8/19/2023,17:15,MCAP AMB,Montipora,10.5
8/19/2023,17:30,MCAP AMB,Montipora,9
8/19/2023,17:45,MCAP AMB,Montipora,14.2
8/19/2023,18:00,MCAP AMB,Montipora,7.6
8/19/2023,18:15,MCAP AMB,Montipora,5.7
8/19/2023,18:30,MCAP AMB,Montipora,4.5
8/19/2023,18:45,MCAP AMB,Montipora,3
8/19/2023,19:00,MCAP AMB,Montipora,1.4
8/19/2023,19:15,MCAP AMB,Montipora,0.2
8/19/2023,19:30,MCAP AMB,Montipora,0
8/19/2023,19:45,MCAP AMB,Montipora,0
8/19/2023,20:00,MCAP AMB,Montipora,0
8/19/2023,20:15,MCAP AMB,Montipora,0
8/19/2023,20:30,MCAP AMB,Montipora,0
8/19/2023,20:45,MCAP AMB,Montipora,0
8/19/2023,21:00,MCAP AMB,Montipora,0
8/19/2023,21:15,MCAP AMB,Montipora,0
8/19/2023,21:30,MCAP AMB,Montipora,0
8/19/2023,21:45,MCAP AMB,Montipora,0
8/19/2023,22:00,MCAP AMB,Montipora,0
8/19/2023,22:15,MCAP AMB,Montipora,0
8/19/2023,22:30,MCAP AMB,Montipora,0
8/19/2023,22:45,MCAP AMB,Montipora,0
8/19/2023,23:00,MCAP AMB,Montipora,0
8/19/2023,23:15,MCAP AMB,Montipora,0
8/19/2023,23:30,MCAP AMB,Montipora,0
8/19/2023,23:45,MCAP AMB,Montipora,0
8/19/2023,0:00,MCAP AMB,Montipora,0
8/20/2023,0:15,MCAP AMB,Montipora,0
8/20/2023,0:30,MCAP AMB,Montipora,0
8/20/2023,0:45,MCAP AMB,Montipora,0
8/20/2023,1:00,MCAP AMB,Montipora,0
8/20/2023,1:15,MCAP AMB,Montipora,0
8/20/2023,1:30,MCAP AMB,Montipora,0
8/20/2023,1:45,MCAP AMB,Montipora,0
8/20/2023,2:00,MCAP AMB,Montipora,0
8/20/2023,2:15,MCAP AMB,Montipora,0
8/20/2023,2:30,MCAP AMB,Montipora,0
8/20/2023,2:45,MCAP AMB,Montipora,0
8/20/2023,3:00,MCAP AMB,Montipora,0
8/20/2023,3:15,MCAP AMB,Montipora,0
8/20/2023,3:30,MCAP AMB,Montipora,0
8/20/2023,3:45,MCAP AMB,Montipora,0
8/20/2023,4:00,MCAP AMB,Montipora,0
8/20/2023,4:15,MCAP AMB,Montipora,0
8/20/2023,4:30,MCAP AMB,Montipora,0
8/20/2023,4:45,MCAP AMB,Montipora,0
8/20/2023,5:00,MCAP AMB,Montipora,0
8/20/2023,5:15,MCAP AMB,Montipora,0
8/20/2023,5:30,MCAP AMB,Montipora,0
8/20/2023,5:45,MCAP AMB,Montipora,0
8/20/2023,6:00,MCAP AMB,Montipora,0
8/20/2023,6:15,MCAP AMB,Montipora,0.3
8/20/2023,6:30,MCAP AMB,Montipora,2.7
8/20/2023,6:45,MCAP AMB,Montipora,5.6
8/20/2023,7:00,MCAP AMB,Montipora,7.4
8/20/2023,7:15,MCAP AMB,Montipora,16.3
8/20/2023,7:30,MCAP AMB,Montipora,42.4
8/20/2023,7:45,MCAP AMB,Montipora,109
8/20/2023,8:00,MCAP AMB,Montipora,60.7
8/20/2023,8:15,MCAP AMB,Montipora,41.7
8/20/2023,8:30,MCAP AMB,Montipora,45
8/20/2023,8:45,MCAP AMB,Montipora,54.8
8/20/2023,9:00,MCAP AMB,Montipora,29.1
8/20/2023,9:15,MCAP AMB,Montipora,27.2
8/20/2023,9:30,MCAP AMB,Montipora,32.7
8/20/2023,9:45,MCAP AMB,Montipora,28.1
8/20/2023,10:00,MCAP AMB,Montipora,26.6
8/20/2023,10:15,MCAP AMB,Montipora,39.5
8/20/2023,10:30,MCAP AMB,Montipora,37
8/20/2023,10:45,MCAP AMB,Montipora,58.9
8/20/2023,11:00,MCAP AMB,Montipora,78
8/20/2023,11:15,MCAP AMB,Montipora,102.7
8/20/2023,11:30,MCAP AMB,Montipora,113.9
8/20/2023,11:45,MCAP AMB,Montipora,119.6
8/20/2023,12:00,MCAP AMB,Montipora,92.5
8/20/2023,12:15,MCAP AMB,Montipora,79.4
8/20/2023,12:30,MCAP AMB,Montipora,73.1
8/20/2023,12:45,MCAP AMB,Montipora,134
8/20/2023,13:00,MCAP AMB,Montipora,185.8
8/20/2023,13:15,MCAP AMB,Montipora,136.2
8/20/2023,13:30,MCAP AMB,Montipora,28.4
8/20/2023,13:45,MCAP AMB,Montipora,26.1
8/20/2023,14:00,MCAP AMB,Montipora,37.3
8/20/2023,14:15,MCAP AMB,Montipora,68.1
8/20/2023,14:30,MCAP AMB,Montipora,77.4
8/20/2023,14:45,MCAP AMB,Montipora,43.6
8/20/2023,15:00,MCAP AMB,Montipora,36.8
8/20/2023,15:15,MCAP AMB,Montipora,71.7
8/20/2023,15:30,MCAP AMB,Montipora,62
8/20/2023,15:45,MCAP AMB,Montipora,48.5
8/20/2023,16:00,MCAP AMB,Montipora,51.5
8/20/2023,16:15,MCAP AMB,Montipora,39.9
8/20/2023,16:30,MCAP AMB,Montipora,36.7
8/20/2023,16:45,MCAP AMB,Montipora,37.6
8/20/2023,17:00,MCAP AMB,Montipora,33.5
8/20/2023,17:15,MCAP AMB,Montipora,28.3
8/20/2023,17:30,MCAP AMB,Montipora,19
8/20/2023,17:45,MCAP AMB,Montipora,17.2
8/20/2023,18:00,MCAP AMB,Montipora,9
8/20/2023,18:15,MCAP AMB,Montipora,9.4
8/20/2023,18:30,MCAP AMB,Montipora,6.5
8/20/2023,18:45,MCAP AMB,Montipora,4.6
8/20/2023,19:00,MCAP AMB,Montipora,1.9
8/20/2023,19:15,MCAP AMB,Montipora,0
8/20/2023,19:30,MCAP AMB,Montipora,0
8/20/2023,19:45,MCAP AMB,Montipora,0
8/20/2023,20:00,MCAP AMB,Montipora,0
8/20/2023,20:15,MCAP AMB,Montipora,0
8/20/2023,20:30,MCAP AMB,Montipora,0
8/20/2023,20:45,MCAP AMB,Montipora,0
8/20/2023,21:00,MCAP AMB,Montipora,0
8/20/2023,21:15,MCAP AMB,Montipora,0
8/20/2023,21:30,MCAP AMB,Montipora,0
8/20/2023,21:45,MCAP AMB,Montipora,0
8/20/2023,22:00,MCAP AMB,Montipora,0
8/20/2023,22:15,MCAP AMB,Montipora,0
8/20/2023,22:30,MCAP AMB,Montipora,0
8/20/2023,22:45,MCAP AMB,Montipora,0
8/20/2023,23:00,MCAP AMB,Montipora,0
8/20/2023,23:15,MCAP AMB,Montipora,0
8/20/2023,23:30,MCAP AMB,Montipora,0
8/20/2023,23:45,MCAP AMB,Montipora,0
8/20/2023,0:00,MCAP AMB,Montipora,0
8/21/2023,0:15,MCAP AMB,Montipora,0
8/21/2023,0:30,MCAP AMB,Montipora,0
8/21/2023,0:45,MCAP AMB,Montipora,0
8/21/2023,1:00,MCAP AMB,Montipora,0
8/21/2023,1:15,MCAP AMB,Montipora,0
8/21/2023,1:30,MCAP AMB,Montipora,0
8/21/2023,1:45,MCAP AMB,Montipora,0
8/21/2023,2:00,MCAP AMB,Montipora,0
8/21/2023,2:15,MCAP AMB,Montipora,0
8/21/2023,2:30,MCAP AMB,Montipora,0
8/21/2023,2:45,MCAP AMB,Montipora,0
8/21/2023,3:00,MCAP AMB,Montipora,0
8/21/2023,3:15,MCAP AMB,Montipora,0
8/21/2023,3:30,MCAP AMB,Montipora,0
8/21/2023,3:45,MCAP AMB,Montipora,0
8/21/2023,4:00,MCAP AMB,Montipora,0
8/21/2023,4:15,MCAP AMB,Montipora,0
8/21/2023,4:30,MCAP AMB,Montipora,0
8/21/2023,4:45,MCAP AMB,Montipora,0
8/21/2023,5:00,MCAP AMB,Montipora,0
8/21/2023,5:15,MCAP AMB,Montipora,0
8/21/2023,5:30,MCAP AMB,Montipora,0
8/21/2023,5:45,MCAP AMB,Montipora,0
8/21/2023,6:00,MCAP AMB,Montipora,0
8/21/2023,6:15,MCAP AMB,Montipora,0.1
8/21/2023,6:30,MCAP AMB,Montipora,1.2
8/21/2023,6:45,MCAP AMB,Montipora,2.3
8/21/2023,7:00,MCAP AMB,Montipora,3.3
8/21/2023,7:15,MCAP AMB,Montipora,7.3
8/21/2023,7:30,MCAP AMB,Montipora,11.3
8/21/2023,7:45,MCAP AMB,Montipora,16.7
8/21/2023,8:00,MCAP AMB,Montipora,23.7
8/21/2023,8:15,MCAP AMB,Montipora,25.7
8/21/2023,8:30,MCAP AMB,Montipora,35.7
8/21/2023,8:45,MCAP AMB,Montipora,25.4
8/21/2023,9:00,MCAP AMB,Montipora,50.7
8/21/2023,9:15,MCAP AMB,Montipora,57.6
8/21/2023,9:30,MCAP AMB,Montipora,69.9
8/21/2023,9:45,MCAP AMB,Montipora,74
8/21/2023,10:00,MCAP AMB,Montipora,70.4
8/21/2023,10:15,MCAP AMB,Montipora,103.3
8/21/2023,10:30,MCAP AMB,Montipora,96
8/21/2023,10:45,MCAP AMB,Montipora,118.2
8/21/2023,11:00,MCAP AMB,Montipora,131.5
8/21/2023,11:15,MCAP AMB,Montipora,125.5
8/21/2023,11:30,MCAP AMB,Montipora,104.1
8/21/2023,11:45,MCAP AMB,Montipora,77.2
8/21/2023,12:00,MCAP AMB,Montipora,143.1
8/21/2023,12:15,MCAP AMB,Montipora,112.4
8/21/2023,12:30,MCAP AMB,Montipora,66.7
8/21/2023,12:45,MCAP AMB,Montipora,160.1
8/21/2023,13:00,MCAP AMB,Montipora,234.7
8/21/2023,13:15,MCAP AMB,Montipora,104.3
8/21/2023,13:30,MCAP AMB,Montipora,41.4
8/21/2023,13:45,MCAP AMB,Montipora,45.1
8/21/2023,14:00,MCAP AMB,Montipora,99.2
8/21/2023,14:15,MCAP AMB,Montipora,86.8
8/21/2023,14:30,MCAP AMB,Montipora,91.1
8/21/2023,14:45,MCAP AMB,Montipora,91.9
8/21/2023,15:00,MCAP AMB,Montipora,82.3
8/21/2023,15:15,MCAP AMB,Montipora,88
8/21/2023,15:30,MCAP AMB,Montipora,69.7
8/21/2023,15:45,MCAP AMB,Montipora,81.3
8/21/2023,16:00,MCAP AMB,Montipora,96.3
8/21/2023,16:15,MCAP AMB,Montipora,64.2
8/21/2023,16:30,MCAP AMB,Montipora,72.6
8/21/2023,16:45,MCAP AMB,Montipora,39.1
8/21/2023,17:00,MCAP AMB,Montipora,53.8
8/21/2023,17:15,MCAP AMB,Montipora,39.9
8/21/2023,17:30,MCAP AMB,Montipora,26.1
8/21/2023,17:45,MCAP AMB,Montipora,22.1
8/21/2023,18:00,MCAP AMB,Montipora,16.9
8/21/2023,18:15,MCAP AMB,Montipora,13.4
8/21/2023,18:30,MCAP AMB,Montipora,9.3
8/21/2023,18:45,MCAP AMB,Montipora,5.6
8/21/2023,19:00,MCAP AMB,Montipora,2
8/21/2023,19:15,MCAP AMB,Montipora,0.2
8/21/2023,19:30,MCAP AMB,Montipora,0
8/21/2023,19:45,MCAP AMB,Montipora,0
8/21/2023,20:00,MCAP AMB,Montipora,0
8/21/2023,20:15,MCAP AMB,Montipora,0
8/21/2023,20:30,MCAP AMB,Montipora,0
8/21/2023,20:45,MCAP AMB,Montipora,0
8/21/2023,21:00,MCAP AMB,Montipora,0
8/21/2023,21:15,MCAP AMB,Montipora,0
8/21/2023,21:30,MCAP AMB,Montipora,0
8/21/2023,21:45,MCAP AMB,Montipora,0
8/21/2023,22:00,MCAP AMB,Montipora,0
8/21/2023,22:15,MCAP AMB,Montipora,0
8/21/2023,22:30,MCAP AMB,Montipora,0
8/21/2023,22:45,MCAP AMB,Montipora,0
8/21/2023,23:00,MCAP AMB,Montipora,0
8/21/2023,23:15,MCAP AMB,Montipora,0
8/21/2023,23:30,MCAP AMB,Montipora,0
8/21/2023,23:45,MCAP AMB,Montipora,0
8/21/2023,0:00,MCAP AMB,Montipora,0
8/22/2023,0:15,MCAP AMB,Montipora,0
8/22/2023,0:30,MCAP AMB,Montipora,0
8/22/2023,0:45,MCAP AMB,Montipora,0
8/22/2023,1:00,MCAP AMB,Montipora,0
8/22/2023,1:15,MCAP AMB,Montipora,0
8/22/2023,1:30,MCAP AMB,Montipora,0
8/22/2023,1:45,MCAP AMB,Montipora,0
8/22/2023,2:00,MCAP AMB,Montipora,0
8/22/2023,2:15,MCAP AMB,Montipora,0
8/22/2023,2:30,MCAP AMB,Montipora,0
8/22/2023,2:45,MCAP AMB,Montipora,0
8/22/2023,3:00,MCAP AMB,Montipora,0
8/22/2023,3:15,MCAP AMB,Montipora,0
8/22/2023,3:30,MCAP AMB,Montipora,0
8/22/2023,3:45,MCAP AMB,Montipora,0
8/22/2023,4:00,MCAP AMB,Montipora,0
8/22/2023,4:15,MCAP AMB,Montipora,0
8/22/2023,4:30,MCAP AMB,Montipora,0
8/22/2023,4:45,MCAP AMB,Montipora,0
8/22/2023,5:00,MCAP AMB,Montipora,0
8/22/2023,5:15,MCAP AMB,Montipora,0
8/22/2023,5:30,MCAP AMB,Montipora,0
8/22/2023,5:45,MCAP AMB,Montipora,0
8/22/2023,6:00,MCAP AMB,Montipora,0
8/22/2023,6:15,MCAP AMB,Montipora,0.6
8/22/2023,6:30,MCAP AMB,Montipora,3.4
8/22/2023,6:45,MCAP AMB,Montipora,7.2
8/22/2023,7:00,MCAP AMB,Montipora,13.4
8/22/2023,7:15,MCAP AMB,Montipora,47.3
8/22/2023,7:30,MCAP AMB,Montipora,98.4
8/22/2023,7:45,MCAP AMB,Montipora,108.9
8/22/2023,8:00,MCAP AMB,Montipora,106.5
8/22/2023,8:15,MCAP AMB,Montipora,84.2
8/22/2023,8:30,MCAP AMB,Montipora,97.5
8/22/2023,8:45,MCAP AMB,Montipora,189.1
8/22/2023,9:00,MCAP AMB,Montipora,99.6
8/22/2023,9:15,MCAP AMB,Montipora,84.4
8/22/2023,9:30,MCAP AMB,Montipora,97.8
8/22/2023,9:45,MCAP AMB,Montipora,120.8
8/22/2023,10:00,MCAP AMB,Montipora,271.8
8/22/2023,10:15,MCAP AMB,Montipora,304.6
8/22/2023,10:30,MCAP AMB,Montipora,320.8
8/22/2023,10:45,MCAP AMB,Montipora,330
8/22/2023,11:00,MCAP AMB,Montipora,277.3
8/22/2023,11:15,MCAP AMB,Montipora,338.3
8/22/2023,11:30,MCAP AMB,Montipora,355.7
8/22/2023,11:45,MCAP AMB,Montipora,358
8/22/2023,12:00,MCAP AMB,Montipora,348.7
8/22/2023,12:15,MCAP AMB,Montipora,368.5
8/22/2023,12:30,MCAP AMB,Montipora,371.9
8/22/2023,12:45,MCAP AMB,Montipora,348.9
8/22/2023,13:00,MCAP AMB,Montipora,353.7
8/22/2023,13:15,MCAP AMB,Montipora,301.9
8/22/2023,13:30,MCAP AMB,Montipora,289.1
8/22/2023,13:45,MCAP AMB,Montipora,277.4
8/22/2023,14:00,MCAP AMB,Montipora,205.6
8/22/2023,14:15,MCAP AMB,Montipora,173.9
8/22/2023,14:30,MCAP AMB,Montipora,143.1
8/22/2023,14:45,MCAP AMB,Montipora,184.1
8/22/2023,15:00,MCAP AMB,Montipora,132.6
8/22/2023,15:15,MCAP AMB,Montipora,115.6
8/22/2023,15:30,MCAP AMB,Montipora,103.4
8/22/2023,15:45,MCAP AMB,Montipora,68.6
8/22/2023,16:00,MCAP AMB,Montipora,53.4
8/22/2023,16:15,MCAP AMB,Montipora,54.1
8/22/2023,16:30,MCAP AMB,Montipora,73.6
8/22/2023,16:45,MCAP AMB,Montipora,73.8
8/22/2023,17:00,MCAP AMB,Montipora,25.9
8/22/2023,17:15,MCAP AMB,Montipora,19.7
8/22/2023,17:30,MCAP AMB,Montipora,20.3
8/22/2023,17:45,MCAP AMB,Montipora,16.4
8/22/2023,18:00,MCAP AMB,Montipora,13.6
8/22/2023,18:15,MCAP AMB,Montipora,10.8
8/22/2023,18:30,MCAP AMB,Montipora,8.7
8/22/2023,18:45,MCAP AMB,Montipora,5.1
8/22/2023,19:00,MCAP AMB,Montipora,1.9
8/22/2023,19:15,MCAP AMB,Montipora,0.2
8/22/2023,19:30,MCAP AMB,Montipora,0
8/22/2023,19:45,MCAP AMB,Montipora,0
8/22/2023,20:00,MCAP AMB,Montipora,0
8/22/2023,20:15,MCAP AMB,Montipora,0
8/22/2023,20:30,MCAP AMB,Montipora,0
8/22/2023,20:45,MCAP AMB,Montipora,0
8/22/2023,21:00,MCAP AMB,Montipora,0
8/22/2023,21:15,MCAP AMB,Montipora,0
8/22/2023,21:30,MCAP AMB,Montipora,0
8/22/2023,21:45,MCAP AMB,Montipora,0
8/22/2023,22:00,MCAP AMB,Montipora,0
8/22/2023,22:15,MCAP AMB,Montipora,0
8/22/2023,22:30,MCAP AMB,Montipora,0
8/22/2023,22:45,MCAP AMB,Montipora,0
8/22/2023,23:00,MCAP AMB,Montipora,0
8/22/2023,23:15,MCAP AMB,Montipora,0
8/22/2023,23:30,MCAP AMB,Montipora,0
8/22/2023,23:45,MCAP AMB,Montipora,0
8/22/2023,0:00,MCAP AMB,Montipora,0
8/23/2023,0:15,MCAP AMB,Montipora,0
8/23/2023,0:30,MCAP AMB,Montipora,0
8/23/2023,0:45,MCAP AMB,Montipora,0
8/23/2023,1:00,MCAP AMB,Montipora,0
8/23/2023,1:15,MCAP AMB,Montipora,0
8/23/2023,1:30,MCAP AMB,Montipora,0
8/23/2023,1:45,MCAP AMB,Montipora,0
8/23/2023,2:00,MCAP AMB,Montipora,0
8/23/2023,2:15,MCAP AMB,Montipora,0
8/23/2023,2:30,MCAP AMB,Montipora,0
8/23/2023,2:45,MCAP AMB,Montipora,0
8/23/2023,3:00,MCAP AMB,Montipora,0
8/23/2023,3:15,MCAP AMB,Montipora,0
8/23/2023,3:30,MCAP AMB,Montipora,0
8/23/2023,3:45,MCAP AMB,Montipora,0
8/23/2023,4:00,MCAP AMB,Montipora,0
8/23/2023,4:15,MCAP AMB,Montipora,0
8/23/2023,4:30,MCAP AMB,Montipora,0
8/23/2023,4:45,MCAP AMB,Montipora,0
8/23/2023,5:00,MCAP AMB,Montipora,0
8/23/2023,5:15,MCAP AMB,Montipora,0
8/23/2023,5:30,MCAP AMB,Montipora,0
8/23/2023,5:45,MCAP AMB,Montipora,0
8/23/2023,6:00,MCAP AMB,Montipora,0
8/23/2023,6:15,MCAP AMB,Montipora,0.6
8/23/2023,6:30,MCAP AMB,Montipora,3.7
8/23/2023,6:45,MCAP AMB,Montipora,8.2
8/23/2023,7:00,MCAP AMB,Montipora,13.2
8/23/2023,7:15,MCAP AMB,Montipora,43.2
8/23/2023,7:30,MCAP AMB,Montipora,98.1
8/23/2023,7:45,MCAP AMB,Montipora,102.7
8/23/2023,8:00,MCAP AMB,Montipora,103.4
8/23/2023,8:15,MCAP AMB,Montipora,65.4
8/23/2023,8:30,MCAP AMB,Montipora,90.2
8/23/2023,8:45,MCAP AMB,Montipora,311.6
8/23/2023,9:00,MCAP AMB,Montipora,128.8
8/23/2023,9:15,MCAP AMB,Montipora,100.7
8/23/2023,9:30,MCAP AMB,Montipora,104.4
8/23/2023,9:45,MCAP AMB,Montipora,258
8/23/2023,10:00,MCAP AMB,Montipora,296.3
8/23/2023,10:15,MCAP AMB,Montipora,302.7
8/23/2023,10:30,MCAP AMB,Montipora,223.2
8/23/2023,10:45,MCAP AMB,Montipora,371.2
8/23/2023,11:00,MCAP AMB,Montipora,290
8/23/2023,11:15,MCAP AMB,Montipora,310.9
8/23/2023,11:30,MCAP AMB,Montipora,331.3
8/23/2023,11:45,MCAP AMB,Montipora,184.6
8/23/2023,12:00,MCAP AMB,Montipora,396.9
8/23/2023,12:15,MCAP AMB,Montipora,395.5
8/23/2023,12:30,MCAP AMB,Montipora,391.5
8/23/2023,12:45,MCAP AMB,Montipora,388.4
8/23/2023,13:00,MCAP AMB,Montipora,217.4
8/23/2023,13:15,MCAP AMB,Montipora,344.6
8/23/2023,13:30,MCAP AMB,Montipora,378.7
8/23/2023,13:45,MCAP AMB,Montipora,393.3
8/23/2023,14:00,MCAP AMB,Montipora,387.4
8/23/2023,14:15,MCAP AMB,Montipora,243.8
8/23/2023,14:30,MCAP AMB,Montipora,88.9
8/23/2023,14:45,MCAP AMB,Montipora,96.6
8/23/2023,15:00,MCAP AMB,Montipora,82.9
8/23/2023,15:15,MCAP AMB,Montipora,48.5
8/23/2023,15:30,MCAP AMB,Montipora,42.2
8/23/2023,15:45,MCAP AMB,Montipora,38.6
8/23/2023,16:00,MCAP AMB,Montipora,36.9
8/23/2023,16:15,MCAP AMB,Montipora,37.6
8/23/2023,16:30,MCAP AMB,Montipora,41.6
8/23/2023,16:45,MCAP AMB,Montipora,32.2
8/23/2023,17:00,MCAP AMB,Montipora,23.6
8/23/2023,17:15,MCAP AMB,Montipora,20.2
8/23/2023,17:30,MCAP AMB,Montipora,28.7
8/23/2023,17:45,MCAP AMB,Montipora,23.2
8/23/2023,18:00,MCAP AMB,Montipora,13.4
8/23/2023,18:15,MCAP AMB,Montipora,11.9
8/23/2023,18:30,MCAP AMB,Montipora,7.6
8/23/2023,18:45,MCAP AMB,Montipora,3.9
8/23/2023,19:00,MCAP AMB,Montipora,1.5
8/23/2023,19:15,MCAP AMB,Montipora,0.1
8/23/2023,19:30,MCAP AMB,Montipora,0
8/23/2023,19:45,MCAP AMB,Montipora,0
8/23/2023,20:00,MCAP AMB,Montipora,0
8/23/2023,20:15,MCAP AMB,Montipora,0
8/23/2023,20:30,MCAP AMB,Montipora,0
8/23/2023,20:45,MCAP AMB,Montipora,0
8/23/2023,21:00,MCAP AMB,Montipora,0
8/23/2023,21:15,MCAP AMB,Montipora,0
8/23/2023,21:30,MCAP AMB,Montipora,0
8/23/2023,21:45,MCAP AMB,Montipora,0
8/23/2023,22:00,MCAP AMB,Montipora,0
8/23/2023,22:15,MCAP AMB,Montipora,0
8/23/2023,22:30,MCAP AMB,Montipora,0
8/23/2023,22:45,MCAP AMB,Montipora,0
8/23/2023,23:00,MCAP AMB,Montipora,0
8/23/2023,23:15,MCAP AMB,Montipora,0
8/23/2023,23:30,MCAP AMB,Montipora,0
8/23/2023,23:45,MCAP AMB,Montipora,0
8/23/2023,0:00,MCAP AMB,Montipora,0
8/24/2023,0:15,MCAP AMB,Montipora,0
8/24/2023,0:30,MCAP AMB,Montipora,0
8/24/2023,0:45,MCAP AMB,Montipora,0
8/24/2023,1:00,MCAP AMB,Montipora,0
8/24/2023,1:15,MCAP AMB,Montipora,0
8/24/2023,1:30,MCAP AMB,Montipora,0
8/24/2023,1:45,MCAP AMB,Montipora,0
8/24/2023,2:00,MCAP AMB,Montipora,0
8/24/2023,2:15,MCAP AMB,Montipora,0
8/24/2023,2:30,MCAP AMB,Montipora,0
8/24/2023,2:45,MCAP AMB,Montipora,0
8/24/2023,3:00,MCAP AMB,Montipora,0
8/24/2023,3:15,MCAP AMB,Montipora,0
8/24/2023,3:30,MCAP AMB,Montipora,0
8/24/2023,3:45,MCAP AMB,Montipora,0
8/24/2023,4:00,MCAP AMB,Montipora,0
8/24/2023,4:15,MCAP AMB,Montipora,0
8/24/2023,4:30,MCAP AMB,Montipora,0
8/24/2023,4:45,MCAP AMB,Montipora,0
8/24/2023,5:00,MCAP AMB,Montipora,0
8/24/2023,5:15,MCAP AMB,Montipora,0
8/24/2023,5:30,MCAP AMB,Montipora,0
8/24/2023,5:45,MCAP AMB,Montipora,0
8/24/2023,6:00,MCAP AMB,Montipora,0
8/24/2023,6:15,MCAP AMB,Montipora,0.4
8/24/2023,6:30,MCAP AMB,Montipora,4.1
8/24/2023,6:45,MCAP AMB,Montipora,8.4
8/24/2023,7:00,MCAP AMB,Montipora,18.1
8/24/2023,7:15,MCAP AMB,Montipora,58.5
8/24/2023,7:30,MCAP AMB,Montipora,64.8
8/24/2023,7:45,MCAP AMB,Montipora,99.8
8/24/2023,8:00,MCAP AMB,Montipora,88.5
8/24/2023,8:15,MCAP AMB,Montipora,71.2
8/24/2023,8:30,MCAP AMB,Montipora,157.3
8/24/2023,8:45,MCAP AMB,Montipora,343.9
8/24/2023,9:00,MCAP AMB,Montipora,96.7
8/24/2023,9:15,MCAP AMB,Montipora,80.1
8/24/2023,9:30,MCAP AMB,Montipora,171.1
8/24/2023,9:45,MCAP AMB,Montipora,293.7
8/24/2023,10:00,MCAP AMB,Montipora,251.1
8/24/2023,10:15,MCAP AMB,Montipora,312.8
8/24/2023,10:30,MCAP AMB,Montipora,344.2
8/24/2023,10:45,MCAP AMB,Montipora,360.6
8/24/2023,11:00,MCAP AMB,Montipora,293.3
8/24/2023,11:15,MCAP AMB,Montipora,327
8/24/2023,11:30,MCAP AMB,Montipora,353.8
8/24/2023,11:45,MCAP AMB,Montipora,356.3
8/24/2023,12:00,MCAP AMB,Montipora,256
8/24/2023,12:15,MCAP AMB,Montipora,303.1
8/24/2023,12:30,MCAP AMB,Montipora,308.7
8/24/2023,12:45,MCAP AMB,Montipora,278
8/24/2023,13:00,MCAP AMB,Montipora,382.8
8/24/2023,13:15,MCAP AMB,Montipora,388.8
8/24/2023,13:30,MCAP AMB,Montipora,380.1
8/24/2023,13:45,MCAP AMB,Montipora,335.8
8/24/2023,14:00,MCAP AMB,Montipora,237.5
8/24/2023,14:15,MCAP AMB,Montipora,106.2
8/24/2023,14:30,MCAP AMB,Montipora,75.5
8/24/2023,14:45,MCAP AMB,Montipora,60.1
8/24/2023,15:00,MCAP AMB,Montipora,80.3
8/24/2023,15:15,MCAP AMB,Montipora,36.6
8/24/2023,15:30,MCAP AMB,Montipora,48.4
8/24/2023,15:45,MCAP AMB,Montipora,44.1
8/24/2023,16:00,MCAP AMB,Montipora,47.1
8/24/2023,16:15,MCAP AMB,Montipora,43.9
8/24/2023,16:30,MCAP AMB,Montipora,39.1
8/24/2023,16:45,MCAP AMB,Montipora,36.9
8/24/2023,17:00,MCAP AMB,Montipora,32
8/24/2023,17:15,MCAP AMB,Montipora,30.5
8/24/2023,17:30,MCAP AMB,Montipora,25.7
8/24/2023,17:45,MCAP AMB,Montipora,22
8/24/2023,18:00,MCAP AMB,Montipora,12.3
8/24/2023,18:15,MCAP AMB,Montipora,8
8/24/2023,18:30,MCAP AMB,Montipora,5.4
8/24/2023,18:45,MCAP AMB,Montipora,3.4
8/24/2023,19:00,MCAP AMB,Montipora,1.3
8/24/2023,19:15,MCAP AMB,Montipora,0.1
8/24/2023,19:30,MCAP AMB,Montipora,0
8/24/2023,19:45,MCAP AMB,Montipora,0
8/24/2023,20:00,MCAP AMB,Montipora,0
8/24/2023,20:15,MCAP AMB,Montipora,0
8/24/2023,20:30,MCAP AMB,Montipora,0
8/24/2023,20:45,MCAP AMB,Montipora,0
8/24/2023,21:00,MCAP AMB,Montipora,0
8/24/2023,21:15,MCAP AMB,Montipora,0
8/24/2023,21:30,MCAP AMB,Montipora,0
8/24/2023,21:45,MCAP AMB,Montipora,0
8/24/2023,22:00,MCAP AMB,Montipora,0
8/24/2023,22:15,MCAP AMB,Montipora,0
8/24/2023,22:30,MCAP AMB,Montipora,0
8/24/2023,22:45,MCAP AMB,Montipora,0
8/24/2023,23:00,MCAP AMB,Montipora,0
8/24/2023,23:15,MCAP AMB,Montipora,0
8/24/2023,23:30,MCAP AMB,Montipora,0
8/24/2023,23:45,MCAP AMB,Montipora,0
8/24/2023,0:00,MCAP AMB,Montipora,0
8/25/2023,0:15,MCAP AMB,Montipora,0
8/25/2023,0:30,MCAP AMB,Montipora,0
8/25/2023,0:45,MCAP AMB,Montipora,0
8/25/2023,1:00,MCAP AMB,Montipora,0
8/25/2023,1:15,MCAP AMB,Montipora,0
8/25/2023,1:30,MCAP AMB,Montipora,0
8/25/2023,1:45,MCAP AMB,Montipora,0
8/25/2023,2:00,MCAP AMB,Montipora,0
8/25/2023,2:15,MCAP AMB,Montipora,0
8/25/2023,2:30,MCAP AMB,Montipora,0
8/25/2023,2:45,MCAP AMB,Montipora,0
8/25/2023,3:00,MCAP AMB,Montipora,0
8/25/2023,3:15,MCAP AMB,Montipora,0
8/25/2023,3:30,MCAP AMB,Montipora,0
8/25/2023,3:45,MCAP AMB,Montipora,0
8/25/2023,4:00,MCAP AMB,Montipora,0
8/25/2023,4:15,MCAP AMB,Montipora,0
8/25/2023,4:30,MCAP AMB,Montipora,0
8/25/2023,4:45,MCAP AMB,Montipora,0
8/25/2023,5:00,MCAP AMB,Montipora,0
8/25/2023,5:15,MCAP AMB,Montipora,0
8/25/2023,5:30,MCAP AMB,Montipora,0
8/25/2023,5:45,MCAP AMB,Montipora,0
8/25/2023,6:00,MCAP AMB,Montipora,0
8/25/2023,6:15,MCAP AMB,Montipora,0.3
8/25/2023,6:30,MCAP AMB,Montipora,2
8/25/2023,6:45,MCAP AMB,Montipora,5
8/25/2023,7:00,MCAP AMB,Montipora,9.3
8/25/2023,7:15,MCAP AMB,Montipora,18.8
8/25/2023,7:30,MCAP AMB,Montipora,27.1
8/25/2023,7:45,MCAP AMB,Montipora,63.9
8/25/2023,8:00,MCAP AMB,Montipora,99.2
8/25/2023,8:15,MCAP AMB,Montipora,64.6
8/25/2023,8:30,MCAP AMB,Montipora,272.4
8/25/2023,8:45,MCAP AMB,Montipora,134.4
8/25/2023,9:00,MCAP AMB,Montipora,73.6
8/25/2023,9:15,MCAP AMB,Montipora,54.3
8/25/2023,9:30,MCAP AMB,Montipora,195.3
8/25/2023,9:45,MCAP AMB,Montipora,265.8
8/25/2023,10:00,MCAP AMB,Montipora,287.8
8/25/2023,10:15,MCAP AMB,Montipora,255.1
8/25/2023,10:30,MCAP AMB,Montipora,320.4
8/25/2023,10:45,MCAP AMB,Montipora,344.6
8/25/2023,11:00,MCAP AMB,Montipora,269.9
8/25/2023,11:15,MCAP AMB,Montipora,330.9
8/25/2023,11:30,MCAP AMB,Montipora,344
8/25/2023,11:45,MCAP AMB,Montipora,353.2
8/25/2023,12:00,MCAP AMB,Montipora,309.4
8/25/2023,12:15,MCAP AMB,Montipora,118.8
8/25/2023,12:30,MCAP AMB,Montipora,106.3
8/25/2023,12:45,MCAP AMB,Montipora,155.3
8/25/2023,13:00,MCAP AMB,Montipora,177.7
8/25/2023,13:15,MCAP AMB,Montipora,206.8
8/25/2023,13:30,MCAP AMB,Montipora,138
8/25/2023,13:45,MCAP AMB,Montipora,151.8
8/25/2023,14:00,MCAP AMB,Montipora,164.7
8/25/2023,14:15,MCAP AMB,Montipora,178.5
8/25/2023,14:30,MCAP AMB,Montipora,147.6
8/25/2023,14:45,MCAP AMB,Montipora,134.8
8/25/2023,15:00,MCAP AMB,Montipora,107.2
8/25/2023,15:15,MCAP AMB,Montipora,86.7
8/25/2023,15:30,MCAP AMB,Montipora,90.3
8/25/2023,15:45,MCAP AMB,Montipora,100.5
8/25/2023,16:00,MCAP AMB,Montipora,84.5
8/25/2023,16:15,MCAP AMB,Montipora,74.2
8/25/2023,16:30,MCAP AMB,Montipora,64.6
8/25/2023,16:45,MCAP AMB,Montipora,49.5
8/25/2023,17:00,MCAP AMB,Montipora,33.1
8/25/2023,17:15,MCAP AMB,Montipora,36.4
8/25/2023,17:30,MCAP AMB,Montipora,21.4
8/25/2023,17:45,MCAP AMB,Montipora,22
8/25/2023,18:00,MCAP AMB,Montipora,10.4
8/25/2023,18:15,MCAP AMB,Montipora,13.4
8/25/2023,18:30,MCAP AMB,Montipora,6.2
8/25/2023,18:45,MCAP AMB,Montipora,3.1
8/25/2023,19:00,MCAP AMB,Montipora,1.2
8/25/2023,19:15,MCAP AMB,Montipora,0
8/25/2023,19:30,MCAP AMB,Montipora,0
8/25/2023,19:45,MCAP AMB,Montipora,0
8/25/2023,20:00,MCAP AMB,Montipora,0
8/25/2023,20:15,MCAP AMB,Montipora,0
8/25/2023,20:30,MCAP AMB,Montipora,0
8/25/2023,20:45,MCAP AMB,Montipora,0
8/25/2023,21:00,MCAP AMB,Montipora,0
8/25/2023,21:15,MCAP AMB,Montipora,0
8/25/2023,21:30,MCAP AMB,Montipora,0
8/25/2023,21:45,MCAP AMB,Montipora,0
8/25/2023,22:00,MCAP AMB,Montipora,0
8/25/2023,22:15,MCAP AMB,Montipora,0
8/25/2023,22:30,MCAP AMB,Montipora,0
8/25/2023,22:45,MCAP AMB,Montipora,0
8/25/2023,23:00,MCAP AMB,Montipora,0
8/25/2023,23:15,MCAP AMB,Montipora,0
8/25/2023,23:30,MCAP AMB,Montipora,0
8/25/2023,23:45,MCAP AMB,Montipora,0
8/25/2023,0:00,MCAP AMB,Montipora,0
8/26/2023,0:15,MCAP AMB,Montipora,0
8/26/2023,0:30,MCAP AMB,Montipora,0
8/26/2023,0:45,MCAP AMB,Montipora,0
8/26/2023,1:00,MCAP AMB,Montipora,0
8/26/2023,1:15,MCAP AMB,Montipora,0
8/26/2023,1:30,MCAP AMB,Montipora,0
8/26/2023,1:45,MCAP AMB,Montipora,0
8/26/2023,2:00,MCAP AMB,Montipora,0
8/26/2023,2:15,MCAP AMB,Montipora,0
8/26/2023,2:30,MCAP AMB,Montipora,0
8/26/2023,2:45,MCAP AMB,Montipora,0
8/26/2023,3:00,MCAP AMB,Montipora,0
8/26/2023,3:15,MCAP AMB,Montipora,0
8/26/2023,3:30,MCAP AMB,Montipora,0
8/26/2023,3:45,MCAP AMB,Montipora,0
8/26/2023,4:00,MCAP AMB,Montipora,0
8/26/2023,4:15,MCAP AMB,Montipora,0
8/26/2023,4:30,MCAP AMB,Montipora,0
8/26/2023,4:45,MCAP AMB,Montipora,0
8/26/2023,5:00,MCAP AMB,Montipora,0
8/26/2023,5:15,MCAP AMB,Montipora,0
8/26/2023,5:30,MCAP AMB,Montipora,0
8/26/2023,5:45,MCAP AMB,Montipora,0
8/26/2023,6:00,MCAP AMB,Montipora,0
8/26/2023,6:15,MCAP AMB,Montipora,0.3
8/26/2023,6:30,MCAP AMB,Montipora,2
8/26/2023,6:45,MCAP AMB,Montipora,7
8/26/2023,7:00,MCAP AMB,Montipora,14.3
8/26/2023,7:15,MCAP AMB,Montipora,45.5
8/26/2023,7:30,MCAP AMB,Montipora,36.1
8/26/2023,7:45,MCAP AMB,Montipora,86.9
8/26/2023,8:00,MCAP AMB,Montipora,33.9
8/26/2023,8:15,MCAP AMB,Montipora,57.5
8/26/2023,8:30,MCAP AMB,Montipora,167.3
8/26/2023,8:45,MCAP AMB,Montipora,83.7
8/26/2023,9:00,MCAP AMB,Montipora,66.2
8/26/2023,9:15,MCAP AMB,Montipora,71.4
8/26/2023,9:30,MCAP AMB,Montipora,197.5
8/26/2023,9:45,MCAP AMB,Montipora,232.3
8/26/2023,10:00,MCAP AMB,Montipora,230
8/26/2023,10:15,MCAP AMB,Montipora,267.1
8/26/2023,10:30,MCAP AMB,Montipora,340.5
8/26/2023,10:45,MCAP AMB,Montipora,319
8/26/2023,11:00,MCAP AMB,Montipora,206.8
8/26/2023,11:15,MCAP AMB,Montipora,239.9
8/26/2023,11:30,MCAP AMB,Montipora,272.4
8/26/2023,11:45,MCAP AMB,Montipora,273.8
8/26/2023,12:00,MCAP AMB,Montipora,339.4
8/26/2023,12:15,MCAP AMB,Montipora,289
8/26/2023,12:30,MCAP AMB,Montipora,267.6
8/26/2023,12:45,MCAP AMB,Montipora,247.7
8/26/2023,13:00,MCAP AMB,Montipora,99.1
8/26/2023,13:15,MCAP AMB,Montipora,95.5
8/26/2023,13:30,MCAP AMB,Montipora,110.1
8/26/2023,13:45,MCAP AMB,Montipora,61.7
8/26/2023,14:00,MCAP AMB,Montipora,64
8/26/2023,14:15,MCAP AMB,Montipora,137.1
8/26/2023,14:30,MCAP AMB,Montipora,130.9
8/26/2023,14:45,MCAP AMB,Montipora,90
8/26/2023,15:00,MCAP AMB,Montipora,83.4
8/26/2023,15:15,MCAP AMB,Montipora,78.6
8/26/2023,15:30,MCAP AMB,Montipora,61.9
8/26/2023,15:45,MCAP AMB,Montipora,70.7
8/26/2023,16:00,MCAP AMB,Montipora,74.5
8/26/2023,16:15,MCAP AMB,Montipora,46.3
8/26/2023,16:30,MCAP AMB,Montipora,36.7
8/26/2023,16:45,MCAP AMB,Montipora,22.3
8/26/2023,17:00,MCAP AMB,Montipora,26.3
8/26/2023,17:15,MCAP AMB,Montipora,19.6
8/26/2023,17:30,MCAP AMB,Montipora,23.7
8/26/2023,17:45,MCAP AMB,Montipora,22.6
8/26/2023,18:00,MCAP AMB,Montipora,14.2
8/26/2023,18:15,MCAP AMB,Montipora,14.4
8/26/2023,18:30,MCAP AMB,Montipora,8.1
8/26/2023,18:45,MCAP AMB,Montipora,2.9
8/26/2023,19:00,MCAP AMB,Montipora,1
8/26/2023,19:15,MCAP AMB,Montipora,0
8/26/2023,19:30,MCAP AMB,Montipora,0
8/26/2023,19:45,MCAP AMB,Montipora,0
8/26/2023,20:00,MCAP AMB,Montipora,0
8/26/2023,20:15,MCAP AMB,Montipora,0
8/26/2023,20:30,MCAP AMB,Montipora,0
8/26/2023,20:45,MCAP AMB,Montipora,0
8/26/2023,21:00,MCAP AMB,Montipora,0
8/26/2023,21:15,MCAP AMB,Montipora,0
8/26/2023,21:30,MCAP AMB,Montipora,0
8/26/2023,21:45,MCAP AMB,Montipora,0
8/26/2023,22:00,MCAP AMB,Montipora,0
8/26/2023,22:15,MCAP AMB,Montipora,0
8/26/2023,22:30,MCAP AMB,Montipora,0
8/26/2023,22:45,MCAP AMB,Montipora,0
8/26/2023,23:00,MCAP AMB,Montipora,0
8/26/2023,23:15,MCAP AMB,Montipora,0
8/26/2023,23:30,MCAP AMB,Montipora,0
8/26/2023,23:45,MCAP AMB,Montipora,0
8/26/2023,0:00,MCAP AMB,Montipora,0
8/27/2023,0:15,MCAP AMB,Montipora,0
8/27/2023,0:30,MCAP AMB,Montipora,0
8/27/2023,0:45,MCAP AMB,Montipora,0
8/27/2023,1:00,MCAP AMB,Montipora,0
8/27/2023,1:15,MCAP AMB,Montipora,0
8/27/2023,1:30,MCAP AMB,Montipora,0
8/27/2023,1:45,MCAP AMB,Montipora,0
8/27/2023,2:00,MCAP AMB,Montipora,0
8/27/2023,2:15,MCAP AMB,Montipora,0
8/27/2023,2:30,MCAP AMB,Montipora,0
8/27/2023,2:45,MCAP AMB,Montipora,0
8/27/2023,3:00,MCAP AMB,Montipora,0
8/27/2023,3:15,MCAP AMB,Montipora,0
8/27/2023,3:30,MCAP AMB,Montipora,0
8/27/2023,3:45,MCAP AMB,Montipora,0
8/27/2023,4:00,MCAP AMB,Montipora,0
8/27/2023,4:15,MCAP AMB,Montipora,0
8/27/2023,4:30,MCAP AMB,Montipora,0
8/27/2023,4:45,MCAP AMB,Montipora,0
8/27/2023,5:00,MCAP AMB,Montipora,0
8/27/2023,5:15,MCAP AMB,Montipora,0
8/27/2023,5:30,MCAP AMB,Montipora,0
8/27/2023,5:45,MCAP AMB,Montipora,0
8/27/2023,6:00,MCAP AMB,Montipora,0
8/27/2023,6:15,MCAP AMB,Montipora,0.1
8/27/2023,6:30,MCAP AMB,Montipora,2.7
8/27/2023,6:45,MCAP AMB,Montipora,10.8
8/27/2023,7:00,MCAP AMB,Montipora,29.1
8/27/2023,7:15,MCAP AMB,Montipora,89.3
8/27/2023,7:30,MCAP AMB,Montipora,111.8
8/27/2023,7:45,MCAP AMB,Montipora,99.6
8/27/2023,8:00,MCAP AMB,Montipora,31.3
8/27/2023,8:15,MCAP AMB,Montipora,56.6
8/27/2023,8:30,MCAP AMB,Montipora,46.6
8/27/2023,8:45,MCAP AMB,Montipora,136.8
8/27/2023,9:00,MCAP AMB,Montipora,80.9
8/27/2023,9:15,MCAP AMB,Montipora,115.4
8/27/2023,9:30,MCAP AMB,Montipora,108.6
8/27/2023,9:45,MCAP AMB,Montipora,90.6
8/27/2023,10:00,MCAP AMB,Montipora,115.9
8/27/2023,10:15,MCAP AMB,Montipora,107.5
8/27/2023,10:30,MCAP AMB,Montipora,137.7
8/27/2023,10:45,MCAP AMB,Montipora,197.4
8/27/2023,11:00,MCAP AMB,Montipora,214.5
8/27/2023,11:15,MCAP AMB,Montipora,225
8/27/2023,11:30,MCAP AMB,Montipora,252
8/27/2023,11:45,MCAP AMB,Montipora,318.4
8/27/2023,12:00,MCAP AMB,Montipora,313.2
8/27/2023,12:15,MCAP AMB,Montipora,288.7
8/27/2023,12:30,MCAP AMB,Montipora,147.6
8/27/2023,12:45,MCAP AMB,Montipora,182.6
8/27/2023,13:00,MCAP AMB,Montipora,173.3
8/27/2023,13:15,MCAP AMB,Montipora,219
8/27/2023,13:30,MCAP AMB,Montipora,229.6
8/27/2023,13:45,MCAP AMB,Montipora,131.6
8/27/2023,14:00,MCAP AMB,Montipora,101
8/27/2023,14:15,MCAP AMB,Montipora,91.4
8/27/2023,14:30,MCAP AMB,Montipora,63.3
8/27/2023,14:45,MCAP AMB,Montipora,69.2
8/27/2023,15:00,MCAP AMB,Montipora,47.2
8/27/2023,15:15,MCAP AMB,Montipora,39.1
8/27/2023,15:30,MCAP AMB,Montipora,44.9
8/27/2023,15:45,MCAP AMB,Montipora,31.1
8/27/2023,16:00,MCAP AMB,Montipora,21
8/27/2023,16:15,MCAP AMB,Montipora,26.9
8/27/2023,16:30,MCAP AMB,Montipora,42.1
8/27/2023,16:45,MCAP AMB,Montipora,33.6
8/27/2023,17:00,MCAP AMB,Montipora,26.6
8/27/2023,17:15,MCAP AMB,Montipora,20.5
8/27/2023,17:30,MCAP AMB,Montipora,19.3
8/27/2023,17:45,MCAP AMB,Montipora,21.8
8/27/2023,18:00,MCAP AMB,Montipora,14.3
8/27/2023,18:15,MCAP AMB,Montipora,10.5
8/27/2023,18:30,MCAP AMB,Montipora,5.2
8/27/2023,18:45,MCAP AMB,Montipora,2.7
8/27/2023,19:00,MCAP AMB,Montipora,0.9
8/27/2023,19:15,MCAP AMB,Montipora,0
8/27/2023,19:30,MCAP AMB,Montipora,0
8/27/2023,19:45,MCAP AMB,Montipora,0
8/27/2023,20:00,MCAP AMB,Montipora,0
8/27/2023,20:15,MCAP AMB,Montipora,0
8/27/2023,20:30,MCAP AMB,Montipora,0
8/27/2023,20:45,MCAP AMB,Montipora,0
8/27/2023,21:00,MCAP AMB,Montipora,0
8/27/2023,21:15,MCAP AMB,Montipora,0
8/27/2023,21:30,MCAP AMB,Montipora,0
8/27/2023,21:45,MCAP AMB,Montipora,0
8/27/2023,22:00,MCAP AMB,Montipora,0
8/27/2023,22:15,MCAP AMB,Montipora,0
8/27/2023,22:30,MCAP AMB,Montipora,0
8/27/2023,22:45,MCAP AMB,Montipora,0
8/27/2023,23:00,MCAP AMB,Montipora,0
8/27/2023,23:15,MCAP AMB,Montipora,0
8/27/2023,23:30,MCAP AMB,Montipora,0
8/27/2023,23:45,MCAP AMB,Montipora,0
8/27/2023,0:00,MCAP AMB,Montipora,0
8/28/2023,0:15,MCAP AMB,Montipora,0
8/28/2023,0:30,MCAP AMB,Montipora,0
8/28/2023,0:45,MCAP AMB,Montipora,0
8/28/2023,1:00,MCAP AMB,Montipora,0
8/28/2023,1:15,MCAP AMB,Montipora,0
8/28/2023,1:30,MCAP AMB,Montipora,0
8/28/2023,1:45,MCAP AMB,Montipora,0
8/28/2023,2:00,MCAP AMB,Montipora,0
8/28/2023,2:15,MCAP AMB,Montipora,0
8/28/2023,2:30,MCAP AMB,Montipora,0
8/28/2023,2:45,MCAP AMB,Montipora,0
8/28/2023,3:00,MCAP AMB,Montipora,0
8/28/2023,3:15,MCAP AMB,Montipora,0
8/28/2023,3:30,MCAP AMB,Montipora,0
8/28/2023,3:45,MCAP AMB,Montipora,0
8/28/2023,4:00,MCAP AMB,Montipora,0
8/28/2023,4:15,MCAP AMB,Montipora,0
8/28/2023,4:30,MCAP AMB,Montipora,0
8/28/2023,4:45,MCAP AMB,Montipora,0
8/28/2023,5:00,MCAP AMB,Montipora,0
8/28/2023,5:15,MCAP AMB,Montipora,0
8/28/2023,5:30,MCAP AMB,Montipora,0
8/28/2023,5:45,MCAP AMB,Montipora,0
8/28/2023,6:00,MCAP AMB,Montipora,0
8/28/2023,6:15,MCAP AMB,Montipora,0.2
8/28/2023,6:30,MCAP AMB,Montipora,2.2
8/28/2023,6:45,MCAP AMB,Montipora,5.8
8/28/2023,7:00,MCAP AMB,Montipora,14.2
8/28/2023,7:15,MCAP AMB,Montipora,11.6
8/28/2023,7:30,MCAP AMB,Montipora,13.2
8/28/2023,7:45,MCAP AMB,Montipora,21.2
8/28/2023,8:00,MCAP AMB,Montipora,25.1
8/28/2023,8:15,MCAP AMB,Montipora,42.7
8/28/2023,8:30,MCAP AMB,Montipora,78.6
8/28/2023,8:45,MCAP AMB,Montipora,104.6
8/28/2023,9:00,MCAP AMB,Montipora,37.9
8/28/2023,9:15,MCAP AMB,Montipora,82.8
8/28/2023,9:30,MCAP AMB,Montipora,212.1
8/28/2023,9:45,MCAP AMB,Montipora,254.9
8/28/2023,10:00,MCAP AMB,Montipora,271.5
8/28/2023,10:15,MCAP AMB,Montipora,288.9
8/28/2023,10:30,MCAP AMB,Montipora,305.6
8/28/2023,10:45,MCAP AMB,Montipora,308.7
8/28/2023,11:00,MCAP AMB,Montipora,246.2
8/28/2023,11:15,MCAP AMB,Montipora,304.7
8/28/2023,11:30,MCAP AMB,Montipora,316.6
8/28/2023,11:45,MCAP AMB,Montipora,338.5
8/28/2023,12:00,MCAP AMB,Montipora,349
8/28/2023,12:15,MCAP AMB,Montipora,333.3
8/28/2023,12:30,MCAP AMB,Montipora,316.3
8/28/2023,12:45,MCAP AMB,Montipora,344.8
8/28/2023,13:00,MCAP AMB,Montipora,352.5
8/28/2023,13:15,MCAP AMB,Montipora,342.9
8/28/2023,13:30,MCAP AMB,Montipora,277.6
8/28/2023,13:45,MCAP AMB,Montipora,133.8
8/28/2023,14:00,MCAP AMB,Montipora,142.6
8/28/2023,14:15,MCAP AMB,Montipora,132.6
8/28/2023,14:30,MCAP AMB,Montipora,101.6
8/28/2023,14:45,MCAP AMB,Montipora,91.2
8/28/2023,15:00,MCAP AMB,Montipora,46.9
8/28/2023,15:15,MCAP AMB,Montipora,67.8
8/28/2023,15:30,MCAP AMB,Montipora,68.4
8/28/2023,15:45,MCAP AMB,Montipora,58.8
8/28/2023,16:00,MCAP AMB,Montipora,38.5
8/28/2023,16:15,MCAP AMB,Montipora,33.6
8/28/2023,16:30,MCAP AMB,Montipora,37.8
8/28/2023,16:45,MCAP AMB,Montipora,30.1
8/28/2023,17:00,MCAP AMB,Montipora,21.5
8/28/2023,17:15,MCAP AMB,Montipora,22
8/28/2023,17:30,MCAP AMB,Montipora,16.4
8/28/2023,17:45,MCAP AMB,Montipora,14
8/28/2023,18:00,MCAP AMB,Montipora,9.6
8/28/2023,18:15,MCAP AMB,Montipora,8.8
8/28/2023,18:30,MCAP AMB,Montipora,4.7
8/28/2023,18:45,MCAP AMB,Montipora,2.5
8/28/2023,19:00,MCAP AMB,Montipora,0.6
8/28/2023,19:15,MCAP AMB,Montipora,0
8/28/2023,19:30,MCAP AMB,Montipora,0
8/28/2023,19:45,MCAP AMB,Montipora,0
8/28/2023,20:00,MCAP AMB,Montipora,0
8/28/2023,20:15,MCAP AMB,Montipora,0
8/28/2023,20:30,MCAP AMB,Montipora,0
8/28/2023,20:45,MCAP AMB,Montipora,0
8/28/2023,21:00,MCAP AMB,Montipora,0
8/28/2023,21:15,MCAP AMB,Montipora,0
8/28/2023,21:30,MCAP AMB,Montipora,0
8/28/2023,21:45,MCAP AMB,Montipora,0
8/28/2023,22:00,MCAP AMB,Montipora,0
8/28/2023,22:15,MCAP AMB,Montipora,0
8/28/2023,22:30,MCAP AMB,Montipora,0
8/28/2023,22:45,MCAP AMB,Montipora,0
8/28/2023,23:00,MCAP AMB,Montipora,0
8/28/2023,23:15,MCAP AMB,Montipora,0
8/28/2023,23:30,MCAP AMB,Montipora,0
8/28/2023,23:45,MCAP AMB,Montipora,0
8/28/2023,0:00,MCAP AMB,Montipora,0
8/29/2023,0:15,MCAP AMB,Montipora,0
8/29/2023,0:30,MCAP AMB,Montipora,0
8/29/2023,0:45,MCAP AMB,Montipora,0
8/29/2023,1:00,MCAP AMB,Montipora,0
8/29/2023,1:15,MCAP AMB,Montipora,0
8/29/2023,1:30,MCAP AMB,Montipora,0
8/29/2023,1:45,MCAP AMB,Montipora,0
8/29/2023,2:00,MCAP AMB,Montipora,0
8/29/2023,2:15,MCAP AMB,Montipora,0
8/29/2023,2:30,MCAP AMB,Montipora,0
8/29/2023,2:45,MCAP AMB,Montipora,0
8/29/2023,3:00,MCAP AMB,Montipora,0
8/29/2023,3:15,MCAP AMB,Montipora,0
8/29/2023,3:30,MCAP AMB,Montipora,0
8/29/2023,3:45,MCAP AMB,Montipora,0
8/29/2023,4:00,MCAP AMB,Montipora,0
8/29/2023,4:15,MCAP AMB,Montipora,0
8/29/2023,4:30,MCAP AMB,Montipora,0
8/29/2023,4:45,MCAP AMB,Montipora,0
8/29/2023,5:00,MCAP AMB,Montipora,0
8/29/2023,5:15,MCAP AMB,Montipora,0
8/29/2023,5:30,MCAP AMB,Montipora,0
8/29/2023,5:45,MCAP AMB,Montipora,0
8/29/2023,6:00,MCAP AMB,Montipora,0
8/29/2023,6:15,MCAP AMB,Montipora,0.4
8/29/2023,6:30,MCAP AMB,Montipora,2.6
8/29/2023,6:45,MCAP AMB,Montipora,4.7
8/29/2023,7:00,MCAP AMB,Montipora,14.6
8/29/2023,7:15,MCAP AMB,Montipora,19.4
8/29/2023,7:30,MCAP AMB,Montipora,21.3
8/29/2023,7:45,MCAP AMB,Montipora,55.2
8/29/2023,8:00,MCAP AMB,Montipora,65.9
8/29/2023,8:15,MCAP AMB,Montipora,81.3
8/29/2023,8:30,MCAP AMB,Montipora,68.4
8/29/2023,8:45,MCAP AMB,Montipora,77.1
8/29/2023,9:00,MCAP AMB,Montipora,60.5
8/29/2023,9:15,MCAP AMB,Montipora,105.7
8/29/2023,9:30,MCAP AMB,Montipora,227.9
8/29/2023,9:45,MCAP AMB,Montipora,258.5
8/29/2023,10:00,MCAP AMB,Montipora,283.3
8/29/2023,10:15,MCAP AMB,Montipora,295.4
8/29/2023,10:30,MCAP AMB,Montipora,309.7
8/29/2023,10:45,MCAP AMB,Montipora,319.6
8/29/2023,11:00,MCAP AMB,Montipora,262.3
8/29/2023,11:15,MCAP AMB,Montipora,289.4
8/29/2023,11:30,MCAP AMB,Montipora,283.5
8/29/2023,11:45,MCAP AMB,Montipora,337.2
8/29/2023,12:00,MCAP AMB,Montipora,332.7
8/29/2023,12:15,MCAP AMB,Montipora,360.2
8/29/2023,12:30,MCAP AMB,Montipora,304.6
8/29/2023,12:45,MCAP AMB,Montipora,219
8/29/2023,13:00,MCAP AMB,Montipora,199.4
8/29/2023,13:15,MCAP AMB,Montipora,215.9
8/29/2023,13:30,MCAP AMB,Montipora,276.5
8/29/2023,13:45,MCAP AMB,Montipora,169.7
8/29/2023,14:00,MCAP AMB,Montipora,382.4
8/29/2023,14:15,MCAP AMB,Montipora,242.7
8/29/2023,14:30,MCAP AMB,Montipora,135
8/29/2023,14:45,MCAP AMB,Montipora,100
8/29/2023,15:00,MCAP AMB,Montipora,68.1
8/29/2023,15:15,MCAP AMB,Montipora,59.2
8/29/2023,15:30,MCAP AMB,Montipora,52.3
8/29/2023,15:45,MCAP AMB,Montipora,48.1
8/29/2023,16:00,MCAP AMB,Montipora,50.4
8/29/2023,16:15,MCAP AMB,Montipora,61.1
8/29/2023,16:30,MCAP AMB,Montipora,69.5
8/29/2023,16:45,MCAP AMB,Montipora,45.3
8/29/2023,17:00,MCAP AMB,Montipora,40.7
8/29/2023,17:15,MCAP AMB,Montipora,40.4
8/29/2023,17:30,MCAP AMB,Montipora,32.4
8/29/2023,17:45,MCAP AMB,Montipora,23.4
8/29/2023,18:00,MCAP AMB,Montipora,19.2
8/29/2023,18:15,MCAP AMB,Montipora,11.5
8/29/2023,18:30,MCAP AMB,Montipora,5.8
8/29/2023,18:45,MCAP AMB,Montipora,2.8
8/29/2023,19:00,MCAP AMB,Montipora,0.6
8/29/2023,19:15,MCAP AMB,Montipora,0
8/29/2023,19:30,MCAP AMB,Montipora,0
8/29/2023,19:45,MCAP AMB,Montipora,0
8/29/2023,20:00,MCAP AMB,Montipora,0
8/29/2023,20:15,MCAP AMB,Montipora,0
8/29/2023,20:30,MCAP AMB,Montipora,0
8/29/2023,20:45,MCAP AMB,Montipora,0
8/29/2023,21:00,MCAP AMB,Montipora,0
8/29/2023,21:15,MCAP AMB,Montipora,0
8/29/2023,21:30,MCAP AMB,Montipora,0
8/29/2023,21:45,MCAP AMB,Montipora,0
8/29/2023,22:00,MCAP AMB,Montipora,0
8/29/2023,22:15,MCAP AMB,Montipora,0
8/29/2023,22:30,MCAP AMB,Montipora,0
8/29/2023,22:45,MCAP AMB,Montipora,0
8/29/2023,23:00,MCAP AMB,Montipora,0
8/29/2023,23:15,MCAP AMB,Montipora,0
8/29/2023,23:30,MCAP AMB,Montipora,0
8/29/2023,23:45,MCAP AMB,Montipora,0
8/29/2023,0:00,MCAP AMB,Montipora,0
8/30/2023,0:15,MCAP AMB,Montipora,0
8/30/2023,0:30,MCAP AMB,Montipora,0
8/30/2023,0:45,MCAP AMB,Montipora,0
8/30/2023,1:00,MCAP AMB,Montipora,0
8/30/2023,1:15,MCAP AMB,Montipora,0
8/30/2023,1:30,MCAP AMB,Montipora,0
8/30/2023,1:45,MCAP AMB,Montipora,0
8/30/2023,2:00,MCAP AMB,Montipora,0
8/30/2023,2:15,MCAP AMB,Montipora,0
8/30/2023,2:30,MCAP AMB,Montipora,0
8/30/2023,2:45,MCAP AMB,Montipora,0
8/30/2023,3:00,MCAP AMB,Montipora,0
8/30/2023,3:15,MCAP AMB,Montipora,0
8/30/2023,3:30,MCAP AMB,Montipora,0
8/30/2023,3:45,MCAP AMB,Montipora,0
8/30/2023,4:00,MCAP AMB,Montipora,0
8/30/2023,4:15,MCAP AMB,Montipora,0
8/30/2023,4:30,MCAP AMB,Montipora,0
8/30/2023,4:45,MCAP AMB,Montipora,0
8/30/2023,5:00,MCAP AMB,Montipora,0
8/30/2023,5:15,MCAP AMB,Montipora,0
8/30/2023,5:30,MCAP AMB,Montipora,0
8/30/2023,5:45,MCAP AMB,Montipora,0
8/30/2023,6:00,MCAP AMB,Montipora,0
8/30/2023,6:15,MCAP AMB,Montipora,0.1
8/30/2023,6:30,MCAP AMB,Montipora,2.8
8/30/2023,6:45,MCAP AMB,Montipora,8.6
8/30/2023,7:00,MCAP AMB,Montipora,26.9
8/30/2023,7:15,MCAP AMB,Montipora,63.5
8/30/2023,7:30,MCAP AMB,Montipora,56.5
8/30/2023,7:45,MCAP AMB,Montipora,73.4
8/30/2023,8:00,MCAP AMB,Montipora,70.7
8/30/2023,8:15,MCAP AMB,Montipora,79.5
8/30/2023,8:30,MCAP AMB,Montipora,50.9
8/30/2023,8:45,MCAP AMB,Montipora,54.9
8/30/2023,9:00,MCAP AMB,Montipora,77.1
8/30/2023,9:15,MCAP AMB,Montipora,105
8/30/2023,9:30,MCAP AMB,Montipora,65.2
8/30/2023,9:45,MCAP AMB,Montipora,172.3
8/30/2023,10:00,MCAP AMB,Montipora,103.3
8/30/2023,10:15,MCAP AMB,Montipora,280
8/30/2023,10:30,MCAP AMB,Montipora,272.6
8/30/2023,10:45,MCAP AMB,Montipora,267.5
8/30/2023,11:00,MCAP AMB,Montipora,220.8
8/30/2023,11:15,MCAP AMB,Montipora,222.1
8/30/2023,11:30,MCAP AMB,Montipora,250.5
8/30/2023,11:45,MCAP AMB,Montipora,311.6
8/30/2023,12:00,MCAP AMB,Montipora,221.5
8/30/2023,12:15,MCAP AMB,Montipora,341.1
8/30/2023,12:30,MCAP AMB,Montipora,271.7
8/30/2023,12:45,MCAP AMB,Montipora,328.6
8/30/2023,13:00,MCAP AMB,Montipora,290.9
8/30/2023,13:15,MCAP AMB,Montipora,331.7
8/30/2023,13:30,MCAP AMB,Montipora,223.6
8/30/2023,13:45,MCAP AMB,Montipora,333.5
8/30/2023,14:00,MCAP AMB,Montipora,267.2
8/30/2023,14:15,MCAP AMB,Montipora,181.5
8/30/2023,14:30,MCAP AMB,Montipora,109.5
8/30/2023,14:45,MCAP AMB,Montipora,69.9
8/30/2023,15:00,MCAP AMB,Montipora,45.5
8/30/2023,15:15,MCAP AMB,Montipora,92.6
8/30/2023,15:30,MCAP AMB,Montipora,46
8/30/2023,15:45,MCAP AMB,Montipora,36.1
8/30/2023,16:00,MCAP AMB,Montipora,34.7
8/30/2023,16:15,MCAP AMB,Montipora,36.8
8/30/2023,16:30,MCAP AMB,Montipora,35.4
8/30/2023,16:45,MCAP AMB,Montipora,30.7
8/30/2023,17:00,MCAP AMB,Montipora,28.9
8/30/2023,17:15,MCAP AMB,Montipora,23
8/30/2023,17:30,MCAP AMB,Montipora,36.9
8/30/2023,17:45,MCAP AMB,Montipora,29.1
8/30/2023,18:00,MCAP AMB,Montipora,13
8/30/2023,18:15,MCAP AMB,Montipora,15.9
8/30/2023,18:30,MCAP AMB,Montipora,7
8/30/2023,18:45,MCAP AMB,Montipora,3.5
8/30/2023,19:00,MCAP AMB,Montipora,0.8
8/30/2023,19:15,MCAP AMB,Montipora,0
8/30/2023,19:30,MCAP AMB,Montipora,0
8/30/2023,19:45,MCAP AMB,Montipora,0
8/30/2023,20:00,MCAP AMB,Montipora,0
8/30/2023,20:15,MCAP AMB,Montipora,0
8/30/2023,20:30,MCAP AMB,Montipora,0
8/30/2023,20:45,MCAP AMB,Montipora,0
8/30/2023,21:00,MCAP AMB,Montipora,0
8/30/2023,21:15,MCAP AMB,Montipora,0
8/30/2023,21:30,MCAP AMB,Montipora,0
8/30/2023,21:45,MCAP AMB,Montipora,0
8/30/2023,22:00,MCAP AMB,Montipora,0
8/30/2023,22:15,MCAP AMB,Montipora,0
8/30/2023,22:30,MCAP AMB,Montipora,0
8/30/2023,22:45,MCAP AMB,Montipora,0
8/30/2023,23:00,MCAP AMB,Montipora,0
8/30/2023,23:15,MCAP AMB,Montipora,0
8/30/2023,23:30,MCAP AMB,Montipora,0
8/30/2023,23:45,MCAP AMB,Montipora,0
8/30/2023,0:00,MCAP AMB,Montipora,0
8/31/2023,0:15,MCAP AMB,Montipora,0
8/31/2023,0:30,MCAP AMB,Montipora,0
8/31/2023,0:45,MCAP AMB,Montipora,0
8/31/2023,1:00,MCAP AMB,Montipora,0
8/31/2023,1:15,MCAP AMB,Montipora,0
8/31/2023,1:30,MCAP AMB,Montipora,0
8/31/2023,1:45,MCAP AMB,Montipora,0
8/31/2023,2:00,MCAP AMB,Montipora,0
8/31/2023,2:15,MCAP AMB,Montipora,0
8/31/2023,2:30,MCAP AMB,Montipora,0
8/31/2023,2:45,MCAP AMB,Montipora,0
8/31/2023,3:00,MCAP AMB,Montipora,0
8/31/2023,3:15,MCAP AMB,Montipora,0
8/31/2023,3:30,MCAP AMB,Montipora,0
8/31/2023,3:45,MCAP AMB,Montipora,0
8/31/2023,4:00,MCAP AMB,Montipora,0
8/31/2023,4:15,MCAP AMB,Montipora,0
8/31/2023,4:30,MCAP AMB,Montipora,0
8/31/2023,4:45,MCAP AMB,Montipora,0
8/31/2023,5:00,MCAP AMB,Montipora,0
8/31/2023,5:15,MCAP AMB,Montipora,0
8/31/2023,5:30,MCAP AMB,Montipora,0
8/31/2023,5:45,MCAP AMB,Montipora,0
8/31/2023,6:00,MCAP AMB,Montipora,0
8/31/2023,6:15,MCAP AMB,Montipora,0.4
8/31/2023,6:30,MCAP AMB,Montipora,3.1
8/31/2023,6:45,MCAP AMB,Montipora,8.2
8/31/2023,7:00,MCAP AMB,Montipora,11.3
8/31/2023,7:15,MCAP AMB,Montipora,30.4
8/31/2023,7:30,MCAP AMB,Montipora,43.1
8/31/2023,7:45,MCAP AMB,Montipora,57.9
8/31/2023,8:00,MCAP AMB,Montipora,40.8
8/31/2023,8:15,MCAP AMB,Montipora,81.9
8/31/2023,8:30,MCAP AMB,Montipora,51.1
8/31/2023,8:45,MCAP AMB,Montipora,50.4
8/31/2023,9:00,MCAP AMB,Montipora,57.5
8/31/2023,9:15,MCAP AMB,Montipora,105.3
8/31/2023,9:30,MCAP AMB,Montipora,118.2
8/31/2023,9:45,MCAP AMB,Montipora,187.5
8/31/2023,10:00,MCAP AMB,Montipora,268.7
8/31/2023,10:15,MCAP AMB,Montipora,206.6
8/31/2023,10:30,MCAP AMB,Montipora,168.7
8/31/2023,10:45,MCAP AMB,Montipora,185.6
8/31/2023,11:00,MCAP AMB,Montipora,186.6
8/31/2023,11:15,MCAP AMB,Montipora,259.5
8/31/2023,11:30,MCAP AMB,Montipora,250
8/31/2023,11:45,MCAP AMB,Montipora,184.2
8/31/2023,12:00,MCAP AMB,Montipora,257
8/31/2023,12:15,MCAP AMB,Montipora,338.4
8/31/2023,12:30,MCAP AMB,Montipora,305.7
8/31/2023,12:45,MCAP AMB,Montipora,273.4
8/31/2023,13:00,MCAP AMB,Montipora,234.2
8/31/2023,13:15,MCAP AMB,Montipora,143.6
8/31/2023,13:30,MCAP AMB,Montipora,206.2
8/31/2023,13:45,MCAP AMB,Montipora,155.7
8/31/2023,14:00,MCAP AMB,Montipora,108.3
8/31/2023,14:15,MCAP AMB,Montipora,122.7
8/31/2023,14:30,MCAP AMB,Montipora,95.4
8/31/2023,14:45,MCAP AMB,Montipora,78.3
8/31/2023,15:00,MCAP AMB,Montipora,67.2
8/31/2023,15:15,MCAP AMB,Montipora,72.6
8/31/2023,15:30,MCAP AMB,Montipora,63.3
8/31/2023,15:45,MCAP AMB,Montipora,51.5
8/31/2023,16:00,MCAP AMB,Montipora,36.8
8/31/2023,16:15,MCAP AMB,Montipora,41.1
8/31/2023,16:30,MCAP AMB,Montipora,34.3
8/31/2023,16:45,MCAP AMB,Montipora,33.4
8/31/2023,17:00,MCAP AMB,Montipora,30.8
8/31/2023,17:15,MCAP AMB,Montipora,29.4
8/31/2023,17:30,MCAP AMB,Montipora,26.3
8/31/2023,17:45,MCAP AMB,Montipora,21.8
8/31/2023,18:00,MCAP AMB,Montipora,15
8/31/2023,18:15,MCAP AMB,Montipora,10.7
8/31/2023,18:30,MCAP AMB,Montipora,6.3
8/31/2023,18:45,MCAP AMB,Montipora,2.6
8/31/2023,19:00,MCAP AMB,Montipora,0.6
8/31/2023,19:15,MCAP AMB,Montipora,0
8/31/2023,19:30,MCAP AMB,Montipora,0
8/31/2023,19:45,MCAP AMB,Montipora,0
8/31/2023,20:00,MCAP AMB,Montipora,0
8/31/2023,20:15,MCAP AMB,Montipora,0
8/31/2023,20:30,MCAP AMB,Montipora,0
8/31/2023,20:45,MCAP AMB,Montipora,0
8/31/2023,21:00,MCAP AMB,Montipora,0
8/31/2023,21:15,MCAP AMB,Montipora,0
8/31/2023,21:30,MCAP AMB,Montipora,0
8/31/2023,21:45,MCAP AMB,Montipora,0
8/31/2023,22:00,MCAP AMB,Montipora,0
8/31/2023,22:15,MCAP AMB,Montipora,0
8/31/2023,22:30,MCAP AMB,Montipora,0
8/31/2023,22:45,MCAP AMB,Montipora,0
8/31/2023,23:00,MCAP AMB,Montipora,0
8/31/2023,23:15,MCAP AMB,Montipora,0
8/31/2023,23:30,MCAP AMB,Montipora,0
8/31/2023,23:45,MCAP AMB,Montipora,0
8/31/2023,0:00,MCAP AMB,Montipora,0
9/1/2023,0:15,MCAP AMB,Montipora,0
9/1/2023,0:30,MCAP AMB,Montipora,0
9/1/2023,0:45,MCAP AMB,Montipora,0
9/1/2023,1:00,MCAP AMB,Montipora,0
9/1/2023,1:15,MCAP AMB,Montipora,0
9/1/2023,1:30,MCAP AMB,Montipora,0
9/1/2023,1:45,MCAP AMB,Montipora,0
9/1/2023,2:00,MCAP AMB,Montipora,0
9/1/2023,2:15,MCAP AMB,Montipora,0
9/1/2023,2:30,MCAP AMB,Montipora,0
9/1/2023,2:45,MCAP AMB,Montipora,0
9/1/2023,3:00,MCAP AMB,Montipora,0
9/1/2023,3:15,MCAP AMB,Montipora,0
9/1/2023,3:30,MCAP AMB,Montipora,0
9/1/2023,3:45,MCAP AMB,Montipora,0
9/1/2023,4:00,MCAP AMB,Montipora,0
9/1/2023,4:15,MCAP AMB,Montipora,0
9/1/2023,4:30,MCAP AMB,Montipora,0
9/1/2023,4:45,MCAP AMB,Montipora,0
9/1/2023,5:00,MCAP AMB,Montipora,0
9/1/2023,5:15,MCAP AMB,Montipora,0
9/1/2023,5:30,MCAP AMB,Montipora,0
9/1/2023,5:45,MCAP AMB,Montipora,0
9/1/2023,6:00,MCAP AMB,Montipora,0
9/1/2023,6:15,MCAP AMB,Montipora,0
9/1/2023,6:30,MCAP AMB,Montipora,0.8
9/1/2023,6:45,MCAP AMB,Montipora,2.7
9/1/2023,7:00,MCAP AMB,Montipora,5
9/1/2023,7:15,MCAP AMB,Montipora,11.7
9/1/2023,7:30,MCAP AMB,Montipora,15.4
9/1/2023,7:45,MCAP AMB,Montipora,22.5
9/1/2023,8:00,MCAP AMB,Montipora,61.2
9/1/2023,8:15,MCAP AMB,Montipora,48.5
9/1/2023,8:30,MCAP AMB,Montipora,68.1
9/1/2023,8:45,MCAP AMB,Montipora,57.4
9/1/2023,9:00,MCAP AMB,Montipora,65.4
9/1/2023,9:15,MCAP AMB,Montipora,129.5
9/1/2023,9:30,MCAP AMB,Montipora,247.4
9/1/2023,9:45,MCAP AMB,Montipora,264.5
9/1/2023,10:00,MCAP AMB,Montipora,227.6
9/1/2023,10:15,MCAP AMB,Montipora,252.9
9/1/2023,10:30,MCAP AMB,Montipora,255.9
9/1/2023,10:45,MCAP AMB,Montipora,261.1
9/1/2023,11:00,MCAP AMB,Montipora,250.7
9/1/2023,11:15,MCAP AMB,Montipora,246.3
9/1/2023,11:30,MCAP AMB,Montipora,293.1
9/1/2023,11:45,MCAP AMB,Montipora,293.7
9/1/2023,12:00,MCAP AMB,Montipora,249.2
9/1/2023,12:15,MCAP AMB,Montipora,196.9
9/1/2023,12:30,MCAP AMB,Montipora,322.4
9/1/2023,12:45,MCAP AMB,Montipora,169.4
9/1/2023,13:00,MCAP AMB,Montipora,145.1
9/1/2023,13:15,MCAP AMB,Montipora,116.2
9/1/2023,13:30,MCAP AMB,Montipora,192.6
9/1/2023,13:45,MCAP AMB,Montipora,148.7
9/1/2023,14:00,MCAP AMB,Montipora,114.7
9/1/2023,14:15,MCAP AMB,Montipora,127.4
9/1/2023,14:30,MCAP AMB,Montipora,193.3
9/1/2023,14:45,MCAP AMB,Montipora,101.6
9/1/2023,15:00,MCAP AMB,Montipora,62.4
9/1/2023,15:15,MCAP AMB,Montipora,59.5
9/1/2023,15:30,MCAP AMB,Montipora,39.1
9/1/2023,15:45,MCAP AMB,Montipora,29.7
9/1/2023,16:00,MCAP AMB,Montipora,31.9
9/1/2023,16:15,MCAP AMB,Montipora,26.4
9/1/2023,16:30,MCAP AMB,Montipora,17.2
9/1/2023,16:45,MCAP AMB,Montipora,23.7
9/1/2023,17:00,MCAP AMB,Montipora,17.1
9/1/2023,17:15,MCAP AMB,Montipora,7.5
9/1/2023,17:30,MCAP AMB,Montipora,9.8
9/1/2023,17:45,MCAP AMB,Montipora,6.7
9/1/2023,18:00,MCAP AMB,Montipora,3.4
9/1/2023,18:15,MCAP AMB,Montipora,3.2
9/1/2023,18:30,MCAP AMB,Montipora,2.6
9/1/2023,18:45,MCAP AMB,Montipora,0.9
9/1/2023,19:00,MCAP AMB,Montipora,0.1
9/1/2023,19:15,MCAP AMB,Montipora,0
9/1/2023,19:30,MCAP AMB,Montipora,0
9/1/2023,19:45,MCAP AMB,Montipora,0
9/1/2023,20:00,MCAP AMB,Montipora,0
9/1/2023,20:15,MCAP AMB,Montipora,0
9/1/2023,20:30,MCAP AMB,Montipora,0
9/1/2023,20:45,MCAP AMB,Montipora,0
9/1/2023,21:00,MCAP AMB,Montipora,0
9/1/2023,21:15,MCAP AMB,Montipora,0
9/1/2023,21:30,MCAP AMB,Montipora,0
9/1/2023,21:45,MCAP AMB,Montipora,0
9/1/2023,22:00,MCAP AMB,Montipora,0
9/1/2023,22:15,MCAP AMB,Montipora,0
9/1/2023,22:30,MCAP AMB,Montipora,0
9/1/2023,22:45,MCAP AMB,Montipora,0
9/1/2023,23:00,MCAP AMB,Montipora,0
9/1/2023,23:15,MCAP AMB,Montipora,0
9/1/2023,23:30,MCAP AMB,Montipora,0
9/1/2023,23:45,MCAP AMB,Montipora,0
9/1/2023,0:00,MCAP AMB,Montipora,0
9/2/2023,0:15,MCAP AMB,Montipora,0
9/2/2023,0:30,MCAP AMB,Montipora,0
9/2/2023,0:45,MCAP AMB,Montipora,0
9/2/2023,1:00,MCAP AMB,Montipora,0
9/2/2023,1:15,MCAP AMB,Montipora,0
9/2/2023,1:30,MCAP AMB,Montipora,0
9/2/2023,1:45,MCAP AMB,Montipora,0
9/2/2023,2:00,MCAP AMB,Montipora,0
9/2/2023,2:15,MCAP AMB,Montipora,0
9/2/2023,2:30,MCAP AMB,Montipora,0
9/2/2023,2:45,MCAP AMB,Montipora,0
9/2/2023,3:00,MCAP AMB,Montipora,0
9/2/2023,3:15,MCAP AMB,Montipora,0
9/2/2023,3:30,MCAP AMB,Montipora,0
9/2/2023,3:45,MCAP AMB,Montipora,0
9/2/2023,4:00,MCAP AMB,Montipora,0
9/2/2023,4:15,MCAP AMB,Montipora,0
9/2/2023,4:30,MCAP AMB,Montipora,0
9/2/2023,4:45,MCAP AMB,Montipora,0
9/2/2023,5:00,MCAP AMB,Montipora,0
9/2/2023,5:15,MCAP AMB,Montipora,0
9/2/2023,5:30,MCAP AMB,Montipora,0
9/2/2023,5:45,MCAP AMB,Montipora,0
9/2/2023,6:00,MCAP AMB,Montipora,0
9/2/2023,6:15,MCAP AMB,Montipora,0
9/2/2023,6:30,MCAP AMB,Montipora,1
9/2/2023,6:45,MCAP AMB,Montipora,3
9/2/2023,7:00,MCAP AMB,Montipora,6
9/2/2023,7:15,MCAP AMB,Montipora,10.8
9/2/2023,7:30,MCAP AMB,Montipora,17.5
9/2/2023,7:45,MCAP AMB,Montipora,28
9/2/2023,8:00,MCAP AMB,Montipora,38
9/2/2023,8:15,MCAP AMB,Montipora,33.7
9/2/2023,8:30,MCAP AMB,Montipora,48.6
9/2/2023,8:45,MCAP AMB,Montipora,60.6
9/2/2023,9:00,MCAP AMB,Montipora,54.6
9/2/2023,9:15,MCAP AMB,Montipora,75.9
9/2/2023,9:30,MCAP AMB,Montipora,68.7
9/2/2023,9:45,MCAP AMB,Montipora,141.2
9/2/2023,10:00,MCAP AMB,Montipora,103.8
9/2/2023,10:15,MCAP AMB,Montipora,54.5
9/2/2023,10:30,MCAP AMB,Montipora,206.7
9/2/2023,10:45,MCAP AMB,Montipora,178.8
9/2/2023,11:00,MCAP AMB,Montipora,150.3
9/2/2023,11:15,MCAP AMB,Montipora,122.2
9/2/2023,11:30,MCAP AMB,Montipora,118.9
9/2/2023,11:45,MCAP AMB,Montipora,84.5
9/2/2023,12:00,MCAP AMB,Montipora,110.1
9/2/2023,12:15,MCAP AMB,Montipora,89.1
9/2/2023,12:30,MCAP AMB,Montipora,123.9
9/2/2023,12:45,MCAP AMB,Montipora,117.4
9/2/2023,13:00,MCAP AMB,Montipora,106.2
9/2/2023,13:15,MCAP AMB,Montipora,95.9
9/2/2023,13:30,MCAP AMB,Montipora,104.9
9/2/2023,13:45,MCAP AMB,Montipora,112.1
9/2/2023,14:00,MCAP AMB,Montipora,90.8
9/2/2023,14:15,MCAP AMB,Montipora,87.5
9/2/2023,14:30,MCAP AMB,Montipora,55.2
9/2/2023,14:45,MCAP AMB,Montipora,56.9
9/2/2023,15:00,MCAP AMB,Montipora,70.4
9/2/2023,15:15,MCAP AMB,Montipora,64.5
9/2/2023,15:30,MCAP AMB,Montipora,47.3
9/2/2023,15:45,MCAP AMB,Montipora,36
9/2/2023,16:00,MCAP AMB,Montipora,28
9/2/2023,16:15,MCAP AMB,Montipora,29.5
9/2/2023,16:30,MCAP AMB,Montipora,26.2
9/2/2023,16:45,MCAP AMB,Montipora,21.4
9/2/2023,17:00,MCAP AMB,Montipora,34.3
9/2/2023,17:15,MCAP AMB,Montipora,24.9
9/2/2023,17:30,MCAP AMB,Montipora,17.8
9/2/2023,17:45,MCAP AMB,Montipora,12.2
9/2/2023,18:00,MCAP AMB,Montipora,10.6
9/2/2023,18:15,MCAP AMB,Montipora,13.5
9/2/2023,18:30,MCAP AMB,Montipora,5.9
9/2/2023,18:45,MCAP AMB,Montipora,2.1
9/2/2023,19:00,MCAP AMB,Montipora,0.4
9/2/2023,19:15,MCAP AMB,Montipora,0
9/2/2023,19:30,MCAP AMB,Montipora,0
9/2/2023,19:45,MCAP AMB,Montipora,0
9/2/2023,20:00,MCAP AMB,Montipora,0
9/2/2023,20:15,MCAP AMB,Montipora,0
9/2/2023,20:30,MCAP AMB,Montipora,0
9/2/2023,20:45,MCAP AMB,Montipora,0
9/2/2023,21:00,MCAP AMB,Montipora,0
9/2/2023,21:15,MCAP AMB,Montipora,0
9/2/2023,21:30,MCAP AMB,Montipora,0
9/2/2023,21:45,MCAP AMB,Montipora,0
9/2/2023,22:00,MCAP AMB,Montipora,0
9/2/2023,22:15,MCAP AMB,Montipora,0
9/2/2023,22:30,MCAP AMB,Montipora,0
9/2/2023,22:45,MCAP AMB,Montipora,0
9/2/2023,23:00,MCAP AMB,Montipora,0
9/2/2023,23:15,MCAP AMB,Montipora,0
9/2/2023,23:30,MCAP AMB,Montipora,0
9/2/2023,23:45,MCAP AMB,Montipora,0
9/2/2023,0:00,MCAP AMB,Montipora,0
9/3/2023,0:15,MCAP AMB,Montipora,0
9/3/2023,0:30,MCAP AMB,Montipora,0
9/3/2023,0:45,MCAP AMB,Montipora,0
9/3/2023,1:00,MCAP AMB,Montipora,0
9/3/2023,1:15,MCAP AMB,Montipora,0
9/3/2023,1:30,MCAP AMB,Montipora,0
9/3/2023,1:45,MCAP AMB,Montipora,0
9/3/2023,2:00,MCAP AMB,Montipora,0
9/3/2023,2:15,MCAP AMB,Montipora,0
9/3/2023,2:30,MCAP AMB,Montipora,0
9/3/2023,2:45,MCAP AMB,Montipora,0
9/3/2023,3:00,MCAP AMB,Montipora,0
9/3/2023,3:15,MCAP AMB,Montipora,0
9/3/2023,3:30,MCAP AMB,Montipora,0
9/3/2023,3:45,MCAP AMB,Montipora,0
9/3/2023,4:00,MCAP AMB,Montipora,0
9/3/2023,4:15,MCAP AMB,Montipora,0
9/3/2023,4:30,MCAP AMB,Montipora,0
9/3/2023,4:45,MCAP AMB,Montipora,0
9/3/2023,5:00,MCAP AMB,Montipora,0
9/3/2023,5:15,MCAP AMB,Montipora,0
9/3/2023,5:30,MCAP AMB,Montipora,0
9/3/2023,5:45,MCAP AMB,Montipora,0
9/3/2023,6:00,MCAP AMB,Montipora,0
9/3/2023,6:15,MCAP AMB,Montipora,0.1
9/3/2023,6:30,MCAP AMB,Montipora,2.7
9/3/2023,6:45,MCAP AMB,Montipora,8.9
9/3/2023,7:00,MCAP AMB,Montipora,25.4
9/3/2023,7:15,MCAP AMB,Montipora,51.3
9/3/2023,7:30,MCAP AMB,Montipora,40.6
9/3/2023,7:45,MCAP AMB,Montipora,34.7
9/3/2023,8:00,MCAP AMB,Montipora,79.8
9/3/2023,8:15,MCAP AMB,Montipora,44.9
9/3/2023,8:30,MCAP AMB,Montipora,42.8
9/3/2023,8:45,MCAP AMB,Montipora,47.2
9/3/2023,9:00,MCAP AMB,Montipora,40.5
9/3/2023,9:15,MCAP AMB,Montipora,69.1
9/3/2023,9:30,MCAP AMB,Montipora,50.8
9/3/2023,9:45,MCAP AMB,Montipora,47.9
9/3/2023,10:00,MCAP AMB,Montipora,152.8
9/3/2023,10:15,MCAP AMB,Montipora,114.8
9/3/2023,10:30,MCAP AMB,Montipora,115.4
9/3/2023,10:45,MCAP AMB,Montipora,75.6
9/3/2023,11:00,MCAP AMB,Montipora,51.3
9/3/2023,11:15,MCAP AMB,Montipora,56
9/3/2023,11:30,MCAP AMB,Montipora,56.9
9/3/2023,11:45,MCAP AMB,Montipora,54.2
9/3/2023,12:00,MCAP AMB,Montipora,51.4
9/3/2023,12:15,MCAP AMB,Montipora,73.4
9/3/2023,12:30,MCAP AMB,Montipora,95.8
9/3/2023,12:45,MCAP AMB,Montipora,161.3
9/3/2023,13:00,MCAP AMB,Montipora,222.3
9/3/2023,13:15,MCAP AMB,Montipora,237.5
9/3/2023,13:30,MCAP AMB,Montipora,249.3
9/3/2023,13:45,MCAP AMB,Montipora,138
9/3/2023,14:00,MCAP AMB,Montipora,80
9/3/2023,14:15,MCAP AMB,Montipora,60.8
9/3/2023,14:30,MCAP AMB,Montipora,68.8
9/3/2023,14:45,MCAP AMB,Montipora,69.6
9/3/2023,15:00,MCAP AMB,Montipora,62
9/3/2023,15:15,MCAP AMB,Montipora,46
9/3/2023,15:30,MCAP AMB,Montipora,42.5
9/3/2023,15:45,MCAP AMB,Montipora,40.1
9/3/2023,16:00,MCAP AMB,Montipora,34.1
9/3/2023,16:15,MCAP AMB,Montipora,42.6
9/3/2023,16:30,MCAP AMB,Montipora,35
9/3/2023,16:45,MCAP AMB,Montipora,27.3
9/3/2023,17:00,MCAP AMB,Montipora,19.3
9/3/2023,17:15,MCAP AMB,Montipora,19.6
9/3/2023,17:30,MCAP AMB,Montipora,28.9
9/3/2023,17:45,MCAP AMB,Montipora,18
9/3/2023,18:00,MCAP AMB,Montipora,13.2
9/3/2023,18:15,MCAP AMB,Montipora,9.3
9/3/2023,18:30,MCAP AMB,Montipora,7.1
9/3/2023,18:45,MCAP AMB,Montipora,2.2
9/3/2023,19:00,MCAP AMB,Montipora,0.4
9/3/2023,19:15,MCAP AMB,Montipora,0
9/3/2023,19:30,MCAP AMB,Montipora,0
9/3/2023,19:45,MCAP AMB,Montipora,0
9/3/2023,20:00,MCAP AMB,Montipora,0
9/3/2023,20:15,MCAP AMB,Montipora,0
9/3/2023,20:30,MCAP AMB,Montipora,0
9/3/2023,20:45,MCAP AMB,Montipora,0
9/3/2023,21:00,MCAP AMB,Montipora,0
9/3/2023,21:15,MCAP AMB,Montipora,0
9/3/2023,21:30,MCAP AMB,Montipora,0
9/3/2023,21:45,MCAP AMB,Montipora,0
9/3/2023,22:00,MCAP AMB,Montipora,0
9/3/2023,22:15,MCAP AMB,Montipora,0
9/3/2023,22:30,MCAP AMB,Montipora,0
9/3/2023,22:45,MCAP AMB,Montipora,0
9/3/2023,23:00,MCAP AMB,Montipora,0
9/3/2023,23:15,MCAP AMB,Montipora,0
9/3/2023,23:30,MCAP AMB,Montipora,0
9/3/2023,23:45,MCAP AMB,Montipora,0
9/3/2023,0:00,MCAP AMB,Montipora,0
9/4/2023,0:15,MCAP AMB,Montipora,0
9/4/2023,0:30,MCAP AMB,Montipora,0
9/4/2023,0:45,MCAP AMB,Montipora,0
9/4/2023,1:00,MCAP AMB,Montipora,0
9/4/2023,1:15,MCAP AMB,Montipora,0
9/4/2023,1:30,MCAP AMB,Montipora,0
9/4/2023,1:45,MCAP AMB,Montipora,0
9/4/2023,2:00,MCAP AMB,Montipora,0
9/4/2023,2:15,MCAP AMB,Montipora,0
9/4/2023,2:30,MCAP AMB,Montipora,0
9/4/2023,2:45,MCAP AMB,Montipora,0
9/4/2023,3:00,MCAP AMB,Montipora,0
9/4/2023,3:15,MCAP AMB,Montipora,0
9/4/2023,3:30,MCAP AMB,Montipora,0
9/4/2023,3:45,MCAP AMB,Montipora,0
9/4/2023,4:00,MCAP AMB,Montipora,0
9/4/2023,4:15,MCAP AMB,Montipora,0
9/4/2023,4:30,MCAP AMB,Montipora,0
9/4/2023,4:45,MCAP AMB,Montipora,0
9/4/2023,5:00,MCAP AMB,Montipora,0
9/4/2023,5:15,MCAP AMB,Montipora,0
9/4/2023,5:30,MCAP AMB,Montipora,0
9/4/2023,5:45,MCAP AMB,Montipora,0
9/4/2023,6:00,MCAP AMB,Montipora,0
9/4/2023,6:15,MCAP AMB,Montipora,0.3
9/4/2023,6:30,MCAP AMB,Montipora,2.9
9/4/2023,6:45,MCAP AMB,Montipora,9.1
9/4/2023,7:00,MCAP AMB,Montipora,15.7
9/4/2023,7:15,MCAP AMB,Montipora,34
9/4/2023,7:30,MCAP AMB,Montipora,29.2
9/4/2023,7:45,MCAP AMB,Montipora,89.1
9/4/2023,8:00,MCAP AMB,Montipora,60.4
9/4/2023,8:15,MCAP AMB,Montipora,64.7
9/4/2023,8:30,MCAP AMB,Montipora,94.7
9/4/2023,8:45,MCAP AMB,Montipora,50.5
9/4/2023,9:00,MCAP AMB,Montipora,101.4
9/4/2023,9:15,MCAP AMB,Montipora,205.5
9/4/2023,9:30,MCAP AMB,Montipora,231.5
9/4/2023,9:45,MCAP AMB,Montipora,243.4
9/4/2023,10:00,MCAP AMB,Montipora,269.2
9/4/2023,10:15,MCAP AMB,Montipora,279.2
9/4/2023,10:30,MCAP AMB,Montipora,283.4
9/4/2023,10:45,MCAP AMB,Montipora,293.8
9/4/2023,11:00,MCAP AMB,Montipora,223.5
9/4/2023,11:15,MCAP AMB,Montipora,242.1
9/4/2023,11:30,MCAP AMB,Montipora,188.2
9/4/2023,11:45,MCAP AMB,Montipora,124.8
9/4/2023,12:00,MCAP AMB,Montipora,98.8
9/4/2023,12:15,MCAP AMB,Montipora,119.6
9/4/2023,12:30,MCAP AMB,Montipora,120.9
9/4/2023,12:45,MCAP AMB,Montipora,173.1
9/4/2023,13:00,MCAP AMB,Montipora,231.2
9/4/2023,13:15,MCAP AMB,Montipora,157
9/4/2023,13:30,MCAP AMB,Montipora,195.7
9/4/2023,13:45,MCAP AMB,Montipora,263.3
9/4/2023,14:00,MCAP AMB,Montipora,160.9
9/4/2023,14:15,MCAP AMB,Montipora,160
9/4/2023,14:30,MCAP AMB,Montipora,143.6
9/4/2023,14:45,MCAP AMB,Montipora,38.2
9/4/2023,15:00,MCAP AMB,Montipora,36.1
9/4/2023,15:15,MCAP AMB,Montipora,18.1
9/4/2023,15:30,MCAP AMB,Montipora,26.7
9/4/2023,15:45,MCAP AMB,Montipora,32.8
9/4/2023,16:00,MCAP AMB,Montipora,30
9/4/2023,16:15,MCAP AMB,Montipora,22.4
9/4/2023,16:30,MCAP AMB,Montipora,28.5
9/4/2023,16:45,MCAP AMB,Montipora,23.9
9/4/2023,17:00,MCAP AMB,Montipora,19.2
9/4/2023,17:15,MCAP AMB,Montipora,15.7
9/4/2023,17:30,MCAP AMB,Montipora,25.6
9/4/2023,17:45,MCAP AMB,Montipora,15.8
9/4/2023,18:00,MCAP AMB,Montipora,15.2
9/4/2023,18:15,MCAP AMB,Montipora,9.9
9/4/2023,18:30,MCAP AMB,Montipora,5.2
9/4/2023,18:45,MCAP AMB,Montipora,2.1
9/4/2023,19:00,MCAP AMB,Montipora,0.3
9/4/2023,19:15,MCAP AMB,Montipora,0
9/4/2023,19:30,MCAP AMB,Montipora,0
9/4/2023,19:45,MCAP AMB,Montipora,0
9/4/2023,20:00,MCAP AMB,Montipora,0
9/4/2023,20:15,MCAP AMB,Montipora,0
9/4/2023,20:30,MCAP AMB,Montipora,0
9/4/2023,20:45,MCAP AMB,Montipora,0
9/4/2023,21:00,MCAP AMB,Montipora,0
9/4/2023,21:15,MCAP AMB,Montipora,0
9/4/2023,21:30,MCAP AMB,Montipora,0
9/4/2023,21:45,MCAP AMB,Montipora,0
9/4/2023,22:00,MCAP AMB,Montipora,0
9/4/2023,22:15,MCAP AMB,Montipora,0
9/4/2023,22:30,MCAP AMB,Montipora,0
9/4/2023,22:45,MCAP AMB,Montipora,0
9/4/2023,23:00,MCAP AMB,Montipora,0
9/4/2023,23:15,MCAP AMB,Montipora,0
9/4/2023,23:30,MCAP AMB,Montipora,0
9/4/2023,23:45,MCAP AMB,Montipora,0
9/4/2023,0:00,MCAP AMB,Montipora,0
9/5/2023,0:15,MCAP AMB,Montipora,0
9/5/2023,0:30,MCAP AMB,Montipora,0
9/5/2023,0:45,MCAP AMB,Montipora,0
9/5/2023,1:00,MCAP AMB,Montipora,0
9/5/2023,1:15,MCAP AMB,Montipora,0
9/5/2023,1:30,MCAP AMB,Montipora,0
9/5/2023,1:45,MCAP AMB,Montipora,0
9/5/2023,2:00,MCAP AMB,Montipora,0
9/5/2023,2:15,MCAP AMB,Montipora,0
9/5/2023,2:30,MCAP AMB,Montipora,0
9/5/2023,2:45,MCAP AMB,Montipora,0
9/5/2023,3:00,MCAP AMB,Montipora,0
9/5/2023,3:15,MCAP AMB,Montipora,0
9/5/2023,3:30,MCAP AMB,Montipora,0
9/5/2023,3:45,MCAP AMB,Montipora,0
9/5/2023,4:00,MCAP AMB,Montipora,0
9/5/2023,4:15,MCAP AMB,Montipora,0
9/5/2023,4:30,MCAP AMB,Montipora,0
9/5/2023,4:45,MCAP AMB,Montipora,0
9/5/2023,5:00,MCAP AMB,Montipora,0
9/5/2023,5:15,MCAP AMB,Montipora,0
9/5/2023,5:30,MCAP AMB,Montipora,0
9/5/2023,5:45,MCAP AMB,Montipora,0
9/5/2023,6:00,MCAP AMB,Montipora,0
9/5/2023,6:15,MCAP AMB,Montipora,0.3
9/5/2023,6:30,MCAP AMB,Montipora,3.4
9/5/2023,6:45,MCAP AMB,Montipora,10.6
9/5/2023,7:00,MCAP AMB,Montipora,26.9
9/5/2023,7:15,MCAP AMB,Montipora,33.6
9/5/2023,7:30,MCAP AMB,Montipora,49.3
9/5/2023,7:45,MCAP AMB,Montipora,37.2
9/5/2023,8:00,MCAP AMB,Montipora,75.2
9/5/2023,8:15,MCAP AMB,Montipora,57.2
9/5/2023,8:30,MCAP AMB,Montipora,64.5
9/5/2023,8:45,MCAP AMB,Montipora,68.8
9/5/2023,10:15,MCAP AMB,Montipora,308.4
9/5/2023,10:30,MCAP AMB,Montipora,139.5
9/5/2023,10:45,MCAP AMB,Montipora,136.7
9/5/2023,11:00,MCAP AMB,Montipora,163.3
9/5/2023,11:15,MCAP AMB,Montipora,191.2
9/5/2023,11:30,MCAP AMB,Montipora,211.7
9/5/2023,11:45,MCAP AMB,Montipora,184.6
9/5/2023,12:00,MCAP AMB,Montipora,251.6
9/5/2023,12:15,MCAP AMB,Montipora,280.5
9/5/2023,12:30,MCAP AMB,Montipora,294.7
9/5/2023,12:45,MCAP AMB,Montipora,374.7
9/5/2023,13:00,MCAP AMB,Montipora,330.1
9/5/2023,13:15,MCAP AMB,Montipora,371.9
9/5/2023,13:30,MCAP AMB,Montipora,358.6
9/5/2023,13:45,MCAP AMB,Montipora,315.2
9/5/2023,14:00,MCAP AMB,Montipora,197.8
9/5/2023,14:15,MCAP AMB,Montipora,217.8
9/5/2023,14:30,MCAP AMB,Montipora,158.4
9/5/2023,14:45,MCAP AMB,Montipora,89.1
9/5/2023,15:00,MCAP AMB,Montipora,93.6
9/5/2023,15:15,MCAP AMB,Montipora,73.5
9/5/2023,15:30,MCAP AMB,Montipora,62.9
9/5/2023,15:45,MCAP AMB,Montipora,60.7
9/5/2023,16:00,MCAP AMB,Montipora,65.7
9/5/2023,16:15,MCAP AMB,Montipora,48.7
9/5/2023,16:30,MCAP AMB,Montipora,50.1
9/5/2023,16:45,MCAP AMB,Montipora,61.6
9/5/2023,17:00,MCAP AMB,Montipora,46.4
9/5/2023,17:15,MCAP AMB,Montipora,35.9
9/5/2023,17:30,MCAP AMB,Montipora,35.2
9/5/2023,17:45,MCAP AMB,Montipora,17.3
9/5/2023,18:00,MCAP AMB,Montipora,11.9
9/5/2023,18:15,MCAP AMB,Montipora,9.4
9/5/2023,18:30,MCAP AMB,Montipora,4.6
9/5/2023,18:45,MCAP AMB,Montipora,1.7
9/5/2023,19:00,MCAP AMB,Montipora,0.3
9/5/2023,19:15,MCAP AMB,Montipora,0
9/5/2023,19:30,MCAP AMB,Montipora,0
9/5/2023,19:45,MCAP AMB,Montipora,0
9/5/2023,20:00,MCAP AMB,Montipora,0
9/5/2023,20:15,MCAP AMB,Montipora,0
9/5/2023,20:30,MCAP AMB,Montipora,0
9/5/2023,20:45,MCAP AMB,Montipora,0
9/5/2023,21:00,MCAP AMB,Montipora,0
9/5/2023,21:15,MCAP AMB,Montipora,0
9/5/2023,21:30,MCAP AMB,Montipora,0
9/5/2023,21:45,MCAP AMB,Montipora,0
9/5/2023,22:00,MCAP AMB,Montipora,0
9/5/2023,22:15,MCAP AMB,Montipora,0
9/5/2023,22:30,MCAP AMB,Montipora,0
9/5/2023,22:45,MCAP AMB,Montipora,0
9/5/2023,23:00,MCAP AMB,Montipora,0
9/5/2023,23:15,MCAP AMB,Montipora,0
9/5/2023,23:30,MCAP AMB,Montipora,0
9/5/2023,23:45,MCAP AMB,Montipora,0
9/5/2023,0:00,MCAP AMB,Montipora,0
9/6/2023,0:15,MCAP AMB,Montipora,0
9/6/2023,0:30,MCAP AMB,Montipora,0
9/6/2023,0:45,MCAP AMB,Montipora,0
9/6/2023,1:00,MCAP AMB,Montipora,0
9/6/2023,1:15,MCAP AMB,Montipora,0
9/6/2023,1:30,MCAP AMB,Montipora,0
9/6/2023,1:45,MCAP AMB,Montipora,0
9/6/2023,2:00,MCAP AMB,Montipora,0
9/6/2023,2:15,MCAP AMB,Montipora,0
9/6/2023,2:30,MCAP AMB,Montipora,0
9/6/2023,2:45,MCAP AMB,Montipora,0
9/6/2023,3:00,MCAP AMB,Montipora,0
9/6/2023,3:15,MCAP AMB,Montipora,0
9/6/2023,3:30,MCAP AMB,Montipora,0
9/6/2023,3:45,MCAP AMB,Montipora,0
9/6/2023,4:00,MCAP AMB,Montipora,0
9/6/2023,4:15,MCAP AMB,Montipora,0
9/6/2023,4:30,MCAP AMB,Montipora,0
9/6/2023,4:45,MCAP AMB,Montipora,0
9/6/2023,5:00,MCAP AMB,Montipora,0
9/6/2023,5:15,MCAP AMB,Montipora,0
9/6/2023,5:30,MCAP AMB,Montipora,0
9/6/2023,5:45,MCAP AMB,Montipora,0
9/6/2023,6:00,MCAP AMB,Montipora,0
9/6/2023,6:15,MCAP AMB,Montipora,0.1
9/6/2023,6:30,MCAP AMB,Montipora,1
9/6/2023,6:45,MCAP AMB,Montipora,4.5
9/6/2023,7:00,MCAP AMB,Montipora,13.8
9/6/2023,7:15,MCAP AMB,Montipora,28.8
9/6/2023,7:30,MCAP AMB,Montipora,46.3
9/6/2023,7:45,MCAP AMB,Montipora,34.5
9/6/2023,8:00,MCAP AMB,Montipora,45.1
9/6/2023,8:15,MCAP AMB,Montipora,60.3
9/6/2023,8:30,MCAP AMB,Montipora,87.2
9/6/2023,8:45,MCAP AMB,Montipora,103.5
9/6/2023,9:00,MCAP AMB,Montipora,91.6
9/6/2023,9:15,MCAP AMB,Montipora,47.5
9/6/2023,9:30,MCAP AMB,Montipora,55.6
9/6/2023,9:45,MCAP AMB,Montipora,51.9
9/6/2023,10:00,MCAP AMB,Montipora,65.1
9/6/2023,10:15,MCAP AMB,Montipora,158.6
9/6/2023,10:30,MCAP AMB,Montipora,283.2
9/6/2023,10:45,MCAP AMB,Montipora,330.5
9/6/2023,11:00,MCAP AMB,Montipora,268.2
9/6/2023,11:15,MCAP AMB,Montipora,155.7
9/6/2023,11:30,MCAP AMB,Montipora,126.6
9/6/2023,11:45,MCAP AMB,Montipora,61.3
9/6/2023,12:00,MCAP AMB,Montipora,68.5
9/6/2023,12:15,MCAP AMB,Montipora,69.5
9/6/2023,12:30,MCAP AMB,Montipora,203.2
9/6/2023,12:45,MCAP AMB,Montipora,228.2
9/6/2023,13:00,MCAP AMB,Montipora,211.4
9/6/2023,13:15,MCAP AMB,Montipora,172.2
9/6/2023,13:30,MCAP AMB,Montipora,340
9/6/2023,13:45,MCAP AMB,Montipora,160.9
9/6/2023,14:00,MCAP AMB,Montipora,138.8
9/6/2023,14:15,MCAP AMB,Montipora,109.6
9/6/2023,14:30,MCAP AMB,Montipora,72.6
9/6/2023,14:45,MCAP AMB,Montipora,53.7
9/6/2023,15:00,MCAP AMB,Montipora,69.2
9/6/2023,15:15,MCAP AMB,Montipora,58.2
9/6/2023,15:30,MCAP AMB,Montipora,49
9/6/2023,15:45,MCAP AMB,Montipora,58.7
9/6/2023,16:00,MCAP AMB,Montipora,50.3
9/6/2023,16:15,MCAP AMB,Montipora,37.4
9/6/2023,16:30,MCAP AMB,Montipora,27.9
9/6/2023,16:45,MCAP AMB,Montipora,32.4
9/6/2023,17:00,MCAP AMB,Montipora,25.4
9/6/2023,17:15,MCAP AMB,Montipora,26.6
9/6/2023,17:30,MCAP AMB,Montipora,23.3
9/6/2023,17:45,MCAP AMB,Montipora,23.3
9/6/2023,18:00,MCAP AMB,Montipora,14.7
9/6/2023,18:15,MCAP AMB,Montipora,7.2
9/6/2023,18:30,MCAP AMB,Montipora,5.2
9/6/2023,18:45,MCAP AMB,Montipora,2.6
9/6/2023,19:00,MCAP AMB,Montipora,0.5
9/6/2023,19:15,MCAP AMB,Montipora,0
9/6/2023,19:30,MCAP AMB,Montipora,0
9/6/2023,19:45,MCAP AMB,Montipora,0
9/6/2023,20:00,MCAP AMB,Montipora,0
9/6/2023,20:15,MCAP AMB,Montipora,0
9/6/2023,20:30,MCAP AMB,Montipora,0
9/6/2023,20:45,MCAP AMB,Montipora,0
9/6/2023,21:00,MCAP AMB,Montipora,0
9/6/2023,21:15,MCAP AMB,Montipora,0
9/6/2023,21:30,MCAP AMB,Montipora,0
9/6/2023,21:45,MCAP AMB,Montipora,0
9/6/2023,22:00,MCAP AMB,Montipora,0
9/6/2023,22:15,MCAP AMB,Montipora,0
9/6/2023,22:30,MCAP AMB,Montipora,0
9/6/2023,22:45,MCAP AMB,Montipora,0
9/6/2023,23:00,MCAP AMB,Montipora,0
9/6/2023,23:15,MCAP AMB,Montipora,0
9/6/2023,23:30,MCAP AMB,Montipora,0
9/6/2023,23:45,MCAP AMB,Montipora,0
9/6/2023,0:00,MCAP AMB,Montipora,0
9/7/2023,0:15,MCAP AMB,Montipora,0
9/7/2023,0:30,MCAP AMB,Montipora,0
9/7/2023,0:45,MCAP AMB,Montipora,0
9/7/2023,1:00,MCAP AMB,Montipora,0
9/7/2023,1:15,MCAP AMB,Montipora,0
9/7/2023,1:30,MCAP AMB,Montipora,0
9/7/2023,1:45,MCAP AMB,Montipora,0
9/7/2023,2:00,MCAP AMB,Montipora,0
9/7/2023,2:15,MCAP AMB,Montipora,0
9/7/2023,2:30,MCAP AMB,Montipora,0
9/7/2023,2:45,MCAP AMB,Montipora,0
9/7/2023,3:00,MCAP AMB,Montipora,0
9/7/2023,3:15,MCAP AMB,Montipora,0
9/7/2023,3:30,MCAP AMB,Montipora,0
9/7/2023,3:45,MCAP AMB,Montipora,0
9/7/2023,4:00,MCAP AMB,Montipora,0
9/7/2023,4:15,MCAP AMB,Montipora,0
9/7/2023,4:30,MCAP AMB,Montipora,0
9/7/2023,4:45,MCAP AMB,Montipora,0
9/7/2023,5:00,MCAP AMB,Montipora,0
9/7/2023,5:15,MCAP AMB,Montipora,0
9/7/2023,5:30,MCAP AMB,Montipora,0
9/7/2023,5:45,MCAP AMB,Montipora,0
9/7/2023,6:00,MCAP AMB,Montipora,0
9/7/2023,6:15,MCAP AMB,Montipora,0.1
9/7/2023,6:30,MCAP AMB,Montipora,2.2
9/7/2023,6:45,MCAP AMB,Montipora,6.2
9/7/2023,7:00,MCAP AMB,Montipora,17.3
9/7/2023,7:15,MCAP AMB,Montipora,48
9/7/2023,7:30,MCAP AMB,Montipora,37.2
9/7/2023,7:45,MCAP AMB,Montipora,87.4
9/7/2023,8:00,MCAP AMB,Montipora,35.1
9/7/2023,8:15,MCAP AMB,Montipora,70.9
9/7/2023,8:30,MCAP AMB,Montipora,62
9/7/2023,8:45,MCAP AMB,Montipora,77.5
9/7/2023,9:00,MCAP AMB,Montipora,99.8
9/7/2023,9:15,MCAP AMB,Montipora,114.5
9/7/2023,9:30,MCAP AMB,Montipora,172.2
9/7/2023,9:45,MCAP AMB,Montipora,249.6
9/7/2023,10:00,MCAP AMB,Montipora,210.9
9/7/2023,10:15,MCAP AMB,Montipora,166.3
9/7/2023,10:30,MCAP AMB,Montipora,204.1
9/7/2023,10:45,MCAP AMB,Montipora,223.8
9/7/2023,11:00,MCAP AMB,Montipora,82
9/7/2023,11:15,MCAP AMB,Montipora,127.7
9/7/2023,11:30,MCAP AMB,Montipora,106.3
9/7/2023,11:45,MCAP AMB,Montipora,134.1
9/7/2023,12:00,MCAP AMB,Montipora,176.6
9/7/2023,12:15,MCAP AMB,Montipora,184
9/7/2023,12:30,MCAP AMB,Montipora,330.1
9/7/2023,12:45,MCAP AMB,Montipora,268.2
9/7/2023,13:00,MCAP AMB,Montipora,305.7
9/7/2023,13:15,MCAP AMB,Montipora,316.2
9/7/2023,13:30,MCAP AMB,Montipora,361.9
9/7/2023,13:45,MCAP AMB,Montipora,342.1
9/7/2023,14:00,MCAP AMB,Montipora,155.2
9/7/2023,14:15,MCAP AMB,Montipora,80.7
9/7/2023,14:30,MCAP AMB,Montipora,74.9
9/7/2023,14:45,MCAP AMB,Montipora,33.6
9/7/2023,15:00,MCAP AMB,Montipora,48.9
9/7/2023,15:15,MCAP AMB,Montipora,48.5
9/7/2023,15:30,MCAP AMB,Montipora,34.2
9/7/2023,15:45,MCAP AMB,Montipora,29.4
9/7/2023,16:00,MCAP AMB,Montipora,40.3
9/7/2023,16:15,MCAP AMB,Montipora,36.7
9/7/2023,16:30,MCAP AMB,Montipora,34.9
9/7/2023,16:45,MCAP AMB,Montipora,40.1
9/7/2023,17:00,MCAP AMB,Montipora,33.2
9/7/2023,17:15,MCAP AMB,Montipora,29.2
9/7/2023,17:30,MCAP AMB,Montipora,29
9/7/2023,17:45,MCAP AMB,Montipora,11.3
9/7/2023,18:00,MCAP AMB,Montipora,10.9
9/7/2023,18:15,MCAP AMB,Montipora,8.3
9/7/2023,18:30,MCAP AMB,Montipora,4.6
9/7/2023,18:45,MCAP AMB,Montipora,2.3
9/7/2023,19:00,MCAP AMB,Montipora,0.2
9/7/2023,19:15,MCAP AMB,Montipora,0
9/7/2023,19:30,MCAP AMB,Montipora,0
9/7/2023,19:45,MCAP AMB,Montipora,0
9/7/2023,20:00,MCAP AMB,Montipora,0
9/7/2023,20:15,MCAP AMB,Montipora,0
9/7/2023,20:30,MCAP AMB,Montipora,0
9/7/2023,20:45,MCAP AMB,Montipora,0
9/7/2023,21:00,MCAP AMB,Montipora,0
9/7/2023,21:15,MCAP AMB,Montipora,0
9/7/2023,21:30,MCAP AMB,Montipora,0
9/7/2023,21:45,MCAP AMB,Montipora,0
9/7/2023,22:00,MCAP AMB,Montipora,0
9/7/2023,22:15,MCAP AMB,Montipora,0
9/7/2023,22:30,MCAP AMB,Montipora,0
9/7/2023,22:45,MCAP AMB,Montipora,0
9/7/2023,23:00,MCAP AMB,Montipora,0
9/7/2023,23:15,MCAP AMB,Montipora,0
9/7/2023,23:30,MCAP AMB,Montipora,0
9/7/2023,23:45,MCAP AMB,Montipora,0
9/7/2023,0:00,MCAP AMB,Montipora,0
9/8/2023,0:15,MCAP AMB,Montipora,0
9/8/2023,0:30,MCAP AMB,Montipora,0
9/8/2023,0:45,MCAP AMB,Montipora,0
9/8/2023,1:00,MCAP AMB,Montipora,0
9/8/2023,1:15,MCAP AMB,Montipora,0
9/8/2023,1:30,MCAP AMB,Montipora,0
9/8/2023,1:45,MCAP AMB,Montipora,0
9/8/2023,2:00,MCAP AMB,Montipora,0
9/8/2023,2:15,MCAP AMB,Montipora,0
9/8/2023,2:30,MCAP AMB,Montipora,0
9/8/2023,2:45,MCAP AMB,Montipora,0
9/8/2023,3:00,MCAP AMB,Montipora,0
9/8/2023,3:15,MCAP AMB,Montipora,0
9/8/2023,3:30,MCAP AMB,Montipora,0
9/8/2023,3:45,MCAP AMB,Montipora,0
9/8/2023,4:00,MCAP AMB,Montipora,0
9/8/2023,4:15,MCAP AMB,Montipora,0
9/8/2023,4:30,MCAP AMB,Montipora,0
9/8/2023,4:45,MCAP AMB,Montipora,0
9/8/2023,5:00,MCAP AMB,Montipora,0
9/8/2023,5:15,MCAP AMB,Montipora,0
9/8/2023,5:30,MCAP AMB,Montipora,0
9/8/2023,5:45,MCAP AMB,Montipora,0
9/8/2023,6:00,MCAP AMB,Montipora,0
9/8/2023,6:15,MCAP AMB,Montipora,0.1
9/8/2023,6:30,MCAP AMB,Montipora,2.3
9/8/2023,6:45,MCAP AMB,Montipora,7.4
9/8/2023,7:00,MCAP AMB,Montipora,17.6
9/8/2023,7:15,MCAP AMB,Montipora,60.9
9/8/2023,7:30,MCAP AMB,Montipora,74.1
9/8/2023,7:45,MCAP AMB,Montipora,42.3
9/8/2023,8:00,MCAP AMB,Montipora,51.6
9/8/2023,8:15,MCAP AMB,Montipora,46
9/8/2023,8:30,MCAP AMB,Montipora,72.4
9/8/2023,8:45,MCAP AMB,Montipora,68.7
9/8/2023,9:00,MCAP AMB,Montipora,92.2
9/8/2023,9:15,MCAP AMB,Montipora,74.8
9/8/2023,9:30,MCAP AMB,Montipora,110.9
9/8/2023,9:45,MCAP AMB,Montipora,249.2
9/8/2023,10:00,MCAP AMB,Montipora,214.5
9/8/2023,10:15,MCAP AMB,Montipora,184.7
9/8/2023,10:30,MCAP AMB,Montipora,307.3
9/8/2023,10:45,MCAP AMB,Montipora,255
9/8/2023,11:00,MCAP AMB,Montipora,171.8
9/8/2023,11:15,MCAP AMB,Montipora,337.4
9/8/2023,11:30,MCAP AMB,Montipora,372.1
9/8/2023,11:45,MCAP AMB,Montipora,378.9
9/8/2023,12:00,MCAP AMB,Montipora,381.6
9/8/2023,12:15,MCAP AMB,Montipora,379.9
9/8/2023,12:30,MCAP AMB,Montipora,160.8
9/8/2023,12:45,MCAP AMB,Montipora,161
9/8/2023,13:00,MCAP AMB,Montipora,115.2
9/8/2023,13:15,MCAP AMB,Montipora,79.4
9/8/2023,13:30,MCAP AMB,Montipora,164.5
9/8/2023,13:45,MCAP AMB,Montipora,65.6
9/8/2023,14:00,MCAP AMB,Montipora,63.2
9/8/2023,14:15,MCAP AMB,Montipora,93.8
9/8/2023,14:30,MCAP AMB,Montipora,53
9/8/2023,14:45,MCAP AMB,Montipora,52.9
9/8/2023,15:00,MCAP AMB,Montipora,64.1
9/8/2023,15:15,MCAP AMB,Montipora,64.7
9/8/2023,15:30,MCAP AMB,Montipora,41.4
9/8/2023,15:45,MCAP AMB,Montipora,61.3
9/8/2023,16:00,MCAP AMB,Montipora,64.3
9/8/2023,16:15,MCAP AMB,Montipora,41.9
9/8/2023,16:30,MCAP AMB,Montipora,17.7
9/8/2023,16:45,MCAP AMB,Montipora,16.3
9/8/2023,17:00,MCAP AMB,Montipora,16.9
9/8/2023,17:15,MCAP AMB,Montipora,24.3
9/8/2023,17:30,MCAP AMB,Montipora,22.2
9/8/2023,17:45,MCAP AMB,Montipora,17.5
9/8/2023,18:00,MCAP AMB,Montipora,12.4
9/8/2023,18:15,MCAP AMB,Montipora,10.3
9/8/2023,18:30,MCAP AMB,Montipora,6.1
9/8/2023,18:45,MCAP AMB,Montipora,1.8
9/8/2023,19:00,MCAP AMB,Montipora,0.2
9/8/2023,19:15,MCAP AMB,Montipora,0
9/8/2023,19:30,MCAP AMB,Montipora,0
9/8/2023,19:45,MCAP AMB,Montipora,0
9/8/2023,20:00,MCAP AMB,Montipora,0
9/8/2023,20:15,MCAP AMB,Montipora,0
9/8/2023,20:30,MCAP AMB,Montipora,0
9/8/2023,20:45,MCAP AMB,Montipora,0
9/8/2023,21:00,MCAP AMB,Montipora,0
9/8/2023,21:15,MCAP AMB,Montipora,0
9/8/2023,21:30,MCAP AMB,Montipora,0
9/8/2023,21:45,MCAP AMB,Montipora,0
9/8/2023,22:00,MCAP AMB,Montipora,0
9/8/2023,22:15,MCAP AMB,Montipora,0
9/8/2023,22:30,MCAP AMB,Montipora,0
9/8/2023,22:45,MCAP AMB,Montipora,0
9/8/2023,23:00,MCAP AMB,Montipora,0
9/8/2023,23:15,MCAP AMB,Montipora,0
9/8/2023,23:30,MCAP AMB,Montipora,0
9/8/2023,23:45,MCAP AMB,Montipora,0
9/8/2023,0:00,MCAP AMB,Montipora,0
9/9/2023,0:15,MCAP AMB,Montipora,0
9/9/2023,0:30,MCAP AMB,Montipora,0
9/9/2023,0:45,MCAP AMB,Montipora,0
9/9/2023,1:00,MCAP AMB,Montipora,0
9/9/2023,1:15,MCAP AMB,Montipora,0
9/9/2023,1:30,MCAP AMB,Montipora,0
9/9/2023,1:45,MCAP AMB,Montipora,0
9/9/2023,2:00,MCAP AMB,Montipora,0
9/9/2023,2:15,MCAP AMB,Montipora,0
9/9/2023,2:30,MCAP AMB,Montipora,0
9/9/2023,2:45,MCAP AMB,Montipora,0
9/9/2023,3:00,MCAP AMB,Montipora,0
9/9/2023,3:15,MCAP AMB,Montipora,0
9/9/2023,3:30,MCAP AMB,Montipora,0
9/9/2023,3:45,MCAP AMB,Montipora,0
9/9/2023,4:00,MCAP AMB,Montipora,0
9/9/2023,4:15,MCAP AMB,Montipora,0
9/9/2023,4:30,MCAP AMB,Montipora,0
9/9/2023,4:45,MCAP AMB,Montipora,0
9/9/2023,5:00,MCAP AMB,Montipora,0
9/9/2023,5:15,MCAP AMB,Montipora,0
9/9/2023,5:30,MCAP AMB,Montipora,0
9/9/2023,5:45,MCAP AMB,Montipora,0
9/9/2023,6:00,MCAP AMB,Montipora,0
9/9/2023,6:15,MCAP AMB,Montipora,0
9/9/2023,6:30,MCAP AMB,Montipora,1.8
9/9/2023,6:45,MCAP AMB,Montipora,9.2
9/9/2023,7:00,MCAP AMB,Montipora,30.2
9/9/2023,7:15,MCAP AMB,Montipora,50.9
9/9/2023,7:30,MCAP AMB,Montipora,35.8
9/9/2023,7:45,MCAP AMB,Montipora,30.1
9/9/2023,8:00,MCAP AMB,Montipora,73.9
9/9/2023,8:15,MCAP AMB,Montipora,67.7
9/9/2023,8:30,MCAP AMB,Montipora,84.6
9/9/2023,8:45,MCAP AMB,Montipora,94
9/9/2023,9:00,MCAP AMB,Montipora,94.5
9/9/2023,9:15,MCAP AMB,Montipora,108.1
9/9/2023,9:30,MCAP AMB,Montipora,112.6
9/9/2023,9:45,MCAP AMB,Montipora,115.1
9/9/2023,10:00,MCAP AMB,Montipora,163.9
9/9/2023,10:15,MCAP AMB,Montipora,187.5
9/9/2023,10:30,MCAP AMB,Montipora,182
9/9/2023,10:45,MCAP AMB,Montipora,185.5
9/9/2023,11:00,MCAP AMB,Montipora,81.1
9/9/2023,11:15,MCAP AMB,Montipora,101.2
9/9/2023,11:30,MCAP AMB,Montipora,237.6
9/9/2023,11:45,MCAP AMB,Montipora,134.1
9/9/2023,12:00,MCAP AMB,Montipora,141
9/9/2023,12:15,MCAP AMB,Montipora,153.5
9/9/2023,12:30,MCAP AMB,Montipora,158.2
9/9/2023,12:45,MCAP AMB,Montipora,110.2
9/9/2023,13:00,MCAP AMB,Montipora,126.3
9/9/2023,13:15,MCAP AMB,Montipora,155.2
9/9/2023,13:30,MCAP AMB,Montipora,141
9/9/2023,13:45,MCAP AMB,Montipora,120.6
9/9/2023,14:00,MCAP AMB,Montipora,94.9
9/9/2023,14:15,MCAP AMB,Montipora,114.1
9/9/2023,14:30,MCAP AMB,Montipora,102
9/9/2023,14:45,MCAP AMB,Montipora,59.2
9/9/2023,15:00,MCAP AMB,Montipora,62.7
9/9/2023,15:15,MCAP AMB,Montipora,38.7
9/9/2023,15:30,MCAP AMB,Montipora,39.3
9/9/2023,15:45,MCAP AMB,Montipora,59.2
9/9/2023,16:00,MCAP AMB,Montipora,43.6
9/9/2023,16:15,MCAP AMB,Montipora,55.4
9/9/2023,16:30,MCAP AMB,Montipora,51.3
9/9/2023,16:45,MCAP AMB,Montipora,43.7
9/9/2023,17:00,MCAP AMB,Montipora,43.8
9/9/2023,17:15,MCAP AMB,Montipora,44
9/9/2023,17:30,MCAP AMB,Montipora,25.8
9/9/2023,17:45,MCAP AMB,Montipora,21.2
9/9/2023,18:00,MCAP AMB,Montipora,9.8
9/9/2023,18:15,MCAP AMB,Montipora,9.3
9/9/2023,18:30,MCAP AMB,Montipora,5.4
9/9/2023,18:45,MCAP AMB,Montipora,1.4
9/9/2023,19:00,MCAP AMB,Montipora,0.1
9/9/2023,19:15,MCAP AMB,Montipora,0
9/9/2023,19:30,MCAP AMB,Montipora,0
9/9/2023,19:45,MCAP AMB,Montipora,0
9/9/2023,20:00,MCAP AMB,Montipora,0
9/9/2023,20:15,MCAP AMB,Montipora,0
9/9/2023,20:30,MCAP AMB,Montipora,0
9/9/2023,20:45,MCAP AMB,Montipora,0
9/9/2023,21:00,MCAP AMB,Montipora,0
9/9/2023,21:15,MCAP AMB,Montipora,0
9/9/2023,21:30,MCAP AMB,Montipora,0
9/9/2023,21:45,MCAP AMB,Montipora,0
9/9/2023,22:00,MCAP AMB,Montipora,0
9/9/2023,22:15,MCAP AMB,Montipora,0
9/9/2023,22:30,MCAP AMB,Montipora,0
9/9/2023,22:45,MCAP AMB,Montipora,0
9/9/2023,23:00,MCAP AMB,Montipora,0
9/9/2023,23:15,MCAP AMB,Montipora,0
9/9/2023,23:30,MCAP AMB,Montipora,0
9/9/2023,23:45,MCAP AMB,Montipora,0
9/9/2023,0:00,MCAP AMB,Montipora,0
9/10/2023,0:15,MCAP AMB,Montipora,0
9/10/2023,0:30,MCAP AMB,Montipora,0
9/10/2023,0:45,MCAP AMB,Montipora,0
9/10/2023,1:00,MCAP AMB,Montipora,0
9/10/2023,1:15,MCAP AMB,Montipora,0
9/10/2023,1:30,MCAP AMB,Montipora,0
9/10/2023,1:45,MCAP AMB,Montipora,0
9/10/2023,2:00,MCAP AMB,Montipora,0
9/10/2023,2:15,MCAP AMB,Montipora,0
9/10/2023,2:30,MCAP AMB,Montipora,0
9/10/2023,2:45,MCAP AMB,Montipora,0
9/10/2023,3:00,MCAP AMB,Montipora,0
9/10/2023,3:15,MCAP AMB,Montipora,0
9/10/2023,3:30,MCAP AMB,Montipora,0
9/10/2023,3:45,MCAP AMB,Montipora,0
9/10/2023,4:00,MCAP AMB,Montipora,0
9/10/2023,4:15,MCAP AMB,Montipora,0
9/10/2023,4:30,MCAP AMB,Montipora,0
9/10/2023,4:45,MCAP AMB,Montipora,0
9/10/2023,5:00,MCAP AMB,Montipora,0
9/10/2023,5:15,MCAP AMB,Montipora,0
9/10/2023,5:30,MCAP AMB,Montipora,0
9/10/2023,5:45,MCAP AMB,Montipora,0
9/10/2023,6:00,MCAP AMB,Montipora,0
9/10/2023,6:15,MCAP AMB,Montipora,0
9/10/2023,6:30,MCAP AMB,Montipora,0.8
9/10/2023,6:45,MCAP AMB,Montipora,7.1
9/10/2023,7:00,MCAP AMB,Montipora,24.4
9/10/2023,7:15,MCAP AMB,Montipora,42
9/10/2023,7:30,MCAP AMB,Montipora,61.5
9/10/2023,7:45,MCAP AMB,Montipora,43.4
9/10/2023,8:00,MCAP AMB,Montipora,43.2
9/10/2023,8:15,MCAP AMB,Montipora,31.2
9/10/2023,8:30,MCAP AMB,Montipora,54.7
9/10/2023,8:45,MCAP AMB,Montipora,49.7
9/10/2023,9:00,MCAP AMB,Montipora,71.9
9/10/2023,9:15,MCAP AMB,Montipora,78.8
9/10/2023,9:30,MCAP AMB,Montipora,71.4
9/10/2023,9:45,MCAP AMB,Montipora,55.6
9/10/2023,10:00,MCAP AMB,Montipora,150.4
9/10/2023,10:15,MCAP AMB,Montipora,135.1
9/10/2023,10:30,MCAP AMB,Montipora,227.9
9/10/2023,10:45,MCAP AMB,Montipora,266.7
9/10/2023,11:00,MCAP AMB,Montipora,229.2
9/10/2023,11:15,MCAP AMB,Montipora,269.1
9/10/2023,11:30,MCAP AMB,Montipora,285.5
9/10/2023,11:45,MCAP AMB,Montipora,320
9/10/2023,12:00,MCAP AMB,Montipora,295.3
9/10/2023,12:15,MCAP AMB,Montipora,298.6
9/10/2023,12:30,MCAP AMB,Montipora,310.6
9/10/2023,12:45,MCAP AMB,Montipora,288.6
9/10/2023,13:00,MCAP AMB,Montipora,242
9/10/2023,13:15,MCAP AMB,Montipora,316.4
9/10/2023,13:30,MCAP AMB,Montipora,260.2
9/10/2023,13:45,MCAP AMB,Montipora,123.5
9/10/2023,14:00,MCAP AMB,Montipora,71.2
9/10/2023,14:15,MCAP AMB,Montipora,93.4
9/10/2023,14:30,MCAP AMB,Montipora,84
9/10/2023,14:45,MCAP AMB,Montipora,42.9
9/10/2023,15:00,MCAP AMB,Montipora,46
9/10/2023,15:15,MCAP AMB,Montipora,45.6
9/10/2023,15:30,MCAP AMB,Montipora,28.9
9/10/2023,15:45,MCAP AMB,Montipora,30.1
9/10/2023,16:00,MCAP AMB,Montipora,36.4
9/10/2023,16:15,MCAP AMB,Montipora,30.2
9/10/2023,16:30,MCAP AMB,Montipora,22.6
9/10/2023,16:45,MCAP AMB,Montipora,20.9
9/10/2023,17:00,MCAP AMB,Montipora,21.2
9/10/2023,17:15,MCAP AMB,Montipora,17.3
9/10/2023,17:30,MCAP AMB,Montipora,9.5
9/10/2023,17:45,MCAP AMB,Montipora,10.4
9/10/2023,18:00,MCAP AMB,Montipora,9.2
9/10/2023,18:15,MCAP AMB,Montipora,6.6
9/10/2023,18:30,MCAP AMB,Montipora,3.4
9/10/2023,18:45,MCAP AMB,Montipora,1.1
9/10/2023,19:00,MCAP AMB,Montipora,0.1
9/10/2023,19:15,MCAP AMB,Montipora,0
9/10/2023,19:30,MCAP AMB,Montipora,0
9/10/2023,19:45,MCAP AMB,Montipora,0
9/10/2023,20:00,MCAP AMB,Montipora,0
9/10/2023,20:15,MCAP AMB,Montipora,0
9/10/2023,20:30,MCAP AMB,Montipora,0
9/10/2023,20:45,MCAP AMB,Montipora,0
9/10/2023,21:00,MCAP AMB,Montipora,0
9/10/2023,21:15,MCAP AMB,Montipora,0
9/10/2023,21:30,MCAP AMB,Montipora,0
9/10/2023,21:45,MCAP AMB,Montipora,0
9/10/2023,22:00,MCAP AMB,Montipora,0
9/10/2023,22:15,MCAP AMB,Montipora,0
9/10/2023,22:30,MCAP AMB,Montipora,0
9/10/2023,22:45,MCAP AMB,Montipora,0
9/10/2023,23:00,MCAP AMB,Montipora,0
9/10/2023,23:15,MCAP AMB,Montipora,0
9/10/2023,23:30,MCAP AMB,Montipora,0
9/10/2023,23:45,MCAP AMB,Montipora,0
9/10/2023,0:00,MCAP AMB,Montipora,0
9/11/2023,0:15,MCAP AMB,Montipora,0
9/11/2023,0:30,MCAP AMB,Montipora,0
9/11/2023,0:45,MCAP AMB,Montipora,0
9/11/2023,1:00,MCAP AMB,Montipora,0
9/11/2023,1:15,MCAP AMB,Montipora,0
9/11/2023,1:30,MCAP AMB,Montipora,0
9/11/2023,1:45,MCAP AMB,Montipora,0
9/11/2023,2:00,MCAP AMB,Montipora,0
9/11/2023,2:15,MCAP AMB,Montipora,0
9/11/2023,2:30,MCAP AMB,Montipora,0
9/11/2023,2:45,MCAP AMB,Montipora,0
9/11/2023,3:00,MCAP AMB,Montipora,0
9/11/2023,3:15,MCAP AMB,Montipora,0
9/11/2023,3:30,MCAP AMB,Montipora,0
9/11/2023,3:45,MCAP AMB,Montipora,0
9/11/2023,4:00,MCAP AMB,Montipora,0
9/11/2023,4:15,MCAP AMB,Montipora,0
9/11/2023,4:30,MCAP AMB,Montipora,0
9/11/2023,4:45,MCAP AMB,Montipora,0
9/11/2023,5:00,MCAP AMB,Montipora,0
9/11/2023,5:15,MCAP AMB,Montipora,0
9/11/2023,5:30,MCAP AMB,Montipora,0
9/11/2023,5:45,MCAP AMB,Montipora,0
9/11/2023,6:00,MCAP AMB,Montipora,0
9/11/2023,6:15,MCAP AMB,Montipora,0.1
9/11/2023,6:30,MCAP AMB,Montipora,1.1
9/11/2023,6:45,MCAP AMB,Montipora,4.4
9/11/2023,7:00,MCAP AMB,Montipora,7.5
9/11/2023,7:15,MCAP AMB,Montipora,20.8
9/11/2023,7:30,MCAP AMB,Montipora,51.2
9/11/2023,7:45,MCAP AMB,Montipora,47.2
9/11/2023,8:00,MCAP AMB,Montipora,52.3
9/11/2023,8:15,MCAP AMB,Montipora,64.1
9/11/2023,8:30,MCAP AMB,Montipora,45.3
9/11/2023,8:45,MCAP AMB,Montipora,53.5
9/11/2023,9:00,MCAP AMB,Montipora,79
9/11/2023,9:15,MCAP AMB,Montipora,119.8
9/11/2023,9:30,MCAP AMB,Montipora,172.6
9/11/2023,9:45,MCAP AMB,Montipora,135.4
9/11/2023,10:00,MCAP AMB,Montipora,171.1
9/11/2023,10:15,MCAP AMB,Montipora,146.6
9/11/2023,10:30,MCAP AMB,Montipora,264.7
9/11/2023,10:45,MCAP AMB,Montipora,255.7
9/11/2023,11:00,MCAP AMB,Montipora,232.5
9/11/2023,11:15,MCAP AMB,Montipora,231.9
9/11/2023,11:30,MCAP AMB,Montipora,287.8
9/11/2023,11:45,MCAP AMB,Montipora,327.4
9/11/2023,12:00,MCAP AMB,Montipora,319.2
9/11/2023,12:15,MCAP AMB,Montipora,143.1
9/11/2023,12:30,MCAP AMB,Montipora,254.6
9/11/2023,12:45,MCAP AMB,Montipora,388.1
9/11/2023,13:00,MCAP AMB,Montipora,399.3
9/11/2023,13:15,MCAP AMB,Montipora,379.8
9/11/2023,13:30,MCAP AMB,Montipora,252.3
9/11/2023,13:45,MCAP AMB,Montipora,147
9/11/2023,14:00,MCAP AMB,Montipora,145.7
9/11/2023,14:15,MCAP AMB,Montipora,145
9/11/2023,14:30,MCAP AMB,Montipora,137.9
9/11/2023,14:45,MCAP AMB,Montipora,63.6
9/11/2023,15:00,MCAP AMB,Montipora,56
9/11/2023,15:15,MCAP AMB,Montipora,61.1
9/11/2023,15:30,MCAP AMB,Montipora,52
9/11/2023,15:45,MCAP AMB,Montipora,44.3
9/11/2023,16:00,MCAP AMB,Montipora,35.2
9/11/2023,16:15,MCAP AMB,Montipora,47.7
9/11/2023,16:30,MCAP AMB,Montipora,53.9
9/11/2023,16:45,MCAP AMB,Montipora,36.4
9/11/2023,17:00,MCAP AMB,Montipora,26
9/11/2023,17:15,MCAP AMB,Montipora,23.1
9/11/2023,17:30,MCAP AMB,Montipora,19.8
9/11/2023,17:45,MCAP AMB,Montipora,14.7
9/11/2023,18:00,MCAP AMB,Montipora,10.1
9/11/2023,18:15,MCAP AMB,Montipora,5.5
9/11/2023,18:30,MCAP AMB,Montipora,3.5
9/11/2023,18:45,MCAP AMB,Montipora,1.1
9/11/2023,19:00,MCAP AMB,Montipora,0
9/11/2023,19:15,MCAP AMB,Montipora,0
9/11/2023,19:30,MCAP AMB,Montipora,0
9/11/2023,19:45,MCAP AMB,Montipora,0
9/11/2023,20:00,MCAP AMB,Montipora,0
9/11/2023,20:15,MCAP AMB,Montipora,0
9/11/2023,20:30,MCAP AMB,Montipora,0
9/11/2023,20:45,MCAP AMB,Montipora,0
9/11/2023,21:00,MCAP AMB,Montipora,0
9/11/2023,21:15,MCAP AMB,Montipora,0
9/11/2023,21:30,MCAP AMB,Montipora,0
9/11/2023,21:45,MCAP AMB,Montipora,0
9/11/2023,22:00,MCAP AMB,Montipora,0
9/11/2023,22:15,MCAP AMB,Montipora,0
9/11/2023,22:30,MCAP AMB,Montipora,0
9/11/2023,22:45,MCAP AMB,Montipora,0
9/11/2023,23:00,MCAP AMB,Montipora,0
9/11/2023,23:15,MCAP AMB,Montipora,0
9/11/2023,23:30,MCAP AMB,Montipora,0
9/11/2023,23:45,MCAP AMB,Montipora,0
9/11/2023,0:00,MCAP AMB,Montipora,0
9/12/2023,0:15,MCAP AMB,Montipora,0
9/12/2023,0:30,MCAP AMB,Montipora,0
9/12/2023,0:45,MCAP AMB,Montipora,0
9/12/2023,1:00,MCAP AMB,Montipora,0
9/12/2023,1:15,MCAP AMB,Montipora,0
9/12/2023,1:30,MCAP AMB,Montipora,0
9/12/2023,1:45,MCAP AMB,Montipora,0
9/12/2023,2:00,MCAP AMB,Montipora,0
9/12/2023,2:15,MCAP AMB,Montipora,0
9/12/2023,2:30,MCAP AMB,Montipora,0
9/12/2023,2:45,MCAP AMB,Montipora,0
9/12/2023,3:00,MCAP AMB,Montipora,0
9/12/2023,3:15,MCAP AMB,Montipora,0
9/12/2023,3:30,MCAP AMB,Montipora,0
9/12/2023,3:45,MCAP AMB,Montipora,0
9/12/2023,4:00,MCAP AMB,Montipora,0
9/12/2023,4:15,MCAP AMB,Montipora,0
9/12/2023,4:30,MCAP AMB,Montipora,0
9/12/2023,4:45,MCAP AMB,Montipora,0
9/12/2023,5:00,MCAP AMB,Montipora,0
9/12/2023,5:15,MCAP AMB,Montipora,0
9/12/2023,5:30,MCAP AMB,Montipora,0
9/12/2023,5:45,MCAP AMB,Montipora,0
9/12/2023,6:00,MCAP AMB,Montipora,0
9/12/2023,6:15,MCAP AMB,Montipora,0
9/12/2023,6:30,MCAP AMB,Montipora,0.6
9/12/2023,6:45,MCAP AMB,Montipora,3.1
9/12/2023,7:00,MCAP AMB,Montipora,8.6
9/12/2023,7:15,MCAP AMB,Montipora,13.5
9/12/2023,7:30,MCAP AMB,Montipora,20.4
9/12/2023,7:45,MCAP AMB,Montipora,32
9/12/2023,8:00,MCAP AMB,Montipora,37.1
9/12/2023,8:15,MCAP AMB,Montipora,49.4
9/12/2023,8:30,MCAP AMB,Montipora,70.5
9/12/2023,8:45,MCAP AMB,Montipora,99.8
9/12/2023,9:00,MCAP AMB,Montipora,107.5
9/12/2023,9:15,MCAP AMB,Montipora,139.7
9/12/2023,9:30,MCAP AMB,Montipora,145.4
9/12/2023,9:45,MCAP AMB,Montipora,135.8
9/12/2023,10:00,MCAP AMB,Montipora,168.9
9/12/2023,10:15,MCAP AMB,Montipora,274.1
9/12/2023,10:30,MCAP AMB,Montipora,273.8
9/12/2023,10:45,MCAP AMB,Montipora,315.9
9/12/2023,11:00,MCAP AMB,Montipora,257.9
9/12/2023,11:15,MCAP AMB,Montipora,319.7
9/12/2023,11:30,MCAP AMB,Montipora,340.1
9/12/2023,11:45,MCAP AMB,Montipora,357.8
9/12/2023,12:00,MCAP AMB,Montipora,363.9
9/12/2023,12:15,MCAP AMB,Montipora,333.9
9/12/2023,12:30,MCAP AMB,Montipora,212.4
9/12/2023,12:45,MCAP AMB,Montipora,153.3
9/12/2023,13:00,MCAP AMB,Montipora,155.7
9/12/2023,13:15,MCAP AMB,Montipora,283.8
9/12/2023,13:30,MCAP AMB,Montipora,222.7
9/12/2023,13:45,MCAP AMB,Montipora,97.1
9/12/2023,14:00,MCAP AMB,Montipora,67.7
9/12/2023,14:15,MCAP AMB,Montipora,72.3
9/12/2023,14:30,MCAP AMB,Montipora,56
9/12/2023,14:45,MCAP AMB,Montipora,49.1
9/12/2023,15:00,MCAP AMB,Montipora,39.4
9/12/2023,15:15,MCAP AMB,Montipora,42.4
9/12/2023,15:30,MCAP AMB,Montipora,34.3
9/12/2023,15:45,MCAP AMB,Montipora,32.2
9/12/2023,16:00,MCAP AMB,Montipora,46.2
9/12/2023,16:15,MCAP AMB,Montipora,26.6
9/12/2023,16:30,MCAP AMB,Montipora,20.3
9/12/2023,16:45,MCAP AMB,Montipora,17.6
9/12/2023,17:00,MCAP AMB,Montipora,16.2
9/12/2023,17:15,MCAP AMB,Montipora,14.3
9/12/2023,17:30,MCAP AMB,Montipora,10.6
9/12/2023,17:45,MCAP AMB,Montipora,11.3
9/12/2023,18:00,MCAP AMB,Montipora,9.9
9/12/2023,18:15,MCAP AMB,Montipora,4.7
9/12/2023,18:30,MCAP AMB,Montipora,2.5
9/12/2023,18:45,MCAP AMB,Montipora,0.8
9/12/2023,19:00,MCAP AMB,Montipora,0
9/12/2023,19:15,MCAP AMB,Montipora,0
9/12/2023,19:30,MCAP AMB,Montipora,0
9/12/2023,19:45,MCAP AMB,Montipora,0
9/12/2023,20:00,MCAP AMB,Montipora,0
9/12/2023,20:15,MCAP AMB,Montipora,0
9/12/2023,20:30,MCAP AMB,Montipora,0
9/12/2023,20:45,MCAP AMB,Montipora,0
9/12/2023,21:00,MCAP AMB,Montipora,0
9/12/2023,21:15,MCAP AMB,Montipora,0
9/12/2023,21:30,MCAP AMB,Montipora,0
9/12/2023,21:45,MCAP AMB,Montipora,0
9/12/2023,22:00,MCAP AMB,Montipora,0
9/12/2023,22:15,MCAP AMB,Montipora,0
9/12/2023,22:30,MCAP AMB,Montipora,0
9/12/2023,22:45,MCAP AMB,Montipora,0
9/12/2023,23:00,MCAP AMB,Montipora,0
9/12/2023,23:15,MCAP AMB,Montipora,0
9/12/2023,23:30,MCAP AMB,Montipora,0
9/12/2023,23:45,MCAP AMB,Montipora,0
9/12/2023,0:00,MCAP AMB,Montipora,0
9/13/2023,0:15,MCAP AMB,Montipora,0
9/13/2023,0:30,MCAP AMB,Montipora,0
9/13/2023,0:45,MCAP AMB,Montipora,0
9/13/2023,1:00,MCAP AMB,Montipora,0
9/13/2023,1:15,MCAP AMB,Montipora,0
9/13/2023,1:30,MCAP AMB,Montipora,0
9/13/2023,1:45,MCAP AMB,Montipora,0
9/13/2023,2:00,MCAP AMB,Montipora,0
9/13/2023,2:15,MCAP AMB,Montipora,0
9/13/2023,2:30,MCAP AMB,Montipora,0
9/13/2023,2:45,MCAP AMB,Montipora,0
9/13/2023,3:00,MCAP AMB,Montipora,0
9/13/2023,3:15,MCAP AMB,Montipora,0
9/13/2023,3:30,MCAP AMB,Montipora,0
9/13/2023,3:45,MCAP AMB,Montipora,0
9/13/2023,4:00,MCAP AMB,Montipora,0
9/13/2023,4:15,MCAP AMB,Montipora,0
9/13/2023,4:30,MCAP AMB,Montipora,0
9/13/2023,4:45,MCAP AMB,Montipora,0
9/13/2023,5:00,MCAP AMB,Montipora,0
9/13/2023,5:15,MCAP AMB,Montipora,0
9/13/2023,5:30,MCAP AMB,Montipora,0
9/13/2023,5:45,MCAP AMB,Montipora,0
9/13/2023,6:00,MCAP AMB,Montipora,0
9/13/2023,6:15,MCAP AMB,Montipora,0
9/13/2023,6:30,MCAP AMB,Montipora,1.1
9/13/2023,6:45,MCAP AMB,Montipora,7.3
9/13/2023,7:00,MCAP AMB,Montipora,17.6
9/13/2023,7:15,MCAP AMB,Montipora,40.2
9/13/2023,7:30,MCAP AMB,Montipora,59.3
9/13/2023,7:45,MCAP AMB,Montipora,28.5
9/13/2023,8:00,MCAP AMB,Montipora,46.4
9/13/2023,8:15,MCAP AMB,Montipora,64
9/13/2023,8:30,MCAP AMB,Montipora,70.6
9/13/2023,8:45,MCAP AMB,Montipora,61
9/13/2023,9:00,MCAP AMB,Montipora,90.9
9/13/2023,9:15,MCAP AMB,Montipora,121.1
9/13/2023,9:30,MCAP AMB,Montipora,94.3
9/13/2023,9:45,MCAP AMB,Montipora,127.7
9/13/2023,10:00,MCAP AMB,Montipora,169.9
9/13/2023,10:15,MCAP AMB,Montipora,164.7
9/13/2023,10:30,MCAP AMB,Montipora,104.2
9/13/2023,10:45,MCAP AMB,Montipora,91.7
9/13/2023,11:00,MCAP AMB,Montipora,108.5
9/13/2023,11:15,MCAP AMB,Montipora,199.6
9/13/2023,11:30,MCAP AMB,Montipora,206.9
9/13/2023,11:45,MCAP AMB,Montipora,119.9
9/13/2023,12:00,MCAP AMB,Montipora,145.5
9/13/2023,12:15,MCAP AMB,Montipora,138.9
9/13/2023,12:30,MCAP AMB,Montipora,146.5
9/13/2023,12:45,MCAP AMB,Montipora,152.7
9/13/2023,13:00,MCAP AMB,Montipora,115.9
9/13/2023,13:15,MCAP AMB,Montipora,135.8
9/13/2023,13:30,MCAP AMB,Montipora,162.9
9/13/2023,13:45,MCAP AMB,Montipora,177.8
9/13/2023,14:00,MCAP AMB,Montipora,152.7
9/13/2023,14:15,MCAP AMB,Montipora,178.3
9/13/2023,14:30,MCAP AMB,Montipora,166.8
9/13/2023,14:45,MCAP AMB,Montipora,175.2
9/13/2023,15:00,MCAP AMB,Montipora,163.6
9/13/2023,15:15,MCAP AMB,Montipora,124.9
9/13/2023,15:30,MCAP AMB,Montipora,99.3
9/13/2023,15:45,MCAP AMB,Montipora,90.2
9/13/2023,16:00,MCAP AMB,Montipora,50
9/13/2023,16:15,MCAP AMB,Montipora,55.5
9/13/2023,16:30,MCAP AMB,Montipora,49.9
9/13/2023,16:45,MCAP AMB,Montipora,37.6
9/13/2023,17:00,MCAP AMB,Montipora,36.8
9/13/2023,17:15,MCAP AMB,Montipora,29.1
9/13/2023,17:30,MCAP AMB,Montipora,21.7
9/13/2023,17:45,MCAP AMB,Montipora,16.1
9/13/2023,18:00,MCAP AMB,Montipora,11.7
9/13/2023,18:15,MCAP AMB,Montipora,5.2
9/13/2023,18:30,MCAP AMB,Montipora,3.4
9/13/2023,18:45,MCAP AMB,Montipora,1.1
9/13/2023,19:00,MCAP AMB,Montipora,0
9/13/2023,19:15,MCAP AMB,Montipora,0
9/13/2023,19:30,MCAP AMB,Montipora,0
9/13/2023,19:45,MCAP AMB,Montipora,0
9/13/2023,20:00,MCAP AMB,Montipora,0
9/13/2023,20:15,MCAP AMB,Montipora,0
9/13/2023,20:30,MCAP AMB,Montipora,0
9/13/2023,20:45,MCAP AMB,Montipora,0
9/13/2023,21:00,MCAP AMB,Montipora,0
9/13/2023,21:15,MCAP AMB,Montipora,0
9/13/2023,21:30,MCAP AMB,Montipora,0
9/13/2023,21:45,MCAP AMB,Montipora,0
9/13/2023,22:00,MCAP AMB,Montipora,0
9/13/2023,22:15,MCAP AMB,Montipora,0
9/13/2023,22:30,MCAP AMB,Montipora,0
9/13/2023,22:45,MCAP AMB,Montipora,0
9/13/2023,23:00,MCAP AMB,Montipora,0
9/13/2023,23:15,MCAP AMB,Montipora,0
9/13/2023,23:30,MCAP AMB,Montipora,0
9/13/2023,23:45,MCAP AMB,Montipora,0
9/13/2023,0:00,MCAP AMB,Montipora,0
9/14/2023,0:15,MCAP AMB,Montipora,0
9/14/2023,0:30,MCAP AMB,Montipora,0
9/14/2023,0:45,MCAP AMB,Montipora,0
9/14/2023,1:00,MCAP AMB,Montipora,0
9/14/2023,1:15,MCAP AMB,Montipora,0
9/14/2023,1:30,MCAP AMB,Montipora,0
9/14/2023,1:45,MCAP AMB,Montipora,0
9/14/2023,2:00,MCAP AMB,Montipora,0
9/14/2023,2:15,MCAP AMB,Montipora,0
9/14/2023,2:30,MCAP AMB,Montipora,0
9/14/2023,2:45,MCAP AMB,Montipora,0
9/14/2023,3:00,MCAP AMB,Montipora,0
9/14/2023,3:15,MCAP AMB,Montipora,0
9/14/2023,3:30,MCAP AMB,Montipora,0
9/14/2023,3:45,MCAP AMB,Montipora,0
9/14/2023,4:00,MCAP AMB,Montipora,0
9/14/2023,4:15,MCAP AMB,Montipora,0
9/14/2023,4:30,MCAP AMB,Montipora,0
9/14/2023,4:45,MCAP AMB,Montipora,0
9/14/2023,5:00,MCAP AMB,Montipora,0
9/14/2023,5:15,MCAP AMB,Montipora,0
9/14/2023,5:30,MCAP AMB,Montipora,0
9/14/2023,5:45,MCAP AMB,Montipora,0
9/14/2023,6:00,MCAP AMB,Montipora,0
9/14/2023,6:15,MCAP AMB,Montipora,0
9/14/2023,6:30,MCAP AMB,Montipora,1
9/14/2023,6:45,MCAP AMB,Montipora,2.8
9/14/2023,7:00,MCAP AMB,Montipora,18.3
9/14/2023,7:15,MCAP AMB,Montipora,18.4
9/14/2023,7:30,MCAP AMB,Montipora,26.3
9/14/2023,7:45,MCAP AMB,Montipora,15.8
9/14/2023,8:00,MCAP AMB,Montipora,31.6
9/14/2023,8:15,MCAP AMB,Montipora,43.4
9/14/2023,8:30,MCAP AMB,Montipora,50.3
9/14/2023,8:45,MCAP AMB,Montipora,75.1
9/14/2023,9:00,MCAP AMB,Montipora,110.3
9/14/2023,9:15,MCAP AMB,Montipora,165.5
9/14/2023,9:30,MCAP AMB,Montipora,171.9
9/14/2023,9:45,MCAP AMB,Montipora,215.4
9/14/2023,10:00,MCAP AMB,Montipora,296.4
9/14/2023,10:15,MCAP AMB,Montipora,250.9
9/14/2023,10:30,MCAP AMB,Montipora,211.1
9/14/2023,10:45,MCAP AMB,Montipora,315.6
9/14/2023,11:00,MCAP AMB,Montipora,216.6
9/14/2023,11:15,MCAP AMB,Montipora,323.3
9/14/2023,11:30,MCAP AMB,Montipora,344.4
9/14/2023,11:45,MCAP AMB,Montipora,345
9/14/2023,12:00,MCAP AMB,Montipora,347.3
9/14/2023,12:15,MCAP AMB,Montipora,220.3
9/14/2023,12:30,MCAP AMB,Montipora,170.4
9/14/2023,12:45,MCAP AMB,Montipora,325.7
9/14/2023,13:00,MCAP AMB,Montipora,163.5
9/14/2023,13:15,MCAP AMB,Montipora,316.4
9/14/2023,13:30,MCAP AMB,Montipora,115.9
9/14/2023,13:45,MCAP AMB,Montipora,228.3
9/14/2023,14:00,MCAP AMB,Montipora,126.1
9/14/2023,14:15,MCAP AMB,Montipora,152.1
9/14/2023,14:30,MCAP AMB,Montipora,134
9/14/2023,14:45,MCAP AMB,Montipora,121.5
9/14/2023,15:00,MCAP AMB,Montipora,96.1
9/14/2023,15:15,MCAP AMB,Montipora,85.4
9/14/2023,15:30,MCAP AMB,Montipora,72.9
9/14/2023,15:45,MCAP AMB,Montipora,95.6
9/14/2023,16:00,MCAP AMB,Montipora,47.7
9/14/2023,16:15,MCAP AMB,Montipora,30.5
9/14/2023,16:30,MCAP AMB,Montipora,43.3
9/14/2023,16:45,MCAP AMB,Montipora,23.7
9/14/2023,17:00,MCAP AMB,Montipora,19.8
9/14/2023,17:15,MCAP AMB,Montipora,25.6
9/14/2023,17:30,MCAP AMB,Montipora,18.5
9/14/2023,17:45,MCAP AMB,Montipora,17.3
9/14/2023,18:00,MCAP AMB,Montipora,12.6
9/14/2023,18:15,MCAP AMB,Montipora,7.9
9/14/2023,18:30,MCAP AMB,Montipora,2.8
9/14/2023,18:45,MCAP AMB,Montipora,0.5
9/14/2023,19:00,MCAP AMB,Montipora,0
9/14/2023,19:15,MCAP AMB,Montipora,0
9/14/2023,19:30,MCAP AMB,Montipora,0
9/14/2023,19:45,MCAP AMB,Montipora,0
9/14/2023,20:00,MCAP AMB,Montipora,0
9/14/2023,20:15,MCAP AMB,Montipora,0
9/14/2023,20:30,MCAP AMB,Montipora,0
9/14/2023,20:45,MCAP AMB,Montipora,0
9/14/2023,21:00,MCAP AMB,Montipora,0
9/14/2023,21:15,MCAP AMB,Montipora,0
9/14/2023,21:30,MCAP AMB,Montipora,0
9/14/2023,21:45,MCAP AMB,Montipora,0
9/14/2023,22:00,MCAP AMB,Montipora,0
9/14/2023,22:15,MCAP AMB,Montipora,0
9/14/2023,22:30,MCAP AMB,Montipora,0
9/14/2023,22:45,MCAP AMB,Montipora,0
9/14/2023,23:00,MCAP AMB,Montipora,0
9/14/2023,23:15,MCAP AMB,Montipora,0
9/14/2023,23:30,MCAP AMB,Montipora,0
9/14/2023,23:45,MCAP AMB,Montipora,0
9/14/2023,0:00,MCAP AMB,Montipora,0
9/15/2023,0:15,MCAP AMB,Montipora,0
9/15/2023,0:30,MCAP AMB,Montipora,0
9/15/2023,0:45,MCAP AMB,Montipora,0
9/15/2023,1:00,MCAP AMB,Montipora,0
9/15/2023,1:15,MCAP AMB,Montipora,0
9/15/2023,1:30,MCAP AMB,Montipora,0
9/15/2023,1:45,MCAP AMB,Montipora,0
9/15/2023,2:00,MCAP AMB,Montipora,0
9/15/2023,2:15,MCAP AMB,Montipora,0
9/15/2023,2:30,MCAP AMB,Montipora,0
9/15/2023,2:45,MCAP AMB,Montipora,0
9/15/2023,3:00,MCAP AMB,Montipora,0
9/15/2023,3:15,MCAP AMB,Montipora,0
9/15/2023,3:30,MCAP AMB,Montipora,0
9/15/2023,3:45,MCAP AMB,Montipora,0
9/15/2023,4:00,MCAP AMB,Montipora,0
9/15/2023,4:15,MCAP AMB,Montipora,0
9/15/2023,4:30,MCAP AMB,Montipora,0
9/15/2023,4:45,MCAP AMB,Montipora,0
9/15/2023,5:00,MCAP AMB,Montipora,0
9/15/2023,5:15,MCAP AMB,Montipora,0
9/15/2023,5:30,MCAP AMB,Montipora,0
9/15/2023,5:45,MCAP AMB,Montipora,0
9/15/2023,6:00,MCAP AMB,Montipora,0
9/15/2023,6:15,MCAP AMB,Montipora,0
9/15/2023,6:30,MCAP AMB,Montipora,1.1
9/15/2023,6:45,MCAP AMB,Montipora,4.4
9/15/2023,7:00,MCAP AMB,Montipora,7.1
9/15/2023,7:15,MCAP AMB,Montipora,13.3
9/15/2023,7:30,MCAP AMB,Montipora,13.9
9/15/2023,7:45,MCAP AMB,Montipora,29.3
9/15/2023,8:00,MCAP AMB,Montipora,74.9
9/15/2023,8:15,MCAP AMB,Montipora,142.5
9/15/2023,8:30,MCAP AMB,Montipora,67.6
9/15/2023,8:45,MCAP AMB,Montipora,112.8
9/15/2023,9:00,MCAP AMB,Montipora,121.7
9/15/2023,9:15,MCAP AMB,Montipora,214.8
9/15/2023,9:30,MCAP AMB,Montipora,251
9/15/2023,9:45,MCAP AMB,Montipora,215.1
9/15/2023,10:00,MCAP AMB,Montipora,286.2
9/15/2023,10:15,MCAP AMB,Montipora,283.6
9/15/2023,10:30,MCAP AMB,Montipora,294
9/15/2023,10:45,MCAP AMB,Montipora,237.3
9/15/2023,11:00,MCAP AMB,Montipora,164
9/15/2023,11:15,MCAP AMB,Montipora,91.6
9/15/2023,11:30,MCAP AMB,Montipora,112.9
9/15/2023,11:45,MCAP AMB,Montipora,107.6
9/15/2023,12:00,MCAP AMB,Montipora,77.8
9/15/2023,12:15,MCAP AMB,Montipora,132.8
9/15/2023,12:30,MCAP AMB,Montipora,189.5
9/15/2023,12:45,MCAP AMB,Montipora,109.2
9/15/2023,13:00,MCAP AMB,Montipora,98.2
9/15/2023,13:15,MCAP AMB,Montipora,144
9/15/2023,13:30,MCAP AMB,Montipora,339.9
9/15/2023,13:45,MCAP AMB,Montipora,305.9
9/15/2023,14:00,MCAP AMB,Montipora,265.6
9/15/2023,14:15,MCAP AMB,Montipora,197.7
9/15/2023,14:30,MCAP AMB,Montipora,86.5
9/15/2023,14:45,MCAP AMB,Montipora,37.6
9/15/2023,15:00,MCAP AMB,Montipora,46.5
9/15/2023,15:15,MCAP AMB,Montipora,58.1
9/15/2023,15:30,MCAP AMB,Montipora,48.7
9/15/2023,15:45,MCAP AMB,Montipora,33.8
9/15/2023,16:00,MCAP AMB,Montipora,39.5
9/15/2023,16:15,MCAP AMB,Montipora,31.7
9/15/2023,16:30,MCAP AMB,Montipora,34.2
9/15/2023,16:45,MCAP AMB,Montipora,26.1
9/15/2023,17:00,MCAP AMB,Montipora,22.7
9/15/2023,17:15,MCAP AMB,Montipora,24.8
9/15/2023,17:30,MCAP AMB,Montipora,22.8
9/15/2023,17:45,MCAP AMB,Montipora,14.6
9/15/2023,18:00,MCAP AMB,Montipora,10.9
9/15/2023,18:15,MCAP AMB,Montipora,7.1
9/15/2023,18:30,MCAP AMB,Montipora,3.9
9/15/2023,18:45,MCAP AMB,Montipora,0.8
9/15/2023,19:00,MCAP AMB,Montipora,0
9/15/2023,19:15,MCAP AMB,Montipora,0
9/15/2023,19:30,MCAP AMB,Montipora,0
9/15/2023,19:45,MCAP AMB,Montipora,0
9/15/2023,20:00,MCAP AMB,Montipora,0
9/15/2023,20:15,MCAP AMB,Montipora,0
9/15/2023,20:30,MCAP AMB,Montipora,0
9/15/2023,20:45,MCAP AMB,Montipora,0
9/15/2023,21:00,MCAP AMB,Montipora,0
9/15/2023,21:15,MCAP AMB,Montipora,0
9/15/2023,21:30,MCAP AMB,Montipora,0
9/15/2023,21:45,MCAP AMB,Montipora,0
9/15/2023,22:00,MCAP AMB,Montipora,0
9/15/2023,22:15,MCAP AMB,Montipora,0
9/15/2023,22:30,MCAP AMB,Montipora,0
9/15/2023,22:45,MCAP AMB,Montipora,0
9/15/2023,23:00,MCAP AMB,Montipora,0
9/15/2023,23:15,MCAP AMB,Montipora,0
9/15/2023,23:30,MCAP AMB,Montipora,0
9/15/2023,23:45,MCAP AMB,Montipora,0
9/15/2023,0:00,MCAP AMB,Montipora,0
9/16/2023,0:15,MCAP AMB,Montipora,0
9/16/2023,0:30,MCAP AMB,Montipora,0
9/16/2023,0:45,MCAP AMB,Montipora,0
9/16/2023,1:00,MCAP AMB,Montipora,0
9/16/2023,1:15,MCAP AMB,Montipora,0
9/16/2023,1:30,MCAP AMB,Montipora,0
9/16/2023,1:45,MCAP AMB,Montipora,0
9/16/2023,2:00,MCAP AMB,Montipora,0
9/16/2023,2:15,MCAP AMB,Montipora,0
9/16/2023,2:30,MCAP AMB,Montipora,0
9/16/2023,2:45,MCAP AMB,Montipora,0
9/16/2023,3:00,MCAP AMB,Montipora,0
9/16/2023,3:15,MCAP AMB,Montipora,0
9/16/2023,3:30,MCAP AMB,Montipora,0
9/16/2023,3:45,MCAP AMB,Montipora,0
9/16/2023,4:00,MCAP AMB,Montipora,0
9/16/2023,4:15,MCAP AMB,Montipora,0
9/16/2023,4:30,MCAP AMB,Montipora,0
9/16/2023,4:45,MCAP AMB,Montipora,0
9/16/2023,5:00,MCAP AMB,Montipora,0
9/16/2023,5:15,MCAP AMB,Montipora,0
9/16/2023,5:30,MCAP AMB,Montipora,0
9/16/2023,5:45,MCAP AMB,Montipora,0
9/16/2023,6:00,MCAP AMB,Montipora,0
9/16/2023,6:15,MCAP AMB,Montipora,0.1
9/16/2023,6:30,MCAP AMB,Montipora,1.8
9/16/2023,6:45,MCAP AMB,Montipora,11.3
9/16/2023,7:00,MCAP AMB,Montipora,21.3
9/16/2023,7:15,MCAP AMB,Montipora,49.8
9/16/2023,7:30,MCAP AMB,Montipora,47.3
9/16/2023,7:45,MCAP AMB,Montipora,49.9
9/16/2023,8:00,MCAP AMB,Montipora,107.5
9/16/2023,8:15,MCAP AMB,Montipora,214.5
9/16/2023,8:30,MCAP AMB,Montipora,132.5
9/16/2023,8:45,MCAP AMB,Montipora,83.6
9/16/2023,9:00,MCAP AMB,Montipora,137.5
9/16/2023,9:15,MCAP AMB,Montipora,163.3
9/16/2023,9:30,MCAP AMB,Montipora,236.2
9/16/2023,9:45,MCAP AMB,Montipora,207.3
9/16/2023,10:00,MCAP AMB,Montipora,228.6
9/16/2023,10:15,MCAP AMB,Montipora,272.4
9/16/2023,10:30,MCAP AMB,Montipora,292.3
9/16/2023,10:45,MCAP AMB,Montipora,268.5
9/16/2023,11:00,MCAP AMB,Montipora,201
9/16/2023,11:15,MCAP AMB,Montipora,260
9/16/2023,11:30,MCAP AMB,Montipora,295.7
9/16/2023,11:45,MCAP AMB,Montipora,328.4
9/16/2023,12:00,MCAP AMB,Montipora,318
9/16/2023,12:15,MCAP AMB,Montipora,330
9/16/2023,12:30,MCAP AMB,Montipora,339.9
9/16/2023,12:45,MCAP AMB,Montipora,347.6
9/16/2023,13:00,MCAP AMB,Montipora,296.8
9/16/2023,13:15,MCAP AMB,Montipora,305.3
9/16/2023,13:30,MCAP AMB,Montipora,345.6
9/16/2023,13:45,MCAP AMB,Montipora,327.1
9/16/2023,14:00,MCAP AMB,Montipora,314
9/16/2023,14:15,MCAP AMB,Montipora,199.1
9/16/2023,14:30,MCAP AMB,Montipora,81.6
9/16/2023,14:45,MCAP AMB,Montipora,61.1
9/16/2023,15:00,MCAP AMB,Montipora,59.4
9/16/2023,15:15,MCAP AMB,Montipora,54.9
9/16/2023,15:30,MCAP AMB,Montipora,42.9
9/16/2023,15:45,MCAP AMB,Montipora,35
9/16/2023,16:00,MCAP AMB,Montipora,41.4
9/16/2023,16:15,MCAP AMB,Montipora,33
9/16/2023,16:30,MCAP AMB,Montipora,37.2
9/16/2023,16:45,MCAP AMB,Montipora,38.4
9/16/2023,17:00,MCAP AMB,Montipora,24.4
9/16/2023,17:15,MCAP AMB,Montipora,26.5
9/16/2023,17:30,MCAP AMB,Montipora,22.9
9/16/2023,17:45,MCAP AMB,Montipora,11.3
9/16/2023,18:00,MCAP AMB,Montipora,7.1
9/16/2023,18:15,MCAP AMB,Montipora,4.8
9/16/2023,18:30,MCAP AMB,Montipora,2.8
9/16/2023,18:45,MCAP AMB,Montipora,0.8
9/16/2023,19:00,MCAP AMB,Montipora,0
9/16/2023,19:15,MCAP AMB,Montipora,0
9/16/2023,19:30,MCAP AMB,Montipora,0
9/16/2023,19:45,MCAP AMB,Montipora,0
9/16/2023,20:00,MCAP AMB,Montipora,0
9/16/2023,20:15,MCAP AMB,Montipora,0
9/16/2023,20:30,MCAP AMB,Montipora,0
9/16/2023,20:45,MCAP AMB,Montipora,0
9/16/2023,21:00,MCAP AMB,Montipora,0
9/16/2023,21:15,MCAP AMB,Montipora,0
9/16/2023,21:30,MCAP AMB,Montipora,0
9/16/2023,21:45,MCAP AMB,Montipora,0
9/16/2023,22:00,MCAP AMB,Montipora,0
9/16/2023,22:15,MCAP AMB,Montipora,0
9/16/2023,22:30,MCAP AMB,Montipora,0
9/16/2023,22:45,MCAP AMB,Montipora,0
9/16/2023,23:00,MCAP AMB,Montipora,0
9/16/2023,23:15,MCAP AMB,Montipora,0
9/16/2023,23:30,MCAP AMB,Montipora,0
9/16/2023,23:45,MCAP AMB,Montipora,0
9/16/2023,0:00,MCAP AMB,Montipora,0
9/17/2023,0:15,MCAP AMB,Montipora,0
9/17/2023,0:30,MCAP AMB,Montipora,0
9/17/2023,0:45,MCAP AMB,Montipora,0
9/17/2023,1:00,MCAP AMB,Montipora,0
9/17/2023,1:15,MCAP AMB,Montipora,0
9/17/2023,1:30,MCAP AMB,Montipora,0
9/17/2023,1:45,MCAP AMB,Montipora,0
9/17/2023,2:00,MCAP AMB,Montipora,0
9/17/2023,2:15,MCAP AMB,Montipora,0
9/17/2023,2:30,MCAP AMB,Montipora,0
9/17/2023,2:45,MCAP AMB,Montipora,0
9/17/2023,3:00,MCAP AMB,Montipora,0
9/17/2023,3:15,MCAP AMB,Montipora,0
9/17/2023,3:30,MCAP AMB,Montipora,0
9/17/2023,3:45,MCAP AMB,Montipora,0
9/17/2023,4:00,MCAP AMB,Montipora,0
9/17/2023,4:15,MCAP AMB,Montipora,0
9/17/2023,4:30,MCAP AMB,Montipora,0
9/17/2023,4:45,MCAP AMB,Montipora,0
9/17/2023,5:00,MCAP AMB,Montipora,0
9/17/2023,5:15,MCAP AMB,Montipora,0
9/17/2023,5:30,MCAP AMB,Montipora,0
9/17/2023,5:45,MCAP AMB,Montipora,0
9/17/2023,6:00,MCAP AMB,Montipora,0
9/17/2023,6:15,MCAP AMB,Montipora,0
9/17/2023,6:30,MCAP AMB,Montipora,1.7
9/17/2023,6:45,MCAP AMB,Montipora,9.1
9/17/2023,7:00,MCAP AMB,Montipora,18.8
9/17/2023,7:15,MCAP AMB,Montipora,37.6
9/17/2023,7:30,MCAP AMB,Montipora,49.2
9/17/2023,7:45,MCAP AMB,Montipora,42
9/17/2023,8:00,MCAP AMB,Montipora,48.3
9/17/2023,8:15,MCAP AMB,Montipora,86.5
9/17/2023,8:30,MCAP AMB,Montipora,137.5
9/17/2023,8:45,MCAP AMB,Montipora,92.3
9/17/2023,9:00,MCAP AMB,Montipora,150.1
9/17/2023,9:15,MCAP AMB,Montipora,79.2
9/17/2023,9:30,MCAP AMB,Montipora,70.7
9/17/2023,9:45,MCAP AMB,Montipora,142.7
9/17/2023,10:00,MCAP AMB,Montipora,124.1
9/17/2023,10:15,MCAP AMB,Montipora,141.4
9/17/2023,10:30,MCAP AMB,Montipora,182.4
9/17/2023,10:45,MCAP AMB,Montipora,292.5
9/17/2023,11:00,MCAP AMB,Montipora,212.4
9/17/2023,11:15,MCAP AMB,Montipora,237
9/17/2023,11:30,MCAP AMB,Montipora,263.8
9/17/2023,11:45,MCAP AMB,Montipora,280.9
9/17/2023,12:00,MCAP AMB,Montipora,263.3
9/17/2023,12:15,MCAP AMB,Montipora,276.4
9/17/2023,12:30,MCAP AMB,Montipora,325.3
9/17/2023,12:45,MCAP AMB,Montipora,220.1
9/17/2023,13:00,MCAP AMB,Montipora,159
9/17/2023,13:15,MCAP AMB,Montipora,160
9/17/2023,13:30,MCAP AMB,Montipora,151
9/17/2023,13:45,MCAP AMB,Montipora,133.3
9/17/2023,14:00,MCAP AMB,Montipora,231.8
9/17/2023,14:15,MCAP AMB,Montipora,102.7
9/17/2023,14:30,MCAP AMB,Montipora,73.9
9/17/2023,14:45,MCAP AMB,Montipora,87.1
9/17/2023,15:00,MCAP AMB,Montipora,70.5
9/17/2023,15:15,MCAP AMB,Montipora,57.2
9/17/2023,15:30,MCAP AMB,Montipora,72.2
9/17/2023,15:45,MCAP AMB,Montipora,56
9/17/2023,16:00,MCAP AMB,Montipora,34.8
9/17/2023,16:15,MCAP AMB,Montipora,36.4
9/17/2023,16:30,MCAP AMB,Montipora,57.7
9/17/2023,16:45,MCAP AMB,Montipora,44.4
9/17/2023,17:00,MCAP AMB,Montipora,43.8
9/17/2023,17:15,MCAP AMB,Montipora,37.9
9/17/2023,17:30,MCAP AMB,Montipora,26.6
9/17/2023,17:45,MCAP AMB,Montipora,14.7
9/17/2023,18:00,MCAP AMB,Montipora,7.3
9/17/2023,18:15,MCAP AMB,Montipora,4.4
9/17/2023,18:30,MCAP AMB,Montipora,1.3
9/17/2023,18:45,MCAP AMB,Montipora,0.2
9/17/2023,19:00,MCAP AMB,Montipora,0
9/17/2023,19:15,MCAP AMB,Montipora,0
9/17/2023,19:30,MCAP AMB,Montipora,0
9/17/2023,19:45,MCAP AMB,Montipora,0
9/17/2023,20:00,MCAP AMB,Montipora,0
9/17/2023,20:15,MCAP AMB,Montipora,0
9/17/2023,20:30,MCAP AMB,Montipora,0
9/17/2023,20:45,MCAP AMB,Montipora,0
9/17/2023,21:00,MCAP AMB,Montipora,0
9/17/2023,21:15,MCAP AMB,Montipora,0
9/17/2023,21:30,MCAP AMB,Montipora,0
9/17/2023,21:45,MCAP AMB,Montipora,0
9/17/2023,22:00,MCAP AMB,Montipora,0
9/17/2023,22:15,MCAP AMB,Montipora,0
9/17/2023,22:30,MCAP AMB,Montipora,0
9/17/2023,22:45,MCAP AMB,Montipora,0
9/17/2023,23:00,MCAP AMB,Montipora,0
9/17/2023,23:15,MCAP AMB,Montipora,0
9/17/2023,23:30,MCAP AMB,Montipora,0
9/17/2023,23:45,MCAP AMB,Montipora,0
9/17/2023,0:00,MCAP AMB,Montipora,0
9/18/2023,0:15,MCAP AMB,Montipora,0
9/18/2023,0:30,MCAP AMB,Montipora,0
9/18/2023,0:45,MCAP AMB,Montipora,0
9/18/2023,1:00,MCAP AMB,Montipora,0
9/18/2023,1:15,MCAP AMB,Montipora,0
9/18/2023,1:30,MCAP AMB,Montipora,0
9/18/2023,1:45,MCAP AMB,Montipora,0
9/18/2023,2:00,MCAP AMB,Montipora,0
9/18/2023,2:15,MCAP AMB,Montipora,0
9/18/2023,2:30,MCAP AMB,Montipora,0
9/18/2023,2:45,MCAP AMB,Montipora,0
9/18/2023,3:00,MCAP AMB,Montipora,0
9/18/2023,3:15,MCAP AMB,Montipora,0
9/18/2023,3:30,MCAP AMB,Montipora,0
9/18/2023,3:45,MCAP AMB,Montipora,0
9/18/2023,4:00,MCAP AMB,Montipora,0
9/18/2023,4:15,MCAP AMB,Montipora,0
9/18/2023,4:30,MCAP AMB,Montipora,0
9/18/2023,4:45,MCAP AMB,Montipora,0
9/18/2023,5:00,MCAP AMB,Montipora,0
9/18/2023,5:15,MCAP AMB,Montipora,0
9/18/2023,5:30,MCAP AMB,Montipora,0
9/18/2023,5:45,MCAP AMB,Montipora,0
9/18/2023,6:00,MCAP AMB,Montipora,0
9/18/2023,6:15,MCAP AMB,Montipora,0
9/18/2023,6:30,MCAP AMB,Montipora,1.5
9/18/2023,6:45,MCAP AMB,Montipora,9.4
9/18/2023,7:00,MCAP AMB,Montipora,12
9/18/2023,7:15,MCAP AMB,Montipora,14
9/18/2023,7:30,MCAP AMB,Montipora,26.6
9/18/2023,7:45,MCAP AMB,Montipora,83.3
9/18/2023,8:00,MCAP AMB,Montipora,121.5
9/18/2023,8:15,MCAP AMB,Montipora,213.6
9/18/2023,8:30,MCAP AMB,Montipora,118.1
9/18/2023,8:45,MCAP AMB,Montipora,65.6
9/18/2023,9:00,MCAP AMB,Montipora,132
9/18/2023,9:15,MCAP AMB,Montipora,72.6
9/18/2023,9:30,MCAP AMB,Montipora,210.5
9/18/2023,9:45,MCAP AMB,Montipora,315.5
9/18/2023,10:00,MCAP AMB,Montipora,338.1
9/18/2023,10:15,MCAP AMB,Montipora,210.9
9/18/2023,10:30,MCAP AMB,Montipora,135.3
9/18/2023,10:45,MCAP AMB,Montipora,73.2
9/18/2023,11:00,MCAP AMB,Montipora,138.7
9/18/2023,11:15,MCAP AMB,Montipora,233.4
9/18/2023,11:30,MCAP AMB,Montipora,194.9
9/18/2023,11:45,MCAP AMB,Montipora,162
9/18/2023,12:00,MCAP AMB,Montipora,211.2
9/18/2023,12:15,MCAP AMB,Montipora,273.9
9/18/2023,12:30,MCAP AMB,Montipora,191.4
9/18/2023,12:45,MCAP AMB,Montipora,176.4
9/18/2023,13:00,MCAP AMB,Montipora,201.7
9/18/2023,13:15,MCAP AMB,Montipora,201.2
9/18/2023,13:30,MCAP AMB,Montipora,138.7
9/18/2023,13:45,MCAP AMB,Montipora,181.6
9/18/2023,14:00,MCAP AMB,Montipora,228.5
9/18/2023,14:15,MCAP AMB,Montipora,164.1
9/18/2023,14:30,MCAP AMB,Montipora,156.1
9/18/2023,14:45,MCAP AMB,Montipora,137.2
9/18/2023,15:00,MCAP AMB,Montipora,121.8
9/18/2023,15:15,MCAP AMB,Montipora,112.2
9/18/2023,15:30,MCAP AMB,Montipora,100
9/18/2023,15:45,MCAP AMB,Montipora,91.5
9/18/2023,16:00,MCAP AMB,Montipora,71
9/18/2023,16:15,MCAP AMB,Montipora,47.7
9/18/2023,16:30,MCAP AMB,Montipora,55.6
9/18/2023,16:45,MCAP AMB,Montipora,34.5
9/18/2023,17:00,MCAP AMB,Montipora,22
9/18/2023,17:15,MCAP AMB,Montipora,48
9/18/2023,17:30,MCAP AMB,Montipora,27.3
9/18/2023,17:45,MCAP AMB,Montipora,13.9
9/18/2023,18:00,MCAP AMB,Montipora,10.2
9/18/2023,18:15,MCAP AMB,Montipora,6.4
9/18/2023,18:30,MCAP AMB,Montipora,2
9/18/2023,18:45,MCAP AMB,Montipora,0.4
9/18/2023,19:00,MCAP AMB,Montipora,0
9/18/2023,19:15,MCAP AMB,Montipora,0
9/18/2023,19:30,MCAP AMB,Montipora,0
9/18/2023,19:45,MCAP AMB,Montipora,0
9/18/2023,20:00,MCAP AMB,Montipora,0
9/18/2023,20:15,MCAP AMB,Montipora,0
9/18/2023,20:30,MCAP AMB,Montipora,0
9/18/2023,20:45,MCAP AMB,Montipora,0
9/18/2023,21:00,MCAP AMB,Montipora,0
9/18/2023,21:15,MCAP AMB,Montipora,0
9/18/2023,21:30,MCAP AMB,Montipora,0
9/18/2023,21:45,MCAP AMB,Montipora,0
9/18/2023,22:00,MCAP AMB,Montipora,0
9/18/2023,22:15,MCAP AMB,Montipora,0
9/18/2023,22:30,MCAP AMB,Montipora,0
9/18/2023,22:45,MCAP AMB,Montipora,0
9/18/2023,23:00,MCAP AMB,Montipora,0
9/18/2023,23:15,MCAP AMB,Montipora,0
9/18/2023,23:30,MCAP AMB,Montipora,0
9/18/2023,23:45,MCAP AMB,Montipora,0
9/18/2023,0:00,MCAP AMB,Montipora,0
9/19/2023,0:15,MCAP AMB,Montipora,0
9/19/2023,0:30,MCAP AMB,Montipora,0
9/19/2023,0:45,MCAP AMB,Montipora,0
9/19/2023,1:00,MCAP AMB,Montipora,0
9/19/2023,1:15,MCAP AMB,Montipora,0
9/19/2023,1:30,MCAP AMB,Montipora,0
9/19/2023,1:45,MCAP AMB,Montipora,0
9/19/2023,2:00,MCAP AMB,Montipora,0
9/19/2023,2:15,MCAP AMB,Montipora,0
9/19/2023,2:30,MCAP AMB,Montipora,0
9/19/2023,2:45,MCAP AMB,Montipora,0
9/19/2023,3:00,MCAP AMB,Montipora,0
9/19/2023,3:15,MCAP AMB,Montipora,0
9/19/2023,3:30,MCAP AMB,Montipora,0
9/19/2023,3:45,MCAP AMB,Montipora,0
9/19/2023,4:00,MCAP AMB,Montipora,0
9/19/2023,4:15,MCAP AMB,Montipora,0
9/19/2023,4:30,MCAP AMB,Montipora,0
9/19/2023,4:45,MCAP AMB,Montipora,0
9/19/2023,5:00,MCAP AMB,Montipora,0
9/19/2023,5:15,MCAP AMB,Montipora,0
9/19/2023,5:30,MCAP AMB,Montipora,0
9/19/2023,5:45,MCAP AMB,Montipora,0
9/19/2023,6:00,MCAP AMB,Montipora,0
9/19/2023,6:15,MCAP AMB,Montipora,0
9/19/2023,6:30,MCAP AMB,Montipora,1.3
9/19/2023,6:45,MCAP AMB,Montipora,6.2
9/19/2023,7:00,MCAP AMB,Montipora,12.8
9/19/2023,7:15,MCAP AMB,Montipora,22.9
9/19/2023,7:30,MCAP AMB,Montipora,41.5
9/19/2023,7:45,MCAP AMB,Montipora,66.1
9/19/2023,8:00,MCAP AMB,Montipora,80.5
9/19/2023,8:15,MCAP AMB,Montipora,115.1
9/19/2023,8:30,MCAP AMB,Montipora,90.1
9/19/2023,8:45,MCAP AMB,Montipora,73.5
9/19/2023,9:00,MCAP AMB,Montipora,82.2
9/19/2023,9:15,MCAP AMB,Montipora,111.2
9/19/2023,9:30,MCAP AMB,Montipora,166.7
9/19/2023,9:45,MCAP AMB,Montipora,148.3
9/19/2023,10:00,MCAP AMB,Montipora,185.6
9/19/2023,10:15,MCAP AMB,Montipora,244.8
9/19/2023,10:30,MCAP AMB,Montipora,191.6
9/19/2023,10:45,MCAP AMB,Montipora,135.6
9/19/2023,11:00,MCAP AMB,Montipora,162.2
9/19/2023,11:15,MCAP AMB,Montipora,193.3
9/19/2023,11:30,MCAP AMB,Montipora,190.7
9/19/2023,11:45,MCAP AMB,Montipora,261
9/19/2023,12:00,MCAP AMB,Montipora,312.9
9/19/2023,12:15,MCAP AMB,Montipora,361
9/19/2023,12:30,MCAP AMB,Montipora,326.8
9/19/2023,12:45,MCAP AMB,Montipora,350.2
9/19/2023,13:00,MCAP AMB,Montipora,309.8
9/19/2023,13:15,MCAP AMB,Montipora,299.3
9/19/2023,13:30,MCAP AMB,Montipora,326.5
9/19/2023,13:45,MCAP AMB,Montipora,358.5
9/19/2023,14:00,MCAP AMB,Montipora,342.9
9/19/2023,14:15,MCAP AMB,Montipora,212.5
9/19/2023,14:30,MCAP AMB,Montipora,142.5
9/19/2023,14:45,MCAP AMB,Montipora,141
9/19/2023,15:00,MCAP AMB,Montipora,102.2
9/19/2023,15:15,MCAP AMB,Montipora,86.8
9/19/2023,15:30,MCAP AMB,Montipora,75.8
9/19/2023,15:45,MCAP AMB,Montipora,124.3
9/19/2023,16:00,MCAP AMB,Montipora,80.8
9/19/2023,16:15,MCAP AMB,Montipora,55.4
9/19/2023,16:30,MCAP AMB,Montipora,53.8
9/19/2023,16:45,MCAP AMB,Montipora,46.9
9/19/2023,17:00,MCAP AMB,Montipora,43.9
9/19/2023,17:15,MCAP AMB,Montipora,42.9
9/19/2023,17:30,MCAP AMB,Montipora,31.8
9/19/2023,17:45,MCAP AMB,Montipora,26
9/19/2023,18:00,MCAP AMB,Montipora,16.2
9/19/2023,18:15,MCAP AMB,Montipora,8.4
9/19/2023,18:30,MCAP AMB,Montipora,2.8
9/19/2023,18:45,MCAP AMB,Montipora,0.4
9/19/2023,19:00,MCAP AMB,Montipora,0
9/19/2023,19:15,MCAP AMB,Montipora,0
9/19/2023,19:30,MCAP AMB,Montipora,0
9/19/2023,19:45,MCAP AMB,Montipora,0
9/19/2023,20:00,MCAP AMB,Montipora,0
9/19/2023,20:15,MCAP AMB,Montipora,0
9/19/2023,20:30,MCAP AMB,Montipora,0
9/19/2023,20:45,MCAP AMB,Montipora,0
9/19/2023,21:00,MCAP AMB,Montipora,0
9/19/2023,21:15,MCAP AMB,Montipora,0
9/19/2023,21:30,MCAP AMB,Montipora,0
9/19/2023,21:45,MCAP AMB,Montipora,0
9/19/2023,22:00,MCAP AMB,Montipora,0
9/19/2023,22:15,MCAP AMB,Montipora,0
9/19/2023,22:30,MCAP AMB,Montipora,0
9/19/2023,22:45,MCAP AMB,Montipora,0
9/19/2023,23:00,MCAP AMB,Montipora,0
9/19/2023,23:15,MCAP AMB,Montipora,0
9/19/2023,23:30,MCAP AMB,Montipora,0
9/19/2023,23:45,MCAP AMB,Montipora,0
9/19/2023,0:00,MCAP AMB,Montipora,0
9/20/2023,0:15,MCAP AMB,Montipora,0
9/20/2023,0:30,MCAP AMB,Montipora,0
9/20/2023,0:45,MCAP AMB,Montipora,0
9/20/2023,1:00,MCAP AMB,Montipora,0
9/20/2023,1:15,MCAP AMB,Montipora,0
9/20/2023,1:30,MCAP AMB,Montipora,0
9/20/2023,1:45,MCAP AMB,Montipora,0
9/20/2023,2:00,MCAP AMB,Montipora,0
9/20/2023,2:15,MCAP AMB,Montipora,0
9/20/2023,2:30,MCAP AMB,Montipora,0
9/20/2023,2:45,MCAP AMB,Montipora,0
9/20/2023,3:00,MCAP AMB,Montipora,0
9/20/2023,3:15,MCAP AMB,Montipora,0
9/20/2023,3:30,MCAP AMB,Montipora,0
9/20/2023,3:45,MCAP AMB,Montipora,0
9/20/2023,4:00,MCAP AMB,Montipora,0
9/20/2023,4:15,MCAP AMB,Montipora,0
9/20/2023,4:30,MCAP AMB,Montipora,0
9/20/2023,4:45,MCAP AMB,Montipora,0
9/20/2023,5:00,MCAP AMB,Montipora,0
9/20/2023,5:15,MCAP AMB,Montipora,0
9/20/2023,5:30,MCAP AMB,Montipora,0
9/20/2023,5:45,MCAP AMB,Montipora,0
9/20/2023,6:00,MCAP AMB,Montipora,0
9/20/2023,6:15,MCAP AMB,Montipora,0
9/20/2023,6:30,MCAP AMB,Montipora,1.2
9/20/2023,6:45,MCAP AMB,Montipora,4.6
9/20/2023,7:00,MCAP AMB,Montipora,12
9/20/2023,7:15,MCAP AMB,Montipora,43.7
9/20/2023,7:30,MCAP AMB,Montipora,99.4
9/20/2023,7:45,MCAP AMB,Montipora,94.7
9/20/2023,8:00,MCAP AMB,Montipora,47
9/20/2023,8:15,MCAP AMB,Montipora,24.7
9/20/2023,8:30,MCAP AMB,Montipora,85.6
9/20/2023,8:45,MCAP AMB,Montipora,68
9/20/2023,9:00,MCAP AMB,Montipora,108.5
9/20/2023,9:15,MCAP AMB,Montipora,67.7
9/20/2023,9:30,MCAP AMB,Montipora,108.3
9/20/2023,9:45,MCAP AMB,Montipora,86.3
9/20/2023,10:00,MCAP AMB,Montipora,108.5
9/20/2023,10:15,MCAP AMB,Montipora,173
9/20/2023,10:30,MCAP AMB,Montipora,250.9
9/20/2023,10:45,MCAP AMB,Montipora,303.3
9/20/2023,11:00,MCAP AMB,Montipora,196.6
9/20/2023,11:15,MCAP AMB,Montipora,215.2
9/20/2023,11:30,MCAP AMB,Montipora,331.8
9/20/2023,11:45,MCAP AMB,Montipora,112.1
9/20/2023,12:00,MCAP AMB,Montipora,179.5
9/20/2023,12:15,MCAP AMB,Montipora,362.5
9/20/2023,12:30,MCAP AMB,Montipora,321.4
9/20/2023,12:45,MCAP AMB,Montipora,167.1
9/20/2023,13:00,MCAP AMB,Montipora,234.3
9/20/2023,13:15,MCAP AMB,Montipora,193.4
9/20/2023,13:30,MCAP AMB,Montipora,191.5
9/20/2023,13:45,MCAP AMB,Montipora,128.7
9/20/2023,14:00,MCAP AMB,Montipora,108.4
9/20/2023,14:15,MCAP AMB,Montipora,126
9/20/2023,14:30,MCAP AMB,Montipora,157.4
9/20/2023,14:45,MCAP AMB,Montipora,117.3
9/20/2023,15:00,MCAP AMB,Montipora,144.2
9/20/2023,15:15,MCAP AMB,Montipora,123.1
9/20/2023,15:30,MCAP AMB,Montipora,102.2
9/20/2023,15:45,MCAP AMB,Montipora,82
9/20/2023,16:00,MCAP AMB,Montipora,54
9/20/2023,16:15,MCAP AMB,Montipora,44
9/20/2023,16:30,MCAP AMB,Montipora,50.4
9/20/2023,16:45,MCAP AMB,Montipora,24.1
9/20/2023,17:00,MCAP AMB,Montipora,33.2
9/20/2023,17:15,MCAP AMB,Montipora,34
9/20/2023,17:30,MCAP AMB,Montipora,24.1
9/20/2023,17:45,MCAP AMB,Montipora,15.8
9/20/2023,18:00,MCAP AMB,Montipora,11.6
9/20/2023,18:15,MCAP AMB,Montipora,4.7
9/20/2023,18:30,MCAP AMB,Montipora,1.7
9/20/2023,18:45,MCAP AMB,Montipora,0.2
9/20/2023,19:00,MCAP AMB,Montipora,0
9/20/2023,19:15,MCAP AMB,Montipora,0
9/20/2023,19:30,MCAP AMB,Montipora,0
9/20/2023,19:45,MCAP AMB,Montipora,0
9/20/2023,20:00,MCAP AMB,Montipora,0
9/20/2023,20:15,MCAP AMB,Montipora,0
9/20/2023,20:30,MCAP AMB,Montipora,0
9/20/2023,20:45,MCAP AMB,Montipora,0
9/20/2023,21:00,MCAP AMB,Montipora,0
9/20/2023,21:15,MCAP AMB,Montipora,0
9/20/2023,21:30,MCAP AMB,Montipora,0
9/20/2023,21:45,MCAP AMB,Montipora,0
9/20/2023,22:00,MCAP AMB,Montipora,0
9/20/2023,22:15,MCAP AMB,Montipora,0
9/20/2023,22:30,MCAP AMB,Montipora,0
9/20/2023,22:45,MCAP AMB,Montipora,0
9/20/2023,23:00,MCAP AMB,Montipora,0
9/20/2023,23:15,MCAP AMB,Montipora,0
9/20/2023,23:30,MCAP AMB,Montipora,0
9/20/2023,23:45,MCAP AMB,Montipora,0
9/20/2023,0:00,MCAP AMB,Montipora,0
9/21/2023,0:15,MCAP AMB,Montipora,0
9/21/2023,0:30,MCAP AMB,Montipora,0
9/21/2023,0:45,MCAP AMB,Montipora,0
9/21/2023,1:00,MCAP AMB,Montipora,0
9/21/2023,1:15,MCAP AMB,Montipora,0
9/21/2023,1:30,MCAP AMB,Montipora,0
9/21/2023,1:45,MCAP AMB,Montipora,0
9/21/2023,2:00,MCAP AMB,Montipora,0
9/21/2023,2:15,MCAP AMB,Montipora,0
9/21/2023,2:30,MCAP AMB,Montipora,0
9/21/2023,2:45,MCAP AMB,Montipora,0
9/21/2023,3:00,MCAP AMB,Montipora,0
9/21/2023,3:15,MCAP AMB,Montipora,0
9/21/2023,3:30,MCAP AMB,Montipora,0
9/21/2023,3:45,MCAP AMB,Montipora,0
9/21/2023,4:00,MCAP AMB,Montipora,0
9/21/2023,4:15,MCAP AMB,Montipora,0
9/21/2023,4:30,MCAP AMB,Montipora,0
9/21/2023,4:45,MCAP AMB,Montipora,0
9/21/2023,5:00,MCAP AMB,Montipora,0
9/21/2023,5:15,MCAP AMB,Montipora,0
9/21/2023,5:30,MCAP AMB,Montipora,0
9/21/2023,5:45,MCAP AMB,Montipora,0
9/21/2023,6:00,MCAP AMB,Montipora,0
9/21/2023,6:15,MCAP AMB,Montipora,0
9/21/2023,6:30,MCAP AMB,Montipora,0.8
9/21/2023,6:45,MCAP AMB,Montipora,4.1
9/21/2023,7:00,MCAP AMB,Montipora,8.9
9/21/2023,7:15,MCAP AMB,Montipora,17.3
9/21/2023,7:30,MCAP AMB,Montipora,16.5
9/21/2023,7:45,MCAP AMB,Montipora,35.7
9/21/2023,8:00,MCAP AMB,Montipora,64.4
9/21/2023,8:15,MCAP AMB,Montipora,69.7
9/21/2023,8:30,MCAP AMB,Montipora,61.2
9/21/2023,8:45,MCAP AMB,Montipora,50
9/21/2023,9:00,MCAP AMB,Montipora,73.5
9/21/2023,9:15,MCAP AMB,Montipora,105.3
9/21/2023,9:30,MCAP AMB,Montipora,101.1
9/21/2023,9:45,MCAP AMB,Montipora,109.8
9/21/2023,10:00,MCAP AMB,Montipora,225.2
9/21/2023,10:15,MCAP AMB,Montipora,175.6
9/21/2023,10:30,MCAP AMB,Montipora,232
9/21/2023,10:45,MCAP AMB,Montipora,254.9
9/21/2023,11:00,MCAP AMB,Montipora,288.2
9/21/2023,11:15,MCAP AMB,Montipora,351.7
9/21/2023,11:30,MCAP AMB,Montipora,353.2
9/21/2023,11:45,MCAP AMB,Montipora,301
9/21/2023,12:00,MCAP AMB,Montipora,219.9
9/21/2023,12:15,MCAP AMB,Montipora,260.1
9/21/2023,12:30,MCAP AMB,Montipora,385.6
9/21/2023,12:45,MCAP AMB,Montipora,271.7
9/21/2023,13:00,MCAP AMB,Montipora,260.8
9/21/2023,13:15,MCAP AMB,Montipora,85
9/21/2023,13:30,MCAP AMB,Montipora,111.4
9/21/2023,13:45,MCAP AMB,Montipora,183.1
9/21/2023,14:00,MCAP AMB,Montipora,168.6
9/21/2023,14:15,MCAP AMB,Montipora,171.2
9/21/2023,14:30,MCAP AMB,Montipora,91.1
9/21/2023,14:45,MCAP AMB,Montipora,90.7
9/21/2023,15:00,MCAP AMB,Montipora,93.9
9/21/2023,15:15,MCAP AMB,Montipora,76.4
9/21/2023,15:30,MCAP AMB,Montipora,89
9/21/2023,15:45,MCAP AMB,Montipora,85.2
9/21/2023,16:00,MCAP AMB,Montipora,68.4
9/21/2023,16:15,MCAP AMB,Montipora,64.8
9/21/2023,16:30,MCAP AMB,Montipora,46.8
9/21/2023,16:45,MCAP AMB,Montipora,33.8
9/21/2023,17:00,MCAP AMB,Montipora,22.3
9/21/2023,17:15,MCAP AMB,Montipora,15.6
9/21/2023,17:30,MCAP AMB,Montipora,9.2
9/21/2023,17:45,MCAP AMB,Montipora,6.1
9/21/2023,18:00,MCAP AMB,Montipora,4.5
9/21/2023,18:15,MCAP AMB,Montipora,3.4
9/21/2023,18:30,MCAP AMB,Montipora,1.5
9/21/2023,18:45,MCAP AMB,Montipora,0.1
9/21/2023,19:00,MCAP AMB,Montipora,0
9/21/2023,19:15,MCAP AMB,Montipora,0
9/21/2023,19:30,MCAP AMB,Montipora,0
9/21/2023,19:45,MCAP AMB,Montipora,0
9/21/2023,20:00,MCAP AMB,Montipora,0
9/21/2023,20:15,MCAP AMB,Montipora,0
9/21/2023,20:30,MCAP AMB,Montipora,0
9/21/2023,20:45,MCAP AMB,Montipora,0
9/21/2023,21:00,MCAP AMB,Montipora,0
9/21/2023,21:15,MCAP AMB,Montipora,0
9/21/2023,21:30,MCAP AMB,Montipora,0
9/21/2023,21:45,MCAP AMB,Montipora,0
9/21/2023,22:00,MCAP AMB,Montipora,0
9/21/2023,22:15,MCAP AMB,Montipora,0
9/21/2023,22:30,MCAP AMB,Montipora,0
9/21/2023,22:45,MCAP AMB,Montipora,0
9/21/2023,23:00,MCAP AMB,Montipora,0
9/21/2023,23:15,MCAP AMB,Montipora,0
9/21/2023,23:30,MCAP AMB,Montipora,0
9/21/2023,23:45,MCAP AMB,Montipora,0
9/21/2023,0:00,MCAP AMB,Montipora,0
9/22/2023,0:15,MCAP AMB,Montipora,0
9/22/2023,0:30,MCAP AMB,Montipora,0
9/22/2023,0:45,MCAP AMB,Montipora,0
9/22/2023,1:00,MCAP AMB,Montipora,0
9/22/2023,1:15,MCAP AMB,Montipora,0
9/22/2023,1:30,MCAP AMB,Montipora,0
9/22/2023,1:45,MCAP AMB,Montipora,0
9/22/2023,2:00,MCAP AMB,Montipora,0
9/22/2023,2:15,MCAP AMB,Montipora,0
9/22/2023,2:30,MCAP AMB,Montipora,0
9/22/2023,2:45,MCAP AMB,Montipora,0
9/22/2023,3:00,MCAP AMB,Montipora,0
9/22/2023,3:15,MCAP AMB,Montipora,0
9/22/2023,3:30,MCAP AMB,Montipora,0
9/22/2023,3:45,MCAP AMB,Montipora,0
9/22/2023,4:00,MCAP AMB,Montipora,0
9/22/2023,4:15,MCAP AMB,Montipora,0
9/22/2023,4:30,MCAP AMB,Montipora,0
9/22/2023,4:45,MCAP AMB,Montipora,0
9/22/2023,5:00,MCAP AMB,Montipora,0
9/22/2023,5:15,MCAP AMB,Montipora,0
9/22/2023,5:30,MCAP AMB,Montipora,0
9/22/2023,5:45,MCAP AMB,Montipora,0
9/22/2023,6:00,MCAP AMB,Montipora,0
9/22/2023,6:15,MCAP AMB,Montipora,0
9/22/2023,6:30,MCAP AMB,Montipora,0.8
9/22/2023,6:45,MCAP AMB,Montipora,4.5
9/22/2023,7:00,MCAP AMB,Montipora,10.2
9/22/2023,7:15,MCAP AMB,Montipora,28.7
9/22/2023,7:30,MCAP AMB,Montipora,19.9
9/22/2023,7:45,MCAP AMB,Montipora,35.3
9/22/2023,8:00,MCAP AMB,Montipora,50.9
9/22/2023,8:15,MCAP AMB,Montipora,68.8
9/22/2023,8:30,MCAP AMB,Montipora,56.7
9/22/2023,8:45,MCAP AMB,Montipora,51.9
9/22/2023,9:00,MCAP AMB,Montipora,67.5
9/22/2023,9:15,MCAP AMB,Montipora,68.7
9/22/2023,9:30,MCAP AMB,Montipora,98.4
9/22/2023,9:45,MCAP AMB,Montipora,78.9
9/22/2023,10:00,MCAP AMB,Montipora,121.3
9/22/2023,10:15,MCAP AMB,Montipora,228.5
9/22/2023,10:30,MCAP AMB,Montipora,257.4
9/22/2023,10:45,MCAP AMB,Montipora,154.9
9/22/2023,11:00,MCAP AMB,Montipora,76.5
9/22/2023,11:15,MCAP AMB,Montipora,101.8
9/22/2023,11:30,MCAP AMB,Montipora,120.1
9/22/2023,11:45,MCAP AMB,Montipora,249.8
9/22/2023,12:00,MCAP AMB,Montipora,164.1
9/22/2023,12:15,MCAP AMB,Montipora,240.1
9/22/2023,12:30,MCAP AMB,Montipora,268.6
9/22/2023,12:45,MCAP AMB,Montipora,317.6
9/22/2023,13:00,MCAP AMB,Montipora,177.3
9/22/2023,13:15,MCAP AMB,Montipora,119.5
9/22/2023,13:30,MCAP AMB,Montipora,115.9
9/22/2023,13:45,MCAP AMB,Montipora,197
9/22/2023,14:00,MCAP AMB,Montipora,121.1
9/22/2023,14:15,MCAP AMB,Montipora,64.3
9/22/2023,14:30,MCAP AMB,Montipora,63.6
9/22/2023,14:45,MCAP AMB,Montipora,70.8
9/22/2023,15:00,MCAP AMB,Montipora,52.8
9/22/2023,15:15,MCAP AMB,Montipora,53.8
9/22/2023,15:30,MCAP AMB,Montipora,48.1
9/22/2023,15:45,MCAP AMB,Montipora,47.2
9/22/2023,16:00,MCAP AMB,Montipora,41
9/22/2023,16:15,MCAP AMB,Montipora,38.9
9/22/2023,16:30,MCAP AMB,Montipora,30.3
9/22/2023,16:45,MCAP AMB,Montipora,41
9/22/2023,17:00,MCAP AMB,Montipora,22.8
9/22/2023,17:15,MCAP AMB,Montipora,28.2
9/22/2023,17:30,MCAP AMB,Montipora,18.8
9/22/2023,17:45,MCAP AMB,Montipora,12.9
9/22/2023,18:00,MCAP AMB,Montipora,6.7
9/22/2023,18:15,MCAP AMB,Montipora,4.2
9/22/2023,18:30,MCAP AMB,Montipora,1.9
9/22/2023,18:45,MCAP AMB,Montipora,0.3
9/22/2023,19:00,MCAP AMB,Montipora,0
9/22/2023,19:15,MCAP AMB,Montipora,0
9/22/2023,19:30,MCAP AMB,Montipora,0
9/22/2023,19:45,MCAP AMB,Montipora,0
9/22/2023,20:00,MCAP AMB,Montipora,0
9/22/2023,20:15,MCAP AMB,Montipora,0
9/22/2023,20:30,MCAP AMB,Montipora,0
9/22/2023,20:45,MCAP AMB,Montipora,0
9/22/2023,21:00,MCAP AMB,Montipora,0
9/22/2023,21:15,MCAP AMB,Montipora,0
9/22/2023,21:30,MCAP AMB,Montipora,0
9/22/2023,21:45,MCAP AMB,Montipora,0
9/22/2023,22:00,MCAP AMB,Montipora,0
9/22/2023,22:15,MCAP AMB,Montipora,0
9/22/2023,22:30,MCAP AMB,Montipora,0
9/22/2023,22:45,MCAP AMB,Montipora,0
9/22/2023,23:00,MCAP AMB,Montipora,0
9/22/2023,23:15,MCAP AMB,Montipora,0
9/22/2023,23:30,MCAP AMB,Montipora,0
9/22/2023,23:45,MCAP AMB,Montipora,0
9/22/2023,0:00,MCAP AMB,Montipora,0
9/23/2023,0:15,MCAP AMB,Montipora,0
9/23/2023,0:30,MCAP AMB,Montipora,0
9/23/2023,0:45,MCAP AMB,Montipora,0
9/23/2023,1:00,MCAP AMB,Montipora,0
9/23/2023,1:15,MCAP AMB,Montipora,0
9/23/2023,1:30,MCAP AMB,Montipora,0
9/23/2023,1:45,MCAP AMB,Montipora,0
9/23/2023,2:00,MCAP AMB,Montipora,0
9/23/2023,2:15,MCAP AMB,Montipora,0
9/23/2023,2:30,MCAP AMB,Montipora,0
9/23/2023,2:45,MCAP AMB,Montipora,0
9/23/2023,3:00,MCAP AMB,Montipora,0
9/23/2023,3:15,MCAP AMB,Montipora,0
9/23/2023,3:30,MCAP AMB,Montipora,0
9/23/2023,3:45,MCAP AMB,Montipora,0
9/23/2023,4:00,MCAP AMB,Montipora,0
9/23/2023,4:15,MCAP AMB,Montipora,0
9/23/2023,4:30,MCAP AMB,Montipora,0
9/23/2023,4:45,MCAP AMB,Montipora,0
9/23/2023,5:00,MCAP AMB,Montipora,0
9/23/2023,5:15,MCAP AMB,Montipora,0
9/23/2023,5:30,MCAP AMB,Montipora,0
9/23/2023,5:45,MCAP AMB,Montipora,0
9/23/2023,6:00,MCAP AMB,Montipora,0
9/23/2023,6:15,MCAP AMB,Montipora,0
9/23/2023,6:30,MCAP AMB,Montipora,1.3
9/23/2023,6:45,MCAP AMB,Montipora,5.8
9/23/2023,7:00,MCAP AMB,Montipora,12
9/23/2023,7:15,MCAP AMB,Montipora,27.1
9/23/2023,7:30,MCAP AMB,Montipora,40.7
9/23/2023,7:45,MCAP AMB,Montipora,68.8
9/23/2023,8:00,MCAP AMB,Montipora,52.9
9/23/2023,8:15,MCAP AMB,Montipora,69.6
9/23/2023,8:30,MCAP AMB,Montipora,60.5
9/23/2023,8:45,MCAP AMB,Montipora,67.3
9/23/2023,9:00,MCAP AMB,Montipora,74.8
9/23/2023,9:15,MCAP AMB,Montipora,79.7
9/23/2023,9:30,MCAP AMB,Montipora,120.1
9/23/2023,9:45,MCAP AMB,Montipora,101.4
9/23/2023,10:00,MCAP AMB,Montipora,181.3
9/23/2023,10:15,MCAP AMB,Montipora,242.7
9/23/2023,10:30,MCAP AMB,Montipora,296.7
9/23/2023,10:45,MCAP AMB,Montipora,320.3
9/23/2023,11:00,MCAP AMB,Montipora,233.8
9/23/2023,11:15,MCAP AMB,Montipora,337.3
9/23/2023,11:30,MCAP AMB,Montipora,327.2
9/23/2023,11:45,MCAP AMB,Montipora,338.7
9/23/2023,12:00,MCAP AMB,Montipora,356.9
9/23/2023,12:15,MCAP AMB,Montipora,358.3
9/23/2023,12:30,MCAP AMB,Montipora,374.4
9/23/2023,12:45,MCAP AMB,Montipora,358.6
9/23/2023,13:00,MCAP AMB,Montipora,370.4
9/23/2023,13:15,MCAP AMB,Montipora,326.6
9/23/2023,13:30,MCAP AMB,Montipora,257.2
9/23/2023,13:45,MCAP AMB,Montipora,357.2
9/23/2023,14:00,MCAP AMB,Montipora,302.4
9/23/2023,14:15,MCAP AMB,Montipora,89.7
9/23/2023,14:30,MCAP AMB,Montipora,75.4
9/23/2023,14:45,MCAP AMB,Montipora,62.3
9/23/2023,15:00,MCAP AMB,Montipora,56.9
9/23/2023,15:15,MCAP AMB,Montipora,50.6
9/23/2023,15:30,MCAP AMB,Montipora,36.8
9/23/2023,15:45,MCAP AMB,Montipora,50.8
9/23/2023,16:00,MCAP AMB,Montipora,32.4
9/23/2023,16:15,MCAP AMB,Montipora,38.7
9/23/2023,16:30,MCAP AMB,Montipora,50.7
9/23/2023,16:45,MCAP AMB,Montipora,47.5
9/23/2023,17:00,MCAP AMB,Montipora,32.2
9/23/2023,17:15,MCAP AMB,Montipora,34
9/23/2023,17:30,MCAP AMB,Montipora,9.4
9/23/2023,17:45,MCAP AMB,Montipora,9.9
9/23/2023,18:00,MCAP AMB,Montipora,11.3
9/23/2023,18:15,MCAP AMB,Montipora,7.1
9/23/2023,18:30,MCAP AMB,Montipora,2.4
9/23/2023,18:45,MCAP AMB,Montipora,0.3
9/23/2023,19:00,MCAP AMB,Montipora,0
9/23/2023,19:15,MCAP AMB,Montipora,0
9/23/2023,19:30,MCAP AMB,Montipora,0
9/23/2023,19:45,MCAP AMB,Montipora,0
9/23/2023,20:00,MCAP AMB,Montipora,0
9/23/2023,20:15,MCAP AMB,Montipora,0
9/23/2023,20:30,MCAP AMB,Montipora,0
9/23/2023,20:45,MCAP AMB,Montipora,0
9/23/2023,21:00,MCAP AMB,Montipora,0
9/23/2023,21:15,MCAP AMB,Montipora,0
9/23/2023,21:30,MCAP AMB,Montipora,0
9/23/2023,21:45,MCAP AMB,Montipora,0
9/23/2023,22:00,MCAP AMB,Montipora,0
9/23/2023,22:15,MCAP AMB,Montipora,0
9/23/2023,22:30,MCAP AMB,Montipora,0
9/23/2023,22:45,MCAP AMB,Montipora,0
9/23/2023,23:00,MCAP AMB,Montipora,0
9/23/2023,23:15,MCAP AMB,Montipora,0
9/23/2023,23:30,MCAP AMB,Montipora,0
9/23/2023,23:45,MCAP AMB,Montipora,0
9/23/2023,0:00,MCAP AMB,Montipora,0
9/24/2023,0:15,MCAP AMB,Montipora,0
9/24/2023,0:30,MCAP AMB,Montipora,0
9/24/2023,0:45,MCAP AMB,Montipora,0
9/24/2023,1:00,MCAP AMB,Montipora,0
9/24/2023,1:15,MCAP AMB,Montipora,0
9/24/2023,1:30,MCAP AMB,Montipora,0
9/24/2023,1:45,MCAP AMB,Montipora,0
9/24/2023,2:00,MCAP AMB,Montipora,0
9/24/2023,2:15,MCAP AMB,Montipora,0
9/24/2023,2:30,MCAP AMB,Montipora,0
9/24/2023,2:45,MCAP AMB,Montipora,0
9/24/2023,3:00,MCAP AMB,Montipora,0
9/24/2023,3:15,MCAP AMB,Montipora,0
9/24/2023,3:30,MCAP AMB,Montipora,0
9/24/2023,3:45,MCAP AMB,Montipora,0
9/24/2023,4:00,MCAP AMB,Montipora,0
9/24/2023,4:15,MCAP AMB,Montipora,0
9/24/2023,4:30,MCAP AMB,Montipora,0
9/24/2023,4:45,MCAP AMB,Montipora,0
9/24/2023,5:00,MCAP AMB,Montipora,0
9/24/2023,5:15,MCAP AMB,Montipora,0
9/24/2023,5:30,MCAP AMB,Montipora,0
9/24/2023,5:45,MCAP AMB,Montipora,0
9/24/2023,6:00,MCAP AMB,Montipora,0
9/24/2023,6:15,MCAP AMB,Montipora,0
9/24/2023,6:30,MCAP AMB,Montipora,1.5
9/24/2023,6:45,MCAP AMB,Montipora,7.5
9/24/2023,7:00,MCAP AMB,Montipora,14.3
9/24/2023,7:15,MCAP AMB,Montipora,33.9
9/24/2023,7:30,MCAP AMB,Montipora,57.3
9/24/2023,7:45,MCAP AMB,Montipora,48.5
9/24/2023,8:00,MCAP AMB,Montipora,55.8
9/24/2023,8:15,MCAP AMB,Montipora,85.6
9/24/2023,8:30,MCAP AMB,Montipora,56.9
9/24/2023,8:45,MCAP AMB,Montipora,61.5
9/24/2023,9:00,MCAP AMB,Montipora,56.5
9/24/2023,9:15,MCAP AMB,Montipora,71.7
9/24/2023,9:30,MCAP AMB,Montipora,103.5
9/24/2023,9:45,MCAP AMB,Montipora,110
9/24/2023,10:00,MCAP AMB,Montipora,177.2
9/24/2023,10:15,MCAP AMB,Montipora,225.7
9/24/2023,10:30,MCAP AMB,Montipora,236.8
9/24/2023,10:45,MCAP AMB,Montipora,273.7
9/24/2023,11:00,MCAP AMB,Montipora,262.6
9/24/2023,11:15,MCAP AMB,Montipora,178.5
9/24/2023,11:30,MCAP AMB,Montipora,270.7
9/24/2023,11:45,MCAP AMB,Montipora,313.5
9/24/2023,12:00,MCAP AMB,Montipora,233.2
9/24/2023,12:15,MCAP AMB,Montipora,349.6
9/24/2023,12:30,MCAP AMB,Montipora,310.3
9/24/2023,12:45,MCAP AMB,Montipora,364.7
9/24/2023,13:00,MCAP AMB,Montipora,241.1
9/24/2023,13:15,MCAP AMB,Montipora,309.2
9/24/2023,13:30,MCAP AMB,Montipora,292.5
9/24/2023,13:45,MCAP AMB,Montipora,329
9/24/2023,14:00,MCAP AMB,Montipora,188.5
9/24/2023,14:15,MCAP AMB,Montipora,66.9
9/24/2023,14:30,MCAP AMB,Montipora,51.9
9/24/2023,14:45,MCAP AMB,Montipora,53.8
9/24/2023,15:00,MCAP AMB,Montipora,41.1
9/24/2023,15:15,MCAP AMB,Montipora,38.4
9/24/2023,15:30,MCAP AMB,Montipora,34
9/24/2023,15:45,MCAP AMB,Montipora,36.4
9/24/2023,16:00,MCAP AMB,Montipora,29.9
9/24/2023,16:15,MCAP AMB,Montipora,33.2
9/24/2023,16:30,MCAP AMB,Montipora,24.6
9/24/2023,16:45,MCAP AMB,Montipora,27.1
9/24/2023,17:00,MCAP AMB,Montipora,22.6
9/24/2023,17:15,MCAP AMB,Montipora,23.7
9/24/2023,17:30,MCAP AMB,Montipora,16.8
9/24/2023,17:45,MCAP AMB,Montipora,12
9/24/2023,18:00,MCAP AMB,Montipora,9
9/24/2023,18:15,MCAP AMB,Montipora,3.9
9/24/2023,18:30,MCAP AMB,Montipora,1.7
9/24/2023,18:45,MCAP AMB,Montipora,0.2
9/24/2023,19:00,MCAP AMB,Montipora,0
9/24/2023,19:15,MCAP AMB,Montipora,0
9/24/2023,19:30,MCAP AMB,Montipora,0
9/24/2023,19:45,MCAP AMB,Montipora,0
9/24/2023,20:00,MCAP AMB,Montipora,0
9/24/2023,20:15,MCAP AMB,Montipora,0
9/24/2023,20:30,MCAP AMB,Montipora,0
9/24/2023,20:45,MCAP AMB,Montipora,0
9/24/2023,21:00,MCAP AMB,Montipora,0
9/24/2023,21:15,MCAP AMB,Montipora,0
9/24/2023,21:30,MCAP AMB,Montipora,0
9/24/2023,21:45,MCAP AMB,Montipora,0
9/24/2023,22:00,MCAP AMB,Montipora,0
9/24/2023,22:15,MCAP AMB,Montipora,0
9/24/2023,22:30,MCAP AMB,Montipora,0
9/24/2023,22:45,MCAP AMB,Montipora,0
9/24/2023,23:00,MCAP AMB,Montipora,0
9/24/2023,23:15,MCAP AMB,Montipora,0
9/24/2023,23:30,MCAP AMB,Montipora,0
9/24/2023,23:45,MCAP AMB,Montipora,0
9/24/2023,0:00,MCAP AMB,Montipora,0
9/25/2023,0:15,MCAP AMB,Montipora,0
9/25/2023,0:30,MCAP AMB,Montipora,0
9/25/2023,0:45,MCAP AMB,Montipora,0
9/25/2023,1:00,MCAP AMB,Montipora,0
9/25/2023,1:15,MCAP AMB,Montipora,0
9/25/2023,1:30,MCAP AMB,Montipora,0
9/25/2023,1:45,MCAP AMB,Montipora,0
9/25/2023,2:00,MCAP AMB,Montipora,0
9/25/2023,2:15,MCAP AMB,Montipora,0
9/25/2023,2:30,MCAP AMB,Montipora,0
9/25/2023,2:45,MCAP AMB,Montipora,0
9/25/2023,3:00,MCAP AMB,Montipora,0
9/25/2023,3:15,MCAP AMB,Montipora,0
9/25/2023,3:30,MCAP AMB,Montipora,0
9/25/2023,3:45,MCAP AMB,Montipora,0
9/25/2023,4:00,MCAP AMB,Montipora,0
9/25/2023,4:15,MCAP AMB,Montipora,0
9/25/2023,4:30,MCAP AMB,Montipora,0
9/25/2023,4:45,MCAP AMB,Montipora,0
9/25/2023,5:00,MCAP AMB,Montipora,0
9/25/2023,5:15,MCAP AMB,Montipora,0
9/25/2023,5:30,MCAP AMB,Montipora,0
9/25/2023,5:45,MCAP AMB,Montipora,0
9/25/2023,6:00,MCAP AMB,Montipora,0
9/25/2023,6:15,MCAP AMB,Montipora,0
9/25/2023,6:30,MCAP AMB,Montipora,1
9/25/2023,6:45,MCAP AMB,Montipora,3.2
9/25/2023,7:00,MCAP AMB,Montipora,9.2
9/25/2023,7:15,MCAP AMB,Montipora,13.7
9/25/2023,7:30,MCAP AMB,Montipora,38.8
9/25/2023,7:45,MCAP AMB,Montipora,61.7
9/25/2023,8:00,MCAP AMB,Montipora,50.1
9/25/2023,8:15,MCAP AMB,Montipora,68
9/25/2023,8:30,MCAP AMB,Montipora,50.7
9/25/2023,8:45,MCAP AMB,Montipora,42.1
9/25/2023,9:00,MCAP AMB,Montipora,96.5
9/25/2023,9:15,MCAP AMB,Montipora,108.7
9/25/2023,9:30,MCAP AMB,Montipora,109.9
9/25/2023,9:45,MCAP AMB,Montipora,153.9
9/25/2023,10:00,MCAP AMB,Montipora,146.4
9/25/2023,10:15,MCAP AMB,Montipora,113.4
9/25/2023,10:30,MCAP AMB,Montipora,131.1
9/25/2023,10:45,MCAP AMB,Montipora,269.3
9/25/2023,11:00,MCAP AMB,Montipora,291.3
9/25/2023,11:15,MCAP AMB,Montipora,252.3
9/25/2023,11:30,MCAP AMB,Montipora,272.1
9/25/2023,11:45,MCAP AMB,Montipora,363.7
9/25/2023,12:00,MCAP AMB,Montipora,337.1
9/25/2023,12:15,MCAP AMB,Montipora,289.2
9/25/2023,12:30,MCAP AMB,Montipora,195.6
9/25/2023,12:45,MCAP AMB,Montipora,157.6
9/25/2023,13:00,MCAP AMB,Montipora,336.9
9/25/2023,13:15,MCAP AMB,Montipora,178.6
9/25/2023,13:30,MCAP AMB,Montipora,99.7
9/25/2023,13:45,MCAP AMB,Montipora,53.6
9/25/2023,14:00,MCAP AMB,Montipora,103.8
9/25/2023,14:15,MCAP AMB,Montipora,86.3
9/25/2023,14:30,MCAP AMB,Montipora,47.6
9/25/2023,14:45,MCAP AMB,Montipora,42.2
9/25/2023,15:00,MCAP AMB,Montipora,53.4
9/25/2023,15:15,MCAP AMB,Montipora,45.4
9/25/2023,15:30,MCAP AMB,Montipora,32.6
9/25/2023,15:45,MCAP AMB,Montipora,32
9/25/2023,16:00,MCAP AMB,Montipora,26.8
9/25/2023,16:15,MCAP AMB,Montipora,39.2
9/25/2023,16:30,MCAP AMB,Montipora,43.8
9/25/2023,16:45,MCAP AMB,Montipora,36.9
9/25/2023,17:00,MCAP AMB,Montipora,14.7
9/25/2023,17:15,MCAP AMB,Montipora,17
9/25/2023,17:30,MCAP AMB,Montipora,11.8
9/25/2023,17:45,MCAP AMB,Montipora,11.7
9/25/2023,18:00,MCAP AMB,Montipora,8.8
9/25/2023,18:15,MCAP AMB,Montipora,3.3
9/25/2023,18:30,MCAP AMB,Montipora,1.3
9/25/2023,18:45,MCAP AMB,Montipora,0.1
9/25/2023,19:00,MCAP AMB,Montipora,0
9/25/2023,19:15,MCAP AMB,Montipora,0
9/25/2023,19:30,MCAP AMB,Montipora,0
9/25/2023,19:45,MCAP AMB,Montipora,0
9/25/2023,20:00,MCAP AMB,Montipora,0
9/25/2023,20:15,MCAP AMB,Montipora,0
9/25/2023,20:30,MCAP AMB,Montipora,0
9/25/2023,20:45,MCAP AMB,Montipora,0
9/25/2023,21:00,MCAP AMB,Montipora,0
9/25/2023,21:15,MCAP AMB,Montipora,0
9/25/2023,21:30,MCAP AMB,Montipora,0
9/25/2023,21:45,MCAP AMB,Montipora,0
9/25/2023,22:00,MCAP AMB,Montipora,0
9/25/2023,22:15,MCAP AMB,Montipora,0
9/25/2023,22:30,MCAP AMB,Montipora,0
9/25/2023,22:45,MCAP AMB,Montipora,0
9/25/2023,23:00,MCAP AMB,Montipora,0
9/25/2023,23:15,MCAP AMB,Montipora,0
9/25/2023,23:30,MCAP AMB,Montipora,0
9/25/2023,23:45,MCAP AMB,Montipora,0
9/25/2023,0:00,MCAP AMB,Montipora,0
9/26/2023,0:15,MCAP AMB,Montipora,0
9/26/2023,0:30,MCAP AMB,Montipora,0
9/26/2023,0:45,MCAP AMB,Montipora,0
9/26/2023,1:00,MCAP AMB,Montipora,0
9/26/2023,1:15,MCAP AMB,Montipora,0
9/26/2023,1:30,MCAP AMB,Montipora,0
9/26/2023,1:45,MCAP AMB,Montipora,0
9/26/2023,2:00,MCAP AMB,Montipora,0
9/26/2023,2:15,MCAP AMB,Montipora,0
9/26/2023,2:30,MCAP AMB,Montipora,0
9/26/2023,2:45,MCAP AMB,Montipora,0
9/26/2023,3:00,MCAP AMB,Montipora,0
9/26/2023,3:15,MCAP AMB,Montipora,0
9/26/2023,3:30,MCAP AMB,Montipora,0
9/26/2023,3:45,MCAP AMB,Montipora,0
9/26/2023,4:00,MCAP AMB,Montipora,0
9/26/2023,4:15,MCAP AMB,Montipora,0
9/26/2023,4:30,MCAP AMB,Montipora,0
9/26/2023,4:45,MCAP AMB,Montipora,0
9/26/2023,5:00,MCAP AMB,Montipora,0
9/26/2023,5:15,MCAP AMB,Montipora,0
9/26/2023,5:30,MCAP AMB,Montipora,0
9/26/2023,5:45,MCAP AMB,Montipora,0
9/26/2023,6:00,MCAP AMB,Montipora,0
9/26/2023,6:15,MCAP AMB,Montipora,0
9/26/2023,6:30,MCAP AMB,Montipora,1
9/26/2023,6:45,MCAP AMB,Montipora,6
9/26/2023,7:00,MCAP AMB,Montipora,12.4
9/26/2023,7:15,MCAP AMB,Montipora,31.4
9/26/2023,7:30,MCAP AMB,Montipora,35.4
9/26/2023,7:45,MCAP AMB,Montipora,47.7
9/26/2023,8:00,MCAP AMB,Montipora,42.8
9/26/2023,8:15,MCAP AMB,Montipora,78.7
9/26/2023,8:30,MCAP AMB,Montipora,65
9/26/2023,8:45,MCAP AMB,Montipora,58.8
9/26/2023,9:00,MCAP AMB,Montipora,70.3
9/26/2023,9:15,MCAP AMB,Montipora,83.5
9/26/2023,9:30,MCAP AMB,Montipora,72.7
9/26/2023,9:45,MCAP AMB,Montipora,98
9/26/2023,10:00,MCAP AMB,Montipora,126
9/26/2023,10:15,MCAP AMB,Montipora,168.1
9/26/2023,10:30,MCAP AMB,Montipora,200.1
9/26/2023,10:45,MCAP AMB,Montipora,269
9/26/2023,11:00,MCAP AMB,Montipora,99.3
9/26/2023,11:15,MCAP AMB,Montipora,158.9
9/26/2023,11:30,MCAP AMB,Montipora,168.1
9/26/2023,11:45,MCAP AMB,Montipora,245
9/26/2023,12:00,MCAP AMB,Montipora,300.1
9/26/2023,12:15,MCAP AMB,Montipora,308.9
9/26/2023,12:30,MCAP AMB,Montipora,351.6
9/26/2023,12:45,MCAP AMB,Montipora,241.8
9/26/2023,13:00,MCAP AMB,Montipora,305.5
9/26/2023,13:15,MCAP AMB,Montipora,172
9/26/2023,13:30,MCAP AMB,Montipora,333.5
9/26/2023,13:45,MCAP AMB,Montipora,238.1
9/26/2023,14:00,MCAP AMB,Montipora,156.8
9/26/2023,14:15,MCAP AMB,Montipora,145.4
9/26/2023,14:30,MCAP AMB,Montipora,54.1
9/26/2023,14:45,MCAP AMB,Montipora,57
9/26/2023,15:00,MCAP AMB,Montipora,54.4
9/26/2023,15:15,MCAP AMB,Montipora,54.7
9/26/2023,15:30,MCAP AMB,Montipora,64.9
9/26/2023,15:45,MCAP AMB,Montipora,80.4
9/26/2023,16:00,MCAP AMB,Montipora,65.1
9/26/2023,16:15,MCAP AMB,Montipora,57.4
9/26/2023,16:30,MCAP AMB,Montipora,50
9/26/2023,16:45,MCAP AMB,Montipora,27.4
9/26/2023,17:00,MCAP AMB,Montipora,19.7
9/26/2023,17:15,MCAP AMB,Montipora,18.5
9/26/2023,17:30,MCAP AMB,Montipora,15.4
9/26/2023,17:45,MCAP AMB,Montipora,12.4
9/26/2023,18:00,MCAP AMB,Montipora,8
9/26/2023,18:15,MCAP AMB,Montipora,3.9
9/26/2023,18:30,MCAP AMB,Montipora,1.5
9/26/2023,18:45,MCAP AMB,Montipora,0.1
9/26/2023,19:00,MCAP AMB,Montipora,0
9/26/2023,19:15,MCAP AMB,Montipora,0
9/26/2023,19:30,MCAP AMB,Montipora,0
9/26/2023,19:45,MCAP AMB,Montipora,0
9/26/2023,20:00,MCAP AMB,Montipora,0
9/26/2023,20:15,MCAP AMB,Montipora,0
9/26/2023,20:30,MCAP AMB,Montipora,0
9/26/2023,20:45,MCAP AMB,Montipora,0
9/26/2023,21:00,MCAP AMB,Montipora,0
9/26/2023,21:15,MCAP AMB,Montipora,0
9/26/2023,21:30,MCAP AMB,Montipora,0
9/26/2023,21:45,MCAP AMB,Montipora,0
9/26/2023,22:00,MCAP AMB,Montipora,0
9/26/2023,22:15,MCAP AMB,Montipora,0
9/26/2023,22:30,MCAP AMB,Montipora,0
9/26/2023,22:45,MCAP AMB,Montipora,0
9/26/2023,23:00,MCAP AMB,Montipora,0
9/26/2023,23:15,MCAP AMB,Montipora,0
9/26/2023,23:30,MCAP AMB,Montipora,0
9/26/2023,23:45,MCAP AMB,Montipora,0
9/26/2023,0:00,MCAP AMB,Montipora,0
9/27/2023,0:15,MCAP AMB,Montipora,0
9/27/2023,0:30,MCAP AMB,Montipora,0
9/27/2023,0:45,MCAP AMB,Montipora,0
9/27/2023,1:00,MCAP AMB,Montipora,0
9/27/2023,1:15,MCAP AMB,Montipora,0
9/27/2023,1:30,MCAP AMB,Montipora,0
9/27/2023,1:45,MCAP AMB,Montipora,0
9/27/2023,2:00,MCAP AMB,Montipora,0
9/27/2023,2:15,MCAP AMB,Montipora,0
9/27/2023,2:30,MCAP AMB,Montipora,0
9/27/2023,2:45,MCAP AMB,Montipora,0
9/27/2023,3:00,MCAP AMB,Montipora,0
9/27/2023,3:15,MCAP AMB,Montipora,0
9/27/2023,3:30,MCAP AMB,Montipora,0
9/27/2023,3:45,MCAP AMB,Montipora,0
9/27/2023,4:00,MCAP AMB,Montipora,0
9/27/2023,4:15,MCAP AMB,Montipora,0
9/27/2023,4:30,MCAP AMB,Montipora,0
9/27/2023,4:45,MCAP AMB,Montipora,0
9/27/2023,5:00,MCAP AMB,Montipora,0
9/27/2023,5:15,MCAP AMB,Montipora,0
9/27/2023,5:30,MCAP AMB,Montipora,0
9/27/2023,5:45,MCAP AMB,Montipora,0
9/27/2023,6:00,MCAP AMB,Montipora,0
9/27/2023,6:15,MCAP AMB,Montipora,0
9/27/2023,6:30,MCAP AMB,Montipora,1
9/27/2023,6:45,MCAP AMB,Montipora,3.3
9/27/2023,7:00,MCAP AMB,Montipora,8
9/27/2023,7:15,MCAP AMB,Montipora,14.2
9/27/2023,7:30,MCAP AMB,Montipora,48.6
9/27/2023,7:45,MCAP AMB,Montipora,65.6
9/27/2023,8:00,MCAP AMB,Montipora,35.2
9/27/2023,8:15,MCAP AMB,Montipora,54.7
9/27/2023,8:30,MCAP AMB,Montipora,77.4
9/27/2023,8:45,MCAP AMB,Montipora,66.2
9/27/2023,9:00,MCAP AMB,Montipora,81.1
9/27/2023,9:15,MCAP AMB,Montipora,74.7
9/27/2023,9:30,MCAP AMB,Montipora,100.1
9/27/2023,9:45,MCAP AMB,Montipora,124.6
9/27/2023,10:00,MCAP AMB,Montipora,125.4
9/27/2023,10:15,MCAP AMB,Montipora,176.3
9/27/2023,10:30,MCAP AMB,Montipora,108
9/27/2023,10:45,MCAP AMB,Montipora,135.1
9/27/2023,11:00,MCAP AMB,Montipora,167.2
9/27/2023,11:15,MCAP AMB,Montipora,188
9/27/2023,11:30,MCAP AMB,Montipora,242.9
9/27/2023,11:45,MCAP AMB,Montipora,270
9/27/2023,12:00,MCAP AMB,Montipora,282.2
9/27/2023,12:15,MCAP AMB,Montipora,268.8
9/27/2023,12:30,MCAP AMB,Montipora,301.9
9/27/2023,12:45,MCAP AMB,Montipora,332.3
9/27/2023,13:00,MCAP AMB,Montipora,369.2
9/27/2023,13:15,MCAP AMB,Montipora,366.1
9/27/2023,13:30,MCAP AMB,Montipora,366.2
9/27/2023,13:45,MCAP AMB,Montipora,294.9
9/27/2023,14:00,MCAP AMB,Montipora,146.8
9/27/2023,14:15,MCAP AMB,Montipora,137.2
9/27/2023,14:30,MCAP AMB,Montipora,134.6
9/27/2023,14:45,MCAP AMB,Montipora,77.5
9/27/2023,15:00,MCAP AMB,Montipora,79.2
9/27/2023,15:15,MCAP AMB,Montipora,64.7
9/27/2023,15:30,MCAP AMB,Montipora,59.9
9/27/2023,15:45,MCAP AMB,Montipora,79.3
9/27/2023,16:00,MCAP AMB,Montipora,55.6
9/27/2023,16:15,MCAP AMB,Montipora,47.5
9/27/2023,16:30,MCAP AMB,Montipora,24.3
9/27/2023,16:45,MCAP AMB,Montipora,15.4
9/27/2023,17:00,MCAP AMB,Montipora,15.8
9/27/2023,17:15,MCAP AMB,Montipora,22.1
9/27/2023,17:30,MCAP AMB,Montipora,16
9/27/2023,17:45,MCAP AMB,Montipora,9.8
9/27/2023,18:00,MCAP AMB,Montipora,6.7
9/27/2023,18:15,MCAP AMB,Montipora,4.1
9/27/2023,18:30,MCAP AMB,Montipora,1.6
9/27/2023,18:45,MCAP AMB,Montipora,0.1
9/27/2023,19:00,MCAP AMB,Montipora,0
9/27/2023,19:15,MCAP AMB,Montipora,0
9/27/2023,19:30,MCAP AMB,Montipora,0
9/27/2023,19:45,MCAP AMB,Montipora,0
9/27/2023,20:00,MCAP AMB,Montipora,0
9/27/2023,20:15,MCAP AMB,Montipora,0
9/27/2023,20:30,MCAP AMB,Montipora,0
9/27/2023,20:45,MCAP AMB,Montipora,0
9/27/2023,21:00,MCAP AMB,Montipora,0
9/27/2023,21:15,MCAP AMB,Montipora,0
9/27/2023,21:30,MCAP AMB,Montipora,0
9/27/2023,21:45,MCAP AMB,Montipora,0
9/27/2023,22:00,MCAP AMB,Montipora,0
9/27/2023,22:15,MCAP AMB,Montipora,0
9/27/2023,22:30,MCAP AMB,Montipora,0
9/27/2023,22:45,MCAP AMB,Montipora,0
9/27/2023,23:00,MCAP AMB,Montipora,0
9/27/2023,23:15,MCAP AMB,Montipora,0
9/27/2023,23:30,MCAP AMB,Montipora,0
9/27/2023,23:45,MCAP AMB,Montipora,0
9/27/2023,0:00,MCAP AMB,Montipora,0
9/28/2023,0:15,MCAP AMB,Montipora,0
9/28/2023,0:30,MCAP AMB,Montipora,0
9/28/2023,0:45,MCAP AMB,Montipora,0
9/28/2023,1:00,MCAP AMB,Montipora,0
9/28/2023,1:15,MCAP AMB,Montipora,0
9/28/2023,1:30,MCAP AMB,Montipora,0
9/28/2023,1:45,MCAP AMB,Montipora,0
9/28/2023,2:00,MCAP AMB,Montipora,0
9/28/2023,2:15,MCAP AMB,Montipora,0
9/28/2023,2:30,MCAP AMB,Montipora,0
9/28/2023,2:45,MCAP AMB,Montipora,0
9/28/2023,3:00,MCAP AMB,Montipora,0
9/28/2023,3:15,MCAP AMB,Montipora,0
9/28/2023,3:30,MCAP AMB,Montipora,0
9/28/2023,3:45,MCAP AMB,Montipora,0
9/28/2023,4:00,MCAP AMB,Montipora,0
9/28/2023,4:15,MCAP AMB,Montipora,0
9/28/2023,4:30,MCAP AMB,Montipora,0
9/28/2023,4:45,MCAP AMB,Montipora,0
9/28/2023,5:00,MCAP AMB,Montipora,0
9/28/2023,5:15,MCAP AMB,Montipora,0
9/28/2023,5:30,MCAP AMB,Montipora,0
9/28/2023,5:45,MCAP AMB,Montipora,0
9/28/2023,6:00,MCAP AMB,Montipora,0
9/28/2023,6:15,MCAP AMB,Montipora,0
9/28/2023,6:30,MCAP AMB,Montipora,1.1
9/28/2023,6:45,MCAP AMB,Montipora,6
9/28/2023,7:00,MCAP AMB,Montipora,10.5
9/28/2023,7:15,MCAP AMB,Montipora,25.6
9/28/2023,7:30,MCAP AMB,Montipora,34.6
9/28/2023,7:45,MCAP AMB,Montipora,47.3
9/28/2023,8:00,MCAP AMB,Montipora,38.7
9/28/2023,8:15,MCAP AMB,Montipora,58.9
9/28/2023,8:30,MCAP AMB,Montipora,86.8
9/28/2023,8:45,MCAP AMB,Montipora,93.2
9/28/2023,9:00,MCAP AMB,Montipora,92
9/28/2023,9:15,MCAP AMB,Montipora,75.4
9/28/2023,9:30,MCAP AMB,Montipora,66.5
9/28/2023,9:45,MCAP AMB,Montipora,86.1
9/28/2023,10:00,MCAP AMB,Montipora,83.4
9/28/2023,10:15,MCAP AMB,Montipora,106.3
9/28/2023,10:30,MCAP AMB,Montipora,64.8
9/28/2023,10:45,MCAP AMB,Montipora,167.6
9/28/2023,11:00,MCAP AMB,Montipora,226.9
9/28/2023,11:15,MCAP AMB,Montipora,288.6
9/28/2023,11:30,MCAP AMB,Montipora,115.6
9/28/2023,11:45,MCAP AMB,Montipora,324.3
9/28/2023,12:00,MCAP AMB,Montipora,321.3
9/28/2023,12:15,MCAP AMB,Montipora,269.2
9/28/2023,12:30,MCAP AMB,Montipora,180.9
9/28/2023,12:45,MCAP AMB,Montipora,174.8
9/28/2023,13:00,MCAP AMB,Montipora,194.2
9/28/2023,13:15,MCAP AMB,Montipora,354.1
9/28/2023,13:30,MCAP AMB,Montipora,98
9/28/2023,13:45,MCAP AMB,Montipora,95.7
9/28/2023,14:00,MCAP AMB,Montipora,173.4
9/28/2023,14:15,MCAP AMB,Montipora,89
9/28/2023,14:30,MCAP AMB,Montipora,54.7
9/28/2023,14:45,MCAP AMB,Montipora,60.3
9/28/2023,15:00,MCAP AMB,Montipora,57.3
9/28/2023,15:15,MCAP AMB,Montipora,55.2
9/28/2023,15:30,MCAP AMB,Montipora,42.3
9/28/2023,15:45,MCAP AMB,Montipora,48
9/28/2023,16:00,MCAP AMB,Montipora,42.9
9/28/2023,16:15,MCAP AMB,Montipora,37.2
9/28/2023,16:30,MCAP AMB,Montipora,34.9
9/28/2023,16:45,MCAP AMB,Montipora,28.6
9/28/2023,17:00,MCAP AMB,Montipora,22.2
9/28/2023,17:15,MCAP AMB,Montipora,17.8
9/28/2023,17:30,MCAP AMB,Montipora,15.8
9/28/2023,17:45,MCAP AMB,Montipora,11.7
9/28/2023,18:00,MCAP AMB,Montipora,4.2
9/28/2023,18:15,MCAP AMB,Montipora,2.7
9/28/2023,18:30,MCAP AMB,Montipora,0.7
9/28/2023,18:45,MCAP AMB,Montipora,0
9/28/2023,19:00,MCAP AMB,Montipora,0
9/28/2023,19:15,MCAP AMB,Montipora,0
9/28/2023,19:30,MCAP AMB,Montipora,0
9/28/2023,19:45,MCAP AMB,Montipora,0
9/28/2023,20:00,MCAP AMB,Montipora,0
9/28/2023,20:15,MCAP AMB,Montipora,0
9/28/2023,20:30,MCAP AMB,Montipora,0
9/28/2023,20:45,MCAP AMB,Montipora,0
9/28/2023,21:00,MCAP AMB,Montipora,0
9/28/2023,21:15,MCAP AMB,Montipora,0
9/28/2023,21:30,MCAP AMB,Montipora,0
9/28/2023,21:45,MCAP AMB,Montipora,0
9/28/2023,22:00,MCAP AMB,Montipora,0
9/28/2023,22:15,MCAP AMB,Montipora,0
9/28/2023,22:30,MCAP AMB,Montipora,0
9/28/2023,22:45,MCAP AMB,Montipora,0
9/28/2023,23:00,MCAP AMB,Montipora,0
9/28/2023,23:15,MCAP AMB,Montipora,0
9/28/2023,23:30,MCAP AMB,Montipora,0
9/28/2023,23:45,MCAP AMB,Montipora,0
9/28/2023,0:00,MCAP AMB,Montipora,0
9/29/2023,0:15,MCAP AMB,Montipora,0
9/29/2023,0:30,MCAP AMB,Montipora,0
9/29/2023,0:45,MCAP AMB,Montipora,0
9/29/2023,1:00,MCAP AMB,Montipora,0
9/29/2023,1:15,MCAP AMB,Montipora,0
9/29/2023,1:30,MCAP AMB,Montipora,0
9/29/2023,1:45,MCAP AMB,Montipora,0
9/29/2023,2:00,MCAP AMB,Montipora,0
9/29/2023,2:15,MCAP AMB,Montipora,0
9/29/2023,2:30,MCAP AMB,Montipora,0
9/29/2023,2:45,MCAP AMB,Montipora,0
9/29/2023,3:00,MCAP AMB,Montipora,0
9/29/2023,3:15,MCAP AMB,Montipora,0
9/29/2023,3:30,MCAP AMB,Montipora,0
9/29/2023,3:45,MCAP AMB,Montipora,0
9/29/2023,4:00,MCAP AMB,Montipora,0
9/29/2023,4:15,MCAP AMB,Montipora,0
9/29/2023,4:30,MCAP AMB,Montipora,0
9/29/2023,4:45,MCAP AMB,Montipora,0
9/29/2023,5:00,MCAP AMB,Montipora,0
9/29/2023,5:15,MCAP AMB,Montipora,0
9/29/2023,5:30,MCAP AMB,Montipora,0
9/29/2023,5:45,MCAP AMB,Montipora,0
9/29/2023,6:00,MCAP AMB,Montipora,0
9/29/2023,6:15,MCAP AMB,Montipora,0
9/29/2023,6:30,MCAP AMB,Montipora,0.8
9/29/2023,6:45,MCAP AMB,Montipora,5
9/29/2023,7:00,MCAP AMB,Montipora,10.8
9/29/2023,7:15,MCAP AMB,Montipora,9.7
9/29/2023,7:30,MCAP AMB,Montipora,46.5
9/29/2023,7:45,MCAP AMB,Montipora,29.4
9/29/2023,8:00,MCAP AMB,Montipora,32.2
9/29/2023,8:15,MCAP AMB,Montipora,50
9/29/2023,8:30,MCAP AMB,Montipora,62.9
9/29/2023,8:45,MCAP AMB,Montipora,66.7
9/29/2023,9:00,MCAP AMB,Montipora,89.3
9/29/2023,9:15,MCAP AMB,Montipora,95
9/29/2023,9:30,MCAP AMB,Montipora,112.3
9/29/2023,9:45,MCAP AMB,Montipora,241.6
9/29/2023,10:00,MCAP AMB,Montipora,216.4
9/29/2023,10:15,MCAP AMB,Montipora,225.4
9/29/2023,10:30,MCAP AMB,Montipora,246.4
9/29/2023,10:45,MCAP AMB,Montipora,164.8
9/29/2023,11:00,MCAP AMB,Montipora,190.3
9/29/2023,11:15,MCAP AMB,Montipora,102.1
9/29/2023,11:30,MCAP AMB,Montipora,132.2
9/29/2023,11:45,MCAP AMB,Montipora,225.5
9/29/2023,12:00,MCAP AMB,Montipora,129
9/29/2023,12:15,MCAP AMB,Montipora,88.1
9/29/2023,12:30,MCAP AMB,Montipora,189.5
9/29/2023,12:45,MCAP AMB,Montipora,270
9/29/2023,13:00,MCAP AMB,Montipora,199.4
9/29/2023,13:15,MCAP AMB,Montipora,144.1
9/29/2023,13:30,MCAP AMB,Montipora,292.9
9/29/2023,13:45,MCAP AMB,Montipora,218
9/29/2023,14:00,MCAP AMB,Montipora,146.2
9/29/2023,14:15,MCAP AMB,Montipora,108
9/29/2023,14:30,MCAP AMB,Montipora,87.2
9/29/2023,14:45,MCAP AMB,Montipora,76.7
9/29/2023,15:00,MCAP AMB,Montipora,63.8
9/29/2023,15:15,MCAP AMB,Montipora,74.5
9/29/2023,15:30,MCAP AMB,Montipora,55.3
9/29/2023,15:45,MCAP AMB,Montipora,44.8
9/29/2023,16:00,MCAP AMB,Montipora,41.5
9/29/2023,16:15,MCAP AMB,Montipora,38.4
9/29/2023,16:30,MCAP AMB,Montipora,28.5
9/29/2023,16:45,MCAP AMB,Montipora,44
9/29/2023,17:00,MCAP AMB,Montipora,13.3
9/29/2023,17:15,MCAP AMB,Montipora,13.5
9/29/2023,17:30,MCAP AMB,Montipora,12.5
9/29/2023,17:45,MCAP AMB,Montipora,8.7
9/29/2023,18:00,MCAP AMB,Montipora,4.7
9/29/2023,18:15,MCAP AMB,Montipora,3
9/29/2023,18:30,MCAP AMB,Montipora,0.6
9/29/2023,18:45,MCAP AMB,Montipora,0
9/29/2023,19:00,MCAP AMB,Montipora,0
9/29/2023,19:15,MCAP AMB,Montipora,0
9/29/2023,19:30,MCAP AMB,Montipora,0
9/29/2023,19:45,MCAP AMB,Montipora,0
9/29/2023,20:00,MCAP AMB,Montipora,0
9/29/2023,20:15,MCAP AMB,Montipora,0
9/29/2023,20:30,MCAP AMB,Montipora,0
9/29/2023,20:45,MCAP AMB,Montipora,0
9/29/2023,21:00,MCAP AMB,Montipora,0
9/29/2023,21:15,MCAP AMB,Montipora,0
9/29/2023,21:30,MCAP AMB,Montipora,0
9/29/2023,21:45,MCAP AMB,Montipora,0
9/29/2023,22:00,MCAP AMB,Montipora,0
9/29/2023,22:15,MCAP AMB,Montipora,0
9/29/2023,22:30,MCAP AMB,Montipora,0
9/29/2023,22:45,MCAP AMB,Montipora,0
9/29/2023,23:00,MCAP AMB,Montipora,0
9/29/2023,23:15,MCAP AMB,Montipora,0
9/29/2023,23:30,MCAP AMB,Montipora,0
9/29/2023,23:45,MCAP AMB,Montipora,0
9/29/2023,0:00,MCAP AMB,Montipora,0
9/30/2023,0:15,MCAP AMB,Montipora,0
9/30/2023,0:30,MCAP AMB,Montipora,0
9/30/2023,0:45,MCAP AMB,Montipora,0
9/30/2023,1:00,MCAP AMB,Montipora,0
9/30/2023,1:15,MCAP AMB,Montipora,0
9/30/2023,1:30,MCAP AMB,Montipora,0
9/30/2023,1:45,MCAP AMB,Montipora,0
9/30/2023,2:00,MCAP AMB,Montipora,0
9/30/2023,2:15,MCAP AMB,Montipora,0
9/30/2023,2:30,MCAP AMB,Montipora,0
9/30/2023,2:45,MCAP AMB,Montipora,0
9/30/2023,3:00,MCAP AMB,Montipora,0
9/30/2023,3:15,MCAP AMB,Montipora,0
9/30/2023,3:30,MCAP AMB,Montipora,0
9/30/2023,3:45,MCAP AMB,Montipora,0
9/30/2023,4:00,MCAP AMB,Montipora,0
9/30/2023,4:15,MCAP AMB,Montipora,0
9/30/2023,4:30,MCAP AMB,Montipora,0
9/30/2023,4:45,MCAP AMB,Montipora,0
9/30/2023,5:00,MCAP AMB,Montipora,0
9/30/2023,5:15,MCAP AMB,Montipora,0
9/30/2023,5:30,MCAP AMB,Montipora,0
9/30/2023,5:45,MCAP AMB,Montipora,0
9/30/2023,6:00,MCAP AMB,Montipora,0
9/30/2023,6:15,MCAP AMB,Montipora,0
9/30/2023,6:30,MCAP AMB,Montipora,0.9
9/30/2023,6:45,MCAP AMB,Montipora,4.4
9/30/2023,7:00,MCAP AMB,Montipora,11.2
9/30/2023,7:15,MCAP AMB,Montipora,24.9
9/30/2023,7:30,MCAP AMB,Montipora,33.8
9/30/2023,7:45,MCAP AMB,Montipora,40.7
9/30/2023,8:00,MCAP AMB,Montipora,52
9/30/2023,8:15,MCAP AMB,Montipora,69.4
9/30/2023,8:30,MCAP AMB,Montipora,73.7
9/30/2023,8:45,MCAP AMB,Montipora,78.1
9/30/2023,9:00,MCAP AMB,Montipora,94.6
9/30/2023,9:15,MCAP AMB,Montipora,90.7
9/30/2023,9:30,MCAP AMB,Montipora,143.8
9/30/2023,9:45,MCAP AMB,Montipora,216.6
9/30/2023,10:00,MCAP AMB,Montipora,240
9/30/2023,10:15,MCAP AMB,Montipora,250.5
9/30/2023,10:30,MCAP AMB,Montipora,189.9
9/30/2023,10:45,MCAP AMB,Montipora,206.6
9/30/2023,11:00,MCAP AMB,Montipora,163.2
9/30/2023,11:15,MCAP AMB,Montipora,188.8
9/30/2023,11:30,MCAP AMB,Montipora,191.5
9/30/2023,11:45,MCAP AMB,Montipora,312.1
9/30/2023,12:00,MCAP AMB,Montipora,234.4
9/30/2023,12:15,MCAP AMB,Montipora,278.7
9/30/2023,12:30,MCAP AMB,Montipora,296.4
9/30/2023,12:45,MCAP AMB,Montipora,302.5
9/30/2023,13:00,MCAP AMB,Montipora,275.9
9/30/2023,13:15,MCAP AMB,Montipora,204.2
9/30/2023,13:30,MCAP AMB,Montipora,177.6
9/30/2023,13:45,MCAP AMB,Montipora,128
9/30/2023,14:00,MCAP AMB,Montipora,116.5
9/30/2023,14:15,MCAP AMB,Montipora,89.1
9/30/2023,14:30,MCAP AMB,Montipora,76.3
9/30/2023,14:45,MCAP AMB,Montipora,68.9
9/30/2023,15:00,MCAP AMB,Montipora,57.5
9/30/2023,15:15,MCAP AMB,Montipora,65.1
9/30/2023,15:30,MCAP AMB,Montipora,67.7
9/30/2023,15:45,MCAP AMB,Montipora,114.7
9/30/2023,16:00,MCAP AMB,Montipora,45.1
9/30/2023,16:15,MCAP AMB,Montipora,35.1
9/30/2023,16:30,MCAP AMB,Montipora,35.1
9/30/2023,16:45,MCAP AMB,Montipora,29.6
9/30/2023,17:00,MCAP AMB,Montipora,29.3
9/30/2023,17:15,MCAP AMB,Montipora,24.1
9/30/2023,17:30,MCAP AMB,Montipora,28
9/30/2023,17:45,MCAP AMB,Montipora,13.3
9/30/2023,18:00,MCAP AMB,Montipora,10
9/30/2023,18:15,MCAP AMB,Montipora,3.9
9/30/2023,18:30,MCAP AMB,Montipora,1.1
9/30/2023,18:45,MCAP AMB,Montipora,0
9/30/2023,19:00,MCAP AMB,Montipora,0
9/30/2023,19:15,MCAP AMB,Montipora,0
9/30/2023,19:30,MCAP AMB,Montipora,0
9/30/2023,19:45,MCAP AMB,Montipora,0
9/30/2023,20:00,MCAP AMB,Montipora,0
9/30/2023,20:15,MCAP AMB,Montipora,0
9/30/2023,20:30,MCAP AMB,Montipora,0
9/30/2023,20:45,MCAP AMB,Montipora,0
9/30/2023,21:00,MCAP AMB,Montipora,0
9/30/2023,21:15,MCAP AMB,Montipora,0
9/30/2023,21:30,MCAP AMB,Montipora,0
9/30/2023,21:45,MCAP AMB,Montipora,0
9/30/2023,22:00,MCAP AMB,Montipora,0
9/30/2023,22:15,MCAP AMB,Montipora,0
9/30/2023,22:30,MCAP AMB,Montipora,0
9/30/2023,22:45,MCAP AMB,Montipora,0
9/30/2023,23:00,MCAP AMB,Montipora,0
9/30/2023,23:15,MCAP AMB,Montipora,0
9/30/2023,23:30,MCAP AMB,Montipora,0
9/30/2023,23:45,MCAP AMB,Montipora,0
9/30/2023,0:00,MCAP AMB,Montipora,0
10/1/2023,0:15,MCAP AMB,Montipora,0
10/1/2023,0:30,MCAP AMB,Montipora,0
10/1/2023,0:45,MCAP AMB,Montipora,0
10/1/2023,1:00,MCAP AMB,Montipora,0
10/1/2023,1:15,MCAP AMB,Montipora,0
10/1/2023,1:30,MCAP AMB,Montipora,0
10/1/2023,1:45,MCAP AMB,Montipora,0
10/1/2023,2:00,MCAP AMB,Montipora,0
10/1/2023,2:15,MCAP AMB,Montipora,0
10/1/2023,2:30,MCAP AMB,Montipora,0
10/1/2023,2:45,MCAP AMB,Montipora,0
10/1/2023,3:00,MCAP AMB,Montipora,0
10/1/2023,3:15,MCAP AMB,Montipora,0
10/1/2023,3:30,MCAP AMB,Montipora,0
10/1/2023,3:45,MCAP AMB,Montipora,0
10/1/2023,4:00,MCAP AMB,Montipora,0
10/1/2023,4:15,MCAP AMB,Montipora,0
10/1/2023,4:30,MCAP AMB,Montipora,0
10/1/2023,4:45,MCAP AMB,Montipora,0
10/1/2023,5:00,MCAP AMB,Montipora,0
10/1/2023,5:15,MCAP AMB,Montipora,0
10/1/2023,5:30,MCAP AMB,Montipora,0
10/1/2023,5:45,MCAP AMB,Montipora,0
10/1/2023,6:00,MCAP AMB,Montipora,0
10/1/2023,6:15,MCAP AMB,Montipora,0
10/1/2023,6:30,MCAP AMB,Montipora,1
10/1/2023,6:45,MCAP AMB,Montipora,5.2
10/1/2023,7:00,MCAP AMB,Montipora,14.2
10/1/2023,7:15,MCAP AMB,Montipora,23.8
10/1/2023,7:30,MCAP AMB,Montipora,33.7
10/1/2023,7:45,MCAP AMB,Montipora,23.3
10/1/2023,8:00,MCAP AMB,Montipora,40.8
10/1/2023,8:15,MCAP AMB,Montipora,58.9
10/1/2023,8:30,MCAP AMB,Montipora,60.5
10/1/2023,8:45,MCAP AMB,Montipora,56.1
10/1/2023,9:00,MCAP AMB,Montipora,61.9
10/1/2023,9:15,MCAP AMB,Montipora,108.7
10/1/2023,9:30,MCAP AMB,Montipora,77
10/1/2023,9:45,MCAP AMB,Montipora,197.4
10/1/2023,10:00,MCAP AMB,Montipora,247
10/1/2023,10:15,MCAP AMB,Montipora,262.6
10/1/2023,10:30,MCAP AMB,Montipora,213.5
10/1/2023,10:45,MCAP AMB,Montipora,236.1
10/1/2023,11:00,MCAP AMB,Montipora,207.4
10/1/2023,11:15,MCAP AMB,Montipora,291.5
10/1/2023,11:30,MCAP AMB,Montipora,297.4
10/1/2023,11:45,MCAP AMB,Montipora,250.1
10/1/2023,12:00,MCAP AMB,Montipora,266.4
10/1/2023,12:15,MCAP AMB,Montipora,242.4
10/1/2023,12:30,MCAP AMB,Montipora,256.4
10/1/2023,12:45,MCAP AMB,Montipora,342.6
10/1/2023,13:00,MCAP AMB,Montipora,340.2
10/1/2023,13:15,MCAP AMB,Montipora,248.2
10/1/2023,13:30,MCAP AMB,Montipora,119.6
10/1/2023,13:45,MCAP AMB,Montipora,140.8
10/1/2023,14:00,MCAP AMB,Montipora,139.1
10/1/2023,14:15,MCAP AMB,Montipora,79.6
10/1/2023,14:30,MCAP AMB,Montipora,80.9
10/1/2023,14:45,MCAP AMB,Montipora,63.2
10/1/2023,15:00,MCAP AMB,Montipora,45.5
10/1/2023,15:15,MCAP AMB,Montipora,45.9
10/1/2023,15:30,MCAP AMB,Montipora,156.4
10/1/2023,15:45,MCAP AMB,Montipora,257.7
10/1/2023,16:00,MCAP AMB,Montipora,76.4
10/1/2023,16:15,MCAP AMB,Montipora,57.6
10/1/2023,16:30,MCAP AMB,Montipora,31.8
10/1/2023,16:45,MCAP AMB,Montipora,23.6
10/1/2023,17:00,MCAP AMB,Montipora,20.4
10/1/2023,17:15,MCAP AMB,Montipora,16.1
10/1/2023,17:30,MCAP AMB,Montipora,12.8
10/1/2023,17:45,MCAP AMB,Montipora,10.3
10/1/2023,18:00,MCAP AMB,Montipora,7.1
10/1/2023,18:15,MCAP AMB,Montipora,3.2
10/1/2023,18:30,MCAP AMB,Montipora,0.8
10/1/2023,18:45,MCAP AMB,Montipora,0
10/1/2023,19:00,MCAP AMB,Montipora,0
10/1/2023,19:15,MCAP AMB,Montipora,0
10/1/2023,19:30,MCAP AMB,Montipora,0
10/1/2023,19:45,MCAP AMB,Montipora,0
10/1/2023,20:00,MCAP AMB,Montipora,0
10/1/2023,20:15,MCAP AMB,Montipora,0
10/1/2023,20:30,MCAP AMB,Montipora,0
10/1/2023,20:45,MCAP AMB,Montipora,0
10/1/2023,21:00,MCAP AMB,Montipora,0
10/1/2023,21:15,MCAP AMB,Montipora,0
10/1/2023,21:30,MCAP AMB,Montipora,0
10/1/2023,21:45,MCAP AMB,Montipora,0
10/1/2023,22:00,MCAP AMB,Montipora,0
10/1/2023,22:15,MCAP AMB,Montipora,0
10/1/2023,22:30,MCAP AMB,Montipora,0
10/1/2023,22:45,MCAP AMB,Montipora,0
10/1/2023,23:00,MCAP AMB,Montipora,0
10/1/2023,23:15,MCAP AMB,Montipora,0
10/1/2023,23:30,MCAP AMB,Montipora,0
10/1/2023,23:45,MCAP AMB,Montipora,0
10/1/2023,0:00,MCAP AMB,Montipora,0
10/2/2023,0:15,MCAP AMB,Montipora,0
10/2/2023,0:30,MCAP AMB,Montipora,0
10/2/2023,0:45,MCAP AMB,Montipora,0
10/2/2023,1:00,MCAP AMB,Montipora,0
10/2/2023,1:15,MCAP AMB,Montipora,0
10/2/2023,1:30,MCAP AMB,Montipora,0
10/2/2023,1:45,MCAP AMB,Montipora,0
10/2/2023,2:00,MCAP AMB,Montipora,0
10/2/2023,2:15,MCAP AMB,Montipora,0
10/2/2023,2:30,MCAP AMB,Montipora,0
10/2/2023,2:45,MCAP AMB,Montipora,0
10/2/2023,3:00,MCAP AMB,Montipora,0
10/2/2023,3:15,MCAP AMB,Montipora,0
10/2/2023,3:30,MCAP AMB,Montipora,0
10/2/2023,3:45,MCAP AMB,Montipora,0
10/2/2023,4:00,MCAP AMB,Montipora,0
10/2/2023,4:15,MCAP AMB,Montipora,0
10/2/2023,4:30,MCAP AMB,Montipora,0
10/2/2023,4:45,MCAP AMB,Montipora,0
10/2/2023,5:00,MCAP AMB,Montipora,0
10/2/2023,5:15,MCAP AMB,Montipora,0
10/2/2023,5:30,MCAP AMB,Montipora,0
10/2/2023,5:45,MCAP AMB,Montipora,0
10/2/2023,6:00,MCAP AMB,Montipora,0
10/2/2023,6:15,MCAP AMB,Montipora,0
10/2/2023,6:30,MCAP AMB,Montipora,0.5
10/2/2023,6:45,MCAP AMB,Montipora,3.5
10/2/2023,7:00,MCAP AMB,Montipora,10.5
10/2/2023,7:15,MCAP AMB,Montipora,22.3
10/2/2023,7:30,MCAP AMB,Montipora,25.6
10/2/2023,7:45,MCAP AMB,Montipora,40.5
10/2/2023,8:00,MCAP AMB,Montipora,55.3
10/2/2023,8:15,MCAP AMB,Montipora,63
10/2/2023,8:30,MCAP AMB,Montipora,60.3
10/2/2023,8:45,MCAP AMB,Montipora,61
10/2/2023,9:00,MCAP AMB,Montipora,74.3
10/2/2023,9:15,MCAP AMB,Montipora,81.4
10/2/2023,9:30,MCAP AMB,Montipora,201.5
10/2/2023,9:45,MCAP AMB,Montipora,171.7
10/2/2023,10:00,MCAP AMB,Montipora,255
10/2/2023,10:15,MCAP AMB,Montipora,233.5
10/2/2023,10:30,MCAP AMB,Montipora,280.5
10/2/2023,10:45,MCAP AMB,Montipora,276.2
10/2/2023,11:00,MCAP AMB,Montipora,215.5
10/2/2023,11:15,MCAP AMB,Montipora,308.9
10/2/2023,11:30,MCAP AMB,Montipora,334.6
10/2/2023,11:45,MCAP AMB,Montipora,340.2
10/2/2023,12:00,MCAP AMB,Montipora,330.1
10/2/2023,12:15,MCAP AMB,Montipora,244.6
10/2/2023,12:30,MCAP AMB,Montipora,345.1
10/2/2023,12:45,MCAP AMB,Montipora,362.5
10/2/2023,13:00,MCAP AMB,Montipora,390.4
10/2/2023,13:15,MCAP AMB,Montipora,315.4
10/2/2023,13:30,MCAP AMB,Montipora,180.2
10/2/2023,13:45,MCAP AMB,Montipora,105.6
10/2/2023,14:00,MCAP AMB,Montipora,96.1
10/2/2023,14:15,MCAP AMB,Montipora,60.4
10/2/2023,14:30,MCAP AMB,Montipora,38.4
10/2/2023,14:45,MCAP AMB,Montipora,56.9
10/2/2023,15:00,MCAP AMB,Montipora,42.7
10/2/2023,15:15,MCAP AMB,Montipora,53.6
10/2/2023,15:30,MCAP AMB,Montipora,49.1
10/2/2023,15:45,MCAP AMB,Montipora,140.1
10/2/2023,16:00,MCAP AMB,Montipora,41
10/2/2023,16:15,MCAP AMB,Montipora,30.6
10/2/2023,16:30,MCAP AMB,Montipora,28.6
10/2/2023,16:45,MCAP AMB,Montipora,30.5
10/2/2023,17:00,MCAP AMB,Montipora,22.8
10/2/2023,17:15,MCAP AMB,Montipora,18.5
10/2/2023,17:30,MCAP AMB,Montipora,16.1
10/2/2023,17:45,MCAP AMB,Montipora,11.5
10/2/2023,18:00,MCAP AMB,Montipora,6
10/2/2023,18:15,MCAP AMB,Montipora,2.3
10/2/2023,18:30,MCAP AMB,Montipora,0.5
10/2/2023,18:45,MCAP AMB,Montipora,0
10/2/2023,19:00,MCAP AMB,Montipora,0
10/2/2023,19:15,MCAP AMB,Montipora,0
10/2/2023,19:30,MCAP AMB,Montipora,0
10/2/2023,19:45,MCAP AMB,Montipora,0
10/2/2023,20:00,MCAP AMB,Montipora,0
10/2/2023,20:15,MCAP AMB,Montipora,0
10/2/2023,20:30,MCAP AMB,Montipora,0
10/2/2023,20:45,MCAP AMB,Montipora,0
10/2/2023,21:00,MCAP AMB,Montipora,0
10/2/2023,21:15,MCAP AMB,Montipora,0
10/2/2023,21:30,MCAP AMB,Montipora,0
10/2/2023,21:45,MCAP AMB,Montipora,0
10/2/2023,22:00,MCAP AMB,Montipora,0
10/2/2023,22:15,MCAP AMB,Montipora,0
10/2/2023,22:30,MCAP AMB,Montipora,0
10/2/2023,22:45,MCAP AMB,Montipora,0
10/2/2023,23:00,MCAP AMB,Montipora,0
10/2/2023,23:15,MCAP AMB,Montipora,0
10/2/2023,23:30,MCAP AMB,Montipora,0
10/2/2023,23:45,MCAP AMB,Montipora,0
10/2/2023,0:00,MCAP AMB,Montipora,0
10/3/2023,0:15,MCAP AMB,Montipora,0
10/3/2023,0:30,MCAP AMB,Montipora,0
10/3/2023,0:45,MCAP AMB,Montipora,0
10/3/2023,1:00,MCAP AMB,Montipora,0
10/3/2023,1:15,MCAP AMB,Montipora,0
10/3/2023,1:30,MCAP AMB,Montipora,0
10/3/2023,1:45,MCAP AMB,Montipora,0
10/3/2023,2:00,MCAP AMB,Montipora,0
10/3/2023,2:15,MCAP AMB,Montipora,0
10/3/2023,2:30,MCAP AMB,Montipora,0
10/3/2023,2:45,MCAP AMB,Montipora,0
10/3/2023,3:00,MCAP AMB,Montipora,0
10/3/2023,3:15,MCAP AMB,Montipora,0
10/3/2023,3:30,MCAP AMB,Montipora,0
10/3/2023,3:45,MCAP AMB,Montipora,0
10/3/2023,4:00,MCAP AMB,Montipora,0
10/3/2023,4:15,MCAP AMB,Montipora,0
10/3/2023,4:30,MCAP AMB,Montipora,0
10/3/2023,4:45,MCAP AMB,Montipora,0
10/3/2023,5:00,MCAP AMB,Montipora,0
10/3/2023,5:15,MCAP AMB,Montipora,0
10/3/2023,5:30,MCAP AMB,Montipora,0
10/3/2023,5:45,MCAP AMB,Montipora,0
10/3/2023,6:00,MCAP AMB,Montipora,0
10/3/2023,6:15,MCAP AMB,Montipora,0
10/3/2023,6:30,MCAP AMB,Montipora,0.4
10/3/2023,6:45,MCAP AMB,Montipora,4
10/3/2023,7:00,MCAP AMB,Montipora,7.8
10/3/2023,7:15,MCAP AMB,Montipora,15.8
10/3/2023,7:30,MCAP AMB,Montipora,24.1
10/3/2023,7:45,MCAP AMB,Montipora,32.8
10/3/2023,8:00,MCAP AMB,Montipora,43.7
10/3/2023,8:15,MCAP AMB,Montipora,47.8
10/3/2023,8:30,MCAP AMB,Montipora,50.8
10/3/2023,8:45,MCAP AMB,Montipora,51.6
10/3/2023,9:00,MCAP AMB,Montipora,57.2
10/3/2023,9:15,MCAP AMB,Montipora,94.8
10/3/2023,9:30,MCAP AMB,Montipora,119.2
10/3/2023,9:45,MCAP AMB,Montipora,128.3
10/3/2023,10:00,MCAP AMB,Montipora,176.7
10/3/2023,10:15,MCAP AMB,Montipora,239.1
10/3/2023,10:30,MCAP AMB,Montipora,179.7
10/3/2023,10:45,MCAP AMB,Montipora,172.1
10/3/2023,11:00,MCAP AMB,Montipora,133.9
10/3/2023,11:15,MCAP AMB,Montipora,215.6
10/3/2023,11:30,MCAP AMB,Montipora,316
10/3/2023,11:45,MCAP AMB,Montipora,316.2
10/3/2023,12:00,MCAP AMB,Montipora,177.6
10/3/2023,12:15,MCAP AMB,Montipora,261
10/3/2023,12:30,MCAP AMB,Montipora,243.4
10/3/2023,12:45,MCAP AMB,Montipora,138.1
10/3/2023,13:00,MCAP AMB,Montipora,126.7
10/3/2023,13:15,MCAP AMB,Montipora,185.2
10/3/2023,13:30,MCAP AMB,Montipora,106.7
10/3/2023,13:45,MCAP AMB,Montipora,130.3
10/3/2023,14:00,MCAP AMB,Montipora,109.4
10/3/2023,14:15,MCAP AMB,Montipora,110.6
10/3/2023,14:30,MCAP AMB,Montipora,67.3
10/3/2023,14:45,MCAP AMB,Montipora,60.9
10/3/2023,15:00,MCAP AMB,Montipora,61.3
10/3/2023,15:15,MCAP AMB,Montipora,57.2
10/3/2023,15:30,MCAP AMB,Montipora,57.3
10/3/2023,15:45,MCAP AMB,Montipora,61.2
10/3/2023,16:00,MCAP AMB,Montipora,57.2
10/3/2023,16:15,MCAP AMB,Montipora,58.6
10/3/2023,16:30,MCAP AMB,Montipora,44.4
10/3/2023,16:45,MCAP AMB,Montipora,38.5
10/3/2023,17:00,MCAP AMB,Montipora,28.9
10/3/2023,17:15,MCAP AMB,Montipora,24.6
10/3/2023,17:30,MCAP AMB,Montipora,19.2
10/3/2023,17:45,MCAP AMB,Montipora,11.3
10/3/2023,18:00,MCAP AMB,Montipora,6.8
10/3/2023,18:15,MCAP AMB,Montipora,2.7
10/3/2023,18:30,MCAP AMB,Montipora,0.7
10/3/2023,18:45,MCAP AMB,Montipora,0
10/3/2023,19:00,MCAP AMB,Montipora,0
10/3/2023,19:15,MCAP AMB,Montipora,0
10/3/2023,19:30,MCAP AMB,Montipora,0
10/3/2023,19:45,MCAP AMB,Montipora,0
10/3/2023,20:00,MCAP AMB,Montipora,0
10/3/2023,20:15,MCAP AMB,Montipora,0
10/3/2023,20:30,MCAP AMB,Montipora,0
10/3/2023,20:45,MCAP AMB,Montipora,0
10/3/2023,21:00,MCAP AMB,Montipora,0
10/3/2023,21:15,MCAP AMB,Montipora,0
10/3/2023,21:30,MCAP AMB,Montipora,0
10/3/2023,21:45,MCAP AMB,Montipora,0
10/3/2023,22:00,MCAP AMB,Montipora,0
10/3/2023,22:15,MCAP AMB,Montipora,0
10/3/2023,22:30,MCAP AMB,Montipora,0
10/3/2023,22:45,MCAP AMB,Montipora,0
10/3/2023,23:00,MCAP AMB,Montipora,0
10/3/2023,23:15,MCAP AMB,Montipora,0
10/3/2023,23:30,MCAP AMB,Montipora,0
10/3/2023,23:45,MCAP AMB,Montipora,0
10/3/2023,0:00,MCAP AMB,Montipora,0
10/4/2023,0:15,MCAP AMB,Montipora,0
10/4/2023,0:30,MCAP AMB,Montipora,0
10/4/2023,0:45,MCAP AMB,Montipora,0
10/4/2023,1:00,MCAP AMB,Montipora,0
10/4/2023,1:15,MCAP AMB,Montipora,0
10/4/2023,1:30,MCAP AMB,Montipora,0
10/4/2023,1:45,MCAP AMB,Montipora,0
10/4/2023,2:00,MCAP AMB,Montipora,0
10/4/2023,2:15,MCAP AMB,Montipora,0
10/4/2023,2:30,MCAP AMB,Montipora,0
10/4/2023,2:45,MCAP AMB,Montipora,0
10/4/2023,3:00,MCAP AMB,Montipora,0
10/4/2023,3:15,MCAP AMB,Montipora,0
10/4/2023,3:30,MCAP AMB,Montipora,0
10/4/2023,3:45,MCAP AMB,Montipora,0
10/4/2023,4:00,MCAP AMB,Montipora,0
10/4/2023,4:15,MCAP AMB,Montipora,0
10/4/2023,4:30,MCAP AMB,Montipora,0
10/4/2023,4:45,MCAP AMB,Montipora,0
10/4/2023,5:00,MCAP AMB,Montipora,0
10/4/2023,5:15,MCAP AMB,Montipora,0
10/4/2023,5:30,MCAP AMB,Montipora,0
10/4/2023,5:45,MCAP AMB,Montipora,0
10/4/2023,6:00,MCAP AMB,Montipora,0
10/4/2023,6:15,MCAP AMB,Montipora,0
10/4/2023,6:30,MCAP AMB,Montipora,1.1
10/4/2023,6:45,MCAP AMB,Montipora,5.7
10/4/2023,7:00,MCAP AMB,Montipora,14.6
10/4/2023,7:15,MCAP AMB,Montipora,37.8
10/4/2023,7:30,MCAP AMB,Montipora,95.9
10/4/2023,7:45,MCAP AMB,Montipora,120.5
10/4/2023,8:00,MCAP AMB,Montipora,61.2
10/4/2023,8:15,MCAP AMB,Montipora,172.9
10/4/2023,8:30,MCAP AMB,Montipora,103.7
10/4/2023,8:45,MCAP AMB,Montipora,85.5
10/4/2023,9:00,MCAP AMB,Montipora,91.3
10/4/2023,9:15,MCAP AMB,Montipora,90.1
10/4/2023,9:30,MCAP AMB,Montipora,95.1
10/4/2023,9:45,MCAP AMB,Montipora,126.3
10/4/2023,10:00,MCAP AMB,Montipora,126.3
10/4/2023,10:15,MCAP AMB,Montipora,106.9
10/4/2023,10:30,MCAP AMB,Montipora,134.4
10/4/2023,10:45,MCAP AMB,Montipora,202.8
10/4/2023,11:00,MCAP AMB,Montipora,230
10/4/2023,11:15,MCAP AMB,Montipora,302.7
10/4/2023,11:30,MCAP AMB,Montipora,326.4
10/4/2023,11:45,MCAP AMB,Montipora,345.5
10/4/2023,12:00,MCAP AMB,Montipora,354.8
10/4/2023,12:15,MCAP AMB,Montipora,342.1
10/4/2023,12:30,MCAP AMB,Montipora,280.7
10/4/2023,12:45,MCAP AMB,Montipora,185.1
10/4/2023,13:00,MCAP AMB,Montipora,138
10/4/2023,13:15,MCAP AMB,Montipora,212.6
10/4/2023,13:30,MCAP AMB,Montipora,303.8
10/4/2023,13:45,MCAP AMB,Montipora,348.2
10/4/2023,14:00,MCAP AMB,Montipora,207.6
10/4/2023,14:15,MCAP AMB,Montipora,153.9
10/4/2023,14:30,MCAP AMB,Montipora,99.5
10/4/2023,14:45,MCAP AMB,Montipora,59.8
10/4/2023,15:00,MCAP AMB,Montipora,41
10/4/2023,15:15,MCAP AMB,Montipora,39.5
10/4/2023,15:30,MCAP AMB,Montipora,62.9
10/4/2023,15:45,MCAP AMB,Montipora,88.1
10/4/2023,16:00,MCAP AMB,Montipora,63.2
10/4/2023,16:15,MCAP AMB,Montipora,53.6
10/4/2023,16:30,MCAP AMB,Montipora,43.6
10/4/2023,16:45,MCAP AMB,Montipora,43.8
10/4/2023,17:00,MCAP AMB,Montipora,41.2
10/4/2023,17:15,MCAP AMB,Montipora,37.1
10/4/2023,17:30,MCAP AMB,Montipora,24.1
10/4/2023,17:45,MCAP AMB,Montipora,17.6
10/4/2023,18:00,MCAP AMB,Montipora,6.8
10/4/2023,18:15,MCAP AMB,Montipora,3.2
10/4/2023,18:30,MCAP AMB,Montipora,0.8
10/4/2023,18:45,MCAP AMB,Montipora,0
10/4/2023,19:00,MCAP AMB,Montipora,0
10/4/2023,19:15,MCAP AMB,Montipora,0
10/4/2023,19:30,MCAP AMB,Montipora,0
10/4/2023,19:45,MCAP AMB,Montipora,0
10/4/2023,20:00,MCAP AMB,Montipora,0
10/4/2023,20:15,MCAP AMB,Montipora,0
10/4/2023,20:30,MCAP AMB,Montipora,0
10/4/2023,20:45,MCAP AMB,Montipora,0
10/4/2023,21:00,MCAP AMB,Montipora,0
10/4/2023,21:15,MCAP AMB,Montipora,0
10/4/2023,21:30,MCAP AMB,Montipora,0
10/4/2023,21:45,MCAP AMB,Montipora,0
10/4/2023,22:00,MCAP AMB,Montipora,0
10/4/2023,22:15,MCAP AMB,Montipora,0
10/4/2023,22:30,MCAP AMB,Montipora,0
10/4/2023,22:45,MCAP AMB,Montipora,0
10/4/2023,23:00,MCAP AMB,Montipora,0
10/4/2023,23:15,MCAP AMB,Montipora,0
10/4/2023,23:30,MCAP AMB,Montipora,0
10/4/2023,23:45,MCAP AMB,Montipora,0
10/4/2023,0:00,MCAP AMB,Montipora,0
10/5/2023,0:15,MCAP AMB,Montipora,0
10/5/2023,0:30,MCAP AMB,Montipora,0
10/5/2023,0:45,MCAP AMB,Montipora,0
10/5/2023,1:00,MCAP AMB,Montipora,0
10/5/2023,1:15,MCAP AMB,Montipora,0
10/5/2023,1:30,MCAP AMB,Montipora,0
10/5/2023,1:45,MCAP AMB,Montipora,0
10/5/2023,2:00,MCAP AMB,Montipora,0
10/5/2023,2:15,MCAP AMB,Montipora,0
10/5/2023,2:30,MCAP AMB,Montipora,0
10/5/2023,2:45,MCAP AMB,Montipora,0
10/5/2023,3:00,MCAP AMB,Montipora,0
10/5/2023,3:15,MCAP AMB,Montipora,0
10/5/2023,3:30,MCAP AMB,Montipora,0
10/5/2023,3:45,MCAP AMB,Montipora,0
10/5/2023,4:00,MCAP AMB,Montipora,0
10/5/2023,4:15,MCAP AMB,Montipora,0
10/5/2023,4:30,MCAP AMB,Montipora,0
10/5/2023,4:45,MCAP AMB,Montipora,0
10/5/2023,5:00,MCAP AMB,Montipora,0
10/5/2023,5:15,MCAP AMB,Montipora,0
10/5/2023,5:30,MCAP AMB,Montipora,0
10/5/2023,5:45,MCAP AMB,Montipora,0
10/5/2023,6:00,MCAP AMB,Montipora,0
10/5/2023,6:15,MCAP AMB,Montipora,0
10/5/2023,6:30,MCAP AMB,Montipora,1.1
10/5/2023,6:45,MCAP AMB,Montipora,6.1
10/5/2023,7:00,MCAP AMB,Montipora,16.5
10/5/2023,7:15,MCAP AMB,Montipora,39.1
10/5/2023,7:30,MCAP AMB,Montipora,84.7
10/5/2023,7:45,MCAP AMB,Montipora,50.7
10/5/2023,8:00,MCAP AMB,Montipora,82.2
10/5/2023,8:15,MCAP AMB,Montipora,170.8
10/5/2023,8:30,MCAP AMB,Montipora,106.2
10/5/2023,8:45,MCAP AMB,Montipora,86.4
10/5/2023,9:00,MCAP AMB,Montipora,107.9
10/5/2023,9:15,MCAP AMB,Montipora,135.6
10/5/2023,9:30,MCAP AMB,Montipora,125.8
10/5/2023,9:45,MCAP AMB,Montipora,116.8
10/5/2023,10:00,MCAP AMB,Montipora,138.2
10/5/2023,10:15,MCAP AMB,Montipora,149.7
10/5/2023,10:30,MCAP AMB,Montipora,139.1
10/5/2023,10:45,MCAP AMB,Montipora,203.8
10/5/2023,11:00,MCAP AMB,Montipora,238
10/5/2023,11:15,MCAP AMB,Montipora,299.8
10/5/2023,11:30,MCAP AMB,Montipora,317.4
10/5/2023,11:45,MCAP AMB,Montipora,341.6
10/5/2023,12:00,MCAP AMB,Montipora,346.3
10/5/2023,12:15,MCAP AMB,Montipora,333.4
10/5/2023,12:30,MCAP AMB,Montipora,260.5
10/5/2023,12:45,MCAP AMB,Montipora,165
10/5/2023,13:00,MCAP AMB,Montipora,136.3
10/5/2023,13:15,MCAP AMB,Montipora,210.6
10/5/2023,13:30,MCAP AMB,Montipora,302.1
10/5/2023,13:45,MCAP AMB,Montipora,347.4
10/5/2023,14:00,MCAP AMB,Montipora,230
10/5/2023,14:15,MCAP AMB,Montipora,100.6
10/5/2023,14:30,MCAP AMB,Montipora,78
10/5/2023,14:45,MCAP AMB,Montipora,93.4
10/5/2023,15:00,MCAP AMB,Montipora,96.6
10/5/2023,15:15,MCAP AMB,Montipora,61.7
10/5/2023,15:30,MCAP AMB,Montipora,65.8
10/5/2023,15:45,MCAP AMB,Montipora,106.1
10/5/2023,16:00,MCAP AMB,Montipora,81.2
10/5/2023,16:15,MCAP AMB,Montipora,56.1
10/5/2023,16:30,MCAP AMB,Montipora,50.7
10/5/2023,16:45,MCAP AMB,Montipora,33
10/5/2023,17:00,MCAP AMB,Montipora,21.9
10/5/2023,17:15,MCAP AMB,Montipora,18.3
10/5/2023,17:30,MCAP AMB,Montipora,13.8
10/5/2023,17:45,MCAP AMB,Montipora,9.8
10/5/2023,18:00,MCAP AMB,Montipora,5
10/5/2023,18:15,MCAP AMB,Montipora,1.9
10/5/2023,18:30,MCAP AMB,Montipora,0.4
10/5/2023,18:45,MCAP AMB,Montipora,0
10/5/2023,19:00,MCAP AMB,Montipora,0
10/5/2023,19:15,MCAP AMB,Montipora,0
10/5/2023,19:30,MCAP AMB,Montipora,0
10/5/2023,19:45,MCAP AMB,Montipora,0
10/5/2023,20:00,MCAP AMB,Montipora,0
10/5/2023,20:15,MCAP AMB,Montipora,0
10/5/2023,20:30,MCAP AMB,Montipora,0
10/5/2023,20:45,MCAP AMB,Montipora,0
10/5/2023,21:00,MCAP AMB,Montipora,0
10/5/2023,21:15,MCAP AMB,Montipora,0
10/5/2023,21:30,MCAP AMB,Montipora,0
10/5/2023,21:45,MCAP AMB,Montipora,0
10/5/2023,22:00,MCAP AMB,Montipora,0
10/5/2023,22:15,MCAP AMB,Montipora,0
10/5/2023,22:30,MCAP AMB,Montipora,0
10/5/2023,22:45,MCAP AMB,Montipora,0
10/5/2023,23:00,MCAP AMB,Montipora,0
10/5/2023,23:15,MCAP AMB,Montipora,0
10/5/2023,23:30,MCAP AMB,Montipora,0
10/5/2023,23:45,MCAP AMB,Montipora,0
10/5/2023,0:00,MCAP AMB,Montipora,0
10/6/2023,0:15,MCAP AMB,Montipora,0
10/6/2023,0:30,MCAP AMB,Montipora,0
10/6/2023,0:45,MCAP AMB,Montipora,0
10/6/2023,1:00,MCAP AMB,Montipora,0
10/6/2023,1:15,MCAP AMB,Montipora,0
10/6/2023,1:30,MCAP AMB,Montipora,0
10/6/2023,1:45,MCAP AMB,Montipora,0
10/6/2023,2:00,MCAP AMB,Montipora,0
10/6/2023,2:15,MCAP AMB,Montipora,0
10/6/2023,2:30,MCAP AMB,Montipora,0
10/6/2023,2:45,MCAP AMB,Montipora,0
10/6/2023,3:00,MCAP AMB,Montipora,0
10/6/2023,3:15,MCAP AMB,Montipora,0
10/6/2023,3:30,MCAP AMB,Montipora,0
10/6/2023,3:45,MCAP AMB,Montipora,0
10/6/2023,4:00,MCAP AMB,Montipora,0
10/6/2023,4:15,MCAP AMB,Montipora,0
10/6/2023,4:30,MCAP AMB,Montipora,0
10/6/2023,4:45,MCAP AMB,Montipora,0
10/6/2023,5:00,MCAP AMB,Montipora,0
10/6/2023,5:15,MCAP AMB,Montipora,0
10/6/2023,5:30,MCAP AMB,Montipora,0
10/6/2023,5:45,MCAP AMB,Montipora,0
10/6/2023,6:00,MCAP AMB,Montipora,0
10/6/2023,6:15,MCAP AMB,Montipora,0
10/6/2023,6:30,MCAP AMB,Montipora,0.8
10/6/2023,6:45,MCAP AMB,Montipora,3.4
10/6/2023,7:00,MCAP AMB,Montipora,6.8
10/6/2023,7:15,MCAP AMB,Montipora,13.5
10/6/2023,7:30,MCAP AMB,Montipora,75.1
10/6/2023,7:45,MCAP AMB,Montipora,63.7
10/6/2023,8:00,MCAP AMB,Montipora,100.3
10/6/2023,8:15,MCAP AMB,Montipora,146.8
10/6/2023,8:30,MCAP AMB,Montipora,97.8
10/6/2023,8:45,MCAP AMB,Montipora,57.1
10/6/2023,9:00,MCAP AMB,Montipora,46.5
10/6/2023,9:15,MCAP AMB,Montipora,81
10/6/2023,9:30,MCAP AMB,Montipora,43.2
10/6/2023,9:45,MCAP AMB,Montipora,57.7
10/6/2023,10:00,MCAP AMB,Montipora,36.7
10/6/2023,10:15,MCAP AMB,Montipora,51.5
10/6/2023,10:30,MCAP AMB,Montipora,91.2
10/6/2023,10:45,MCAP AMB,Montipora,149.7
10/6/2023,11:00,MCAP AMB,Montipora,72.1
10/6/2023,11:15,MCAP AMB,Montipora,158.3
10/6/2023,11:30,MCAP AMB,Montipora,186.9
10/6/2023,11:45,MCAP AMB,Montipora,241.8
10/6/2023,12:00,MCAP AMB,Montipora,210.5
10/6/2023,12:15,MCAP AMB,Montipora,312.6
10/6/2023,12:30,MCAP AMB,Montipora,175
10/6/2023,12:45,MCAP AMB,Montipora,170.9
10/6/2023,13:00,MCAP AMB,Montipora,159.1
10/6/2023,13:15,MCAP AMB,Montipora,188.3
10/6/2023,13:30,MCAP AMB,Montipora,226.1
10/6/2023,13:45,MCAP AMB,Montipora,252.5
10/6/2023,14:00,MCAP AMB,Montipora,178.4
10/6/2023,14:15,MCAP AMB,Montipora,38.4
10/6/2023,14:30,MCAP AMB,Montipora,66.6
10/6/2023,14:45,MCAP AMB,Montipora,69.9
10/6/2023,15:00,MCAP AMB,Montipora,23.4
10/6/2023,15:15,MCAP AMB,Montipora,23.1
10/6/2023,15:30,MCAP AMB,Montipora,50
10/6/2023,15:45,MCAP AMB,Montipora,66.8
10/6/2023,16:00,MCAP AMB,Montipora,36.4
10/6/2023,16:15,MCAP AMB,Montipora,32.8
10/6/2023,16:30,MCAP AMB,Montipora,26.3
10/6/2023,16:45,MCAP AMB,Montipora,23.8
10/6/2023,17:00,MCAP AMB,Montipora,22.6
10/6/2023,17:15,MCAP AMB,Montipora,17.3
10/6/2023,17:30,MCAP AMB,Montipora,14.7
10/6/2023,17:45,MCAP AMB,Montipora,8
10/6/2023,18:00,MCAP AMB,Montipora,4.9
10/6/2023,18:15,MCAP AMB,Montipora,2.2
10/6/2023,18:30,MCAP AMB,Montipora,0.3
10/6/2023,18:45,MCAP AMB,Montipora,0
10/6/2023,19:00,MCAP AMB,Montipora,0
10/6/2023,19:15,MCAP AMB,Montipora,0
10/6/2023,19:30,MCAP AMB,Montipora,0
10/6/2023,19:45,MCAP AMB,Montipora,0
10/6/2023,20:00,MCAP AMB,Montipora,0
10/6/2023,20:15,MCAP AMB,Montipora,0
10/6/2023,20:30,MCAP AMB,Montipora,0
10/6/2023,20:45,MCAP AMB,Montipora,0
10/6/2023,21:00,MCAP AMB,Montipora,0
10/6/2023,21:15,MCAP AMB,Montipora,0
10/6/2023,21:30,MCAP AMB,Montipora,0
10/6/2023,21:45,MCAP AMB,Montipora,0
10/6/2023,22:00,MCAP AMB,Montipora,0
10/6/2023,22:15,MCAP AMB,Montipora,0
10/6/2023,22:30,MCAP AMB,Montipora,0
10/6/2023,22:45,MCAP AMB,Montipora,0
10/6/2023,23:00,MCAP AMB,Montipora,0
10/6/2023,23:15,MCAP AMB,Montipora,0
10/6/2023,23:30,MCAP AMB,Montipora,0
10/6/2023,23:45,MCAP AMB,Montipora,0
10/6/2023,0:00,MCAP AMB,Montipora,0
10/7/2023,0:15,MCAP AMB,Montipora,0
10/7/2023,0:30,MCAP AMB,Montipora,0
10/7/2023,0:45,MCAP AMB,Montipora,0
10/7/2023,1:00,MCAP AMB,Montipora,0
10/7/2023,1:15,MCAP AMB,Montipora,0
10/7/2023,1:30,MCAP AMB,Montipora,0
10/7/2023,1:45,MCAP AMB,Montipora,0
10/7/2023,2:00,MCAP AMB,Montipora,0
10/7/2023,2:15,MCAP AMB,Montipora,0
10/7/2023,2:30,MCAP AMB,Montipora,0
10/7/2023,2:45,MCAP AMB,Montipora,0
10/7/2023,3:00,MCAP AMB,Montipora,0
10/7/2023,3:15,MCAP AMB,Montipora,0
10/7/2023,3:30,MCAP AMB,Montipora,0
10/7/2023,3:45,MCAP AMB,Montipora,0
10/7/2023,4:00,MCAP AMB,Montipora,0
10/7/2023,4:15,MCAP AMB,Montipora,0
10/7/2023,4:30,MCAP AMB,Montipora,0
10/7/2023,4:45,MCAP AMB,Montipora,0
10/7/2023,5:00,MCAP AMB,Montipora,0
10/7/2023,5:15,MCAP AMB,Montipora,0
10/7/2023,5:30,MCAP AMB,Montipora,0
10/7/2023,5:45,MCAP AMB,Montipora,0
10/7/2023,6:00,MCAP AMB,Montipora,0
10/7/2023,6:15,MCAP AMB,Montipora,0
10/7/2023,6:30,MCAP AMB,Montipora,0.6
10/7/2023,6:45,MCAP AMB,Montipora,3.6
10/7/2023,7:00,MCAP AMB,Montipora,11.8
10/7/2023,7:15,MCAP AMB,Montipora,28.4
10/7/2023,7:30,MCAP AMB,Montipora,83.5
10/7/2023,7:45,MCAP AMB,Montipora,56.9
10/7/2023,8:00,MCAP AMB,Montipora,104.6
10/7/2023,8:15,MCAP AMB,Montipora,137.6
10/7/2023,8:30,MCAP AMB,Montipora,129.6
10/7/2023,8:45,MCAP AMB,Montipora,95.6
10/7/2023,9:00,MCAP AMB,Montipora,112.1
10/7/2023,9:15,MCAP AMB,Montipora,76.8
10/7/2023,9:30,MCAP AMB,Montipora,158.5
10/7/2023,9:45,MCAP AMB,Montipora,170.4
10/7/2023,10:00,MCAP AMB,Montipora,188.5
10/7/2023,10:15,MCAP AMB,Montipora,120.5
10/7/2023,10:30,MCAP AMB,Montipora,230.8
10/7/2023,10:45,MCAP AMB,Montipora,280.9
10/7/2023,11:00,MCAP AMB,Montipora,179.6
10/7/2023,11:15,MCAP AMB,Montipora,176.1
10/7/2023,11:30,MCAP AMB,Montipora,114.4
10/7/2023,11:45,MCAP AMB,Montipora,59.1
10/7/2023,12:00,MCAP AMB,Montipora,39.5
10/7/2023,12:15,MCAP AMB,Montipora,51.7
10/7/2023,12:30,MCAP AMB,Montipora,63.9
10/7/2023,12:45,MCAP AMB,Montipora,94.4
10/7/2023,13:00,MCAP AMB,Montipora,134.4
10/7/2023,13:15,MCAP AMB,Montipora,181.6
10/7/2023,13:30,MCAP AMB,Montipora,252.9
10/7/2023,13:45,MCAP AMB,Montipora,247
10/7/2023,14:00,MCAP AMB,Montipora,153
10/7/2023,14:15,MCAP AMB,Montipora,68.2
10/7/2023,14:30,MCAP AMB,Montipora,84.5
10/7/2023,14:45,MCAP AMB,Montipora,49.3
10/7/2023,15:00,MCAP AMB,Montipora,53.2
10/7/2023,15:15,MCAP AMB,Montipora,59.8
10/7/2023,15:30,MCAP AMB,Montipora,29.8
10/7/2023,15:45,MCAP AMB,Montipora,46.6
10/7/2023,16:00,MCAP AMB,Montipora,29.1
10/7/2023,16:15,MCAP AMB,Montipora,29
10/7/2023,16:30,MCAP AMB,Montipora,16.1
10/7/2023,16:45,MCAP AMB,Montipora,15.6
10/7/2023,17:00,MCAP AMB,Montipora,13.5
10/7/2023,17:15,MCAP AMB,Montipora,12.6
10/7/2023,17:30,MCAP AMB,Montipora,10.2
10/7/2023,17:45,MCAP AMB,Montipora,7.3
10/7/2023,18:00,MCAP AMB,Montipora,4.2
10/7/2023,18:15,MCAP AMB,Montipora,2.3
10/7/2023,18:30,MCAP AMB,Montipora,0.4
10/7/2023,18:45,MCAP AMB,Montipora,0
10/7/2023,19:00,MCAP AMB,Montipora,0
10/7/2023,19:15,MCAP AMB,Montipora,0
10/7/2023,19:30,MCAP AMB,Montipora,0
10/7/2023,19:45,MCAP AMB,Montipora,0
10/7/2023,20:00,MCAP AMB,Montipora,0
10/7/2023,20:15,MCAP AMB,Montipora,0
10/7/2023,20:30,MCAP AMB,Montipora,0
10/7/2023,20:45,MCAP AMB,Montipora,0
10/7/2023,21:00,MCAP AMB,Montipora,0
10/7/2023,21:15,MCAP AMB,Montipora,0
10/7/2023,21:30,MCAP AMB,Montipora,0
10/7/2023,21:45,MCAP AMB,Montipora,0
10/7/2023,22:00,MCAP AMB,Montipora,0
10/7/2023,22:15,MCAP AMB,Montipora,0
10/7/2023,22:30,MCAP AMB,Montipora,0
10/7/2023,22:45,MCAP AMB,Montipora,0
10/7/2023,23:00,MCAP AMB,Montipora,0
10/7/2023,23:15,MCAP AMB,Montipora,0
10/7/2023,23:30,MCAP AMB,Montipora,0
10/7/2023,23:45,MCAP AMB,Montipora,0
10/7/2023,0:00,MCAP AMB,Montipora,0
10/8/2023,0:15,MCAP AMB,Montipora,0
10/8/2023,0:30,MCAP AMB,Montipora,0
10/8/2023,0:45,MCAP AMB,Montipora,0
10/8/2023,1:00,MCAP AMB,Montipora,0
10/8/2023,1:15,MCAP AMB,Montipora,0
10/8/2023,1:30,MCAP AMB,Montipora,0
10/8/2023,1:45,MCAP AMB,Montipora,0
10/8/2023,2:00,MCAP AMB,Montipora,0
10/8/2023,2:15,MCAP AMB,Montipora,0
10/8/2023,2:30,MCAP AMB,Montipora,0
10/8/2023,2:45,MCAP AMB,Montipora,0
10/8/2023,3:00,MCAP AMB,Montipora,0
10/8/2023,3:15,MCAP AMB,Montipora,0
10/8/2023,3:30,MCAP AMB,Montipora,0
10/8/2023,3:45,MCAP AMB,Montipora,0
10/8/2023,4:00,MCAP AMB,Montipora,0
10/8/2023,4:15,MCAP AMB,Montipora,0
10/8/2023,4:30,MCAP AMB,Montipora,0
10/8/2023,4:45,MCAP AMB,Montipora,0
10/8/2023,5:00,MCAP AMB,Montipora,0
10/8/2023,5:15,MCAP AMB,Montipora,0
10/8/2023,5:30,MCAP AMB,Montipora,0
10/8/2023,5:45,MCAP AMB,Montipora,0
10/8/2023,6:00,MCAP AMB,Montipora,0
10/8/2023,6:15,MCAP AMB,Montipora,0
10/8/2023,6:30,MCAP AMB,Montipora,0.7
10/8/2023,6:45,MCAP AMB,Montipora,3.8
10/8/2023,7:00,MCAP AMB,Montipora,11.2
10/8/2023,7:15,MCAP AMB,Montipora,28.2
10/8/2023,7:30,MCAP AMB,Montipora,66
10/8/2023,7:45,MCAP AMB,Montipora,74.4
10/8/2023,8:00,MCAP AMB,Montipora,132.1
10/8/2023,8:15,MCAP AMB,Montipora,163.7
10/8/2023,8:30,MCAP AMB,Montipora,107.5
10/8/2023,8:45,MCAP AMB,Montipora,86.1
10/8/2023,9:00,MCAP AMB,Montipora,99.3
10/8/2023,9:15,MCAP AMB,Montipora,93.2
10/8/2023,9:30,MCAP AMB,Montipora,142.7
10/8/2023,9:45,MCAP AMB,Montipora,106.5
10/8/2023,10:00,MCAP AMB,Montipora,147.7
10/8/2023,10:15,MCAP AMB,Montipora,123.2
10/8/2023,10:30,MCAP AMB,Montipora,89.7
10/8/2023,10:45,MCAP AMB,Montipora,83
10/8/2023,11:00,MCAP AMB,Montipora,161.4
10/8/2023,11:15,MCAP AMB,Montipora,268.2
10/8/2023,11:30,MCAP AMB,Montipora,270.8
10/8/2023,11:45,MCAP AMB,Montipora,291.7
10/8/2023,12:00,MCAP AMB,Montipora,277.5
10/8/2023,12:15,MCAP AMB,Montipora,308.2
10/8/2023,12:30,MCAP AMB,Montipora,256.1
10/8/2023,12:45,MCAP AMB,Montipora,194.9
10/8/2023,13:00,MCAP AMB,Montipora,159.9
10/8/2023,13:15,MCAP AMB,Montipora,188.5
10/8/2023,13:30,MCAP AMB,Montipora,229.9
10/8/2023,13:45,MCAP AMB,Montipora,138
10/8/2023,14:00,MCAP AMB,Montipora,54.8
10/8/2023,14:15,MCAP AMB,Montipora,57.9
10/8/2023,14:30,MCAP AMB,Montipora,46.2
10/8/2023,14:45,MCAP AMB,Montipora,42
10/8/2023,15:00,MCAP AMB,Montipora,39.8
10/8/2023,15:15,MCAP AMB,Montipora,44.4
10/8/2023,15:30,MCAP AMB,Montipora,28
10/8/2023,15:45,MCAP AMB,Montipora,36.1
10/8/2023,16:00,MCAP AMB,Montipora,27.6
10/8/2023,16:15,MCAP AMB,Montipora,30.1
10/8/2023,16:30,MCAP AMB,Montipora,21.6
10/8/2023,16:45,MCAP AMB,Montipora,18.2
10/8/2023,17:00,MCAP AMB,Montipora,13.1
10/8/2023,17:15,MCAP AMB,Montipora,10.4
10/8/2023,17:30,MCAP AMB,Montipora,8.3
10/8/2023,17:45,MCAP AMB,Montipora,6.8
10/8/2023,18:00,MCAP AMB,Montipora,4.2
10/8/2023,18:15,MCAP AMB,Montipora,2
10/8/2023,18:30,MCAP AMB,Montipora,0.3
10/8/2023,18:45,MCAP AMB,Montipora,0
10/8/2023,19:00,MCAP AMB,Montipora,0
10/8/2023,19:15,MCAP AMB,Montipora,0
10/8/2023,19:30,MCAP AMB,Montipora,0
10/8/2023,19:45,MCAP AMB,Montipora,0
10/8/2023,20:00,MCAP AMB,Montipora,0
10/8/2023,20:15,MCAP AMB,Montipora,0
10/8/2023,20:30,MCAP AMB,Montipora,0
10/8/2023,20:45,MCAP AMB,Montipora,0
10/8/2023,21:00,MCAP AMB,Montipora,0
10/8/2023,21:15,MCAP AMB,Montipora,0
10/8/2023,21:30,MCAP AMB,Montipora,0
10/8/2023,21:45,MCAP AMB,Montipora,0
10/8/2023,22:00,MCAP AMB,Montipora,0
10/8/2023,22:15,MCAP AMB,Montipora,0
10/8/2023,22:30,MCAP AMB,Montipora,0
10/8/2023,22:45,MCAP AMB,Montipora,0
10/8/2023,23:00,MCAP AMB,Montipora,0
10/8/2023,23:15,MCAP AMB,Montipora,0
10/8/2023,23:30,MCAP AMB,Montipora,0
10/8/2023,23:45,MCAP AMB,Montipora,0
10/8/2023,0:00,MCAP AMB,Montipora,0
10/9/2023,0:15,MCAP AMB,Montipora,0
10/9/2023,0:30,MCAP AMB,Montipora,0
10/9/2023,0:45,MCAP AMB,Montipora,0
10/9/2023,1:00,MCAP AMB,Montipora,0
10/9/2023,1:15,MCAP AMB,Montipora,0
10/9/2023,1:30,MCAP AMB,Montipora,0
10/9/2023,1:45,MCAP AMB,Montipora,0
10/9/2023,2:00,MCAP AMB,Montipora,0
10/9/2023,2:15,MCAP AMB,Montipora,0
10/9/2023,2:30,MCAP AMB,Montipora,0
10/9/2023,2:45,MCAP AMB,Montipora,0
10/9/2023,3:00,MCAP AMB,Montipora,0
10/9/2023,3:15,MCAP AMB,Montipora,0
10/9/2023,3:30,MCAP AMB,Montipora,0
10/9/2023,3:45,MCAP AMB,Montipora,0
10/9/2023,4:00,MCAP AMB,Montipora,0
10/9/2023,4:15,MCAP AMB,Montipora,0
10/9/2023,4:30,MCAP AMB,Montipora,0
10/9/2023,4:45,MCAP AMB,Montipora,0
10/9/2023,5:00,MCAP AMB,Montipora,0
10/9/2023,5:15,MCAP AMB,Montipora,0
10/9/2023,5:30,MCAP AMB,Montipora,0
10/9/2023,5:45,MCAP AMB,Montipora,0
10/9/2023,6:00,MCAP AMB,Montipora,0
10/9/2023,6:15,MCAP AMB,Montipora,0
10/9/2023,6:30,MCAP AMB,Montipora,0.7
10/9/2023,6:45,MCAP AMB,Montipora,3.5
10/9/2023,7:00,MCAP AMB,Montipora,11.9
10/9/2023,7:15,MCAP AMB,Montipora,28.1
10/9/2023,7:30,MCAP AMB,Montipora,56.4
10/9/2023,7:45,MCAP AMB,Montipora,83.1
10/9/2023,8:00,MCAP AMB,Montipora,46.6
10/9/2023,8:15,MCAP AMB,Montipora,25.5
10/9/2023,8:30,MCAP AMB,Montipora,104.5
10/9/2023,8:45,MCAP AMB,Montipora,81.5
10/9/2023,9:00,MCAP AMB,Montipora,62.2
10/9/2023,9:15,MCAP AMB,Montipora,40.1
10/9/2023,9:30,MCAP AMB,Montipora,49
10/9/2023,9:45,MCAP AMB,Montipora,140
10/9/2023,10:00,MCAP AMB,Montipora,147.4
10/9/2023,10:15,MCAP AMB,Montipora,100
10/9/2023,10:30,MCAP AMB,Montipora,102.8
10/9/2023,10:45,MCAP AMB,Montipora,160.4
10/9/2023,11:00,MCAP AMB,Montipora,82.7
10/9/2023,11:15,MCAP AMB,Montipora,167.2
10/9/2023,11:30,MCAP AMB,Montipora,232.6
10/9/2023,11:45,MCAP AMB,Montipora,276.7
10/9/2023,12:00,MCAP AMB,Montipora,264.2
10/9/2023,12:15,MCAP AMB,Montipora,288.2
10/9/2023,12:30,MCAP AMB,Montipora,296.3
10/9/2023,12:45,MCAP AMB,Montipora,233.8
10/9/2023,13:00,MCAP AMB,Montipora,133.4
10/9/2023,13:15,MCAP AMB,Montipora,138.3
10/9/2023,13:30,MCAP AMB,Montipora,106.3
10/9/2023,13:45,MCAP AMB,Montipora,105.6
10/9/2023,14:00,MCAP AMB,Montipora,138
10/9/2023,14:15,MCAP AMB,Montipora,101.9
10/9/2023,14:30,MCAP AMB,Montipora,82
10/9/2023,14:45,MCAP AMB,Montipora,77.1
10/9/2023,15:00,MCAP AMB,Montipora,54.1
10/9/2023,15:15,MCAP AMB,Montipora,45.8
10/9/2023,15:30,MCAP AMB,Montipora,53.4
10/9/2023,15:45,MCAP AMB,Montipora,48.9
10/9/2023,16:00,MCAP AMB,Montipora,34.6
10/9/2023,16:15,MCAP AMB,Montipora,33.7
10/9/2023,16:30,MCAP AMB,Montipora,31.2
10/9/2023,16:45,MCAP AMB,Montipora,23.6
10/9/2023,17:00,MCAP AMB,Montipora,15.8
10/9/2023,17:15,MCAP AMB,Montipora,9.7
10/9/2023,17:30,MCAP AMB,Montipora,9.9
10/9/2023,17:45,MCAP AMB,Montipora,5.3
10/9/2023,18:00,MCAP AMB,Montipora,3.9
10/9/2023,18:15,MCAP AMB,Montipora,1.1
10/9/2023,18:30,MCAP AMB,Montipora,0.1
10/9/2023,18:45,MCAP AMB,Montipora,0
10/9/2023,19:00,MCAP AMB,Montipora,0
10/9/2023,19:15,MCAP AMB,Montipora,0
10/9/2023,19:30,MCAP AMB,Montipora,0
10/9/2023,19:45,MCAP AMB,Montipora,0
10/9/2023,20:00,MCAP AMB,Montipora,0
10/9/2023,20:15,MCAP AMB,Montipora,0
10/9/2023,20:30,MCAP AMB,Montipora,0
10/9/2023,20:45,MCAP AMB,Montipora,0
10/9/2023,21:00,MCAP AMB,Montipora,0
10/9/2023,21:15,MCAP AMB,Montipora,0
10/9/2023,21:30,MCAP AMB,Montipora,0
10/9/2023,21:45,MCAP AMB,Montipora,0
10/9/2023,22:00,MCAP AMB,Montipora,0
10/9/2023,22:15,MCAP AMB,Montipora,0
10/9/2023,22:30,MCAP AMB,Montipora,0
10/9/2023,22:45,MCAP AMB,Montipora,0
10/9/2023,23:00,MCAP AMB,Montipora,0
10/9/2023,23:15,MCAP AMB,Montipora,0
10/9/2023,23:30,MCAP AMB,Montipora,0
10/9/2023,23:45,MCAP AMB,Montipora,0
10/9/2023,0:00,MCAP AMB,Montipora,0
10/10/2023,0:15,MCAP AMB,Montipora,0
10/10/2023,0:30,MCAP AMB,Montipora,0
10/10/2023,0:45,MCAP AMB,Montipora,0
10/10/2023,1:00,MCAP AMB,Montipora,0
10/10/2023,1:15,MCAP AMB,Montipora,0
10/10/2023,1:30,MCAP AMB,Montipora,0
10/10/2023,1:45,MCAP AMB,Montipora,0
10/10/2023,2:00,MCAP AMB,Montipora,0
10/10/2023,2:15,MCAP AMB,Montipora,0
10/10/2023,2:30,MCAP AMB,Montipora,0
10/10/2023,2:45,MCAP AMB,Montipora,0
10/10/2023,3:00,MCAP AMB,Montipora,0
10/10/2023,3:15,MCAP AMB,Montipora,0
10/10/2023,3:30,MCAP AMB,Montipora,0
10/10/2023,3:45,MCAP AMB,Montipora,0
10/10/2023,4:00,MCAP AMB,Montipora,0
10/10/2023,4:15,MCAP AMB,Montipora,0
10/10/2023,4:30,MCAP AMB,Montipora,0
10/10/2023,4:45,MCAP AMB,Montipora,0
10/10/2023,5:00,MCAP AMB,Montipora,0
10/10/2023,5:15,MCAP AMB,Montipora,0
10/10/2023,5:30,MCAP AMB,Montipora,0
10/10/2023,5:45,MCAP AMB,Montipora,0
10/10/2023,6:00,MCAP AMB,Montipora,0
10/10/2023,6:15,MCAP AMB,Montipora,0
10/10/2023,6:30,MCAP AMB,Montipora,0.2
10/10/2023,6:45,MCAP AMB,Montipora,2.1
10/10/2023,7:00,MCAP AMB,Montipora,9
10/10/2023,7:15,MCAP AMB,Montipora,17.8
10/10/2023,7:30,MCAP AMB,Montipora,21.6
10/10/2023,7:45,MCAP AMB,Montipora,33.8
10/10/2023,8:00,MCAP AMB,Montipora,73.9
10/10/2023,8:15,MCAP AMB,Montipora,52.7
10/10/2023,8:30,MCAP AMB,Montipora,44
10/10/2023,8:45,MCAP AMB,Montipora,58
10/10/2023,9:00,MCAP AMB,Montipora,55.9
10/10/2023,9:15,MCAP AMB,Montipora,55.8
10/10/2023,9:30,MCAP AMB,Montipora,59.5
10/10/2023,9:45,MCAP AMB,Montipora,66.5
10/10/2023,10:00,MCAP AMB,Montipora,97.8
10/10/2023,10:15,MCAP AMB,Montipora,115.9
10/10/2023,10:30,MCAP AMB,Montipora,122.9
10/10/2023,10:45,MCAP AMB,Montipora,171.5
10/10/2023,11:00,MCAP AMB,Montipora,190
10/10/2023,11:15,MCAP AMB,Montipora,148.4
10/10/2023,11:30,MCAP AMB,Montipora,156.1
10/10/2023,11:45,MCAP AMB,Montipora,163.8
10/10/2023,12:00,MCAP AMB,Montipora,165.9
10/10/2023,12:15,MCAP AMB,Montipora,190.1
10/10/2023,12:30,MCAP AMB,Montipora,22.9
10/10/2023,12:45,MCAP AMB,Montipora,5.5
10/10/2023,13:00,MCAP AMB,Montipora,5.7
10/10/2023,13:15,MCAP AMB,Montipora,3.8
10/10/2023,13:30,MCAP AMB,Montipora,3.7
10/10/2023,13:45,MCAP AMB,Montipora,2.8
10/10/2023,14:00,MCAP AMB,Montipora,2.8
7/24/2023,0:15,PCOM AMB,Porites,0
7/24/2023,0:30,PCOM AMB,Porites,0
7/24/2023,0:45,PCOM AMB,Porites,0
7/24/2023,1:00,PCOM AMB,Porites,0
7/24/2023,1:15,PCOM AMB,Porites,0
7/24/2023,1:30,PCOM AMB,Porites,0
7/24/2023,1:45,PCOM AMB,Porites,0
7/24/2023,2:00,PCOM AMB,Porites,0
7/24/2023,2:15,PCOM AMB,Porites,0
7/24/2023,2:30,PCOM AMB,Porites,0
7/24/2023,2:45,PCOM AMB,Porites,0
7/24/2023,3:00,PCOM AMB,Porites,0
7/24/2023,3:15,PCOM AMB,Porites,0
7/24/2023,3:30,PCOM AMB,Porites,0
7/24/2023,3:45,PCOM AMB,Porites,0
7/24/2023,4:00,PCOM AMB,Porites,0
7/24/2023,4:15,PCOM AMB,Porites,0
7/24/2023,4:30,PCOM AMB,Porites,0
7/24/2023,4:45,PCOM AMB,Porites,0
7/24/2023,5:00,PCOM AMB,Porites,0
7/24/2023,5:15,PCOM AMB,Porites,0
7/24/2023,5:30,PCOM AMB,Porites,0
7/24/2023,5:45,PCOM AMB,Porites,0
7/24/2023,6:00,PCOM AMB,Porites,0.1
7/24/2023,6:15,PCOM AMB,Porites,1.8
7/24/2023,6:30,PCOM AMB,Porites,6
7/24/2023,6:45,PCOM AMB,Porites,11.2
7/24/2023,7:00,PCOM AMB,Porites,15.1
7/24/2023,7:15,PCOM AMB,Porites,22.1
7/24/2023,7:30,PCOM AMB,Porites,28.1
7/24/2023,7:45,PCOM AMB,Porites,123.6
7/24/2023,8:00,PCOM AMB,Porites,153.4
7/24/2023,8:15,PCOM AMB,Porites,153.3
7/24/2023,8:30,PCOM AMB,Porites,182.8
7/24/2023,8:45,PCOM AMB,Porites,274.4
7/24/2023,9:00,PCOM AMB,Porites,97.4
7/24/2023,9:15,PCOM AMB,Porites,103.7
7/24/2023,9:30,PCOM AMB,Porites,107.4
7/24/2023,9:45,PCOM AMB,Porites,147.5
7/24/2023,10:00,PCOM AMB,Porites,65.2
7/24/2023,10:15,PCOM AMB,Porites,202.9
7/24/2023,10:30,PCOM AMB,Porites,486.1
7/24/2023,10:45,PCOM AMB,Porites,148.8
7/24/2023,11:00,PCOM AMB,Porites,108.5
7/24/2023,11:15,PCOM AMB,Porites,118.1
7/24/2023,11:30,PCOM AMB,Porites,156
7/24/2023,11:45,PCOM AMB,Porites,103
7/24/2023,12:00,PCOM AMB,Porites,101.1
7/24/2023,12:15,PCOM AMB,Porites,121.8
7/24/2023,12:30,PCOM AMB,Porites,91.1
7/24/2023,12:45,PCOM AMB,Porites,88.1
7/24/2023,13:00,PCOM AMB,Porites,77.5
7/24/2023,13:15,PCOM AMB,Porites,105.1
7/24/2023,13:30,PCOM AMB,Porites,145.4
7/24/2023,13:45,PCOM AMB,Porites,154.6
7/24/2023,14:00,PCOM AMB,Porites,130.4
7/24/2023,14:15,PCOM AMB,Porites,136.7
7/24/2023,14:30,PCOM AMB,Porites,133.6
7/24/2023,14:45,PCOM AMB,Porites,150.4
7/24/2023,15:00,PCOM AMB,Porites,198.2
7/24/2023,15:15,PCOM AMB,Porites,154.3
7/24/2023,15:30,PCOM AMB,Porites,131.8
7/24/2023,15:45,PCOM AMB,Porites,134.3
7/24/2023,16:00,PCOM AMB,Porites,84.2
7/24/2023,16:15,PCOM AMB,Porites,91.5
7/24/2023,16:30,PCOM AMB,Porites,90.5
7/24/2023,16:45,PCOM AMB,Porites,94.9
7/24/2023,17:00,PCOM AMB,Porites,119.3
7/24/2023,17:15,PCOM AMB,Porites,108.9
7/24/2023,17:30,PCOM AMB,Porites,61.8
7/24/2023,17:45,PCOM AMB,Porites,35.3
7/24/2023,18:00,PCOM AMB,Porites,25.2
7/24/2023,18:15,PCOM AMB,Porites,18.5
7/24/2023,18:30,PCOM AMB,Porites,17
7/24/2023,18:45,PCOM AMB,Porites,14.9
7/24/2023,19:00,PCOM AMB,Porites,8.9
7/24/2023,19:15,PCOM AMB,Porites,2.9
7/24/2023,19:30,PCOM AMB,Porites,0.5
7/24/2023,19:45,PCOM AMB,Porites,0
7/24/2023,20:00,PCOM AMB,Porites,0
7/24/2023,20:15,PCOM AMB,Porites,0
7/24/2023,20:30,PCOM AMB,Porites,0
7/24/2023,20:45,PCOM AMB,Porites,0
7/24/2023,21:00,PCOM AMB,Porites,0
7/24/2023,21:15,PCOM AMB,Porites,0
7/24/2023,21:30,PCOM AMB,Porites,0
7/24/2023,21:45,PCOM AMB,Porites,0
7/24/2023,22:00,PCOM AMB,Porites,0
7/24/2023,22:15,PCOM AMB,Porites,0
7/24/2023,22:30,PCOM AMB,Porites,0
7/24/2023,22:45,PCOM AMB,Porites,0
7/24/2023,23:00,PCOM AMB,Porites,0
7/24/2023,23:15,PCOM AMB,Porites,0
7/24/2023,23:30,PCOM AMB,Porites,0
7/24/2023,23:45,PCOM AMB,Porites,0
7/24/2023,0:00,PCOM AMB,Porites,0
7/25/2023,0:15,PCOM AMB,Porites,0
7/25/2023,0:30,PCOM AMB,Porites,0
7/25/2023,0:45,PCOM AMB,Porites,0
7/25/2023,1:00,PCOM AMB,Porites,0
7/25/2023,1:15,PCOM AMB,Porites,0
7/25/2023,1:30,PCOM AMB,Porites,0
7/25/2023,1:45,PCOM AMB,Porites,0
7/25/2023,2:00,PCOM AMB,Porites,0
7/25/2023,2:15,PCOM AMB,Porites,0
7/25/2023,2:30,PCOM AMB,Porites,0
7/25/2023,2:45,PCOM AMB,Porites,0
7/25/2023,3:00,PCOM AMB,Porites,0
7/25/2023,3:15,PCOM AMB,Porites,0
7/25/2023,3:30,PCOM AMB,Porites,0
7/25/2023,3:45,PCOM AMB,Porites,0
7/25/2023,4:00,PCOM AMB,Porites,0
7/25/2023,4:15,PCOM AMB,Porites,0
7/25/2023,4:30,PCOM AMB,Porites,0
7/25/2023,4:45,PCOM AMB,Porites,0
7/25/2023,5:00,PCOM AMB,Porites,0
7/25/2023,5:15,PCOM AMB,Porites,0
7/25/2023,5:30,PCOM AMB,Porites,0
7/25/2023,5:45,PCOM AMB,Porites,0
7/25/2023,6:00,PCOM AMB,Porites,0.2
7/25/2023,6:15,PCOM AMB,Porites,1.6
7/25/2023,6:30,PCOM AMB,Porites,3.9
7/25/2023,6:45,PCOM AMB,Porites,7
7/25/2023,7:00,PCOM AMB,Porites,16.8
7/25/2023,7:15,PCOM AMB,Porites,26.9
7/25/2023,7:30,PCOM AMB,Porites,38.9
7/25/2023,7:45,PCOM AMB,Porites,45.3
7/25/2023,8:00,PCOM AMB,Porites,59.7
7/25/2023,8:15,PCOM AMB,Porites,80.8
7/25/2023,8:30,PCOM AMB,Porites,104.9
7/25/2023,8:45,PCOM AMB,Porites,162.9
7/25/2023,9:00,PCOM AMB,Porites,201
7/25/2023,9:15,PCOM AMB,Porites,160.9
7/25/2023,9:30,PCOM AMB,Porites,84.8
7/25/2023,9:45,PCOM AMB,Porites,184.5
7/25/2023,10:00,PCOM AMB,Porites,247.5
7/25/2023,10:15,PCOM AMB,Porites,270.4
7/25/2023,10:30,PCOM AMB,Porites,741.7
7/25/2023,10:45,PCOM AMB,Porites,566.7
7/25/2023,11:00,PCOM AMB,Porites,501.6
7/25/2023,11:15,PCOM AMB,Porites,152.8
7/25/2023,11:30,PCOM AMB,Porites,142.2
7/25/2023,11:45,PCOM AMB,Porites,166.7
7/25/2023,12:00,PCOM AMB,Porites,156.6
7/25/2023,12:15,PCOM AMB,Porites,173.5
7/25/2023,12:30,PCOM AMB,Porites,148.1
7/25/2023,12:45,PCOM AMB,Porites,150.1
7/25/2023,13:00,PCOM AMB,Porites,161.4
7/25/2023,13:15,PCOM AMB,Porites,132.8
7/25/2023,13:30,PCOM AMB,Porites,160.4
7/25/2023,13:45,PCOM AMB,Porites,524.5
7/25/2023,14:00,PCOM AMB,Porites,757.2
7/25/2023,14:15,PCOM AMB,Porites,131
7/25/2023,14:30,PCOM AMB,Porites,400.5
7/25/2023,14:45,PCOM AMB,Porites,169.7
7/25/2023,15:00,PCOM AMB,Porites,246.2
7/25/2023,15:15,PCOM AMB,Porites,252.4
7/25/2023,15:30,PCOM AMB,Porites,229.6
7/25/2023,15:45,PCOM AMB,Porites,128.5
7/25/2023,16:00,PCOM AMB,Porites,99.7
7/25/2023,16:15,PCOM AMB,Porites,110.5
7/25/2023,16:30,PCOM AMB,Porites,86.8
7/25/2023,16:45,PCOM AMB,Porites,80
7/25/2023,17:00,PCOM AMB,Porites,63.3
7/25/2023,17:15,PCOM AMB,Porites,61.1
7/25/2023,17:30,PCOM AMB,Porites,47.6
7/25/2023,17:45,PCOM AMB,Porites,40.2
7/25/2023,18:00,PCOM AMB,Porites,29.5
7/25/2023,18:15,PCOM AMB,Porites,29.1
7/25/2023,18:30,PCOM AMB,Porites,18.5
7/25/2023,18:45,PCOM AMB,Porites,12.2
7/25/2023,19:00,PCOM AMB,Porites,6.2
7/25/2023,19:15,PCOM AMB,Porites,2.1
7/25/2023,19:30,PCOM AMB,Porites,0.4
7/25/2023,19:45,PCOM AMB,Porites,0
7/25/2023,20:00,PCOM AMB,Porites,0
7/25/2023,20:15,PCOM AMB,Porites,0
7/25/2023,20:30,PCOM AMB,Porites,0
7/25/2023,20:45,PCOM AMB,Porites,0
7/25/2023,21:00,PCOM AMB,Porites,0
7/25/2023,21:15,PCOM AMB,Porites,0
7/25/2023,21:30,PCOM AMB,Porites,0
7/25/2023,21:45,PCOM AMB,Porites,0
7/25/2023,22:00,PCOM AMB,Porites,0
7/25/2023,22:15,PCOM AMB,Porites,0
7/25/2023,22:30,PCOM AMB,Porites,0
7/25/2023,22:45,PCOM AMB,Porites,0
7/25/2023,23:00,PCOM AMB,Porites,0
7/25/2023,23:15,PCOM AMB,Porites,0
7/25/2023,23:30,PCOM AMB,Porites,0
7/25/2023,23:45,PCOM AMB,Porites,0
7/25/2023,0:00,PCOM AMB,Porites,0
7/26/2023,0:15,PCOM AMB,Porites,0
7/26/2023,0:30,PCOM AMB,Porites,0
7/26/2023,0:45,PCOM AMB,Porites,0
7/26/2023,1:00,PCOM AMB,Porites,0
7/26/2023,1:15,PCOM AMB,Porites,0
7/26/2023,1:30,PCOM AMB,Porites,0
7/26/2023,1:45,PCOM AMB,Porites,0
7/26/2023,2:00,PCOM AMB,Porites,0
7/26/2023,2:15,PCOM AMB,Porites,0
7/26/2023,2:30,PCOM AMB,Porites,0
7/26/2023,2:45,PCOM AMB,Porites,0
7/26/2023,3:00,PCOM AMB,Porites,0
7/26/2023,3:15,PCOM AMB,Porites,0
7/26/2023,3:30,PCOM AMB,Porites,0
7/26/2023,3:45,PCOM AMB,Porites,0
7/26/2023,4:00,PCOM AMB,Porites,0
7/26/2023,4:15,PCOM AMB,Porites,0
7/26/2023,4:30,PCOM AMB,Porites,0
7/26/2023,4:45,PCOM AMB,Porites,0
7/26/2023,5:00,PCOM AMB,Porites,0
7/26/2023,5:15,PCOM AMB,Porites,0
7/26/2023,5:30,PCOM AMB,Porites,0
7/26/2023,5:45,PCOM AMB,Porites,0
7/26/2023,6:00,PCOM AMB,Porites,0.2
7/26/2023,6:15,PCOM AMB,Porites,1.7
7/26/2023,6:30,PCOM AMB,Porites,5.2
7/26/2023,6:45,PCOM AMB,Porites,15.3
7/26/2023,7:00,PCOM AMB,Porites,18
7/26/2023,7:15,PCOM AMB,Porites,35.7
7/26/2023,7:30,PCOM AMB,Porites,46.9
7/26/2023,7:45,PCOM AMB,Porites,74.9
7/26/2023,8:00,PCOM AMB,Porites,123
7/26/2023,8:15,PCOM AMB,Porites,94.1
7/26/2023,8:30,PCOM AMB,Porites,142
7/26/2023,8:45,PCOM AMB,Porites,127.3
7/26/2023,9:00,PCOM AMB,Porites,242.8
7/26/2023,9:15,PCOM AMB,Porites,391.8
7/26/2023,9:30,PCOM AMB,Porites,547
7/26/2023,9:45,PCOM AMB,Porites,121.7
7/26/2023,10:00,PCOM AMB,Porites,78.8
7/26/2023,10:15,PCOM AMB,Porites,229.5
7/26/2023,10:30,PCOM AMB,Porites,712.1
7/26/2023,10:45,PCOM AMB,Porites,446.6
7/26/2023,11:00,PCOM AMB,Porites,607
7/26/2023,11:15,PCOM AMB,Porites,250
7/26/2023,11:30,PCOM AMB,Porites,259.2
7/26/2023,11:45,PCOM AMB,Porites,246.8
7/26/2023,12:00,PCOM AMB,Porites,219.3
7/26/2023,12:15,PCOM AMB,Porites,205.8
7/26/2023,12:30,PCOM AMB,Porites,160.7
7/26/2023,12:45,PCOM AMB,Porites,144.4
7/26/2023,13:00,PCOM AMB,Porites,181.3
7/26/2023,13:15,PCOM AMB,Porites,180.3
7/26/2023,13:30,PCOM AMB,Porites,144.6
7/26/2023,13:45,PCOM AMB,Porites,452.2
7/26/2023,14:00,PCOM AMB,Porites,740.6
7/26/2023,14:15,PCOM AMB,Porites,292.9
7/26/2023,14:30,PCOM AMB,Porites,191.8
7/26/2023,14:45,PCOM AMB,Porites,216.3
7/26/2023,15:00,PCOM AMB,Porites,160.5
7/26/2023,15:15,PCOM AMB,Porites,85.5
7/26/2023,15:30,PCOM AMB,Porites,84.9
7/26/2023,15:45,PCOM AMB,Porites,78
7/26/2023,16:00,PCOM AMB,Porites,70
7/26/2023,16:15,PCOM AMB,Porites,94.3
7/26/2023,16:30,PCOM AMB,Porites,73.4
7/26/2023,16:45,PCOM AMB,Porites,68.2
7/26/2023,17:00,PCOM AMB,Porites,67
7/26/2023,17:15,PCOM AMB,Porites,53.3
7/26/2023,17:30,PCOM AMB,Porites,45.9
7/26/2023,17:45,PCOM AMB,Porites,45.2
7/26/2023,18:00,PCOM AMB,Porites,36
7/26/2023,18:15,PCOM AMB,Porites,25.1
7/26/2023,18:30,PCOM AMB,Porites,10.3
7/26/2023,18:45,PCOM AMB,Porites,8.2
7/26/2023,19:00,PCOM AMB,Porites,4.4
7/26/2023,19:15,PCOM AMB,Porites,1.7
7/26/2023,19:30,PCOM AMB,Porites,0.3
7/26/2023,19:45,PCOM AMB,Porites,0
7/26/2023,20:00,PCOM AMB,Porites,0
7/26/2023,20:15,PCOM AMB,Porites,0
7/26/2023,20:30,PCOM AMB,Porites,0
7/26/2023,20:45,PCOM AMB,Porites,0
7/26/2023,21:00,PCOM AMB,Porites,0
7/26/2023,21:15,PCOM AMB,Porites,0
7/26/2023,21:30,PCOM AMB,Porites,0
7/26/2023,21:45,PCOM AMB,Porites,0
7/26/2023,22:00,PCOM AMB,Porites,0
7/26/2023,22:15,PCOM AMB,Porites,0
7/26/2023,22:30,PCOM AMB,Porites,0
7/26/2023,22:45,PCOM AMB,Porites,0
7/26/2023,23:00,PCOM AMB,Porites,0
7/26/2023,23:15,PCOM AMB,Porites,0
7/26/2023,23:30,PCOM AMB,Porites,0
7/26/2023,23:45,PCOM AMB,Porites,0
7/26/2023,0:00,PCOM AMB,Porites,0
7/27/2023,0:15,PCOM AMB,Porites,0
7/27/2023,0:30,PCOM AMB,Porites,0
7/27/2023,0:45,PCOM AMB,Porites,0
7/27/2023,1:00,PCOM AMB,Porites,0
7/27/2023,1:15,PCOM AMB,Porites,0
7/27/2023,1:30,PCOM AMB,Porites,0
7/27/2023,1:45,PCOM AMB,Porites,0
7/27/2023,2:00,PCOM AMB,Porites,0
7/27/2023,2:15,PCOM AMB,Porites,0
7/27/2023,2:30,PCOM AMB,Porites,0
7/27/2023,2:45,PCOM AMB,Porites,0
7/27/2023,3:00,PCOM AMB,Porites,0
7/27/2023,3:15,PCOM AMB,Porites,0
7/27/2023,3:30,PCOM AMB,Porites,0
7/27/2023,3:45,PCOM AMB,Porites,0
7/27/2023,4:00,PCOM AMB,Porites,0
7/27/2023,4:15,PCOM AMB,Porites,0
7/27/2023,4:30,PCOM AMB,Porites,0
7/27/2023,4:45,PCOM AMB,Porites,0
7/27/2023,5:00,PCOM AMB,Porites,0
7/27/2023,5:15,PCOM AMB,Porites,0
7/27/2023,5:30,PCOM AMB,Porites,0
7/27/2023,5:45,PCOM AMB,Porites,0
7/27/2023,6:00,PCOM AMB,Porites,0.2
7/27/2023,6:15,PCOM AMB,Porites,1.9
7/27/2023,6:30,PCOM AMB,Porites,7.3
7/27/2023,6:45,PCOM AMB,Porites,19.2
7/27/2023,7:00,PCOM AMB,Porites,26.5
7/27/2023,7:15,PCOM AMB,Porites,39.8
7/27/2023,7:30,PCOM AMB,Porites,47.7
7/27/2023,7:45,PCOM AMB,Porites,196.3
7/27/2023,8:00,PCOM AMB,Porites,121.2
7/27/2023,8:15,PCOM AMB,Porites,333.2
7/27/2023,8:30,PCOM AMB,Porites,337.1
7/27/2023,8:45,PCOM AMB,Porites,141.4
7/27/2023,9:00,PCOM AMB,Porites,514.3
7/27/2023,9:15,PCOM AMB,Porites,422.8
7/27/2023,9:30,PCOM AMB,Porites,359.7
7/27/2023,9:45,PCOM AMB,Porites,117.3
7/27/2023,10:00,PCOM AMB,Porites,120.6
7/27/2023,10:15,PCOM AMB,Porites,286.8
7/27/2023,10:30,PCOM AMB,Porites,629
7/27/2023,10:45,PCOM AMB,Porites,539.9
7/27/2023,11:00,PCOM AMB,Porites,633.3
7/27/2023,11:15,PCOM AMB,Porites,348.7
7/27/2023,11:30,PCOM AMB,Porites,366.7
7/27/2023,11:45,PCOM AMB,Porites,157.7
7/27/2023,12:00,PCOM AMB,Porites,150
7/27/2023,12:15,PCOM AMB,Porites,727.6
7/27/2023,12:30,PCOM AMB,Porites,705.4
7/27/2023,12:45,PCOM AMB,Porites,733.3
7/27/2023,13:00,PCOM AMB,Porites,560.9
7/27/2023,13:15,PCOM AMB,Porites,301.7
7/27/2023,13:30,PCOM AMB,Porites,214.3
7/27/2023,13:45,PCOM AMB,Porites,168.8
7/27/2023,14:00,PCOM AMB,Porites,782
7/27/2023,14:15,PCOM AMB,Porites,347.8
7/27/2023,14:30,PCOM AMB,Porites,224.6
7/27/2023,14:45,PCOM AMB,Porites,168.1
7/27/2023,15:00,PCOM AMB,Porites,160.3
7/27/2023,15:15,PCOM AMB,Porites,216.1
7/27/2023,15:30,PCOM AMB,Porites,134.5
7/27/2023,15:45,PCOM AMB,Porites,86.1
7/27/2023,16:00,PCOM AMB,Porites,91.8
7/27/2023,16:15,PCOM AMB,Porites,71.2
7/27/2023,16:30,PCOM AMB,Porites,79.8
7/27/2023,16:45,PCOM AMB,Porites,73.7
7/27/2023,17:00,PCOM AMB,Porites,83.2
7/27/2023,17:15,PCOM AMB,Porites,60
7/27/2023,17:30,PCOM AMB,Porites,47.8
7/27/2023,17:45,PCOM AMB,Porites,47.1
7/27/2023,18:00,PCOM AMB,Porites,41.2
7/27/2023,18:15,PCOM AMB,Porites,33
7/27/2023,18:30,PCOM AMB,Porites,23.6
7/27/2023,18:45,PCOM AMB,Porites,10.5
7/27/2023,19:00,PCOM AMB,Porites,6.4
7/27/2023,19:15,PCOM AMB,Porites,2.8
7/27/2023,19:30,PCOM AMB,Porites,0.3
7/27/2023,19:45,PCOM AMB,Porites,0
7/27/2023,20:00,PCOM AMB,Porites,0
7/27/2023,20:15,PCOM AMB,Porites,0
7/27/2023,20:30,PCOM AMB,Porites,0
7/27/2023,20:45,PCOM AMB,Porites,0
7/27/2023,21:00,PCOM AMB,Porites,0
7/27/2023,21:15,PCOM AMB,Porites,0
7/27/2023,21:30,PCOM AMB,Porites,0
7/27/2023,21:45,PCOM AMB,Porites,0
7/27/2023,22:00,PCOM AMB,Porites,0
7/27/2023,22:15,PCOM AMB,Porites,0
7/27/2023,22:30,PCOM AMB,Porites,0
7/27/2023,22:45,PCOM AMB,Porites,0
7/27/2023,23:00,PCOM AMB,Porites,0
7/27/2023,23:15,PCOM AMB,Porites,0
7/27/2023,23:30,PCOM AMB,Porites,0
7/27/2023,23:45,PCOM AMB,Porites,0
7/27/2023,0:00,PCOM AMB,Porites,0
7/28/2023,0:15,PCOM AMB,Porites,0
7/28/2023,0:30,PCOM AMB,Porites,0
7/28/2023,0:45,PCOM AMB,Porites,0
7/28/2023,1:00,PCOM AMB,Porites,0
7/28/2023,1:15,PCOM AMB,Porites,0
7/28/2023,1:30,PCOM AMB,Porites,0
7/28/2023,1:45,PCOM AMB,Porites,0
7/28/2023,2:00,PCOM AMB,Porites,0
7/28/2023,2:15,PCOM AMB,Porites,0
7/28/2023,2:30,PCOM AMB,Porites,0
7/28/2023,2:45,PCOM AMB,Porites,0
7/28/2023,3:00,PCOM AMB,Porites,0
7/28/2023,3:15,PCOM AMB,Porites,0
7/28/2023,3:30,PCOM AMB,Porites,0
7/28/2023,3:45,PCOM AMB,Porites,0
7/28/2023,4:00,PCOM AMB,Porites,0
7/28/2023,4:15,PCOM AMB,Porites,0
7/28/2023,4:30,PCOM AMB,Porites,0
7/28/2023,4:45,PCOM AMB,Porites,0
7/28/2023,5:00,PCOM AMB,Porites,0
7/28/2023,5:15,PCOM AMB,Porites,0
7/28/2023,5:30,PCOM AMB,Porites,0
7/28/2023,5:45,PCOM AMB,Porites,0
7/28/2023,6:00,PCOM AMB,Porites,0.1
7/28/2023,6:15,PCOM AMB,Porites,1.6
7/28/2023,6:30,PCOM AMB,Porites,9.9
7/28/2023,6:45,PCOM AMB,Porites,22.2
7/28/2023,7:00,PCOM AMB,Porites,24.4
7/28/2023,7:15,PCOM AMB,Porites,28.3
7/28/2023,7:30,PCOM AMB,Porites,28.2
7/28/2023,7:45,PCOM AMB,Porites,40.5
7/28/2023,8:00,PCOM AMB,Porites,71.2
7/28/2023,8:15,PCOM AMB,Porites,198.8
7/28/2023,8:30,PCOM AMB,Porites,192.5
7/28/2023,8:45,PCOM AMB,Porites,219.9
7/28/2023,9:00,PCOM AMB,Porites,445.1
7/28/2023,9:15,PCOM AMB,Porites,524.1
7/28/2023,9:30,PCOM AMB,Porites,427.4
7/28/2023,9:45,PCOM AMB,Porites,80
7/28/2023,10:00,PCOM AMB,Porites,89.7
7/28/2023,10:15,PCOM AMB,Porites,236.7
7/28/2023,10:30,PCOM AMB,Porites,766.7
7/28/2023,10:45,PCOM AMB,Porites,432.8
7/28/2023,11:00,PCOM AMB,Porites,610.4
7/28/2023,11:15,PCOM AMB,Porites,352.3
7/28/2023,11:30,PCOM AMB,Porites,375.2
7/28/2023,11:45,PCOM AMB,Porites,376.2
7/28/2023,12:00,PCOM AMB,Porites,387.9
7/28/2023,12:15,PCOM AMB,Porites,303.5
7/28/2023,12:30,PCOM AMB,Porites,236.7
7/28/2023,12:45,PCOM AMB,Porites,247.1
7/28/2023,13:00,PCOM AMB,Porites,303.3
7/28/2023,13:15,PCOM AMB,Porites,200.9
7/28/2023,13:30,PCOM AMB,Porites,257.8
7/28/2023,13:45,PCOM AMB,Porites,117.4
7/28/2023,14:00,PCOM AMB,Porites,242.1
7/28/2023,14:15,PCOM AMB,Porites,364.6
7/28/2023,14:30,PCOM AMB,Porites,144.3
7/28/2023,14:45,PCOM AMB,Porites,206.2
7/28/2023,15:00,PCOM AMB,Porites,125.2
7/28/2023,15:15,PCOM AMB,Porites,93
7/28/2023,15:30,PCOM AMB,Porites,84.4
7/28/2023,15:45,PCOM AMB,Porites,54.8
7/28/2023,16:00,PCOM AMB,Porites,54.4
7/28/2023,16:15,PCOM AMB,Porites,56.9
7/28/2023,16:30,PCOM AMB,Porites,41.9
7/28/2023,16:45,PCOM AMB,Porites,41.9
7/28/2023,17:00,PCOM AMB,Porites,40.6
7/28/2023,17:15,PCOM AMB,Porites,43.2
7/28/2023,17:30,PCOM AMB,Porites,33.4
7/28/2023,17:45,PCOM AMB,Porites,27.8
7/28/2023,18:00,PCOM AMB,Porites,28.1
7/28/2023,18:15,PCOM AMB,Porites,17.5
7/28/2023,18:30,PCOM AMB,Porites,13.1
7/28/2023,18:45,PCOM AMB,Porites,11.3
7/28/2023,19:00,PCOM AMB,Porites,6.1
7/28/2023,19:15,PCOM AMB,Porites,2.7
7/28/2023,19:30,PCOM AMB,Porites,0.5
7/28/2023,19:45,PCOM AMB,Porites,0
7/28/2023,20:00,PCOM AMB,Porites,0
7/28/2023,20:15,PCOM AMB,Porites,0
7/28/2023,20:30,PCOM AMB,Porites,0
7/28/2023,20:45,PCOM AMB,Porites,0
7/28/2023,21:00,PCOM AMB,Porites,0
7/28/2023,21:15,PCOM AMB,Porites,0
7/28/2023,21:30,PCOM AMB,Porites,0
7/28/2023,21:45,PCOM AMB,Porites,0
7/28/2023,22:00,PCOM AMB,Porites,0
7/28/2023,22:15,PCOM AMB,Porites,0
7/28/2023,22:30,PCOM AMB,Porites,0
7/28/2023,22:45,PCOM AMB,Porites,0
7/28/2023,23:00,PCOM AMB,Porites,0
7/28/2023,23:15,PCOM AMB,Porites,0
7/28/2023,23:30,PCOM AMB,Porites,0
7/28/2023,23:45,PCOM AMB,Porites,0
7/28/2023,0:00,PCOM AMB,Porites,0
7/29/2023,0:15,PCOM AMB,Porites,0
7/29/2023,0:30,PCOM AMB,Porites,0
7/29/2023,0:45,PCOM AMB,Porites,0
7/29/2023,1:00,PCOM AMB,Porites,0
7/29/2023,1:15,PCOM AMB,Porites,0
7/29/2023,1:30,PCOM AMB,Porites,0
7/29/2023,1:45,PCOM AMB,Porites,0
7/29/2023,2:00,PCOM AMB,Porites,0
7/29/2023,2:15,PCOM AMB,Porites,0
7/29/2023,2:30,PCOM AMB,Porites,0
7/29/2023,2:45,PCOM AMB,Porites,0
7/29/2023,3:00,PCOM AMB,Porites,0
7/29/2023,3:15,PCOM AMB,Porites,0
7/29/2023,3:30,PCOM AMB,Porites,0
7/29/2023,3:45,PCOM AMB,Porites,0
7/29/2023,4:00,PCOM AMB,Porites,0
7/29/2023,4:15,PCOM AMB,Porites,0
7/29/2023,4:30,PCOM AMB,Porites,0
7/29/2023,4:45,PCOM AMB,Porites,0
7/29/2023,5:00,PCOM AMB,Porites,0
7/29/2023,5:15,PCOM AMB,Porites,0
7/29/2023,5:30,PCOM AMB,Porites,0
7/29/2023,5:45,PCOM AMB,Porites,0
7/29/2023,6:00,PCOM AMB,Porites,0.1
7/29/2023,6:15,PCOM AMB,Porites,0.9
7/29/2023,6:30,PCOM AMB,Porites,4.6
7/29/2023,6:45,PCOM AMB,Porites,20.8
7/29/2023,7:00,PCOM AMB,Porites,27.4
7/29/2023,7:15,PCOM AMB,Porites,30
7/29/2023,7:30,PCOM AMB,Porites,43.1
7/29/2023,7:45,PCOM AMB,Porites,75.1
7/29/2023,8:00,PCOM AMB,Porites,142.3
7/29/2023,8:15,PCOM AMB,Porites,150.8
7/29/2023,8:30,PCOM AMB,Porites,111.3
7/29/2023,8:45,PCOM AMB,Porites,132.8
7/29/2023,9:00,PCOM AMB,Porites,282.1
7/29/2023,9:15,PCOM AMB,Porites,393.9
7/29/2023,9:30,PCOM AMB,Porites,126.2
7/29/2023,9:45,PCOM AMB,Porites,166.4
7/29/2023,10:00,PCOM AMB,Porites,251.1
7/29/2023,10:15,PCOM AMB,Porites,283.6
7/29/2023,10:30,PCOM AMB,Porites,557.3
7/29/2023,10:45,PCOM AMB,Porites,326.4
7/29/2023,11:00,PCOM AMB,Porites,550.3
7/29/2023,11:15,PCOM AMB,Porites,349
7/29/2023,11:30,PCOM AMB,Porites,398.6
7/29/2023,11:45,PCOM AMB,Porites,376.2
7/29/2023,12:00,PCOM AMB,Porites,353.4
7/29/2023,12:15,PCOM AMB,Porites,357.1
7/29/2023,12:30,PCOM AMB,Porites,354.6
7/29/2023,12:45,PCOM AMB,Porites,305.1
7/29/2023,13:00,PCOM AMB,Porites,323.3
7/29/2023,13:15,PCOM AMB,Porites,339.5
7/29/2023,13:30,PCOM AMB,Porites,358.8
7/29/2023,13:45,PCOM AMB,Porites,254.5
7/29/2023,14:00,PCOM AMB,Porites,227.1
7/29/2023,14:15,PCOM AMB,Porites,406.3
7/29/2023,14:30,PCOM AMB,Porites,149.2
7/29/2023,14:45,PCOM AMB,Porites,116.5
7/29/2023,15:00,PCOM AMB,Porites,82.4
7/29/2023,15:15,PCOM AMB,Porites,86.5
7/29/2023,15:30,PCOM AMB,Porites,54.1
7/29/2023,15:45,PCOM AMB,Porites,65
7/29/2023,16:00,PCOM AMB,Porites,77
7/29/2023,16:15,PCOM AMB,Porites,70.9
7/29/2023,16:30,PCOM AMB,Porites,84.6
7/29/2023,16:45,PCOM AMB,Porites,62.3
7/29/2023,17:00,PCOM AMB,Porites,50.2
7/29/2023,17:15,PCOM AMB,Porites,37.5
7/29/2023,17:30,PCOM AMB,Porites,44.4
7/29/2023,17:45,PCOM AMB,Porites,19.9
7/29/2023,18:00,PCOM AMB,Porites,25
7/29/2023,18:15,PCOM AMB,Porites,18.6
7/29/2023,18:30,PCOM AMB,Porites,13.7
7/29/2023,18:45,PCOM AMB,Porites,9.7
7/29/2023,19:00,PCOM AMB,Porites,5.6
7/29/2023,19:15,PCOM AMB,Porites,2.4
7/29/2023,19:30,PCOM AMB,Porites,0.4
7/29/2023,19:45,PCOM AMB,Porites,0
7/29/2023,20:00,PCOM AMB,Porites,0
7/29/2023,20:15,PCOM AMB,Porites,0
7/29/2023,20:30,PCOM AMB,Porites,0
7/29/2023,20:45,PCOM AMB,Porites,0
7/29/2023,21:00,PCOM AMB,Porites,0
7/29/2023,21:15,PCOM AMB,Porites,0
7/29/2023,21:30,PCOM AMB,Porites,0
7/29/2023,21:45,PCOM AMB,Porites,0
7/29/2023,22:00,PCOM AMB,Porites,0
7/29/2023,22:15,PCOM AMB,Porites,0
7/29/2023,22:30,PCOM AMB,Porites,0
7/29/2023,22:45,PCOM AMB,Porites,0
7/29/2023,23:00,PCOM AMB,Porites,0
7/29/2023,23:15,PCOM AMB,Porites,0
7/29/2023,23:30,PCOM AMB,Porites,0
7/29/2023,23:45,PCOM AMB,Porites,0
7/29/2023,0:00,PCOM AMB,Porites,0
7/30/2023,0:15,PCOM AMB,Porites,0
7/30/2023,0:30,PCOM AMB,Porites,0
7/30/2023,0:45,PCOM AMB,Porites,0
7/30/2023,1:00,PCOM AMB,Porites,0
7/30/2023,1:15,PCOM AMB,Porites,0
7/30/2023,1:30,PCOM AMB,Porites,0
7/30/2023,1:45,PCOM AMB,Porites,0
7/30/2023,2:00,PCOM AMB,Porites,0
7/30/2023,2:15,PCOM AMB,Porites,0
7/30/2023,2:30,PCOM AMB,Porites,0
7/30/2023,2:45,PCOM AMB,Porites,0
7/30/2023,3:00,PCOM AMB,Porites,0
7/30/2023,3:15,PCOM AMB,Porites,0
7/30/2023,3:30,PCOM AMB,Porites,0
7/30/2023,3:45,PCOM AMB,Porites,0
7/30/2023,4:00,PCOM AMB,Porites,0
7/30/2023,4:15,PCOM AMB,Porites,0
7/30/2023,4:30,PCOM AMB,Porites,0
7/30/2023,4:45,PCOM AMB,Porites,0
7/30/2023,5:00,PCOM AMB,Porites,0
7/30/2023,5:15,PCOM AMB,Porites,0
7/30/2023,5:30,PCOM AMB,Porites,0
7/30/2023,5:45,PCOM AMB,Porites,0
7/30/2023,6:00,PCOM AMB,Porites,0.2
7/30/2023,6:15,PCOM AMB,Porites,1.9
7/30/2023,6:30,PCOM AMB,Porites,8
7/30/2023,6:45,PCOM AMB,Porites,13.8
7/30/2023,7:00,PCOM AMB,Porites,30.9
7/30/2023,7:15,PCOM AMB,Porites,49.1
7/30/2023,7:30,PCOM AMB,Porites,63.5
7/30/2023,7:45,PCOM AMB,Porites,74.8
7/30/2023,8:00,PCOM AMB,Porites,98.8
7/30/2023,8:15,PCOM AMB,Porites,236.9
7/30/2023,8:30,PCOM AMB,Porites,276.6
7/30/2023,8:45,PCOM AMB,Porites,134.3
7/30/2023,9:00,PCOM AMB,Porites,277.2
7/30/2023,9:15,PCOM AMB,Porites,236.4
7/30/2023,9:30,PCOM AMB,Porites,124
7/30/2023,9:45,PCOM AMB,Porites,114.9
7/30/2023,10:00,PCOM AMB,Porites,291.5
7/30/2023,10:15,PCOM AMB,Porites,269.3
7/30/2023,10:30,PCOM AMB,Porites,789.3
7/30/2023,10:45,PCOM AMB,Porites,450.7
7/30/2023,11:00,PCOM AMB,Porites,567.5
7/30/2023,11:15,PCOM AMB,Porites,337.2
7/30/2023,11:30,PCOM AMB,Porites,349
7/30/2023,11:45,PCOM AMB,Porites,349.4
7/30/2023,12:00,PCOM AMB,Porites,391.3
7/30/2023,12:15,PCOM AMB,Porites,345
7/30/2023,12:30,PCOM AMB,Porites,409.6
7/30/2023,12:45,PCOM AMB,Porites,269.6
7/30/2023,13:00,PCOM AMB,Porites,284.5
7/30/2023,13:15,PCOM AMB,Porites,314.1
7/30/2023,13:30,PCOM AMB,Porites,244.5
7/30/2023,13:45,PCOM AMB,Porites,233.1
7/30/2023,14:00,PCOM AMB,Porites,115
7/30/2023,14:15,PCOM AMB,Porites,132.5
7/30/2023,14:30,PCOM AMB,Porites,72.8
7/30/2023,14:45,PCOM AMB,Porites,91.5
7/30/2023,15:00,PCOM AMB,Porites,76.6
7/30/2023,15:15,PCOM AMB,Porites,71.3
7/30/2023,15:30,PCOM AMB,Porites,85
7/30/2023,15:45,PCOM AMB,Porites,68
7/30/2023,16:00,PCOM AMB,Porites,70.1
7/30/2023,16:15,PCOM AMB,Porites,60.4
7/30/2023,16:30,PCOM AMB,Porites,54.5
7/30/2023,16:45,PCOM AMB,Porites,61.6
7/30/2023,17:00,PCOM AMB,Porites,45.2
7/30/2023,17:15,PCOM AMB,Porites,39.8
7/30/2023,17:30,PCOM AMB,Porites,33.4
7/30/2023,17:45,PCOM AMB,Porites,36.9
7/30/2023,18:00,PCOM AMB,Porites,25.9
7/30/2023,18:15,PCOM AMB,Porites,19.5
7/30/2023,18:30,PCOM AMB,Porites,19.4
7/30/2023,18:45,PCOM AMB,Porites,8.9
7/30/2023,19:00,PCOM AMB,Porites,3.2
7/30/2023,19:15,PCOM AMB,Porites,1.2
7/30/2023,19:30,PCOM AMB,Porites,0.2
7/30/2023,19:45,PCOM AMB,Porites,0
7/30/2023,20:00,PCOM AMB,Porites,0
7/30/2023,20:15,PCOM AMB,Porites,0
7/30/2023,20:30,PCOM AMB,Porites,0
7/30/2023,20:45,PCOM AMB,Porites,0
7/30/2023,21:00,PCOM AMB,Porites,0
7/30/2023,21:15,PCOM AMB,Porites,0
7/30/2023,21:30,PCOM AMB,Porites,0
7/30/2023,21:45,PCOM AMB,Porites,0
7/30/2023,22:00,PCOM AMB,Porites,0
7/30/2023,22:15,PCOM AMB,Porites,0
7/30/2023,22:30,PCOM AMB,Porites,0
7/30/2023,22:45,PCOM AMB,Porites,0
7/30/2023,23:00,PCOM AMB,Porites,0
7/30/2023,23:15,PCOM AMB,Porites,0
7/30/2023,23:30,PCOM AMB,Porites,0
7/30/2023,23:45,PCOM AMB,Porites,0
7/30/2023,0:00,PCOM AMB,Porites,0
7/31/2023,0:15,PCOM AMB,Porites,0
7/31/2023,0:30,PCOM AMB,Porites,0
7/31/2023,0:45,PCOM AMB,Porites,0
7/31/2023,1:00,PCOM AMB,Porites,0
7/31/2023,1:15,PCOM AMB,Porites,0
7/31/2023,1:30,PCOM AMB,Porites,0
7/31/2023,1:45,PCOM AMB,Porites,0
7/31/2023,2:00,PCOM AMB,Porites,0
7/31/2023,2:15,PCOM AMB,Porites,0
7/31/2023,2:30,PCOM AMB,Porites,0
7/31/2023,2:45,PCOM AMB,Porites,0
7/31/2023,3:00,PCOM AMB,Porites,0
7/31/2023,3:15,PCOM AMB,Porites,0
7/31/2023,3:30,PCOM AMB,Porites,0
7/31/2023,3:45,PCOM AMB,Porites,0
7/31/2023,4:00,PCOM AMB,Porites,0
7/31/2023,4:15,PCOM AMB,Porites,0
7/31/2023,4:30,PCOM AMB,Porites,0
7/31/2023,4:45,PCOM AMB,Porites,0
7/31/2023,5:00,PCOM AMB,Porites,0
7/31/2023,5:15,PCOM AMB,Porites,0
7/31/2023,5:30,PCOM AMB,Porites,0
7/31/2023,5:45,PCOM AMB,Porites,0
7/31/2023,6:00,PCOM AMB,Porites,0.2
7/31/2023,6:15,PCOM AMB,Porites,2.6
7/31/2023,6:30,PCOM AMB,Porites,11.3
7/31/2023,6:45,PCOM AMB,Porites,29.4
7/31/2023,7:00,PCOM AMB,Porites,26.9
7/31/2023,7:15,PCOM AMB,Porites,27.1
7/31/2023,7:30,PCOM AMB,Porites,36.8
7/31/2023,7:45,PCOM AMB,Porites,62.9
7/31/2023,8:00,PCOM AMB,Porites,178.8
7/31/2023,8:15,PCOM AMB,Porites,184.1
7/31/2023,8:30,PCOM AMB,Porites,166.6
7/31/2023,8:45,PCOM AMB,Porites,153.8
7/31/2023,9:00,PCOM AMB,Porites,301.2
7/31/2023,9:15,PCOM AMB,Porites,157.3
7/31/2023,9:30,PCOM AMB,Porites,129
7/31/2023,9:45,PCOM AMB,Porites,265.9
7/31/2023,10:00,PCOM AMB,Porites,374.4
7/31/2023,10:15,PCOM AMB,Porites,233.1
7/31/2023,10:30,PCOM AMB,Porites,244.7
7/31/2023,10:45,PCOM AMB,Porites,117.8
7/31/2023,11:00,PCOM AMB,Porites,180.8
7/31/2023,11:15,PCOM AMB,Porites,182.2
7/31/2023,11:30,PCOM AMB,Porites,236.3
7/31/2023,11:45,PCOM AMB,Porites,269
7/31/2023,12:00,PCOM AMB,Porites,347.3
7/31/2023,12:15,PCOM AMB,Porites,374.6
7/31/2023,12:30,PCOM AMB,Porites,388.2
7/31/2023,12:45,PCOM AMB,Porites,381.3
7/31/2023,13:00,PCOM AMB,Porites,370.9
7/31/2023,13:15,PCOM AMB,Porites,372.8
7/31/2023,13:30,PCOM AMB,Porites,264.5
7/31/2023,13:45,PCOM AMB,Porites,280
7/31/2023,14:00,PCOM AMB,Porites,150.5
7/31/2023,14:15,PCOM AMB,Porites,201.6
7/31/2023,14:30,PCOM AMB,Porites,143.2
7/31/2023,14:45,PCOM AMB,Porites,134.6
7/31/2023,15:00,PCOM AMB,Porites,96
7/31/2023,15:15,PCOM AMB,Porites,97.2
7/31/2023,15:30,PCOM AMB,Porites,91.5
7/31/2023,15:45,PCOM AMB,Porites,66.6
7/31/2023,16:00,PCOM AMB,Porites,42.6
7/31/2023,16:15,PCOM AMB,Porites,51.9
7/31/2023,16:30,PCOM AMB,Porites,50.4
7/31/2023,16:45,PCOM AMB,Porites,38.3
7/31/2023,17:00,PCOM AMB,Porites,33.5
7/31/2023,17:15,PCOM AMB,Porites,43.7
7/31/2023,17:30,PCOM AMB,Porites,32.7
7/31/2023,17:45,PCOM AMB,Porites,28.2
7/31/2023,18:00,PCOM AMB,Porites,23.9
7/31/2023,18:15,PCOM AMB,Porites,28.1
7/31/2023,18:30,PCOM AMB,Porites,15.6
7/31/2023,18:45,PCOM AMB,Porites,11.3
7/31/2023,19:00,PCOM AMB,Porites,6
7/31/2023,19:15,PCOM AMB,Porites,2.2
7/31/2023,19:30,PCOM AMB,Porites,0.3
7/31/2023,19:45,PCOM AMB,Porites,0
7/31/2023,20:00,PCOM AMB,Porites,0
7/31/2023,20:15,PCOM AMB,Porites,0
7/31/2023,20:30,PCOM AMB,Porites,0
7/31/2023,20:45,PCOM AMB,Porites,0
7/31/2023,21:00,PCOM AMB,Porites,0
7/31/2023,21:15,PCOM AMB,Porites,0
7/31/2023,21:30,PCOM AMB,Porites,0
7/31/2023,21:45,PCOM AMB,Porites,0
7/31/2023,22:00,PCOM AMB,Porites,0
7/31/2023,22:15,PCOM AMB,Porites,0
7/31/2023,22:30,PCOM AMB,Porites,0
7/31/2023,22:45,PCOM AMB,Porites,0
7/31/2023,23:00,PCOM AMB,Porites,0
7/31/2023,23:15,PCOM AMB,Porites,0
7/31/2023,23:30,PCOM AMB,Porites,0
7/31/2023,23:45,PCOM AMB,Porites,0
7/31/2023,0:00,PCOM AMB,Porites,0
8/1/2023,0:15,PCOM AMB,Porites,0
8/1/2023,0:30,PCOM AMB,Porites,0
8/1/2023,0:45,PCOM AMB,Porites,0
8/1/2023,1:00,PCOM AMB,Porites,0
8/1/2023,1:15,PCOM AMB,Porites,0
8/1/2023,1:30,PCOM AMB,Porites,0
8/1/2023,1:45,PCOM AMB,Porites,0
8/1/2023,2:00,PCOM AMB,Porites,0
8/1/2023,2:15,PCOM AMB,Porites,0
8/1/2023,2:30,PCOM AMB,Porites,0
8/1/2023,2:45,PCOM AMB,Porites,0
8/1/2023,3:00,PCOM AMB,Porites,0
8/1/2023,3:15,PCOM AMB,Porites,0
8/1/2023,3:30,PCOM AMB,Porites,0
8/1/2023,3:45,PCOM AMB,Porites,0
8/1/2023,4:00,PCOM AMB,Porites,0
8/1/2023,4:15,PCOM AMB,Porites,0
8/1/2023,4:30,PCOM AMB,Porites,0
8/1/2023,4:45,PCOM AMB,Porites,0
8/1/2023,5:00,PCOM AMB,Porites,0
8/1/2023,5:15,PCOM AMB,Porites,0
8/1/2023,5:30,PCOM AMB,Porites,0
8/1/2023,5:45,PCOM AMB,Porites,0
8/1/2023,6:00,PCOM AMB,Porites,0.1
8/1/2023,6:15,PCOM AMB,Porites,2.1
8/1/2023,6:30,PCOM AMB,Porites,6.2
8/1/2023,6:45,PCOM AMB,Porites,12.5
8/1/2023,7:00,PCOM AMB,Porites,21.9
8/1/2023,7:15,PCOM AMB,Porites,33.9
8/1/2023,7:30,PCOM AMB,Porites,41.2
8/1/2023,7:45,PCOM AMB,Porites,74.2
8/1/2023,8:00,PCOM AMB,Porites,47.4
8/1/2023,8:15,PCOM AMB,Porites,79
8/1/2023,8:30,PCOM AMB,Porites,83.9
8/1/2023,8:45,PCOM AMB,Porites,284.4
8/1/2023,9:00,PCOM AMB,Porites,78
8/1/2023,9:15,PCOM AMB,Porites,114.3
8/1/2023,9:30,PCOM AMB,Porites,120
8/1/2023,9:45,PCOM AMB,Porites,212.1
8/1/2023,10:00,PCOM AMB,Porites,255.8
8/1/2023,10:15,PCOM AMB,Porites,245
8/1/2023,10:30,PCOM AMB,Porites,656.2
8/1/2023,10:45,PCOM AMB,Porites,517.1
8/1/2023,11:00,PCOM AMB,Porites,445
8/1/2023,11:15,PCOM AMB,Porites,351.5
8/1/2023,11:30,PCOM AMB,Porites,272.5
8/1/2023,11:45,PCOM AMB,Porites,288.5
8/1/2023,12:00,PCOM AMB,Porites,336.9
8/1/2023,12:15,PCOM AMB,Porites,289.9
8/1/2023,12:30,PCOM AMB,Porites,267.7
8/1/2023,12:45,PCOM AMB,Porites,376.6
8/1/2023,13:00,PCOM AMB,Porites,346.5
8/1/2023,13:15,PCOM AMB,Porites,329.2
8/1/2023,13:30,PCOM AMB,Porites,259.6
8/1/2023,13:45,PCOM AMB,Porites,279.6
8/1/2023,14:00,PCOM AMB,Porites,296.7
8/1/2023,14:15,PCOM AMB,Porites,178.4
8/1/2023,14:30,PCOM AMB,Porites,646.9
8/1/2023,14:45,PCOM AMB,Porites,169.7
8/1/2023,15:00,PCOM AMB,Porites,311.9
8/1/2023,15:15,PCOM AMB,Porites,136.7
8/1/2023,15:30,PCOM AMB,Porites,84.5
8/1/2023,15:45,PCOM AMB,Porites,35.6
8/1/2023,16:00,PCOM AMB,Porites,47.3
8/1/2023,16:15,PCOM AMB,Porites,59.7
8/1/2023,16:30,PCOM AMB,Porites,50.1
8/1/2023,16:45,PCOM AMB,Porites,59.7
8/1/2023,17:00,PCOM AMB,Porites,46.8
8/1/2023,17:15,PCOM AMB,Porites,47.4
8/1/2023,17:30,PCOM AMB,Porites,21.2
8/1/2023,17:45,PCOM AMB,Porites,30.4
8/1/2023,18:00,PCOM AMB,Porites,30.4
8/1/2023,18:15,PCOM AMB,Porites,13.1
8/1/2023,18:30,PCOM AMB,Porites,15.1
8/1/2023,18:45,PCOM AMB,Porites,9.9
8/1/2023,19:00,PCOM AMB,Porites,5.2
8/1/2023,19:15,PCOM AMB,Porites,1.9
8/1/2023,19:30,PCOM AMB,Porites,0.3
8/1/2023,19:45,PCOM AMB,Porites,0
8/1/2023,20:00,PCOM AMB,Porites,0
8/1/2023,20:15,PCOM AMB,Porites,0
8/1/2023,20:30,PCOM AMB,Porites,0
8/1/2023,20:45,PCOM AMB,Porites,0
8/1/2023,21:00,PCOM AMB,Porites,0
8/1/2023,21:15,PCOM AMB,Porites,0
8/1/2023,21:30,PCOM AMB,Porites,0
8/1/2023,21:45,PCOM AMB,Porites,0
8/1/2023,22:00,PCOM AMB,Porites,0
8/1/2023,22:15,PCOM AMB,Porites,0
8/1/2023,22:30,PCOM AMB,Porites,0
8/1/2023,22:45,PCOM AMB,Porites,0
8/1/2023,23:00,PCOM AMB,Porites,0
8/1/2023,23:15,PCOM AMB,Porites,0
8/1/2023,23:30,PCOM AMB,Porites,0
8/1/2023,23:45,PCOM AMB,Porites,0
8/1/2023,0:00,PCOM AMB,Porites,0
8/2/2023,0:15,PCOM AMB,Porites,0
8/2/2023,0:30,PCOM AMB,Porites,0
8/2/2023,0:45,PCOM AMB,Porites,0
8/2/2023,1:00,PCOM AMB,Porites,0
8/2/2023,1:15,PCOM AMB,Porites,0
8/2/2023,1:30,PCOM AMB,Porites,0
8/2/2023,1:45,PCOM AMB,Porites,0
8/2/2023,2:00,PCOM AMB,Porites,0
8/2/2023,2:15,PCOM AMB,Porites,0
8/2/2023,2:30,PCOM AMB,Porites,0
8/2/2023,2:45,PCOM AMB,Porites,0
8/2/2023,3:00,PCOM AMB,Porites,0
8/2/2023,3:15,PCOM AMB,Porites,0
8/2/2023,3:30,PCOM AMB,Porites,0
8/2/2023,3:45,PCOM AMB,Porites,0
8/2/2023,4:00,PCOM AMB,Porites,0
8/2/2023,4:15,PCOM AMB,Porites,0
8/2/2023,4:30,PCOM AMB,Porites,0
8/2/2023,4:45,PCOM AMB,Porites,0
8/2/2023,5:00,PCOM AMB,Porites,0
8/2/2023,5:15,PCOM AMB,Porites,0
8/2/2023,5:30,PCOM AMB,Porites,0
8/2/2023,5:45,PCOM AMB,Porites,0
8/2/2023,6:00,PCOM AMB,Porites,0.2
8/2/2023,6:15,PCOM AMB,Porites,2
8/2/2023,6:30,PCOM AMB,Porites,9.7
8/2/2023,6:45,PCOM AMB,Porites,20.4
8/2/2023,7:00,PCOM AMB,Porites,25.7
8/2/2023,7:15,PCOM AMB,Porites,41.6
8/2/2023,7:30,PCOM AMB,Porites,83.1
8/2/2023,7:45,PCOM AMB,Porites,130.2
8/2/2023,8:00,PCOM AMB,Porites,132.6
8/2/2023,8:15,PCOM AMB,Porites,125.1
8/2/2023,8:30,PCOM AMB,Porites,104.4
8/2/2023,8:45,PCOM AMB,Porites,130
8/2/2023,9:00,PCOM AMB,Porites,187.6
8/2/2023,9:15,PCOM AMB,Porites,146.3
8/2/2023,9:30,PCOM AMB,Porites,128.9
8/2/2023,9:45,PCOM AMB,Porites,180.1
8/2/2023,10:00,PCOM AMB,Porites,115.6
8/2/2023,10:15,PCOM AMB,Porites,378.6
8/2/2023,10:30,PCOM AMB,Porites,678.4
8/2/2023,10:45,PCOM AMB,Porites,536.8
8/2/2023,11:00,PCOM AMB,Porites,462
8/2/2023,11:15,PCOM AMB,Porites,213
8/2/2023,11:30,PCOM AMB,Porites,198.8
8/2/2023,11:45,PCOM AMB,Porites,126.8
8/2/2023,12:00,PCOM AMB,Porites,193.4
8/2/2023,12:15,PCOM AMB,Porites,188.2
8/2/2023,12:30,PCOM AMB,Porites,165.6
8/2/2023,12:45,PCOM AMB,Porites,206.6
8/2/2023,13:00,PCOM AMB,Porites,184.6
8/2/2023,13:15,PCOM AMB,Porites,112.6
8/2/2023,13:30,PCOM AMB,Porites,153.1
8/2/2023,13:45,PCOM AMB,Porites,200.3
8/2/2023,14:00,PCOM AMB,Porites,181.1
8/2/2023,14:15,PCOM AMB,Porites,132.5
8/2/2023,14:30,PCOM AMB,Porites,147.2
8/2/2023,14:45,PCOM AMB,Porites,134.6
8/2/2023,15:00,PCOM AMB,Porites,85.3
8/2/2023,15:15,PCOM AMB,Porites,75.7
8/2/2023,15:30,PCOM AMB,Porites,56.7
8/2/2023,15:45,PCOM AMB,Porites,53.5
8/2/2023,16:00,PCOM AMB,Porites,60.5
8/2/2023,16:15,PCOM AMB,Porites,77.1
8/2/2023,16:30,PCOM AMB,Porites,62.9
8/2/2023,16:45,PCOM AMB,Porites,58.6
8/2/2023,17:00,PCOM AMB,Porites,61.9
8/2/2023,17:15,PCOM AMB,Porites,66.2
8/2/2023,17:30,PCOM AMB,Porites,40.5
8/2/2023,17:45,PCOM AMB,Porites,32.9
8/2/2023,18:00,PCOM AMB,Porites,43.4
8/2/2023,18:15,PCOM AMB,Porites,17.1
8/2/2023,18:30,PCOM AMB,Porites,12.5
8/2/2023,18:45,PCOM AMB,Porites,8.6
8/2/2023,19:00,PCOM AMB,Porites,5
8/2/2023,19:15,PCOM AMB,Porites,2
8/2/2023,19:30,PCOM AMB,Porites,0.3
8/2/2023,19:45,PCOM AMB,Porites,0
8/2/2023,20:00,PCOM AMB,Porites,0
8/2/2023,20:15,PCOM AMB,Porites,0
8/2/2023,20:30,PCOM AMB,Porites,0
8/2/2023,20:45,PCOM AMB,Porites,0
8/2/2023,21:00,PCOM AMB,Porites,0
8/2/2023,21:15,PCOM AMB,Porites,0
8/2/2023,21:30,PCOM AMB,Porites,0
8/2/2023,21:45,PCOM AMB,Porites,0
8/2/2023,22:00,PCOM AMB,Porites,0
8/2/2023,22:15,PCOM AMB,Porites,0
8/2/2023,22:30,PCOM AMB,Porites,0
8/2/2023,22:45,PCOM AMB,Porites,0
8/2/2023,23:00,PCOM AMB,Porites,0
8/2/2023,23:15,PCOM AMB,Porites,0
8/2/2023,23:30,PCOM AMB,Porites,0
8/2/2023,23:45,PCOM AMB,Porites,0
8/2/2023,0:00,PCOM AMB,Porites,0
8/3/2023,0:15,PCOM AMB,Porites,0
8/3/2023,0:30,PCOM AMB,Porites,0
8/3/2023,0:45,PCOM AMB,Porites,0
8/3/2023,1:00,PCOM AMB,Porites,0
8/3/2023,1:15,PCOM AMB,Porites,0
8/3/2023,1:30,PCOM AMB,Porites,0
8/3/2023,1:45,PCOM AMB,Porites,0
8/3/2023,2:00,PCOM AMB,Porites,0
8/3/2023,2:15,PCOM AMB,Porites,0
8/3/2023,2:30,PCOM AMB,Porites,0
8/3/2023,2:45,PCOM AMB,Porites,0
8/3/2023,3:00,PCOM AMB,Porites,0
8/3/2023,3:15,PCOM AMB,Porites,0
8/3/2023,3:30,PCOM AMB,Porites,0
8/3/2023,3:45,PCOM AMB,Porites,0
8/3/2023,4:00,PCOM AMB,Porites,0
8/3/2023,4:15,PCOM AMB,Porites,0
8/3/2023,4:30,PCOM AMB,Porites,0
8/3/2023,4:45,PCOM AMB,Porites,0
8/3/2023,5:00,PCOM AMB,Porites,0
8/3/2023,5:15,PCOM AMB,Porites,0
8/3/2023,5:30,PCOM AMB,Porites,0
8/3/2023,5:45,PCOM AMB,Porites,0
8/3/2023,6:00,PCOM AMB,Porites,0.2
8/3/2023,6:15,PCOM AMB,Porites,2
8/3/2023,6:30,PCOM AMB,Porites,7.2
8/3/2023,6:45,PCOM AMB,Porites,16.2
8/3/2023,7:00,PCOM AMB,Porites,21.1
8/3/2023,7:15,PCOM AMB,Porites,39.2
8/3/2023,7:30,PCOM AMB,Porites,65.5
8/3/2023,7:45,PCOM AMB,Porites,98.4
8/3/2023,8:00,PCOM AMB,Porites,107.5
8/3/2023,8:15,PCOM AMB,Porites,154.7
8/3/2023,8:30,PCOM AMB,Porites,323.9
8/3/2023,8:45,PCOM AMB,Porites,292.7
8/3/2023,9:00,PCOM AMB,Porites,123.9
8/3/2023,9:15,PCOM AMB,Porites,227.7
8/3/2023,9:30,PCOM AMB,Porites,108.4
8/3/2023,9:45,PCOM AMB,Porites,201.3
8/3/2023,10:00,PCOM AMB,Porites,180.4
8/3/2023,10:15,PCOM AMB,Porites,465.9
8/3/2023,10:30,PCOM AMB,Porites,745.9
8/3/2023,10:45,PCOM AMB,Porites,499.3
8/3/2023,11:00,PCOM AMB,Porites,610
8/3/2023,11:15,PCOM AMB,Porites,192.6
8/3/2023,11:30,PCOM AMB,Porites,180.3
8/3/2023,11:45,PCOM AMB,Porites,136.6
8/3/2023,12:00,PCOM AMB,Porites,158.4
8/3/2023,12:15,PCOM AMB,Porites,174.9
8/3/2023,12:30,PCOM AMB,Porites,140.6
8/3/2023,12:45,PCOM AMB,Porites,97.7
8/3/2023,13:00,PCOM AMB,Porites,146.4
8/3/2023,13:15,PCOM AMB,Porites,120.9
8/3/2023,13:30,PCOM AMB,Porites,142.5
8/3/2023,13:45,PCOM AMB,Porites,80.9
8/3/2023,14:00,PCOM AMB,Porites,109.3
8/3/2023,14:15,PCOM AMB,Porites,99.3
8/3/2023,14:30,PCOM AMB,Porites,116.2
8/3/2023,14:45,PCOM AMB,Porites,119.4
8/3/2023,15:00,PCOM AMB,Porites,94.4
8/3/2023,15:15,PCOM AMB,Porites,79.5
8/3/2023,15:30,PCOM AMB,Porites,105.4
8/3/2023,15:45,PCOM AMB,Porites,62.3
8/3/2023,16:00,PCOM AMB,Porites,76.2
8/3/2023,16:15,PCOM AMB,Porites,62.6
8/3/2023,16:30,PCOM AMB,Porites,65.3
8/3/2023,16:45,PCOM AMB,Porites,58.6
8/3/2023,17:00,PCOM AMB,Porites,59.5
8/3/2023,17:15,PCOM AMB,Porites,40.1
8/3/2023,17:30,PCOM AMB,Porites,25.7
8/3/2023,17:45,PCOM AMB,Porites,23
8/3/2023,18:00,PCOM AMB,Porites,24
8/3/2023,18:15,PCOM AMB,Porites,13.3
8/3/2023,18:30,PCOM AMB,Porites,12.1
8/3/2023,18:45,PCOM AMB,Porites,6.5
8/3/2023,19:00,PCOM AMB,Porites,3.7
8/3/2023,19:15,PCOM AMB,Porites,1.5
8/3/2023,19:30,PCOM AMB,Porites,0.2
8/3/2023,19:45,PCOM AMB,Porites,0
8/3/2023,20:00,PCOM AMB,Porites,0
8/3/2023,20:15,PCOM AMB,Porites,0
8/3/2023,20:30,PCOM AMB,Porites,0
8/3/2023,20:45,PCOM AMB,Porites,0
8/3/2023,21:00,PCOM AMB,Porites,0
8/3/2023,21:15,PCOM AMB,Porites,0
8/3/2023,21:30,PCOM AMB,Porites,0
8/3/2023,21:45,PCOM AMB,Porites,0
8/3/2023,22:00,PCOM AMB,Porites,0
8/3/2023,22:15,PCOM AMB,Porites,0
8/3/2023,22:30,PCOM AMB,Porites,0
8/3/2023,22:45,PCOM AMB,Porites,0
8/3/2023,23:00,PCOM AMB,Porites,0
8/3/2023,23:15,PCOM AMB,Porites,0
8/3/2023,23:30,PCOM AMB,Porites,0
8/3/2023,23:45,PCOM AMB,Porites,0
8/3/2023,0:00,PCOM AMB,Porites,0
8/4/2023,0:15,PCOM AMB,Porites,0
8/4/2023,0:30,PCOM AMB,Porites,0
8/4/2023,0:45,PCOM AMB,Porites,0
8/4/2023,1:00,PCOM AMB,Porites,0
8/4/2023,1:15,PCOM AMB,Porites,0
8/4/2023,1:30,PCOM AMB,Porites,0
8/4/2023,1:45,PCOM AMB,Porites,0
8/4/2023,2:00,PCOM AMB,Porites,0
8/4/2023,2:15,PCOM AMB,Porites,0
8/4/2023,2:30,PCOM AMB,Porites,0
8/4/2023,2:45,PCOM AMB,Porites,0
8/4/2023,3:00,PCOM AMB,Porites,0
8/4/2023,3:15,PCOM AMB,Porites,0
8/4/2023,3:30,PCOM AMB,Porites,0
8/4/2023,3:45,PCOM AMB,Porites,0
8/4/2023,4:00,PCOM AMB,Porites,0
8/4/2023,4:15,PCOM AMB,Porites,0
8/4/2023,4:30,PCOM AMB,Porites,0
8/4/2023,4:45,PCOM AMB,Porites,0
8/4/2023,5:00,PCOM AMB,Porites,0
8/4/2023,5:15,PCOM AMB,Porites,0
8/4/2023,5:30,PCOM AMB,Porites,0
8/4/2023,5:45,PCOM AMB,Porites,0
8/4/2023,6:00,PCOM AMB,Porites,0
8/4/2023,6:15,PCOM AMB,Porites,1.7
8/4/2023,6:30,PCOM AMB,Porites,5.8
8/4/2023,6:45,PCOM AMB,Porites,20.8
8/4/2023,7:00,PCOM AMB,Porites,22.6
8/4/2023,7:15,PCOM AMB,Porites,32
8/4/2023,7:30,PCOM AMB,Porites,63
8/4/2023,7:45,PCOM AMB,Porites,86.6
8/4/2023,8:00,PCOM AMB,Porites,42.3
8/4/2023,8:15,PCOM AMB,Porites,74.2
8/4/2023,8:30,PCOM AMB,Porites,133.3
8/4/2023,8:45,PCOM AMB,Porites,105.7
8/4/2023,9:00,PCOM AMB,Porites,204.6
8/4/2023,9:15,PCOM AMB,Porites,121.4
8/4/2023,9:30,PCOM AMB,Porites,100
8/4/2023,9:45,PCOM AMB,Porites,157.1
8/4/2023,10:00,PCOM AMB,Porites,124.6
8/4/2023,10:15,PCOM AMB,Porites,239.1
8/4/2023,10:30,PCOM AMB,Porites,133.4
8/4/2023,10:45,PCOM AMB,Porites,185.3
8/4/2023,11:00,PCOM AMB,Porites,300.6
8/4/2023,11:15,PCOM AMB,Porites,110.5
8/4/2023,11:30,PCOM AMB,Porites,86.2
8/4/2023,11:45,PCOM AMB,Porites,82
8/4/2023,12:00,PCOM AMB,Porites,75
8/4/2023,12:15,PCOM AMB,Porites,142.4
8/4/2023,12:30,PCOM AMB,Porites,105.9
8/4/2023,12:45,PCOM AMB,Porites,314.3
8/4/2023,13:00,PCOM AMB,Porites,239
8/4/2023,13:15,PCOM AMB,Porites,208.3
8/4/2023,13:30,PCOM AMB,Porites,160
8/4/2023,13:45,PCOM AMB,Porites,158.8
8/4/2023,14:00,PCOM AMB,Porites,108.9
8/4/2023,14:15,PCOM AMB,Porites,73.8
8/4/2023,14:30,PCOM AMB,Porites,129
8/4/2023,14:45,PCOM AMB,Porites,130.3
8/4/2023,15:00,PCOM AMB,Porites,69.8
8/4/2023,15:15,PCOM AMB,Porites,75.8
8/4/2023,15:30,PCOM AMB,Porites,78.6
8/4/2023,15:45,PCOM AMB,Porites,44.2
8/4/2023,16:00,PCOM AMB,Porites,22.8
8/4/2023,16:15,PCOM AMB,Porites,33.7
8/4/2023,16:30,PCOM AMB,Porites,35
8/4/2023,16:45,PCOM AMB,Porites,29.4
8/4/2023,17:00,PCOM AMB,Porites,39.2
8/4/2023,17:15,PCOM AMB,Porites,53.5
8/4/2023,17:30,PCOM AMB,Porites,32.7
8/4/2023,17:45,PCOM AMB,Porites,15.1
8/4/2023,18:00,PCOM AMB,Porites,16.1
8/4/2023,18:15,PCOM AMB,Porites,9.1
8/4/2023,18:30,PCOM AMB,Porites,14.2
8/4/2023,18:45,PCOM AMB,Porites,10
8/4/2023,19:00,PCOM AMB,Porites,4
8/4/2023,19:15,PCOM AMB,Porites,1.4
8/4/2023,19:30,PCOM AMB,Porites,0.1
8/4/2023,19:45,PCOM AMB,Porites,0
8/4/2023,20:00,PCOM AMB,Porites,0
8/4/2023,20:15,PCOM AMB,Porites,0
8/4/2023,20:30,PCOM AMB,Porites,0
8/4/2023,20:45,PCOM AMB,Porites,0
8/4/2023,21:00,PCOM AMB,Porites,0
8/4/2023,21:15,PCOM AMB,Porites,0
8/4/2023,21:30,PCOM AMB,Porites,0
8/4/2023,21:45,PCOM AMB,Porites,0
8/4/2023,22:00,PCOM AMB,Porites,0
8/4/2023,22:15,PCOM AMB,Porites,0
8/4/2023,22:30,PCOM AMB,Porites,0
8/4/2023,22:45,PCOM AMB,Porites,0
8/4/2023,23:00,PCOM AMB,Porites,0
8/4/2023,23:15,PCOM AMB,Porites,0
8/4/2023,23:30,PCOM AMB,Porites,0
8/4/2023,23:45,PCOM AMB,Porites,0
8/4/2023,0:00,PCOM AMB,Porites,0
8/5/2023,0:15,PCOM AMB,Porites,0
8/5/2023,0:30,PCOM AMB,Porites,0
8/5/2023,0:45,PCOM AMB,Porites,0
8/5/2023,1:00,PCOM AMB,Porites,0
8/5/2023,1:15,PCOM AMB,Porites,0
8/5/2023,1:30,PCOM AMB,Porites,0
8/5/2023,1:45,PCOM AMB,Porites,0
8/5/2023,2:00,PCOM AMB,Porites,0
8/5/2023,2:15,PCOM AMB,Porites,0
8/5/2023,2:30,PCOM AMB,Porites,0
8/5/2023,2:45,PCOM AMB,Porites,0
8/5/2023,3:00,PCOM AMB,Porites,0
8/5/2023,3:15,PCOM AMB,Porites,0
8/5/2023,3:30,PCOM AMB,Porites,0
8/5/2023,3:45,PCOM AMB,Porites,0
8/5/2023,4:00,PCOM AMB,Porites,0
8/5/2023,4:15,PCOM AMB,Porites,0
8/5/2023,4:30,PCOM AMB,Porites,0
8/5/2023,4:45,PCOM AMB,Porites,0
8/5/2023,5:00,PCOM AMB,Porites,0
8/5/2023,5:15,PCOM AMB,Porites,0
8/5/2023,5:30,PCOM AMB,Porites,0
8/5/2023,5:45,PCOM AMB,Porites,0
8/5/2023,6:00,PCOM AMB,Porites,0.1
8/5/2023,6:15,PCOM AMB,Porites,1.2
8/5/2023,6:30,PCOM AMB,Porites,8
8/5/2023,6:45,PCOM AMB,Porites,23.8
8/5/2023,7:00,PCOM AMB,Porites,24
8/5/2023,7:15,PCOM AMB,Porites,34.8
8/5/2023,7:30,PCOM AMB,Porites,64.5
8/5/2023,7:45,PCOM AMB,Porites,31
8/5/2023,8:00,PCOM AMB,Porites,74.1
8/5/2023,8:15,PCOM AMB,Porites,72.3
8/5/2023,8:30,PCOM AMB,Porites,45.2
8/5/2023,8:45,PCOM AMB,Porites,56.1
8/5/2023,9:00,PCOM AMB,Porites,112.6
8/5/2023,9:15,PCOM AMB,Porites,162.1
8/5/2023,9:30,PCOM AMB,Porites,179.2
8/5/2023,9:45,PCOM AMB,Porites,219.2
8/5/2023,10:00,PCOM AMB,Porites,229.6
8/5/2023,10:15,PCOM AMB,Porites,275
8/5/2023,10:30,PCOM AMB,Porites,831
8/5/2023,10:45,PCOM AMB,Porites,537
8/5/2023,11:00,PCOM AMB,Porites,460.1
8/5/2023,11:15,PCOM AMB,Porites,132
8/5/2023,11:30,PCOM AMB,Porites,190.5
8/5/2023,11:45,PCOM AMB,Porites,167.4
8/5/2023,12:00,PCOM AMB,Porites,187.1
8/5/2023,12:15,PCOM AMB,Porites,126
8/5/2023,12:30,PCOM AMB,Porites,77.3
8/5/2023,12:45,PCOM AMB,Porites,192
8/5/2023,13:00,PCOM AMB,Porites,167.7
8/5/2023,13:15,PCOM AMB,Porites,162.9
8/5/2023,13:30,PCOM AMB,Porites,73.4
8/5/2023,13:45,PCOM AMB,Porites,110
8/5/2023,14:00,PCOM AMB,Porites,213.3
8/5/2023,14:15,PCOM AMB,Porites,120.5
8/5/2023,14:30,PCOM AMB,Porites,198.4
8/5/2023,14:45,PCOM AMB,Porites,193.2
8/5/2023,15:00,PCOM AMB,Porites,66
8/5/2023,15:15,PCOM AMB,Porites,62.3
8/5/2023,15:30,PCOM AMB,Porites,88.2
8/5/2023,15:45,PCOM AMB,Porites,42.5
8/5/2023,16:00,PCOM AMB,Porites,54.7
8/5/2023,16:15,PCOM AMB,Porites,59.9
8/5/2023,16:30,PCOM AMB,Porites,66.9
8/5/2023,16:45,PCOM AMB,Porites,46.2
8/5/2023,17:00,PCOM AMB,Porites,34.2
8/5/2023,17:15,PCOM AMB,Porites,61.1
8/5/2023,17:30,PCOM AMB,Porites,39.7
8/5/2023,17:45,PCOM AMB,Porites,19.4
8/5/2023,18:00,PCOM AMB,Porites,15.8
8/5/2023,18:15,PCOM AMB,Porites,19.3
8/5/2023,18:30,PCOM AMB,Porites,6.8
8/5/2023,18:45,PCOM AMB,Porites,4.4
8/5/2023,19:00,PCOM AMB,Porites,2.8
8/5/2023,19:15,PCOM AMB,Porites,1.1
8/5/2023,19:30,PCOM AMB,Porites,0.1
8/5/2023,19:45,PCOM AMB,Porites,0
8/5/2023,20:00,PCOM AMB,Porites,0
8/5/2023,20:15,PCOM AMB,Porites,0
8/5/2023,20:30,PCOM AMB,Porites,0
8/5/2023,20:45,PCOM AMB,Porites,0
8/5/2023,21:00,PCOM AMB,Porites,0
8/5/2023,21:15,PCOM AMB,Porites,0
8/5/2023,21:30,PCOM AMB,Porites,0
8/5/2023,21:45,PCOM AMB,Porites,0
8/5/2023,22:00,PCOM AMB,Porites,0
8/5/2023,22:15,PCOM AMB,Porites,0
8/5/2023,22:30,PCOM AMB,Porites,0
8/5/2023,22:45,PCOM AMB,Porites,0
8/5/2023,23:00,PCOM AMB,Porites,0
8/5/2023,23:15,PCOM AMB,Porites,0
8/5/2023,23:30,PCOM AMB,Porites,0
8/5/2023,23:45,PCOM AMB,Porites,0
8/5/2023,0:00,PCOM AMB,Porites,0
8/6/2023,0:15,PCOM AMB,Porites,0
8/6/2023,0:30,PCOM AMB,Porites,0
8/6/2023,0:45,PCOM AMB,Porites,0
8/6/2023,1:00,PCOM AMB,Porites,0
8/6/2023,1:15,PCOM AMB,Porites,0
8/6/2023,1:30,PCOM AMB,Porites,0
8/6/2023,1:45,PCOM AMB,Porites,0
8/6/2023,2:00,PCOM AMB,Porites,0
8/6/2023,2:15,PCOM AMB,Porites,0
8/6/2023,2:30,PCOM AMB,Porites,0
8/6/2023,2:45,PCOM AMB,Porites,0
8/6/2023,3:00,PCOM AMB,Porites,0
8/6/2023,3:15,PCOM AMB,Porites,0
8/6/2023,3:30,PCOM AMB,Porites,0
8/6/2023,3:45,PCOM AMB,Porites,0
8/6/2023,4:00,PCOM AMB,Porites,0
8/6/2023,4:15,PCOM AMB,Porites,0
8/6/2023,4:30,PCOM AMB,Porites,0
8/6/2023,4:45,PCOM AMB,Porites,0
8/6/2023,5:00,PCOM AMB,Porites,0
8/6/2023,5:15,PCOM AMB,Porites,0
8/6/2023,5:30,PCOM AMB,Porites,0
8/6/2023,5:45,PCOM AMB,Porites,0
8/6/2023,6:00,PCOM AMB,Porites,0.1
8/6/2023,6:15,PCOM AMB,Porites,1.9
8/6/2023,6:30,PCOM AMB,Porites,11.1
8/6/2023,6:45,PCOM AMB,Porites,15.6
8/6/2023,7:00,PCOM AMB,Porites,11.2
8/6/2023,7:15,PCOM AMB,Porites,35.1
8/6/2023,7:30,PCOM AMB,Porites,90.2
8/6/2023,7:45,PCOM AMB,Porites,95.7
8/6/2023,8:00,PCOM AMB,Porites,101.2
8/6/2023,8:15,PCOM AMB,Porites,96.4
8/6/2023,8:30,PCOM AMB,Porites,208.3
8/6/2023,8:45,PCOM AMB,Porites,270
8/6/2023,9:00,PCOM AMB,Porites,113.1
8/6/2023,9:15,PCOM AMB,Porites,163.3
8/6/2023,9:30,PCOM AMB,Porites,100.1
8/6/2023,9:45,PCOM AMB,Porites,265.1
8/6/2023,10:00,PCOM AMB,Porites,315.2
8/6/2023,10:15,PCOM AMB,Porites,351.8
8/6/2023,10:30,PCOM AMB,Porites,646.7
8/6/2023,10:45,PCOM AMB,Porites,469.8
8/6/2023,11:00,PCOM AMB,Porites,376.3
8/6/2023,11:15,PCOM AMB,Porites,323.6
8/6/2023,11:30,PCOM AMB,Porites,322.2
8/6/2023,11:45,PCOM AMB,Porites,319.1
8/6/2023,12:00,PCOM AMB,Porites,287.2
8/6/2023,12:15,PCOM AMB,Porites,349.3
8/6/2023,12:30,PCOM AMB,Porites,332.9
8/6/2023,12:45,PCOM AMB,Porites,381.8
8/6/2023,13:00,PCOM AMB,Porites,302.5
8/6/2023,13:15,PCOM AMB,Porites,343.6
8/6/2023,13:30,PCOM AMB,Porites,338.5
8/6/2023,13:45,PCOM AMB,Porites,347.3
8/6/2023,14:00,PCOM AMB,Porites,211.5
8/6/2023,14:15,PCOM AMB,Porites,144.3
8/6/2023,14:30,PCOM AMB,Porites,184.5
8/6/2023,14:45,PCOM AMB,Porites,433.2
8/6/2023,15:00,PCOM AMB,Porites,107.9
8/6/2023,15:15,PCOM AMB,Porites,116.9
8/6/2023,15:30,PCOM AMB,Porites,111.8
8/6/2023,15:45,PCOM AMB,Porites,60.2
8/6/2023,16:00,PCOM AMB,Porites,55.9
8/6/2023,16:15,PCOM AMB,Porites,50
8/6/2023,16:30,PCOM AMB,Porites,50.8
8/6/2023,16:45,PCOM AMB,Porites,65.9
8/6/2023,17:00,PCOM AMB,Porites,50.8
8/6/2023,17:15,PCOM AMB,Porites,29.9
8/6/2023,17:30,PCOM AMB,Porites,27
8/6/2023,17:45,PCOM AMB,Porites,31.2
8/6/2023,18:00,PCOM AMB,Porites,26.2
8/6/2023,18:15,PCOM AMB,Porites,18.4
8/6/2023,18:30,PCOM AMB,Porites,11.2
8/6/2023,18:45,PCOM AMB,Porites,5.6
8/6/2023,19:00,PCOM AMB,Porites,2
8/6/2023,19:15,PCOM AMB,Porites,0.4
8/6/2023,19:30,PCOM AMB,Porites,0.1
8/6/2023,19:45,PCOM AMB,Porites,0
8/6/2023,20:00,PCOM AMB,Porites,0
8/6/2023,20:15,PCOM AMB,Porites,0
8/6/2023,20:30,PCOM AMB,Porites,0
8/6/2023,20:45,PCOM AMB,Porites,0
8/6/2023,21:00,PCOM AMB,Porites,0
8/6/2023,21:15,PCOM AMB,Porites,0
8/6/2023,21:30,PCOM AMB,Porites,0
8/6/2023,21:45,PCOM AMB,Porites,0
8/6/2023,22:00,PCOM AMB,Porites,0
8/6/2023,22:15,PCOM AMB,Porites,0
8/6/2023,22:30,PCOM AMB,Porites,0
8/6/2023,22:45,PCOM AMB,Porites,0
8/6/2023,23:00,PCOM AMB,Porites,0
8/6/2023,23:15,PCOM AMB,Porites,0
8/6/2023,23:30,PCOM AMB,Porites,0
8/6/2023,23:45,PCOM AMB,Porites,0
8/6/2023,0:00,PCOM AMB,Porites,0
8/7/2023,0:15,PCOM AMB,Porites,0
8/7/2023,0:30,PCOM AMB,Porites,0
8/7/2023,0:45,PCOM AMB,Porites,0
8/7/2023,1:00,PCOM AMB,Porites,0
8/7/2023,1:15,PCOM AMB,Porites,0
8/7/2023,1:30,PCOM AMB,Porites,0
8/7/2023,1:45,PCOM AMB,Porites,0
8/7/2023,2:00,PCOM AMB,Porites,0
8/7/2023,2:15,PCOM AMB,Porites,0
8/7/2023,2:30,PCOM AMB,Porites,0
8/7/2023,2:45,PCOM AMB,Porites,0
8/7/2023,3:00,PCOM AMB,Porites,0
8/7/2023,3:15,PCOM AMB,Porites,0
8/7/2023,3:30,PCOM AMB,Porites,0
8/7/2023,3:45,PCOM AMB,Porites,0
8/7/2023,4:00,PCOM AMB,Porites,0
8/7/2023,4:15,PCOM AMB,Porites,0
8/7/2023,4:30,PCOM AMB,Porites,0
8/7/2023,4:45,PCOM AMB,Porites,0
8/7/2023,5:00,PCOM AMB,Porites,0
8/7/2023,5:15,PCOM AMB,Porites,0
8/7/2023,5:30,PCOM AMB,Porites,0
8/7/2023,5:45,PCOM AMB,Porites,0
8/7/2023,6:00,PCOM AMB,Porites,0.1
8/7/2023,6:15,PCOM AMB,Porites,1.2
8/7/2023,6:30,PCOM AMB,Porites,5.5
8/7/2023,6:45,PCOM AMB,Porites,6
8/7/2023,7:00,PCOM AMB,Porites,8.9
8/7/2023,7:15,PCOM AMB,Porites,16.6
8/7/2023,7:30,PCOM AMB,Porites,26.2
8/7/2023,7:45,PCOM AMB,Porites,32.3
8/7/2023,8:00,PCOM AMB,Porites,48.5
8/7/2023,8:15,PCOM AMB,Porites,52.7
8/7/2023,8:30,PCOM AMB,Porites,78.4
8/7/2023,8:45,PCOM AMB,Porites,87
8/7/2023,9:00,PCOM AMB,Porites,114.1
8/7/2023,9:15,PCOM AMB,Porites,81.4
8/7/2023,9:30,PCOM AMB,Porites,79.5
8/7/2023,9:45,PCOM AMB,Porites,55.4
8/7/2023,10:00,PCOM AMB,Porites,72.4
8/7/2023,10:15,PCOM AMB,Porites,190.1
8/7/2023,10:30,PCOM AMB,Porites,216.8
8/7/2023,10:45,PCOM AMB,Porites,324.7
8/7/2023,11:00,PCOM AMB,Porites,344.2
8/7/2023,11:15,PCOM AMB,Porites,202.4
8/7/2023,11:30,PCOM AMB,Porites,184.5
8/7/2023,11:45,PCOM AMB,Porites,278.1
8/7/2023,12:00,PCOM AMB,Porites,243.9
8/7/2023,12:15,PCOM AMB,Porites,278.3
8/7/2023,12:30,PCOM AMB,Porites,246.2
8/7/2023,12:45,PCOM AMB,Porites,237.4
8/7/2023,13:00,PCOM AMB,Porites,243.7
8/7/2023,13:15,PCOM AMB,Porites,237.6
8/7/2023,13:30,PCOM AMB,Porites,229.7
8/7/2023,13:45,PCOM AMB,Porites,49.3
8/7/2023,14:00,PCOM AMB,Porites,201.7
8/7/2023,14:15,PCOM AMB,Porites,248
8/7/2023,14:30,PCOM AMB,Porites,302.7
8/7/2023,14:45,PCOM AMB,Porites,156.5
8/7/2023,15:00,PCOM AMB,Porites,132.8
8/7/2023,15:15,PCOM AMB,Porites,137.7
8/7/2023,15:30,PCOM AMB,Porites,89.3
8/7/2023,15:45,PCOM AMB,Porites,80.5
8/7/2023,16:00,PCOM AMB,Porites,64.7
8/7/2023,16:15,PCOM AMB,Porites,51.3
8/7/2023,16:30,PCOM AMB,Porites,49
8/7/2023,16:45,PCOM AMB,Porites,48.3
8/7/2023,17:00,PCOM AMB,Porites,49
8/7/2023,17:15,PCOM AMB,Porites,47.6
8/7/2023,17:30,PCOM AMB,Porites,39.9
8/7/2023,17:45,PCOM AMB,Porites,33.2
8/7/2023,18:00,PCOM AMB,Porites,32
8/7/2023,18:15,PCOM AMB,Porites,20.9
8/7/2023,18:30,PCOM AMB,Porites,15.9
8/7/2023,18:45,PCOM AMB,Porites,9.4
8/7/2023,19:00,PCOM AMB,Porites,3.5
8/7/2023,19:15,PCOM AMB,Porites,1.3
8/7/2023,19:30,PCOM AMB,Porites,0.1
8/7/2023,19:45,PCOM AMB,Porites,0
8/7/2023,20:00,PCOM AMB,Porites,0
8/7/2023,20:15,PCOM AMB,Porites,0
8/7/2023,20:30,PCOM AMB,Porites,0
8/7/2023,20:45,PCOM AMB,Porites,0
8/7/2023,21:00,PCOM AMB,Porites,0
8/7/2023,21:15,PCOM AMB,Porites,0
8/7/2023,21:30,PCOM AMB,Porites,0
8/7/2023,21:45,PCOM AMB,Porites,0
8/7/2023,22:00,PCOM AMB,Porites,0
8/7/2023,22:15,PCOM AMB,Porites,0
8/7/2023,22:30,PCOM AMB,Porites,0
8/7/2023,22:45,PCOM AMB,Porites,0
8/7/2023,23:00,PCOM AMB,Porites,0
8/7/2023,23:15,PCOM AMB,Porites,0
8/7/2023,23:30,PCOM AMB,Porites,0
8/7/2023,23:45,PCOM AMB,Porites,0
8/7/2023,0:00,PCOM AMB,Porites,0
8/8/2023,0:15,PCOM AMB,Porites,0
8/8/2023,0:30,PCOM AMB,Porites,0
8/8/2023,0:45,PCOM AMB,Porites,0
8/8/2023,1:00,PCOM AMB,Porites,0
8/8/2023,1:15,PCOM AMB,Porites,0
8/8/2023,1:30,PCOM AMB,Porites,0
8/8/2023,1:45,PCOM AMB,Porites,0
8/8/2023,2:00,PCOM AMB,Porites,0
8/8/2023,2:15,PCOM AMB,Porites,0
8/8/2023,2:30,PCOM AMB,Porites,0
8/8/2023,2:45,PCOM AMB,Porites,0
8/8/2023,3:00,PCOM AMB,Porites,0
8/8/2023,3:15,PCOM AMB,Porites,0
8/8/2023,3:30,PCOM AMB,Porites,0
8/8/2023,3:45,PCOM AMB,Porites,0
8/8/2023,4:00,PCOM AMB,Porites,0
8/8/2023,4:15,PCOM AMB,Porites,0
8/8/2023,4:30,PCOM AMB,Porites,0
8/8/2023,4:45,PCOM AMB,Porites,0
8/8/2023,5:00,PCOM AMB,Porites,0
8/8/2023,5:15,PCOM AMB,Porites,0
8/8/2023,5:30,PCOM AMB,Porites,0
8/8/2023,5:45,PCOM AMB,Porites,0
8/8/2023,6:00,PCOM AMB,Porites,0
8/8/2023,6:15,PCOM AMB,Porites,1.2
8/8/2023,6:30,PCOM AMB,Porites,5.7
8/8/2023,6:45,PCOM AMB,Porites,12.8
8/8/2023,7:00,PCOM AMB,Porites,29.1
8/8/2023,7:15,PCOM AMB,Porites,59.2
8/8/2023,7:30,PCOM AMB,Porites,101.7
8/8/2023,7:45,PCOM AMB,Porites,57.1
8/8/2023,8:00,PCOM AMB,Porites,85.3
8/8/2023,8:15,PCOM AMB,Porites,91.1
8/8/2023,8:30,PCOM AMB,Porites,133.4
8/8/2023,8:45,PCOM AMB,Porites,99.6
8/8/2023,9:00,PCOM AMB,Porites,105.4
8/8/2023,9:15,PCOM AMB,Porites,184.2
8/8/2023,9:30,PCOM AMB,Porites,294.4
8/8/2023,9:45,PCOM AMB,Porites,428.2
8/8/2023,10:00,PCOM AMB,Porites,219.2
8/8/2023,10:15,PCOM AMB,Porites,271.7
8/8/2023,10:30,PCOM AMB,Porites,296.3
8/8/2023,10:45,PCOM AMB,Porites,235
8/8/2023,11:00,PCOM AMB,Porites,291.7
8/8/2023,11:15,PCOM AMB,Porites,236.1
8/8/2023,11:30,PCOM AMB,Porites,262.7
8/8/2023,11:45,PCOM AMB,Porites,325.5
8/8/2023,12:00,PCOM AMB,Porites,286.7
8/8/2023,12:15,PCOM AMB,Porites,300.3
8/8/2023,12:30,PCOM AMB,Porites,211.8
8/8/2023,12:45,PCOM AMB,Porites,190.2
8/8/2023,13:00,PCOM AMB,Porites,149.3
8/8/2023,13:15,PCOM AMB,Porites,169.4
8/8/2023,13:30,PCOM AMB,Porites,197.4
8/8/2023,13:45,PCOM AMB,Porites,175.4
8/8/2023,14:00,PCOM AMB,Porites,124.7
8/8/2023,14:15,PCOM AMB,Porites,116.3
8/8/2023,14:30,PCOM AMB,Porites,130.8
8/8/2023,14:45,PCOM AMB,Porites,94.5
8/8/2023,15:00,PCOM AMB,Porites,98.4
8/8/2023,15:15,PCOM AMB,Porites,193.9
8/8/2023,15:30,PCOM AMB,Porites,65.2
8/8/2023,15:45,PCOM AMB,Porites,52.6
8/8/2023,16:00,PCOM AMB,Porites,52.7
8/8/2023,16:15,PCOM AMB,Porites,54.4
8/8/2023,16:30,PCOM AMB,Porites,56.8
8/8/2023,16:45,PCOM AMB,Porites,55.6
8/8/2023,17:00,PCOM AMB,Porites,69
8/8/2023,17:15,PCOM AMB,Porites,55.5
8/8/2023,17:30,PCOM AMB,Porites,36.6
8/8/2023,17:45,PCOM AMB,Porites,33.1
8/8/2023,18:00,PCOM AMB,Porites,23.5
8/8/2023,18:15,PCOM AMB,Porites,16.9
8/8/2023,18:30,PCOM AMB,Porites,13.1
8/8/2023,18:45,PCOM AMB,Porites,8.2
8/8/2023,19:00,PCOM AMB,Porites,3.8
8/8/2023,19:15,PCOM AMB,Porites,1.1
8/8/2023,19:30,PCOM AMB,Porites,0.1
8/8/2023,19:45,PCOM AMB,Porites,0
8/8/2023,20:00,PCOM AMB,Porites,0
8/8/2023,20:15,PCOM AMB,Porites,0
8/8/2023,20:30,PCOM AMB,Porites,0
8/8/2023,20:45,PCOM AMB,Porites,0
8/8/2023,21:00,PCOM AMB,Porites,0
8/8/2023,21:15,PCOM AMB,Porites,0
8/8/2023,21:30,PCOM AMB,Porites,0
8/8/2023,21:45,PCOM AMB,Porites,0
8/8/2023,22:00,PCOM AMB,Porites,0
8/8/2023,22:15,PCOM AMB,Porites,0
8/8/2023,22:30,PCOM AMB,Porites,0
8/8/2023,22:45,PCOM AMB,Porites,0
8/8/2023,23:00,PCOM AMB,Porites,0
8/8/2023,23:15,PCOM AMB,Porites,0
8/8/2023,23:30,PCOM AMB,Porites,0
8/8/2023,23:45,PCOM AMB,Porites,0
8/8/2023,0:00,PCOM AMB,Porites,0
8/9/2023,0:15,PCOM AMB,Porites,0
8/9/2023,0:30,PCOM AMB,Porites,0
8/9/2023,0:45,PCOM AMB,Porites,0
8/9/2023,1:00,PCOM AMB,Porites,0
8/9/2023,1:15,PCOM AMB,Porites,0
8/9/2023,1:30,PCOM AMB,Porites,0
8/9/2023,1:45,PCOM AMB,Porites,0
8/9/2023,2:00,PCOM AMB,Porites,0
8/9/2023,2:15,PCOM AMB,Porites,0
8/9/2023,2:30,PCOM AMB,Porites,0
8/9/2023,2:45,PCOM AMB,Porites,0
8/9/2023,3:00,PCOM AMB,Porites,0
8/9/2023,3:15,PCOM AMB,Porites,0
8/9/2023,3:30,PCOM AMB,Porites,0
8/9/2023,3:45,PCOM AMB,Porites,0
8/9/2023,4:00,PCOM AMB,Porites,0
8/9/2023,4:15,PCOM AMB,Porites,0
8/9/2023,4:30,PCOM AMB,Porites,0
8/9/2023,4:45,PCOM AMB,Porites,0
8/9/2023,5:00,PCOM AMB,Porites,0
8/9/2023,5:15,PCOM AMB,Porites,0
8/9/2023,5:30,PCOM AMB,Porites,0
8/9/2023,5:45,PCOM AMB,Porites,0
8/9/2023,6:00,PCOM AMB,Porites,0.1
8/9/2023,6:15,PCOM AMB,Porites,1.4
8/9/2023,6:30,PCOM AMB,Porites,4.5
8/9/2023,6:45,PCOM AMB,Porites,12.1
8/9/2023,7:00,PCOM AMB,Porites,25.4
8/9/2023,7:15,PCOM AMB,Porites,35
8/9/2023,7:30,PCOM AMB,Porites,74.1
8/9/2023,7:45,PCOM AMB,Porites,54.6
8/9/2023,8:00,PCOM AMB,Porites,77
8/9/2023,8:15,PCOM AMB,Porites,120
8/9/2023,8:30,PCOM AMB,Porites,85.7
8/9/2023,8:45,PCOM AMB,Porites,92.2
8/9/2023,9:00,PCOM AMB,Porites,95.4
8/9/2023,9:15,PCOM AMB,Porites,224.8
8/9/2023,9:30,PCOM AMB,Porites,474.1
8/9/2023,9:45,PCOM AMB,Porites,387.6
8/9/2023,10:00,PCOM AMB,Porites,174
8/9/2023,10:15,PCOM AMB,Porites,202.7
8/9/2023,10:30,PCOM AMB,Porites,151.5
8/9/2023,10:45,PCOM AMB,Porites,138.1
8/9/2023,11:00,PCOM AMB,Porites,196.4
8/9/2023,11:15,PCOM AMB,Porites,166.8
8/9/2023,11:30,PCOM AMB,Porites,123.7
8/9/2023,11:45,PCOM AMB,Porites,155
8/9/2023,12:00,PCOM AMB,Porites,204.5
8/9/2023,12:15,PCOM AMB,Porites,232.2
8/9/2023,12:30,PCOM AMB,Porites,190.8
8/9/2023,12:45,PCOM AMB,Porites,157.8
8/9/2023,13:00,PCOM AMB,Porites,216.1
8/9/2023,13:15,PCOM AMB,Porites,205.5
8/9/2023,13:30,PCOM AMB,Porites,238.3
8/9/2023,13:45,PCOM AMB,Porites,195.1
8/9/2023,14:00,PCOM AMB,Porites,138.8
8/9/2023,14:15,PCOM AMB,Porites,124.5
8/9/2023,14:30,PCOM AMB,Porites,151.7
8/9/2023,14:45,PCOM AMB,Porites,97.8
8/9/2023,15:00,PCOM AMB,Porites,79.1
8/9/2023,15:15,PCOM AMB,Porites,80
8/9/2023,15:30,PCOM AMB,Porites,66.6
8/9/2023,15:45,PCOM AMB,Porites,60.4
8/9/2023,16:00,PCOM AMB,Porites,55.8
8/9/2023,16:15,PCOM AMB,Porites,72.7
8/9/2023,16:30,PCOM AMB,Porites,35.3
8/9/2023,16:45,PCOM AMB,Porites,41.6
8/9/2023,17:00,PCOM AMB,Porites,30.3
8/9/2023,17:15,PCOM AMB,Porites,48.8
8/9/2023,17:30,PCOM AMB,Porites,23.9
8/9/2023,17:45,PCOM AMB,Porites,21.4
8/9/2023,18:00,PCOM AMB,Porites,32.9
8/9/2023,18:15,PCOM AMB,Porites,11.7
8/9/2023,18:30,PCOM AMB,Porites,9.2
8/9/2023,18:45,PCOM AMB,Porites,8.3
8/9/2023,19:00,PCOM AMB,Porites,3.9
8/9/2023,19:15,PCOM AMB,Porites,1.2
8/9/2023,19:30,PCOM AMB,Porites,0.1
8/9/2023,19:45,PCOM AMB,Porites,0
8/9/2023,20:00,PCOM AMB,Porites,0
8/9/2023,20:15,PCOM AMB,Porites,0
8/9/2023,20:30,PCOM AMB,Porites,0
8/9/2023,20:45,PCOM AMB,Porites,0
8/9/2023,21:00,PCOM AMB,Porites,0
8/9/2023,21:15,PCOM AMB,Porites,0
8/9/2023,21:30,PCOM AMB,Porites,0
8/9/2023,21:45,PCOM AMB,Porites,0
8/9/2023,22:00,PCOM AMB,Porites,0
8/9/2023,22:15,PCOM AMB,Porites,0
8/9/2023,22:30,PCOM AMB,Porites,0
8/9/2023,22:45,PCOM AMB,Porites,0
8/9/2023,23:00,PCOM AMB,Porites,0
8/9/2023,23:15,PCOM AMB,Porites,0
8/9/2023,23:30,PCOM AMB,Porites,0
8/9/2023,23:45,PCOM AMB,Porites,0
8/9/2023,0:00,PCOM AMB,Porites,0
8/10/2023,0:15,PCOM AMB,Porites,0
8/10/2023,0:30,PCOM AMB,Porites,0
8/10/2023,0:45,PCOM AMB,Porites,0
8/10/2023,1:00,PCOM AMB,Porites,0
8/10/2023,1:15,PCOM AMB,Porites,0
8/10/2023,1:30,PCOM AMB,Porites,0
8/10/2023,1:45,PCOM AMB,Porites,0
8/10/2023,2:00,PCOM AMB,Porites,0
8/10/2023,2:15,PCOM AMB,Porites,0
8/10/2023,2:30,PCOM AMB,Porites,0
8/10/2023,2:45,PCOM AMB,Porites,0
8/10/2023,3:00,PCOM AMB,Porites,0
8/10/2023,3:15,PCOM AMB,Porites,0
8/10/2023,3:30,PCOM AMB,Porites,0
8/10/2023,3:45,PCOM AMB,Porites,0
8/10/2023,4:00,PCOM AMB,Porites,0
8/10/2023,4:15,PCOM AMB,Porites,0
8/10/2023,4:30,PCOM AMB,Porites,0
8/10/2023,4:45,PCOM AMB,Porites,0
8/10/2023,5:00,PCOM AMB,Porites,0
8/10/2023,5:15,PCOM AMB,Porites,0
8/10/2023,5:30,PCOM AMB,Porites,0
8/10/2023,5:45,PCOM AMB,Porites,0
8/10/2023,6:00,PCOM AMB,Porites,0.1
8/10/2023,6:15,PCOM AMB,Porites,1.2
8/10/2023,6:30,PCOM AMB,Porites,6.1
8/10/2023,6:45,PCOM AMB,Porites,13.6
8/10/2023,7:00,PCOM AMB,Porites,41.8
8/10/2023,7:15,PCOM AMB,Porites,62.3
8/10/2023,7:30,PCOM AMB,Porites,109.5
8/10/2023,7:45,PCOM AMB,Porites,131.2
8/10/2023,8:00,PCOM AMB,Porites,148.5
8/10/2023,8:15,PCOM AMB,Porites,142
8/10/2023,8:30,PCOM AMB,Porites,98.1
8/10/2023,8:45,PCOM AMB,Porites,82.6
8/10/2023,9:00,PCOM AMB,Porites,103.2
8/10/2023,9:15,PCOM AMB,Porites,271.7
8/10/2023,9:30,PCOM AMB,Porites,456.1
8/10/2023,9:45,PCOM AMB,Porites,180.7
8/10/2023,10:00,PCOM AMB,Porites,144.4
8/10/2023,10:15,PCOM AMB,Porites,233.3
8/10/2023,10:30,PCOM AMB,Porites,448.5
8/10/2023,10:45,PCOM AMB,Porites,436.2
8/10/2023,11:00,PCOM AMB,Porites,392.7
8/10/2023,11:15,PCOM AMB,Porites,238.5
8/10/2023,11:30,PCOM AMB,Porites,264.5
8/10/2023,11:45,PCOM AMB,Porites,199.4
8/10/2023,12:00,PCOM AMB,Porites,262.7
8/10/2023,12:15,PCOM AMB,Porites,340.3
8/10/2023,12:30,PCOM AMB,Porites,302.4
8/10/2023,12:45,PCOM AMB,Porites,226.3
8/10/2023,13:00,PCOM AMB,Porites,185.2
8/10/2023,13:15,PCOM AMB,Porites,101.3
8/10/2023,13:30,PCOM AMB,Porites,65.4
8/10/2023,13:45,PCOM AMB,Porites,48.4
8/10/2023,14:00,PCOM AMB,Porites,54.5
8/10/2023,14:15,PCOM AMB,Porites,90.2
8/10/2023,14:30,PCOM AMB,Porites,84.2
8/10/2023,14:45,PCOM AMB,Porites,56.7
8/10/2023,15:00,PCOM AMB,Porites,52.8
8/10/2023,15:15,PCOM AMB,Porites,65.4
8/10/2023,15:30,PCOM AMB,Porites,48.3
8/10/2023,15:45,PCOM AMB,Porites,38.8
8/10/2023,16:00,PCOM AMB,Porites,40.3
8/10/2023,16:15,PCOM AMB,Porites,37.5
8/10/2023,16:30,PCOM AMB,Porites,37.6
8/10/2023,16:45,PCOM AMB,Porites,39.6
8/10/2023,17:00,PCOM AMB,Porites,66.3
8/10/2023,17:15,PCOM AMB,Porites,48.3
8/10/2023,17:30,PCOM AMB,Porites,15.4
8/10/2023,17:45,PCOM AMB,Porites,15.5
8/10/2023,18:00,PCOM AMB,Porites,13
8/10/2023,18:15,PCOM AMB,Porites,11.7
8/10/2023,18:30,PCOM AMB,Porites,9
8/10/2023,18:45,PCOM AMB,Porites,5.6
8/10/2023,19:00,PCOM AMB,Porites,3.1
8/10/2023,19:15,PCOM AMB,Porites,0.9
8/10/2023,19:30,PCOM AMB,Porites,0.1
8/10/2023,19:45,PCOM AMB,Porites,0
8/10/2023,20:00,PCOM AMB,Porites,0
8/10/2023,20:15,PCOM AMB,Porites,0
8/10/2023,20:30,PCOM AMB,Porites,0
8/10/2023,20:45,PCOM AMB,Porites,0
8/10/2023,21:00,PCOM AMB,Porites,0
8/10/2023,21:15,PCOM AMB,Porites,0
8/10/2023,21:30,PCOM AMB,Porites,0
8/10/2023,21:45,PCOM AMB,Porites,0
8/10/2023,22:00,PCOM AMB,Porites,0
8/10/2023,22:15,PCOM AMB,Porites,0
8/10/2023,22:30,PCOM AMB,Porites,0
8/10/2023,22:45,PCOM AMB,Porites,0
8/10/2023,23:00,PCOM AMB,Porites,0
8/10/2023,23:15,PCOM AMB,Porites,0
8/10/2023,23:30,PCOM AMB,Porites,0
8/10/2023,23:45,PCOM AMB,Porites,0
8/10/2023,0:00,PCOM AMB,Porites,0
8/11/2023,0:15,PCOM AMB,Porites,0
8/11/2023,0:30,PCOM AMB,Porites,0
8/11/2023,0:45,PCOM AMB,Porites,0
8/11/2023,1:00,PCOM AMB,Porites,0
8/11/2023,1:15,PCOM AMB,Porites,0
8/11/2023,1:30,PCOM AMB,Porites,0
8/11/2023,1:45,PCOM AMB,Porites,0
8/11/2023,2:00,PCOM AMB,Porites,0
8/11/2023,2:15,PCOM AMB,Porites,0
8/11/2023,2:30,PCOM AMB,Porites,0
8/11/2023,2:45,PCOM AMB,Porites,0
8/11/2023,3:00,PCOM AMB,Porites,0
8/11/2023,3:15,PCOM AMB,Porites,0
8/11/2023,3:30,PCOM AMB,Porites,0
8/11/2023,3:45,PCOM AMB,Porites,0
8/11/2023,4:00,PCOM AMB,Porites,0
8/11/2023,4:15,PCOM AMB,Porites,0
8/11/2023,4:30,PCOM AMB,Porites,0
8/11/2023,4:45,PCOM AMB,Porites,0
8/11/2023,5:00,PCOM AMB,Porites,0
8/11/2023,5:15,PCOM AMB,Porites,0
8/11/2023,5:30,PCOM AMB,Porites,0
8/11/2023,5:45,PCOM AMB,Porites,0
8/11/2023,6:00,PCOM AMB,Porites,0
8/11/2023,6:15,PCOM AMB,Porites,1
8/11/2023,6:30,PCOM AMB,Porites,5.2
8/11/2023,6:45,PCOM AMB,Porites,12
8/11/2023,7:00,PCOM AMB,Porites,27.9
8/11/2023,7:15,PCOM AMB,Porites,64.6
8/11/2023,7:30,PCOM AMB,Porites,96.9
8/11/2023,7:45,PCOM AMB,Porites,109.3
8/11/2023,8:00,PCOM AMB,Porites,123.6
8/11/2023,8:15,PCOM AMB,Porites,112.1
8/11/2023,8:30,PCOM AMB,Porites,61.2
8/11/2023,8:45,PCOM AMB,Porites,58.3
8/11/2023,9:00,PCOM AMB,Porites,51.9
8/11/2023,9:15,PCOM AMB,Porites,257.8
8/11/2023,9:30,PCOM AMB,Porites,423.8
8/11/2023,9:45,PCOM AMB,Porites,441.4
8/11/2023,10:00,PCOM AMB,Porites,171.3
8/11/2023,10:15,PCOM AMB,Porites,218.6
8/11/2023,10:30,PCOM AMB,Porites,369.8
8/11/2023,10:45,PCOM AMB,Porites,408.6
8/11/2023,11:00,PCOM AMB,Porites,423.2
8/11/2023,11:15,PCOM AMB,Porites,274.4
8/11/2023,11:30,PCOM AMB,Porites,228.9
8/11/2023,11:45,PCOM AMB,Porites,151
8/11/2023,12:00,PCOM AMB,Porites,178.8
8/11/2023,12:15,PCOM AMB,Porites,295.2
8/11/2023,12:30,PCOM AMB,Porites,346.2
8/11/2023,12:45,PCOM AMB,Porites,352.2
8/11/2023,13:00,PCOM AMB,Porites,325.7
8/11/2023,13:15,PCOM AMB,Porites,318.1
8/11/2023,13:30,PCOM AMB,Porites,300.6
8/11/2023,13:45,PCOM AMB,Porites,160.6
8/11/2023,14:00,PCOM AMB,Porites,92.9
8/11/2023,14:15,PCOM AMB,Porites,91.3
8/11/2023,14:30,PCOM AMB,Porites,119
8/11/2023,14:45,PCOM AMB,Porites,82.2
8/11/2023,15:00,PCOM AMB,Porites,71.8
8/11/2023,15:15,PCOM AMB,Porites,93
8/11/2023,15:30,PCOM AMB,Porites,57.1
8/11/2023,15:45,PCOM AMB,Porites,43.4
8/11/2023,16:00,PCOM AMB,Porites,43.6
8/11/2023,16:15,PCOM AMB,Porites,39.6
8/11/2023,16:30,PCOM AMB,Porites,34.8
8/11/2023,16:45,PCOM AMB,Porites,36.9
8/11/2023,17:00,PCOM AMB,Porites,55.3
8/11/2023,17:15,PCOM AMB,Porites,47.9
8/11/2023,17:30,PCOM AMB,Porites,15.9
8/11/2023,17:45,PCOM AMB,Porites,12.5
8/11/2023,18:00,PCOM AMB,Porites,26.4
8/11/2023,18:15,PCOM AMB,Porites,9.5
8/11/2023,18:30,PCOM AMB,Porites,7
8/11/2023,18:45,PCOM AMB,Porites,4.5
8/11/2023,19:00,PCOM AMB,Porites,2.4
8/11/2023,19:15,PCOM AMB,Porites,0.8
8/11/2023,19:30,PCOM AMB,Porites,0
8/11/2023,19:45,PCOM AMB,Porites,0
8/11/2023,20:00,PCOM AMB,Porites,0
8/11/2023,20:15,PCOM AMB,Porites,0
8/11/2023,20:30,PCOM AMB,Porites,0
8/11/2023,20:45,PCOM AMB,Porites,0
8/11/2023,21:00,PCOM AMB,Porites,0
8/11/2023,21:15,PCOM AMB,Porites,0
8/11/2023,21:30,PCOM AMB,Porites,0
8/11/2023,21:45,PCOM AMB,Porites,0
8/11/2023,22:00,PCOM AMB,Porites,0
8/11/2023,22:15,PCOM AMB,Porites,0
8/11/2023,22:30,PCOM AMB,Porites,0
8/11/2023,22:45,PCOM AMB,Porites,0
8/11/2023,23:00,PCOM AMB,Porites,0
8/11/2023,23:15,PCOM AMB,Porites,0
8/11/2023,23:30,PCOM AMB,Porites,0
8/11/2023,23:45,PCOM AMB,Porites,0
8/11/2023,0:00,PCOM AMB,Porites,0
8/12/2023,0:15,PCOM AMB,Porites,0
8/12/2023,0:30,PCOM AMB,Porites,0
8/12/2023,0:45,PCOM AMB,Porites,0
8/12/2023,1:00,PCOM AMB,Porites,0
8/12/2023,1:15,PCOM AMB,Porites,0
8/12/2023,1:30,PCOM AMB,Porites,0
8/12/2023,1:45,PCOM AMB,Porites,0
8/12/2023,2:00,PCOM AMB,Porites,0
8/12/2023,2:15,PCOM AMB,Porites,0
8/12/2023,2:30,PCOM AMB,Porites,0
8/12/2023,2:45,PCOM AMB,Porites,0
8/12/2023,3:00,PCOM AMB,Porites,0
8/12/2023,3:15,PCOM AMB,Porites,0
8/12/2023,3:30,PCOM AMB,Porites,0
8/12/2023,3:45,PCOM AMB,Porites,0
8/12/2023,4:00,PCOM AMB,Porites,0
8/12/2023,4:15,PCOM AMB,Porites,0
8/12/2023,4:30,PCOM AMB,Porites,0
8/12/2023,4:45,PCOM AMB,Porites,0
8/12/2023,5:00,PCOM AMB,Porites,0
8/12/2023,5:15,PCOM AMB,Porites,0
8/12/2023,5:30,PCOM AMB,Porites,0
8/12/2023,5:45,PCOM AMB,Porites,0
8/12/2023,6:00,PCOM AMB,Porites,0
8/12/2023,6:15,PCOM AMB,Porites,0.7
8/12/2023,6:30,PCOM AMB,Porites,3.3
8/12/2023,6:45,PCOM AMB,Porites,10.9
8/12/2023,7:00,PCOM AMB,Porites,21.6
8/12/2023,7:15,PCOM AMB,Porites,30.2
8/12/2023,7:30,PCOM AMB,Porites,38.3
8/12/2023,7:45,PCOM AMB,Porites,54
8/12/2023,8:00,PCOM AMB,Porites,66.3
8/12/2023,8:15,PCOM AMB,Porites,88.6
8/12/2023,8:30,PCOM AMB,Porites,45.8
8/12/2023,8:45,PCOM AMB,Porites,50.7
8/12/2023,9:00,PCOM AMB,Porites,71.3
8/12/2023,9:15,PCOM AMB,Porites,167.5
8/12/2023,9:30,PCOM AMB,Porites,323.3
8/12/2023,9:45,PCOM AMB,Porites,260.1
8/12/2023,10:00,PCOM AMB,Porites,145.6
8/12/2023,10:15,PCOM AMB,Porites,408.7
8/12/2023,10:30,PCOM AMB,Porites,608
8/12/2023,10:45,PCOM AMB,Porites,301
8/12/2023,11:00,PCOM AMB,Porites,168.6
8/12/2023,11:15,PCOM AMB,Porites,143.6
8/12/2023,11:30,PCOM AMB,Porites,140.3
8/12/2023,11:45,PCOM AMB,Porites,165.8
8/12/2023,12:00,PCOM AMB,Porites,137.7
8/12/2023,12:15,PCOM AMB,Porites,144
8/12/2023,12:30,PCOM AMB,Porites,140.4
8/12/2023,12:45,PCOM AMB,Porites,150.1
8/12/2023,13:00,PCOM AMB,Porites,177.7
8/12/2023,13:15,PCOM AMB,Porites,143.8
8/12/2023,13:30,PCOM AMB,Porites,110.1
8/12/2023,13:45,PCOM AMB,Porites,62
8/12/2023,14:00,PCOM AMB,Porites,53.1
8/12/2023,14:15,PCOM AMB,Porites,65
8/12/2023,14:30,PCOM AMB,Porites,98.4
8/12/2023,14:45,PCOM AMB,Porites,118
8/12/2023,15:00,PCOM AMB,Porites,77.4
8/12/2023,15:15,PCOM AMB,Porites,67
8/12/2023,15:30,PCOM AMB,Porites,37.4
8/12/2023,15:45,PCOM AMB,Porites,35
8/12/2023,16:00,PCOM AMB,Porites,30.2
8/12/2023,16:15,PCOM AMB,Porites,30.6
8/12/2023,16:30,PCOM AMB,Porites,33.5
8/12/2023,16:45,PCOM AMB,Porites,27.4
8/12/2023,17:00,PCOM AMB,Porites,57
8/12/2023,17:15,PCOM AMB,Porites,43.5
8/12/2023,17:30,PCOM AMB,Porites,19.1
8/12/2023,17:45,PCOM AMB,Porites,12.6
8/12/2023,18:00,PCOM AMB,Porites,28.5
8/12/2023,18:15,PCOM AMB,Porites,18.9
8/12/2023,18:30,PCOM AMB,Porites,8.9
8/12/2023,18:45,PCOM AMB,Porites,5.1
8/12/2023,19:00,PCOM AMB,Porites,3.1
8/12/2023,19:15,PCOM AMB,Porites,0.8
8/12/2023,19:30,PCOM AMB,Porites,0.1
8/12/2023,19:45,PCOM AMB,Porites,0
8/12/2023,20:00,PCOM AMB,Porites,0
8/12/2023,20:15,PCOM AMB,Porites,0
8/12/2023,20:30,PCOM AMB,Porites,0
8/12/2023,20:45,PCOM AMB,Porites,0
8/12/2023,21:00,PCOM AMB,Porites,0
8/12/2023,21:15,PCOM AMB,Porites,0
8/12/2023,21:30,PCOM AMB,Porites,0
8/12/2023,21:45,PCOM AMB,Porites,0
8/12/2023,22:00,PCOM AMB,Porites,0
8/12/2023,22:15,PCOM AMB,Porites,0
8/12/2023,22:30,PCOM AMB,Porites,0
8/12/2023,22:45,PCOM AMB,Porites,0
8/12/2023,23:00,PCOM AMB,Porites,0
8/12/2023,23:15,PCOM AMB,Porites,0
8/12/2023,23:30,PCOM AMB,Porites,0
8/12/2023,23:45,PCOM AMB,Porites,0
8/12/2023,0:00,PCOM AMB,Porites,0
8/13/2023,0:15,PCOM AMB,Porites,0
8/13/2023,0:30,PCOM AMB,Porites,0
8/13/2023,0:45,PCOM AMB,Porites,0
8/13/2023,1:00,PCOM AMB,Porites,0
8/13/2023,1:15,PCOM AMB,Porites,0
8/13/2023,1:30,PCOM AMB,Porites,0
8/13/2023,1:45,PCOM AMB,Porites,0
8/13/2023,2:00,PCOM AMB,Porites,0
8/13/2023,2:15,PCOM AMB,Porites,0
8/13/2023,2:30,PCOM AMB,Porites,0
8/13/2023,2:45,PCOM AMB,Porites,0
8/13/2023,3:00,PCOM AMB,Porites,0
8/13/2023,3:15,PCOM AMB,Porites,0
8/13/2023,3:30,PCOM AMB,Porites,0
8/13/2023,3:45,PCOM AMB,Porites,0
8/13/2023,4:00,PCOM AMB,Porites,0
8/13/2023,4:15,PCOM AMB,Porites,0
8/13/2023,4:30,PCOM AMB,Porites,0
8/13/2023,4:45,PCOM AMB,Porites,0
8/13/2023,5:00,PCOM AMB,Porites,0
8/13/2023,5:15,PCOM AMB,Porites,0
8/13/2023,5:30,PCOM AMB,Porites,0
8/13/2023,5:45,PCOM AMB,Porites,0
8/13/2023,6:00,PCOM AMB,Porites,0
8/13/2023,6:15,PCOM AMB,Porites,0.9
8/13/2023,6:30,PCOM AMB,Porites,3.8
8/13/2023,6:45,PCOM AMB,Porites,12.3
8/13/2023,7:00,PCOM AMB,Porites,29.8
8/13/2023,7:15,PCOM AMB,Porites,59.1
8/13/2023,7:30,PCOM AMB,Porites,19.7
8/13/2023,7:45,PCOM AMB,Porites,105.1
8/13/2023,8:00,PCOM AMB,Porites,114.2
8/13/2023,8:15,PCOM AMB,Porites,83.1
8/13/2023,8:30,PCOM AMB,Porites,56.5
8/13/2023,8:45,PCOM AMB,Porites,50.4
8/13/2023,9:00,PCOM AMB,Porites,47.6
8/13/2023,9:15,PCOM AMB,Porites,300
8/13/2023,9:30,PCOM AMB,Porites,392.2
8/13/2023,9:45,PCOM AMB,Porites,247.2
8/13/2023,10:00,PCOM AMB,Porites,267.3
8/13/2023,10:15,PCOM AMB,Porites,592.2
8/13/2023,10:30,PCOM AMB,Porites,1061.1
8/13/2023,10:45,PCOM AMB,Porites,737.5
8/13/2023,11:00,PCOM AMB,Porites,600.4
8/13/2023,11:15,PCOM AMB,Porites,361.9
8/13/2023,11:30,PCOM AMB,Porites,409.6
8/13/2023,11:45,PCOM AMB,Porites,217.9
8/13/2023,12:00,PCOM AMB,Porites,133.6
8/13/2023,12:15,PCOM AMB,Porites,95.3
8/13/2023,12:30,PCOM AMB,Porites,138.5
8/13/2023,12:45,PCOM AMB,Porites,121.1
8/13/2023,13:00,PCOM AMB,Porites,152.8
8/13/2023,13:15,PCOM AMB,Porites,122.9
8/13/2023,13:30,PCOM AMB,Porites,154
8/13/2023,13:45,PCOM AMB,Porites,197.2
8/13/2023,14:00,PCOM AMB,Porites,122
8/13/2023,14:15,PCOM AMB,Porites,146.1
8/13/2023,14:30,PCOM AMB,Porites,177.4
8/13/2023,14:45,PCOM AMB,Porites,174.7
8/13/2023,15:00,PCOM AMB,Porites,132.9
8/13/2023,15:15,PCOM AMB,Porites,132.8
8/13/2023,15:30,PCOM AMB,Porites,87.2
8/13/2023,15:45,PCOM AMB,Porites,62.8
8/13/2023,16:00,PCOM AMB,Porites,55.3
8/13/2023,16:15,PCOM AMB,Porites,52.2
8/13/2023,16:30,PCOM AMB,Porites,45
8/13/2023,16:45,PCOM AMB,Porites,41.3
8/13/2023,17:00,PCOM AMB,Porites,76.3
8/13/2023,17:15,PCOM AMB,Porites,54.8
8/13/2023,17:30,PCOM AMB,Porites,41.5
8/13/2023,17:45,PCOM AMB,Porites,25.3
8/13/2023,18:00,PCOM AMB,Porites,39.3
8/13/2023,18:15,PCOM AMB,Porites,23.1
8/13/2023,18:30,PCOM AMB,Porites,11.5
8/13/2023,18:45,PCOM AMB,Porites,6.4
8/13/2023,19:00,PCOM AMB,Porites,3.3
8/13/2023,19:15,PCOM AMB,Porites,0.9
8/13/2023,19:30,PCOM AMB,Porites,0
8/13/2023,19:45,PCOM AMB,Porites,0
8/13/2023,20:00,PCOM AMB,Porites,0
8/13/2023,20:15,PCOM AMB,Porites,0
8/13/2023,20:30,PCOM AMB,Porites,0
8/13/2023,20:45,PCOM AMB,Porites,0
8/13/2023,21:00,PCOM AMB,Porites,0
8/13/2023,21:15,PCOM AMB,Porites,0
8/13/2023,21:30,PCOM AMB,Porites,0
8/13/2023,21:45,PCOM AMB,Porites,0
8/13/2023,22:00,PCOM AMB,Porites,0
8/13/2023,22:15,PCOM AMB,Porites,0
8/13/2023,22:30,PCOM AMB,Porites,0
8/13/2023,22:45,PCOM AMB,Porites,0
8/13/2023,23:00,PCOM AMB,Porites,0
8/13/2023,23:15,PCOM AMB,Porites,0
8/13/2023,23:30,PCOM AMB,Porites,0
8/13/2023,23:45,PCOM AMB,Porites,0
8/13/2023,0:00,PCOM AMB,Porites,0
8/14/2023,0:15,PCOM AMB,Porites,0
8/14/2023,0:30,PCOM AMB,Porites,0
8/14/2023,0:45,PCOM AMB,Porites,0
8/14/2023,1:00,PCOM AMB,Porites,0
8/14/2023,1:15,PCOM AMB,Porites,0
8/14/2023,1:30,PCOM AMB,Porites,0
8/14/2023,1:45,PCOM AMB,Porites,0
8/14/2023,2:00,PCOM AMB,Porites,0
8/14/2023,2:15,PCOM AMB,Porites,0
8/14/2023,2:30,PCOM AMB,Porites,0
8/14/2023,2:45,PCOM AMB,Porites,0
8/14/2023,3:00,PCOM AMB,Porites,0
8/14/2023,3:15,PCOM AMB,Porites,0
8/14/2023,3:30,PCOM AMB,Porites,0
8/14/2023,3:45,PCOM AMB,Porites,0
8/14/2023,4:00,PCOM AMB,Porites,0
8/14/2023,4:15,PCOM AMB,Porites,0
8/14/2023,4:30,PCOM AMB,Porites,0
8/14/2023,4:45,PCOM AMB,Porites,0
8/14/2023,5:00,PCOM AMB,Porites,0
8/14/2023,5:15,PCOM AMB,Porites,0
8/14/2023,5:30,PCOM AMB,Porites,0
8/14/2023,5:45,PCOM AMB,Porites,0
8/14/2023,6:00,PCOM AMB,Porites,0
8/14/2023,6:15,PCOM AMB,Porites,0.9
8/14/2023,6:30,PCOM AMB,Porites,10.1
8/14/2023,6:45,PCOM AMB,Porites,13.9
8/14/2023,7:00,PCOM AMB,Porites,37.2
8/14/2023,7:15,PCOM AMB,Porites,46.2
8/14/2023,7:30,PCOM AMB,Porites,101.7
8/14/2023,7:45,PCOM AMB,Porites,123.6
8/14/2023,8:00,PCOM AMB,Porites,135.1
8/14/2023,8:15,PCOM AMB,Porites,87.4
8/14/2023,8:30,PCOM AMB,Porites,98.9
8/14/2023,8:45,PCOM AMB,Porites,122.9
8/14/2023,9:00,PCOM AMB,Porites,141.1
8/14/2023,9:15,PCOM AMB,Porites,253.1
8/14/2023,9:30,PCOM AMB,Porites,352.9
8/14/2023,9:45,PCOM AMB,Porites,321.1
8/14/2023,10:00,PCOM AMB,Porites,357.3
8/14/2023,10:15,PCOM AMB,Porites,730.4
8/14/2023,10:30,PCOM AMB,Porites,328.2
8/14/2023,10:45,PCOM AMB,Porites,460.5
8/14/2023,11:00,PCOM AMB,Porites,577.3
8/14/2023,11:15,PCOM AMB,Porites,195.3
8/14/2023,11:30,PCOM AMB,Porites,165.3
8/14/2023,11:45,PCOM AMB,Porites,129.5
8/14/2023,12:00,PCOM AMB,Porites,336.1
8/14/2023,12:15,PCOM AMB,Porites,323.9
8/14/2023,12:30,PCOM AMB,Porites,149.8
8/14/2023,12:45,PCOM AMB,Porites,86.5
8/14/2023,13:00,PCOM AMB,Porites,132.5
8/14/2023,13:15,PCOM AMB,Porites,86.9
8/14/2023,13:30,PCOM AMB,Porites,69.2
8/14/2023,13:45,PCOM AMB,Porites,63.3
8/14/2023,14:00,PCOM AMB,Porites,64.6
8/14/2023,14:15,PCOM AMB,Porites,65.7
8/14/2023,14:30,PCOM AMB,Porites,80.3
8/14/2023,14:45,PCOM AMB,Porites,118.8
8/14/2023,15:00,PCOM AMB,Porites,98.6
8/14/2023,15:15,PCOM AMB,Porites,96.4
8/14/2023,15:30,PCOM AMB,Porites,51.6
8/14/2023,15:45,PCOM AMB,Porites,44.4
8/14/2023,16:00,PCOM AMB,Porites,30.3
8/14/2023,16:15,PCOM AMB,Porites,29.7
8/14/2023,16:30,PCOM AMB,Porites,36.6
8/14/2023,16:45,PCOM AMB,Porites,34.1
8/14/2023,17:00,PCOM AMB,Porites,51
8/14/2023,17:15,PCOM AMB,Porites,55.2
8/14/2023,17:30,PCOM AMB,Porites,21
8/14/2023,17:45,PCOM AMB,Porites,13.4
8/14/2023,18:00,PCOM AMB,Porites,9.8
8/14/2023,18:15,PCOM AMB,Porites,13.2
8/14/2023,18:30,PCOM AMB,Porites,14.3
8/14/2023,18:45,PCOM AMB,Porites,7
8/14/2023,19:00,PCOM AMB,Porites,3.2
8/14/2023,19:15,PCOM AMB,Porites,0.7
8/14/2023,19:30,PCOM AMB,Porites,0
8/14/2023,19:45,PCOM AMB,Porites,0
8/14/2023,20:00,PCOM AMB,Porites,0
8/14/2023,20:15,PCOM AMB,Porites,0
8/14/2023,20:30,PCOM AMB,Porites,0
8/14/2023,20:45,PCOM AMB,Porites,0
8/14/2023,21:00,PCOM AMB,Porites,0
8/14/2023,21:15,PCOM AMB,Porites,0
8/14/2023,21:30,PCOM AMB,Porites,0
8/14/2023,21:45,PCOM AMB,Porites,0
8/14/2023,22:00,PCOM AMB,Porites,0
8/14/2023,22:15,PCOM AMB,Porites,0
8/14/2023,22:30,PCOM AMB,Porites,0
8/14/2023,22:45,PCOM AMB,Porites,0
8/14/2023,23:00,PCOM AMB,Porites,0
8/14/2023,23:15,PCOM AMB,Porites,0
8/14/2023,23:30,PCOM AMB,Porites,0
8/14/2023,23:45,PCOM AMB,Porites,0
8/14/2023,0:00,PCOM AMB,Porites,0
8/15/2023,0:15,PCOM AMB,Porites,0
8/15/2023,0:30,PCOM AMB,Porites,0
8/15/2023,0:45,PCOM AMB,Porites,0
8/15/2023,1:00,PCOM AMB,Porites,0
8/15/2023,1:15,PCOM AMB,Porites,0
8/15/2023,1:30,PCOM AMB,Porites,0
8/15/2023,1:45,PCOM AMB,Porites,0
8/15/2023,2:00,PCOM AMB,Porites,0
8/15/2023,2:15,PCOM AMB,Porites,0
8/15/2023,2:30,PCOM AMB,Porites,0
8/15/2023,2:45,PCOM AMB,Porites,0
8/15/2023,3:00,PCOM AMB,Porites,0
8/15/2023,3:15,PCOM AMB,Porites,0
8/15/2023,3:30,PCOM AMB,Porites,0
8/15/2023,3:45,PCOM AMB,Porites,0
8/15/2023,4:00,PCOM AMB,Porites,0
8/15/2023,4:15,PCOM AMB,Porites,0
8/15/2023,4:30,PCOM AMB,Porites,0
8/15/2023,4:45,PCOM AMB,Porites,0
8/15/2023,5:00,PCOM AMB,Porites,0
8/15/2023,5:15,PCOM AMB,Porites,0
8/15/2023,5:30,PCOM AMB,Porites,0
8/15/2023,5:45,PCOM AMB,Porites,0
8/15/2023,6:00,PCOM AMB,Porites,0
8/15/2023,6:15,PCOM AMB,Porites,0.9
8/15/2023,6:30,PCOM AMB,Porites,5
8/15/2023,6:45,PCOM AMB,Porites,18.9
8/15/2023,7:00,PCOM AMB,Porites,35.9
8/15/2023,7:15,PCOM AMB,Porites,74.4
8/15/2023,7:30,PCOM AMB,Porites,71.1
8/15/2023,7:45,PCOM AMB,Porites,80.7
8/15/2023,8:00,PCOM AMB,Porites,83
8/15/2023,8:15,PCOM AMB,Porites,106.4
8/15/2023,8:30,PCOM AMB,Porites,106.5
8/15/2023,8:45,PCOM AMB,Porites,143
8/15/2023,9:00,PCOM AMB,Porites,174.2
8/15/2023,9:15,PCOM AMB,Porites,345.9
8/15/2023,9:30,PCOM AMB,Porites,385.5
8/15/2023,9:45,PCOM AMB,Porites,355.3
8/15/2023,10:00,PCOM AMB,Porites,182.2
8/15/2023,10:15,PCOM AMB,Porites,268.1
8/15/2023,10:30,PCOM AMB,Porites,737.4
8/15/2023,10:45,PCOM AMB,Porites,454.5
8/15/2023,11:00,PCOM AMB,Porites,247.5
8/15/2023,11:15,PCOM AMB,Porites,408.3
8/15/2023,11:30,PCOM AMB,Porites,394.7
8/15/2023,11:45,PCOM AMB,Porites,446.3
8/15/2023,12:00,PCOM AMB,Porites,188.4
8/15/2023,12:15,PCOM AMB,Porites,224.2
8/15/2023,12:30,PCOM AMB,Porites,130.7
8/15/2023,12:45,PCOM AMB,Porites,363.7
8/15/2023,13:00,PCOM AMB,Porites,123.6
8/15/2023,13:15,PCOM AMB,Porites,136.2
8/15/2023,13:30,PCOM AMB,Porites,103.7
8/15/2023,13:45,PCOM AMB,Porites,70.4
8/15/2023,14:00,PCOM AMB,Porites,305.5
8/15/2023,14:15,PCOM AMB,Porites,255.7
8/15/2023,14:30,PCOM AMB,Porites,91.5
8/15/2023,14:45,PCOM AMB,Porites,113.4
8/15/2023,15:00,PCOM AMB,Porites,139.9
8/15/2023,15:15,PCOM AMB,Porites,138.6
8/15/2023,15:30,PCOM AMB,Porites,93
8/15/2023,15:45,PCOM AMB,Porites,63.7
8/15/2023,16:00,PCOM AMB,Porites,47.7
8/15/2023,16:15,PCOM AMB,Porites,47.1
8/15/2023,16:30,PCOM AMB,Porites,48.9
8/15/2023,16:45,PCOM AMB,Porites,47
8/15/2023,17:00,PCOM AMB,Porites,61.4
8/15/2023,17:15,PCOM AMB,Porites,37.9
8/15/2023,17:30,PCOM AMB,Porites,27.1
8/15/2023,17:45,PCOM AMB,Porites,21.5
8/15/2023,18:00,PCOM AMB,Porites,22.7
8/15/2023,18:15,PCOM AMB,Porites,13.8
8/15/2023,18:30,PCOM AMB,Porites,13.8
8/15/2023,18:45,PCOM AMB,Porites,9.3
8/15/2023,19:00,PCOM AMB,Porites,3.1
8/15/2023,19:15,PCOM AMB,Porites,0.7
8/15/2023,19:30,PCOM AMB,Porites,0
8/15/2023,19:45,PCOM AMB,Porites,0
8/15/2023,20:00,PCOM AMB,Porites,0
8/15/2023,20:15,PCOM AMB,Porites,0
8/15/2023,20:30,PCOM AMB,Porites,0
8/15/2023,20:45,PCOM AMB,Porites,0
8/15/2023,21:00,PCOM AMB,Porites,0
8/15/2023,21:15,PCOM AMB,Porites,0
8/15/2023,21:30,PCOM AMB,Porites,0
8/15/2023,21:45,PCOM AMB,Porites,0
8/15/2023,22:00,PCOM AMB,Porites,0
8/15/2023,22:15,PCOM AMB,Porites,0
8/15/2023,22:30,PCOM AMB,Porites,0
8/15/2023,22:45,PCOM AMB,Porites,0
8/15/2023,23:00,PCOM AMB,Porites,0
8/15/2023,23:15,PCOM AMB,Porites,0
8/15/2023,23:30,PCOM AMB,Porites,0
8/15/2023,23:45,PCOM AMB,Porites,0
8/15/2023,0:00,PCOM AMB,Porites,0
8/16/2023,0:15,PCOM AMB,Porites,0
8/16/2023,0:30,PCOM AMB,Porites,0
8/16/2023,0:45,PCOM AMB,Porites,0
8/16/2023,1:00,PCOM AMB,Porites,0
8/16/2023,1:15,PCOM AMB,Porites,0
8/16/2023,1:30,PCOM AMB,Porites,0
8/16/2023,1:45,PCOM AMB,Porites,0
8/16/2023,2:00,PCOM AMB,Porites,0
8/16/2023,2:15,PCOM AMB,Porites,0
8/16/2023,2:30,PCOM AMB,Porites,0
8/16/2023,2:45,PCOM AMB,Porites,0
8/16/2023,3:00,PCOM AMB,Porites,0
8/16/2023,3:15,PCOM AMB,Porites,0
8/16/2023,3:30,PCOM AMB,Porites,0
8/16/2023,3:45,PCOM AMB,Porites,0
8/16/2023,4:00,PCOM AMB,Porites,0
8/16/2023,4:15,PCOM AMB,Porites,0
8/16/2023,4:30,PCOM AMB,Porites,0
8/16/2023,4:45,PCOM AMB,Porites,0
8/16/2023,5:00,PCOM AMB,Porites,0
8/16/2023,5:15,PCOM AMB,Porites,0
8/16/2023,5:30,PCOM AMB,Porites,0
8/16/2023,5:45,PCOM AMB,Porites,0
8/16/2023,6:00,PCOM AMB,Porites,0
8/16/2023,6:15,PCOM AMB,Porites,0.3
8/16/2023,6:30,PCOM AMB,Porites,3.7
8/16/2023,6:45,PCOM AMB,Porites,7.4
8/16/2023,7:00,PCOM AMB,Porites,10.7
8/16/2023,7:15,PCOM AMB,Porites,22.1
8/16/2023,7:30,PCOM AMB,Porites,26.8
8/16/2023,7:45,PCOM AMB,Porites,44.7
8/16/2023,8:00,PCOM AMB,Porites,55.8
8/16/2023,8:15,PCOM AMB,Porites,48.7
8/16/2023,8:30,PCOM AMB,Porites,99.6
8/16/2023,8:45,PCOM AMB,Porites,97.4
8/16/2023,9:00,PCOM AMB,Porites,81.9
8/16/2023,9:15,PCOM AMB,Porites,111.1
8/16/2023,9:30,PCOM AMB,Porites,170.5
8/16/2023,9:45,PCOM AMB,Porites,178.8
8/16/2023,10:00,PCOM AMB,Porites,210.8
8/16/2023,10:15,PCOM AMB,Porites,264.4
8/16/2023,10:30,PCOM AMB,Porites,289.3
8/16/2023,10:45,PCOM AMB,Porites,192.3
8/16/2023,11:00,PCOM AMB,Porites,137
8/16/2023,11:15,PCOM AMB,Porites,165.2
8/16/2023,11:30,PCOM AMB,Porites,213.9
8/16/2023,11:45,PCOM AMB,Porites,238.7
8/16/2023,12:00,PCOM AMB,Porites,203.5
8/16/2023,12:15,PCOM AMB,Porites,300.4
8/16/2023,12:30,PCOM AMB,Porites,213.2
8/16/2023,12:45,PCOM AMB,Porites,324.1
8/16/2023,13:00,PCOM AMB,Porites,296.8
8/16/2023,13:15,PCOM AMB,Porites,253.5
8/16/2023,13:30,PCOM AMB,Porites,170.3
8/16/2023,13:45,PCOM AMB,Porites,154
8/16/2023,14:00,PCOM AMB,Porites,153.5
8/16/2023,14:15,PCOM AMB,Porites,142.8
8/16/2023,14:30,PCOM AMB,Porites,95.8
8/16/2023,14:45,PCOM AMB,Porites,85
8/16/2023,15:00,PCOM AMB,Porites,63.4
8/16/2023,15:15,PCOM AMB,Porites,64
8/16/2023,15:30,PCOM AMB,Porites,52.6
8/16/2023,15:45,PCOM AMB,Porites,41.4
8/16/2023,16:00,PCOM AMB,Porites,38.4
8/16/2023,16:15,PCOM AMB,Porites,35.5
8/16/2023,16:30,PCOM AMB,Porites,28.5
8/16/2023,16:45,PCOM AMB,Porites,20.8
8/16/2023,17:00,PCOM AMB,Porites,22.4
8/16/2023,17:15,PCOM AMB,Porites,17.1
8/16/2023,17:30,PCOM AMB,Porites,18.4
8/16/2023,17:45,PCOM AMB,Porites,18
8/16/2023,18:00,PCOM AMB,Porites,20.1
8/16/2023,18:15,PCOM AMB,Porites,12.5
8/16/2023,18:30,PCOM AMB,Porites,11.3
8/16/2023,18:45,PCOM AMB,Porites,7
8/16/2023,19:00,PCOM AMB,Porites,3.1
8/16/2023,19:15,PCOM AMB,Porites,0.5
8/16/2023,19:30,PCOM AMB,Porites,0
8/16/2023,19:45,PCOM AMB,Porites,0
8/16/2023,20:00,PCOM AMB,Porites,0
8/16/2023,20:15,PCOM AMB,Porites,0
8/16/2023,20:30,PCOM AMB,Porites,0
8/16/2023,20:45,PCOM AMB,Porites,0
8/16/2023,21:00,PCOM AMB,Porites,0
8/16/2023,21:15,PCOM AMB,Porites,0
8/16/2023,21:30,PCOM AMB,Porites,0
8/16/2023,21:45,PCOM AMB,Porites,0
8/16/2023,22:00,PCOM AMB,Porites,0
8/16/2023,22:15,PCOM AMB,Porites,0
8/16/2023,22:30,PCOM AMB,Porites,0
8/16/2023,22:45,PCOM AMB,Porites,0
8/16/2023,23:00,PCOM AMB,Porites,0
8/16/2023,23:15,PCOM AMB,Porites,0
8/16/2023,23:30,PCOM AMB,Porites,0
8/16/2023,23:45,PCOM AMB,Porites,0
8/16/2023,0:00,PCOM AMB,Porites,0
8/17/2023,0:15,PCOM AMB,Porites,0
8/17/2023,0:30,PCOM AMB,Porites,0
8/17/2023,0:45,PCOM AMB,Porites,0
8/17/2023,1:00,PCOM AMB,Porites,0
8/17/2023,1:15,PCOM AMB,Porites,0
8/17/2023,1:30,PCOM AMB,Porites,0
8/17/2023,1:45,PCOM AMB,Porites,0
8/17/2023,2:00,PCOM AMB,Porites,0
8/17/2023,2:15,PCOM AMB,Porites,0
8/17/2023,2:30,PCOM AMB,Porites,0
8/17/2023,2:45,PCOM AMB,Porites,0
8/17/2023,3:00,PCOM AMB,Porites,0
8/17/2023,3:15,PCOM AMB,Porites,0
8/17/2023,3:30,PCOM AMB,Porites,0
8/17/2023,3:45,PCOM AMB,Porites,0
8/17/2023,4:00,PCOM AMB,Porites,0
8/17/2023,4:15,PCOM AMB,Porites,0
8/17/2023,4:30,PCOM AMB,Porites,0
8/17/2023,4:45,PCOM AMB,Porites,0
8/17/2023,5:00,PCOM AMB,Porites,0
8/17/2023,5:15,PCOM AMB,Porites,0
8/17/2023,5:30,PCOM AMB,Porites,0
8/17/2023,5:45,PCOM AMB,Porites,0
8/17/2023,6:00,PCOM AMB,Porites,0
8/17/2023,6:15,PCOM AMB,Porites,0.4
8/17/2023,6:30,PCOM AMB,Porites,3.8
8/17/2023,6:45,PCOM AMB,Porites,8.5
8/17/2023,7:00,PCOM AMB,Porites,12.5
8/17/2023,7:15,PCOM AMB,Porites,30.3
8/17/2023,7:30,PCOM AMB,Porites,32.5
8/17/2023,7:45,PCOM AMB,Porites,35.4
8/17/2023,8:00,PCOM AMB,Porites,55.1
8/17/2023,8:15,PCOM AMB,Porites,73.5
8/17/2023,8:30,PCOM AMB,Porites,188.3
8/17/2023,8:45,PCOM AMB,Porites,118.1
8/17/2023,9:00,PCOM AMB,Porites,164.2
8/17/2023,9:15,PCOM AMB,Porites,306.3
8/17/2023,9:30,PCOM AMB,Porites,116.7
8/17/2023,9:45,PCOM AMB,Porites,105.4
8/17/2023,10:00,PCOM AMB,Porites,133.9
8/17/2023,10:15,PCOM AMB,Porites,727.1
8/17/2023,10:30,PCOM AMB,Porites,499.8
8/17/2023,10:45,PCOM AMB,Porites,200.2
8/17/2023,11:00,PCOM AMB,Porites,180.4
8/17/2023,11:15,PCOM AMB,Porites,165.7
8/17/2023,11:30,PCOM AMB,Porites,133.9
8/17/2023,11:45,PCOM AMB,Porites,239.6
8/17/2023,12:00,PCOM AMB,Porites,319.1
8/17/2023,12:15,PCOM AMB,Porites,379.2
8/17/2023,12:30,PCOM AMB,Porites,379.3
8/17/2023,12:45,PCOM AMB,Porites,370.2
8/17/2023,13:00,PCOM AMB,Porites,299.6
8/17/2023,13:15,PCOM AMB,Porites,200.4
8/17/2023,13:30,PCOM AMB,Porites,156.5
8/17/2023,13:45,PCOM AMB,Porites,84.9
8/17/2023,14:00,PCOM AMB,Porites,101.3
8/17/2023,14:15,PCOM AMB,Porites,126
8/17/2023,14:30,PCOM AMB,Porites,60.8
8/17/2023,14:45,PCOM AMB,Porites,83.2
8/17/2023,15:00,PCOM AMB,Porites,80.6
8/17/2023,15:15,PCOM AMB,Porites,77.3
8/17/2023,15:30,PCOM AMB,Porites,69
8/17/2023,15:45,PCOM AMB,Porites,52.3
8/17/2023,16:00,PCOM AMB,Porites,43
8/17/2023,16:15,PCOM AMB,Porites,46.9
8/17/2023,16:30,PCOM AMB,Porites,36.5
8/17/2023,16:45,PCOM AMB,Porites,33.9
8/17/2023,17:00,PCOM AMB,Porites,30.6
8/17/2023,17:15,PCOM AMB,Porites,21.6
8/17/2023,17:30,PCOM AMB,Porites,20.7
8/17/2023,17:45,PCOM AMB,Porites,20.5
8/17/2023,18:00,PCOM AMB,Porites,19.9
8/17/2023,18:15,PCOM AMB,Porites,17.3
8/17/2023,18:30,PCOM AMB,Porites,11.8
8/17/2023,18:45,PCOM AMB,Porites,5
8/17/2023,19:00,PCOM AMB,Porites,2.7
8/17/2023,19:15,PCOM AMB,Porites,0.6
8/17/2023,19:30,PCOM AMB,Porites,0
8/17/2023,19:45,PCOM AMB,Porites,0
8/17/2023,20:00,PCOM AMB,Porites,0
8/17/2023,20:15,PCOM AMB,Porites,0
8/17/2023,20:30,PCOM AMB,Porites,0
8/17/2023,20:45,PCOM AMB,Porites,0
8/17/2023,21:00,PCOM AMB,Porites,0
8/17/2023,21:15,PCOM AMB,Porites,0
8/17/2023,21:30,PCOM AMB,Porites,0
8/17/2023,21:45,PCOM AMB,Porites,0
8/17/2023,22:00,PCOM AMB,Porites,0
8/17/2023,22:15,PCOM AMB,Porites,0
8/17/2023,22:30,PCOM AMB,Porites,0
8/17/2023,22:45,PCOM AMB,Porites,0
8/17/2023,23:00,PCOM AMB,Porites,0
8/17/2023,23:15,PCOM AMB,Porites,0
8/17/2023,23:30,PCOM AMB,Porites,0
8/17/2023,23:45,PCOM AMB,Porites,0
8/17/2023,0:00,PCOM AMB,Porites,0
8/18/2023,0:15,PCOM AMB,Porites,0
8/18/2023,0:30,PCOM AMB,Porites,0
8/18/2023,0:45,PCOM AMB,Porites,0
8/18/2023,1:00,PCOM AMB,Porites,0
8/18/2023,1:15,PCOM AMB,Porites,0
8/18/2023,1:30,PCOM AMB,Porites,0
8/18/2023,1:45,PCOM AMB,Porites,0
8/18/2023,2:00,PCOM AMB,Porites,0
8/18/2023,2:15,PCOM AMB,Porites,0
8/18/2023,2:30,PCOM AMB,Porites,0
8/18/2023,2:45,PCOM AMB,Porites,0
8/18/2023,3:00,PCOM AMB,Porites,0
8/18/2023,3:15,PCOM AMB,Porites,0
8/18/2023,3:30,PCOM AMB,Porites,0
8/18/2023,3:45,PCOM AMB,Porites,0
8/18/2023,4:00,PCOM AMB,Porites,0
8/18/2023,4:15,PCOM AMB,Porites,0
8/18/2023,4:30,PCOM AMB,Porites,0
8/18/2023,4:45,PCOM AMB,Porites,0
8/18/2023,5:00,PCOM AMB,Porites,0
8/18/2023,5:15,PCOM AMB,Porites,0
8/18/2023,5:30,PCOM AMB,Porites,0
8/18/2023,5:45,PCOM AMB,Porites,0
8/18/2023,6:00,PCOM AMB,Porites,0
8/18/2023,6:15,PCOM AMB,Porites,0.9
8/18/2023,6:30,PCOM AMB,Porites,3.5
8/18/2023,6:45,PCOM AMB,Porites,8.2
8/18/2023,7:00,PCOM AMB,Porites,43.5
8/18/2023,7:15,PCOM AMB,Porites,51
8/18/2023,7:30,PCOM AMB,Porites,51.2
8/18/2023,7:45,PCOM AMB,Porites,69.2
8/18/2023,8:00,PCOM AMB,Porites,58.9
8/18/2023,8:15,PCOM AMB,Porites,68.6
8/18/2023,8:30,PCOM AMB,Porites,74.6
8/18/2023,8:45,PCOM AMB,Porites,75.7
8/18/2023,9:00,PCOM AMB,Porites,128.3
8/18/2023,9:15,PCOM AMB,Porites,166.2
8/18/2023,9:30,PCOM AMB,Porites,55.6
8/18/2023,9:45,PCOM AMB,Porites,50.8
8/18/2023,10:00,PCOM AMB,Porites,83
8/18/2023,10:15,PCOM AMB,Porites,259.4
8/18/2023,10:30,PCOM AMB,Porites,590.1
8/18/2023,10:45,PCOM AMB,Porites,504.4
8/18/2023,11:00,PCOM AMB,Porites,288.4
8/18/2023,11:15,PCOM AMB,Porites,326.6
8/18/2023,11:30,PCOM AMB,Porites,289.7
8/18/2023,11:45,PCOM AMB,Porites,329.2
8/18/2023,12:00,PCOM AMB,Porites,379.6
8/18/2023,12:15,PCOM AMB,Porites,366.6
8/18/2023,12:30,PCOM AMB,Porites,292.2
8/18/2023,12:45,PCOM AMB,Porites,309.7
8/18/2023,13:00,PCOM AMB,Porites,211.8
8/18/2023,13:15,PCOM AMB,Porites,241.4
8/18/2023,13:30,PCOM AMB,Porites,346.2
8/18/2023,13:45,PCOM AMB,Porites,316.9
8/18/2023,14:00,PCOM AMB,Porites,332.1
8/18/2023,14:15,PCOM AMB,Porites,313
8/18/2023,14:30,PCOM AMB,Porites,281
8/18/2023,14:45,PCOM AMB,Porites,190.9
8/18/2023,15:00,PCOM AMB,Porites,123.3
8/18/2023,15:15,PCOM AMB,Porites,112.5
8/18/2023,15:30,PCOM AMB,Porites,58.9
8/18/2023,15:45,PCOM AMB,Porites,41.9
8/18/2023,16:00,PCOM AMB,Porites,43.9
8/18/2023,16:15,PCOM AMB,Porites,35.8
8/18/2023,16:30,PCOM AMB,Porites,30
8/18/2023,16:45,PCOM AMB,Porites,34.6
8/18/2023,17:00,PCOM AMB,Porites,46.9
8/18/2023,17:15,PCOM AMB,Porites,23.5
8/18/2023,17:30,PCOM AMB,Porites,19.7
8/18/2023,17:45,PCOM AMB,Porites,15.7
8/18/2023,18:00,PCOM AMB,Porites,11.9
8/18/2023,18:15,PCOM AMB,Porites,9
8/18/2023,18:30,PCOM AMB,Porites,7.5
8/18/2023,18:45,PCOM AMB,Porites,7.1
8/18/2023,19:00,PCOM AMB,Porites,2.5
8/18/2023,19:15,PCOM AMB,Porites,0.5
8/18/2023,19:30,PCOM AMB,Porites,0
8/18/2023,19:45,PCOM AMB,Porites,0
8/18/2023,20:00,PCOM AMB,Porites,0
8/18/2023,20:15,PCOM AMB,Porites,0
8/18/2023,20:30,PCOM AMB,Porites,0
8/18/2023,20:45,PCOM AMB,Porites,0
8/18/2023,21:00,PCOM AMB,Porites,0
8/18/2023,21:15,PCOM AMB,Porites,0
8/18/2023,21:30,PCOM AMB,Porites,0
8/18/2023,21:45,PCOM AMB,Porites,0
8/18/2023,22:00,PCOM AMB,Porites,0
8/18/2023,22:15,PCOM AMB,Porites,0
8/18/2023,22:30,PCOM AMB,Porites,0
8/18/2023,22:45,PCOM AMB,Porites,0
8/18/2023,23:00,PCOM AMB,Porites,0
8/18/2023,23:15,PCOM AMB,Porites,0
8/18/2023,23:30,PCOM AMB,Porites,0
8/18/2023,23:45,PCOM AMB,Porites,0
8/18/2023,0:00,PCOM AMB,Porites,0
8/19/2023,0:15,PCOM AMB,Porites,0
8/19/2023,0:30,PCOM AMB,Porites,0
8/19/2023,0:45,PCOM AMB,Porites,0
8/19/2023,1:00,PCOM AMB,Porites,0
8/19/2023,1:15,PCOM AMB,Porites,0
8/19/2023,1:30,PCOM AMB,Porites,0
8/19/2023,1:45,PCOM AMB,Porites,0
8/19/2023,2:00,PCOM AMB,Porites,0
8/19/2023,2:15,PCOM AMB,Porites,0
8/19/2023,2:30,PCOM AMB,Porites,0
8/19/2023,2:45,PCOM AMB,Porites,0
8/19/2023,3:00,PCOM AMB,Porites,0
8/19/2023,3:15,PCOM AMB,Porites,0
8/19/2023,3:30,PCOM AMB,Porites,0
8/19/2023,3:45,PCOM AMB,Porites,0
8/19/2023,4:00,PCOM AMB,Porites,0
8/19/2023,4:15,PCOM AMB,Porites,0
8/19/2023,4:30,PCOM AMB,Porites,0
8/19/2023,4:45,PCOM AMB,Porites,0
8/19/2023,5:00,PCOM AMB,Porites,0
8/19/2023,5:15,PCOM AMB,Porites,0
8/19/2023,5:30,PCOM AMB,Porites,0
8/19/2023,5:45,PCOM AMB,Porites,0
8/19/2023,6:00,PCOM AMB,Porites,0
8/19/2023,6:15,PCOM AMB,Porites,0.8
8/19/2023,6:30,PCOM AMB,Porites,4.7
8/19/2023,6:45,PCOM AMB,Porites,12.8
8/19/2023,7:00,PCOM AMB,Porites,29.1
8/19/2023,7:15,PCOM AMB,Porites,24.4
8/19/2023,7:30,PCOM AMB,Porites,50.4
8/19/2023,7:45,PCOM AMB,Porites,44.8
8/19/2023,8:00,PCOM AMB,Porites,50.1
8/19/2023,8:15,PCOM AMB,Porites,60.5
8/19/2023,8:30,PCOM AMB,Porites,70.9
8/19/2023,8:45,PCOM AMB,Porites,60.8
8/19/2023,9:00,PCOM AMB,Porites,86.8
8/19/2023,9:15,PCOM AMB,Porites,74.4
8/19/2023,9:30,PCOM AMB,Porites,72.4
8/19/2023,9:45,PCOM AMB,Porites,82.9
8/19/2023,10:00,PCOM AMB,Porites,122.3
8/19/2023,10:15,PCOM AMB,Porites,728.7
8/19/2023,10:30,PCOM AMB,Porites,896.8
8/19/2023,10:45,PCOM AMB,Porites,466.9
8/19/2023,11:00,PCOM AMB,Porites,121.7
8/19/2023,11:15,PCOM AMB,Porites,323
8/19/2023,11:30,PCOM AMB,Porites,323.5
8/19/2023,11:45,PCOM AMB,Porites,297.7
8/19/2023,12:00,PCOM AMB,Porites,378
8/19/2023,12:15,PCOM AMB,Porites,383.9
8/19/2023,12:30,PCOM AMB,Porites,331.3
8/19/2023,12:45,PCOM AMB,Porites,342.9
8/19/2023,13:00,PCOM AMB,Porites,356.1
8/19/2023,13:15,PCOM AMB,Porites,333.5
8/19/2023,13:30,PCOM AMB,Porites,207.2
8/19/2023,13:45,PCOM AMB,Porites,291.3
8/19/2023,14:00,PCOM AMB,Porites,282.7
8/19/2023,14:15,PCOM AMB,Porites,269.7
8/19/2023,14:30,PCOM AMB,Porites,203
8/19/2023,14:45,PCOM AMB,Porites,185
8/19/2023,15:00,PCOM AMB,Porites,112.3
8/19/2023,15:15,PCOM AMB,Porites,90.2
8/19/2023,15:30,PCOM AMB,Porites,61.3
8/19/2023,15:45,PCOM AMB,Porites,48.4
8/19/2023,16:00,PCOM AMB,Porites,36.1
8/19/2023,16:15,PCOM AMB,Porites,27
8/19/2023,16:30,PCOM AMB,Porites,21.7
8/19/2023,16:45,PCOM AMB,Porites,29.1
8/19/2023,17:00,PCOM AMB,Porites,33.8
8/19/2023,17:15,PCOM AMB,Porites,14.9
8/19/2023,17:30,PCOM AMB,Porites,14.3
8/19/2023,17:45,PCOM AMB,Porites,13.1
8/19/2023,18:00,PCOM AMB,Porites,15.4
8/19/2023,18:15,PCOM AMB,Porites,8.8
8/19/2023,18:30,PCOM AMB,Porites,7.1
8/19/2023,18:45,PCOM AMB,Porites,4.9
8/19/2023,19:00,PCOM AMB,Porites,2.3
8/19/2023,19:15,PCOM AMB,Porites,0.4
8/19/2023,19:30,PCOM AMB,Porites,0
8/19/2023,19:45,PCOM AMB,Porites,0
8/19/2023,20:00,PCOM AMB,Porites,0
8/19/2023,20:15,PCOM AMB,Porites,0
8/19/2023,20:30,PCOM AMB,Porites,0
8/19/2023,20:45,PCOM AMB,Porites,0
8/19/2023,21:00,PCOM AMB,Porites,0
8/19/2023,21:15,PCOM AMB,Porites,0
8/19/2023,21:30,PCOM AMB,Porites,0
8/19/2023,21:45,PCOM AMB,Porites,0
8/19/2023,22:00,PCOM AMB,Porites,0
8/19/2023,22:15,PCOM AMB,Porites,0
8/19/2023,22:30,PCOM AMB,Porites,0
8/19/2023,22:45,PCOM AMB,Porites,0
8/19/2023,23:00,PCOM AMB,Porites,0
8/19/2023,23:15,PCOM AMB,Porites,0
8/19/2023,23:30,PCOM AMB,Porites,0
8/19/2023,23:45,PCOM AMB,Porites,0
8/19/2023,0:00,PCOM AMB,Porites,0
8/20/2023,0:15,PCOM AMB,Porites,0
8/20/2023,0:30,PCOM AMB,Porites,0
8/20/2023,0:45,PCOM AMB,Porites,0
8/20/2023,1:00,PCOM AMB,Porites,0
8/20/2023,1:15,PCOM AMB,Porites,0
8/20/2023,1:30,PCOM AMB,Porites,0
8/20/2023,1:45,PCOM AMB,Porites,0
8/20/2023,2:00,PCOM AMB,Porites,0
8/20/2023,2:15,PCOM AMB,Porites,0
8/20/2023,2:30,PCOM AMB,Porites,0
8/20/2023,2:45,PCOM AMB,Porites,0
8/20/2023,3:00,PCOM AMB,Porites,0
8/20/2023,3:15,PCOM AMB,Porites,0
8/20/2023,3:30,PCOM AMB,Porites,0
8/20/2023,3:45,PCOM AMB,Porites,0
8/20/2023,4:00,PCOM AMB,Porites,0
8/20/2023,4:15,PCOM AMB,Porites,0
8/20/2023,4:30,PCOM AMB,Porites,0
8/20/2023,4:45,PCOM AMB,Porites,0
8/20/2023,5:00,PCOM AMB,Porites,0
8/20/2023,5:15,PCOM AMB,Porites,0
8/20/2023,5:30,PCOM AMB,Porites,0
8/20/2023,5:45,PCOM AMB,Porites,0
8/20/2023,6:00,PCOM AMB,Porites,0
8/20/2023,6:15,PCOM AMB,Porites,0.7
8/20/2023,6:30,PCOM AMB,Porites,4.1
8/20/2023,6:45,PCOM AMB,Porites,11
8/20/2023,7:00,PCOM AMB,Porites,12
8/20/2023,7:15,PCOM AMB,Porites,18
8/20/2023,7:30,PCOM AMB,Porites,32.9
8/20/2023,7:45,PCOM AMB,Porites,50.5
8/20/2023,8:00,PCOM AMB,Porites,58.4
8/20/2023,8:15,PCOM AMB,Porites,57.2
8/20/2023,8:30,PCOM AMB,Porites,114.9
8/20/2023,8:45,PCOM AMB,Porites,69.7
8/20/2023,9:00,PCOM AMB,Porites,133.7
8/20/2023,9:15,PCOM AMB,Porites,112.2
8/20/2023,9:30,PCOM AMB,Porites,99.5
8/20/2023,9:45,PCOM AMB,Porites,69
8/20/2023,10:00,PCOM AMB,Porites,57.3
8/20/2023,10:15,PCOM AMB,Porites,190.7
8/20/2023,10:30,PCOM AMB,Porites,170.5
8/20/2023,10:45,PCOM AMB,Porites,257.9
8/20/2023,11:00,PCOM AMB,Porites,349.2
8/20/2023,11:15,PCOM AMB,Porites,326.7
8/20/2023,11:30,PCOM AMB,Porites,336
8/20/2023,11:45,PCOM AMB,Porites,300.5
8/20/2023,12:00,PCOM AMB,Porites,193.1
8/20/2023,12:15,PCOM AMB,Porites,214.9
8/20/2023,12:30,PCOM AMB,Porites,193.3
8/20/2023,12:45,PCOM AMB,Porites,221.2
8/20/2023,13:00,PCOM AMB,Porites,281
8/20/2023,13:15,PCOM AMB,Porites,197.7
8/20/2023,13:30,PCOM AMB,Porites,53.6
8/20/2023,13:45,PCOM AMB,Porites,48
8/20/2023,14:00,PCOM AMB,Porites,65.8
8/20/2023,14:15,PCOM AMB,Porites,99.1
8/20/2023,14:30,PCOM AMB,Porites,127.8
8/20/2023,14:45,PCOM AMB,Porites,75.8
8/20/2023,15:00,PCOM AMB,Porites,58.6
8/20/2023,15:15,PCOM AMB,Porites,125.9
8/20/2023,15:30,PCOM AMB,Porites,81.3
8/20/2023,15:45,PCOM AMB,Porites,71
8/20/2023,16:00,PCOM AMB,Porites,65.1
8/20/2023,16:15,PCOM AMB,Porites,48.5
8/20/2023,16:30,PCOM AMB,Porites,47.1
8/20/2023,16:45,PCOM AMB,Porites,54.2
8/20/2023,17:00,PCOM AMB,Porites,44.4
8/20/2023,17:15,PCOM AMB,Porites,33.2
8/20/2023,17:30,PCOM AMB,Porites,18.4
8/20/2023,17:45,PCOM AMB,Porites,18.5
8/20/2023,18:00,PCOM AMB,Porites,14.5
8/20/2023,18:15,PCOM AMB,Porites,12
8/20/2023,18:30,PCOM AMB,Porites,9.4
8/20/2023,18:45,PCOM AMB,Porites,5.4
8/20/2023,19:00,PCOM AMB,Porites,1.9
8/20/2023,19:15,PCOM AMB,Porites,0.1
8/20/2023,19:30,PCOM AMB,Porites,0
8/20/2023,19:45,PCOM AMB,Porites,0
8/20/2023,20:00,PCOM AMB,Porites,0
8/20/2023,20:15,PCOM AMB,Porites,0
8/20/2023,20:30,PCOM AMB,Porites,0
8/20/2023,20:45,PCOM AMB,Porites,0
8/20/2023,21:00,PCOM AMB,Porites,0
8/20/2023,21:15,PCOM AMB,Porites,0
8/20/2023,21:30,PCOM AMB,Porites,0
8/20/2023,21:45,PCOM AMB,Porites,0
8/20/2023,22:00,PCOM AMB,Porites,0
8/20/2023,22:15,PCOM AMB,Porites,0
8/20/2023,22:30,PCOM AMB,Porites,0
8/20/2023,22:45,PCOM AMB,Porites,0
8/20/2023,23:00,PCOM AMB,Porites,0
8/20/2023,23:15,PCOM AMB,Porites,0
8/20/2023,23:30,PCOM AMB,Porites,0
8/20/2023,23:45,PCOM AMB,Porites,0
8/20/2023,0:00,PCOM AMB,Porites,0
8/21/2023,0:15,PCOM AMB,Porites,0
8/21/2023,0:30,PCOM AMB,Porites,0
8/21/2023,0:45,PCOM AMB,Porites,0
8/21/2023,1:00,PCOM AMB,Porites,0
8/21/2023,1:15,PCOM AMB,Porites,0
8/21/2023,1:30,PCOM AMB,Porites,0
8/21/2023,1:45,PCOM AMB,Porites,0
8/21/2023,2:00,PCOM AMB,Porites,0
8/21/2023,2:15,PCOM AMB,Porites,0
8/21/2023,2:30,PCOM AMB,Porites,0
8/21/2023,2:45,PCOM AMB,Porites,0
8/21/2023,3:00,PCOM AMB,Porites,0
8/21/2023,3:15,PCOM AMB,Porites,0
8/21/2023,3:30,PCOM AMB,Porites,0
8/21/2023,3:45,PCOM AMB,Porites,0
8/21/2023,4:00,PCOM AMB,Porites,0
8/21/2023,4:15,PCOM AMB,Porites,0
8/21/2023,4:30,PCOM AMB,Porites,0
8/21/2023,4:45,PCOM AMB,Porites,0
8/21/2023,5:00,PCOM AMB,Porites,0
8/21/2023,5:15,PCOM AMB,Porites,0
8/21/2023,5:30,PCOM AMB,Porites,0
8/21/2023,5:45,PCOM AMB,Porites,0
8/21/2023,6:00,PCOM AMB,Porites,0
8/21/2023,6:15,PCOM AMB,Porites,0.3
8/21/2023,6:30,PCOM AMB,Porites,1.7
8/21/2023,6:45,PCOM AMB,Porites,3.1
8/21/2023,7:00,PCOM AMB,Porites,4.5
8/21/2023,7:15,PCOM AMB,Porites,9.4
8/21/2023,7:30,PCOM AMB,Porites,16.8
8/21/2023,7:45,PCOM AMB,Porites,24.5
8/21/2023,8:00,PCOM AMB,Porites,34.3
8/21/2023,8:15,PCOM AMB,Porites,38.4
8/21/2023,8:30,PCOM AMB,Porites,52.1
8/21/2023,8:45,PCOM AMB,Porites,35.4
8/21/2023,9:00,PCOM AMB,Porites,86.6
8/21/2023,9:15,PCOM AMB,Porites,123.4
8/21/2023,9:30,PCOM AMB,Porites,260.9
8/21/2023,9:45,PCOM AMB,Porites,224.4
8/21/2023,10:00,PCOM AMB,Porites,172.1
8/21/2023,10:15,PCOM AMB,Porites,185.2
8/21/2023,10:30,PCOM AMB,Porites,144.3
8/21/2023,10:45,PCOM AMB,Porites,155.4
8/21/2023,11:00,PCOM AMB,Porites,419.8
8/21/2023,11:15,PCOM AMB,Porites,279.2
8/21/2023,11:30,PCOM AMB,Porites,273.3
8/21/2023,11:45,PCOM AMB,Porites,187.6
8/21/2023,12:00,PCOM AMB,Porites,325.8
8/21/2023,12:15,PCOM AMB,Porites,323.7
8/21/2023,12:30,PCOM AMB,Porites,207.5
8/21/2023,12:45,PCOM AMB,Porites,271.7
8/21/2023,13:00,PCOM AMB,Porites,353.1
8/21/2023,13:15,PCOM AMB,Porites,157.6
8/21/2023,13:30,PCOM AMB,Porites,74.2
8/21/2023,13:45,PCOM AMB,Porites,70.4
8/21/2023,14:00,PCOM AMB,Porites,139.3
8/21/2023,14:15,PCOM AMB,Porites,112
8/21/2023,14:30,PCOM AMB,Porites,90.7
8/21/2023,14:45,PCOM AMB,Porites,89.1
8/21/2023,15:00,PCOM AMB,Porites,79.6
8/21/2023,15:15,PCOM AMB,Porites,77.8
8/21/2023,15:30,PCOM AMB,Porites,60.7
8/21/2023,15:45,PCOM AMB,Porites,77
8/21/2023,16:00,PCOM AMB,Porites,89.3
8/21/2023,16:15,PCOM AMB,Porites,62.1
8/21/2023,16:30,PCOM AMB,Porites,67.9
8/21/2023,16:45,PCOM AMB,Porites,35.8
8/21/2023,17:00,PCOM AMB,Porites,47.7
8/21/2023,17:15,PCOM AMB,Porites,36.6
8/21/2023,17:30,PCOM AMB,Porites,24.9
8/21/2023,17:45,PCOM AMB,Porites,21.4
8/21/2023,18:00,PCOM AMB,Porites,16.2
8/21/2023,18:15,PCOM AMB,Porites,13.1
8/21/2023,18:30,PCOM AMB,Porites,9.5
8/21/2023,18:45,PCOM AMB,Porites,6.1
8/21/2023,19:00,PCOM AMB,Porites,2.2
8/21/2023,19:15,PCOM AMB,Porites,0.3
8/21/2023,19:30,PCOM AMB,Porites,0
8/21/2023,19:45,PCOM AMB,Porites,0
8/21/2023,20:00,PCOM AMB,Porites,0
8/21/2023,20:15,PCOM AMB,Porites,0
8/21/2023,20:30,PCOM AMB,Porites,0
8/21/2023,20:45,PCOM AMB,Porites,0
8/21/2023,21:00,PCOM AMB,Porites,0
8/21/2023,21:15,PCOM AMB,Porites,0
8/21/2023,21:30,PCOM AMB,Porites,0
8/21/2023,21:45,PCOM AMB,Porites,0
8/21/2023,22:00,PCOM AMB,Porites,0
8/21/2023,22:15,PCOM AMB,Porites,0
8/21/2023,22:30,PCOM AMB,Porites,0
8/21/2023,22:45,PCOM AMB,Porites,0
8/21/2023,23:00,PCOM AMB,Porites,0
8/21/2023,23:15,PCOM AMB,Porites,0
8/21/2023,23:30,PCOM AMB,Porites,0
8/21/2023,23:45,PCOM AMB,Porites,0
8/21/2023,0:00,PCOM AMB,Porites,0
8/22/2023,0:15,PCOM AMB,Porites,0
8/22/2023,0:30,PCOM AMB,Porites,0
8/22/2023,0:45,PCOM AMB,Porites,0
8/22/2023,1:00,PCOM AMB,Porites,0
8/22/2023,1:15,PCOM AMB,Porites,0
8/22/2023,1:30,PCOM AMB,Porites,0
8/22/2023,1:45,PCOM AMB,Porites,0
8/22/2023,2:00,PCOM AMB,Porites,0
8/22/2023,2:15,PCOM AMB,Porites,0
8/22/2023,2:30,PCOM AMB,Porites,0
8/22/2023,2:45,PCOM AMB,Porites,0
8/22/2023,3:00,PCOM AMB,Porites,0
8/22/2023,3:15,PCOM AMB,Porites,0
8/22/2023,3:30,PCOM AMB,Porites,0
8/22/2023,3:45,PCOM AMB,Porites,0
8/22/2023,4:00,PCOM AMB,Porites,0
8/22/2023,4:15,PCOM AMB,Porites,0
8/22/2023,4:30,PCOM AMB,Porites,0
8/22/2023,4:45,PCOM AMB,Porites,0
8/22/2023,5:00,PCOM AMB,Porites,0
8/22/2023,5:15,PCOM AMB,Porites,0
8/22/2023,5:30,PCOM AMB,Porites,0
8/22/2023,5:45,PCOM AMB,Porites,0
8/22/2023,6:00,PCOM AMB,Porites,0
8/22/2023,6:15,PCOM AMB,Porites,0.8
8/22/2023,6:30,PCOM AMB,Porites,4
8/22/2023,6:45,PCOM AMB,Porites,8.4
8/22/2023,7:00,PCOM AMB,Porites,15.5
8/22/2023,7:15,PCOM AMB,Porites,51.5
8/22/2023,7:30,PCOM AMB,Porites,212.3
8/22/2023,7:45,PCOM AMB,Porites,290.1
8/22/2023,8:00,PCOM AMB,Porites,229.2
8/22/2023,8:15,PCOM AMB,Porites,112.6
8/22/2023,8:30,PCOM AMB,Porites,209.7
8/22/2023,8:45,PCOM AMB,Porites,237.9
8/22/2023,9:00,PCOM AMB,Porites,111.3
8/22/2023,9:15,PCOM AMB,Porites,137.1
8/22/2023,9:30,PCOM AMB,Porites,103.9
8/22/2023,9:45,PCOM AMB,Porites,90.7
8/22/2023,10:00,PCOM AMB,Porites,157.6
8/22/2023,10:15,PCOM AMB,Porites,247.4
8/22/2023,10:30,PCOM AMB,Porites,262.2
8/22/2023,10:45,PCOM AMB,Porites,226.2
8/22/2023,11:00,PCOM AMB,Porites,268.7
8/22/2023,11:15,PCOM AMB,Porites,174
8/22/2023,11:30,PCOM AMB,Porites,251.7
8/22/2023,11:45,PCOM AMB,Porites,285.4
8/22/2023,12:00,PCOM AMB,Porites,283.2
8/22/2023,12:15,PCOM AMB,Porites,282.1
8/22/2023,12:30,PCOM AMB,Porites,283
8/22/2023,12:45,PCOM AMB,Porites,274
8/22/2023,13:00,PCOM AMB,Porites,274.8
8/22/2023,13:15,PCOM AMB,Porites,225
8/22/2023,13:30,PCOM AMB,Porites,230.3
8/22/2023,13:45,PCOM AMB,Porites,218.4
8/22/2023,14:00,PCOM AMB,Porites,175.1
8/22/2023,14:15,PCOM AMB,Porites,232.5
8/22/2023,14:30,PCOM AMB,Porites,217.8
8/22/2023,14:45,PCOM AMB,Porites,232
8/22/2023,15:00,PCOM AMB,Porites,164
8/22/2023,15:15,PCOM AMB,Porites,137.2
8/22/2023,15:30,PCOM AMB,Porites,118.8
8/22/2023,15:45,PCOM AMB,Porites,60.6
8/22/2023,16:00,PCOM AMB,Porites,41.6
8/22/2023,16:15,PCOM AMB,Porites,40.5
8/22/2023,16:30,PCOM AMB,Porites,33.4
8/22/2023,16:45,PCOM AMB,Porites,38.3
8/22/2023,17:00,PCOM AMB,Porites,29.7
8/22/2023,17:15,PCOM AMB,Porites,18.6
8/22/2023,17:30,PCOM AMB,Porites,18.9
8/22/2023,17:45,PCOM AMB,Porites,16.6
8/22/2023,18:00,PCOM AMB,Porites,14.1
8/22/2023,18:15,PCOM AMB,Porites,11.2
8/22/2023,18:30,PCOM AMB,Porites,9.1
8/22/2023,18:45,PCOM AMB,Porites,5.6
8/22/2023,19:00,PCOM AMB,Porites,2.1
8/22/2023,19:15,PCOM AMB,Porites,0.3
8/22/2023,19:30,PCOM AMB,Porites,0
8/22/2023,19:45,PCOM AMB,Porites,0
8/22/2023,20:00,PCOM AMB,Porites,0
8/22/2023,20:15,PCOM AMB,Porites,0
8/22/2023,20:30,PCOM AMB,Porites,0
8/22/2023,20:45,PCOM AMB,Porites,0
8/22/2023,21:00,PCOM AMB,Porites,0
8/22/2023,21:15,PCOM AMB,Porites,0
8/22/2023,21:30,PCOM AMB,Porites,0
8/22/2023,21:45,PCOM AMB,Porites,0
8/22/2023,22:00,PCOM AMB,Porites,0
8/22/2023,22:15,PCOM AMB,Porites,0
8/22/2023,22:30,PCOM AMB,Porites,0
8/22/2023,22:45,PCOM AMB,Porites,0
8/22/2023,23:00,PCOM AMB,Porites,0
8/22/2023,23:15,PCOM AMB,Porites,0
8/22/2023,23:30,PCOM AMB,Porites,0
8/22/2023,23:45,PCOM AMB,Porites,0
8/22/2023,0:00,PCOM AMB,Porites,0
8/23/2023,0:15,PCOM AMB,Porites,0
8/23/2023,0:30,PCOM AMB,Porites,0
8/23/2023,0:45,PCOM AMB,Porites,0
8/23/2023,1:00,PCOM AMB,Porites,0
8/23/2023,1:15,PCOM AMB,Porites,0
8/23/2023,1:30,PCOM AMB,Porites,0
8/23/2023,1:45,PCOM AMB,Porites,0
8/23/2023,2:00,PCOM AMB,Porites,0
8/23/2023,2:15,PCOM AMB,Porites,0
8/23/2023,2:30,PCOM AMB,Porites,0
8/23/2023,2:45,PCOM AMB,Porites,0
8/23/2023,3:00,PCOM AMB,Porites,0
8/23/2023,3:15,PCOM AMB,Porites,0
8/23/2023,3:30,PCOM AMB,Porites,0
8/23/2023,3:45,PCOM AMB,Porites,0
8/23/2023,4:00,PCOM AMB,Porites,0
8/23/2023,4:15,PCOM AMB,Porites,0
8/23/2023,4:30,PCOM AMB,Porites,0
8/23/2023,4:45,PCOM AMB,Porites,0
8/23/2023,5:00,PCOM AMB,Porites,0
8/23/2023,5:15,PCOM AMB,Porites,0
8/23/2023,5:30,PCOM AMB,Porites,0
8/23/2023,5:45,PCOM AMB,Porites,0
8/23/2023,6:00,PCOM AMB,Porites,0
8/23/2023,6:15,PCOM AMB,Porites,0.9
8/23/2023,6:30,PCOM AMB,Porites,4.6
8/23/2023,6:45,PCOM AMB,Porites,10.6
8/23/2023,7:00,PCOM AMB,Porites,17
8/23/2023,7:15,PCOM AMB,Porites,64.8
8/23/2023,7:30,PCOM AMB,Porites,245.3
8/23/2023,7:45,PCOM AMB,Porites,300.1
8/23/2023,8:00,PCOM AMB,Porites,164
8/23/2023,8:15,PCOM AMB,Porites,110.4
8/23/2023,8:30,PCOM AMB,Porites,267.5
8/23/2023,8:45,PCOM AMB,Porites,238.5
8/23/2023,9:00,PCOM AMB,Porites,218
8/23/2023,9:15,PCOM AMB,Porites,357.6
8/23/2023,9:30,PCOM AMB,Porites,328.4
8/23/2023,9:45,PCOM AMB,Porites,188.4
8/23/2023,10:00,PCOM AMB,Porites,191.4
8/23/2023,10:15,PCOM AMB,Porites,281
8/23/2023,10:30,PCOM AMB,Porites,252.3
8/23/2023,10:45,PCOM AMB,Porites,387
8/23/2023,11:00,PCOM AMB,Porites,331
8/23/2023,11:15,PCOM AMB,Porites,200
8/23/2023,11:30,PCOM AMB,Porites,275.8
8/23/2023,11:45,PCOM AMB,Porites,158.3
8/23/2023,12:00,PCOM AMB,Porites,339.1
8/23/2023,12:15,PCOM AMB,Porites,332.9
8/23/2023,12:30,PCOM AMB,Porites,308.7
8/23/2023,12:45,PCOM AMB,Porites,300.6
8/23/2023,13:00,PCOM AMB,Porites,183
8/23/2023,13:15,PCOM AMB,Porites,257.6
8/23/2023,13:30,PCOM AMB,Porites,276.8
8/23/2023,13:45,PCOM AMB,Porites,278
8/23/2023,14:00,PCOM AMB,Porites,275.5
8/23/2023,14:15,PCOM AMB,Porites,242.4
8/23/2023,14:30,PCOM AMB,Porites,241.8
8/23/2023,14:45,PCOM AMB,Porites,215.7
8/23/2023,15:00,PCOM AMB,Porites,221.6
8/23/2023,15:15,PCOM AMB,Porites,159
8/23/2023,15:30,PCOM AMB,Porites,51.2
8/23/2023,15:45,PCOM AMB,Porites,38
8/23/2023,16:00,PCOM AMB,Porites,34.3
8/23/2023,16:15,PCOM AMB,Porites,35
8/23/2023,16:30,PCOM AMB,Porites,33.8
8/23/2023,16:45,PCOM AMB,Porites,28.5
8/23/2023,17:00,PCOM AMB,Porites,27.8
8/23/2023,17:15,PCOM AMB,Porites,20
8/23/2023,17:30,PCOM AMB,Porites,27.6
8/23/2023,17:45,PCOM AMB,Porites,22.3
8/23/2023,18:00,PCOM AMB,Porites,14.3
8/23/2023,18:15,PCOM AMB,Porites,12.7
8/23/2023,18:30,PCOM AMB,Porites,8.3
8/23/2023,18:45,PCOM AMB,Porites,4.7
8/23/2023,19:00,PCOM AMB,Porites,1.8
8/23/2023,19:15,PCOM AMB,Porites,0.2
8/23/2023,19:30,PCOM AMB,Porites,0
8/23/2023,19:45,PCOM AMB,Porites,0
8/23/2023,20:00,PCOM AMB,Porites,0
8/23/2023,20:15,PCOM AMB,Porites,0
8/23/2023,20:30,PCOM AMB,Porites,0
8/23/2023,20:45,PCOM AMB,Porites,0
8/23/2023,21:00,PCOM AMB,Porites,0
8/23/2023,21:15,PCOM AMB,Porites,0
8/23/2023,21:30,PCOM AMB,Porites,0
8/23/2023,21:45,PCOM AMB,Porites,0
8/23/2023,22:00,PCOM AMB,Porites,0
8/23/2023,22:15,PCOM AMB,Porites,0
8/23/2023,22:30,PCOM AMB,Porites,0
8/23/2023,22:45,PCOM AMB,Porites,0
8/23/2023,23:00,PCOM AMB,Porites,0
8/23/2023,23:15,PCOM AMB,Porites,0
8/23/2023,23:30,PCOM AMB,Porites,0
8/23/2023,23:45,PCOM AMB,Porites,0
8/23/2023,0:00,PCOM AMB,Porites,0
8/24/2023,0:15,PCOM AMB,Porites,0
8/24/2023,0:30,PCOM AMB,Porites,0
8/24/2023,0:45,PCOM AMB,Porites,0
8/24/2023,1:00,PCOM AMB,Porites,0
8/24/2023,1:15,PCOM AMB,Porites,0
8/24/2023,1:30,PCOM AMB,Porites,0
8/24/2023,1:45,PCOM AMB,Porites,0
8/24/2023,2:00,PCOM AMB,Porites,0
8/24/2023,2:15,PCOM AMB,Porites,0
8/24/2023,2:30,PCOM AMB,Porites,0
8/24/2023,2:45,PCOM AMB,Porites,0
8/24/2023,3:00,PCOM AMB,Porites,0
8/24/2023,3:15,PCOM AMB,Porites,0
8/24/2023,3:30,PCOM AMB,Porites,0
8/24/2023,3:45,PCOM AMB,Porites,0
8/24/2023,4:00,PCOM AMB,Porites,0
8/24/2023,4:15,PCOM AMB,Porites,0
8/24/2023,4:30,PCOM AMB,Porites,0
8/24/2023,4:45,PCOM AMB,Porites,0
8/24/2023,5:00,PCOM AMB,Porites,0
8/24/2023,5:15,PCOM AMB,Porites,0
8/24/2023,5:30,PCOM AMB,Porites,0
8/24/2023,5:45,PCOM AMB,Porites,0
8/24/2023,6:00,PCOM AMB,Porites,0
8/24/2023,6:15,PCOM AMB,Porites,0.6
8/24/2023,6:30,PCOM AMB,Porites,4.7
8/24/2023,6:45,PCOM AMB,Porites,11.4
8/24/2023,7:00,PCOM AMB,Porites,24.4
8/24/2023,7:15,PCOM AMB,Porites,117.6
8/24/2023,7:30,PCOM AMB,Porites,156.9
8/24/2023,7:45,PCOM AMB,Porites,267.4
8/24/2023,8:00,PCOM AMB,Porites,115.3
8/24/2023,8:15,PCOM AMB,Porites,158.6
8/24/2023,8:30,PCOM AMB,Porites,419.7
8/24/2023,8:45,PCOM AMB,Porites,308.6
8/24/2023,9:00,PCOM AMB,Porites,209.6
8/24/2023,9:15,PCOM AMB,Porites,362.5
8/24/2023,9:30,PCOM AMB,Porites,326.1
8/24/2023,9:45,PCOM AMB,Porites,260.4
8/24/2023,10:00,PCOM AMB,Porites,157.7
8/24/2023,10:15,PCOM AMB,Porites,284.3
8/24/2023,10:30,PCOM AMB,Porites,408
8/24/2023,10:45,PCOM AMB,Porites,372.2
8/24/2023,11:00,PCOM AMB,Porites,338.8
8/24/2023,11:15,PCOM AMB,Porites,206.6
8/24/2023,11:30,PCOM AMB,Porites,296
8/24/2023,11:45,PCOM AMB,Porites,317.6
8/24/2023,12:00,PCOM AMB,Porites,226.8
8/24/2023,12:15,PCOM AMB,Porites,263.9
8/24/2023,12:30,PCOM AMB,Porites,251.1
8/24/2023,12:45,PCOM AMB,Porites,222
8/24/2023,13:00,PCOM AMB,Porites,332.7
8/24/2023,13:15,PCOM AMB,Porites,384.4
8/24/2023,13:30,PCOM AMB,Porites,362.9
8/24/2023,13:45,PCOM AMB,Porites,327.4
8/24/2023,14:00,PCOM AMB,Porites,282.9
8/24/2023,14:15,PCOM AMB,Porites,162.6
8/24/2023,14:30,PCOM AMB,Porites,129.1
8/24/2023,14:45,PCOM AMB,Porites,89.6
8/24/2023,15:00,PCOM AMB,Porites,94.7
8/24/2023,15:15,PCOM AMB,Porites,52.4
8/24/2023,15:30,PCOM AMB,Porites,54.8
8/24/2023,15:45,PCOM AMB,Porites,48.6
8/24/2023,16:00,PCOM AMB,Porites,49.9
8/24/2023,16:15,PCOM AMB,Porites,46.9
8/24/2023,16:30,PCOM AMB,Porites,37.7
8/24/2023,16:45,PCOM AMB,Porites,41.2
8/24/2023,17:00,PCOM AMB,Porites,37
8/24/2023,17:15,PCOM AMB,Porites,33.7
8/24/2023,17:30,PCOM AMB,Porites,28.8
8/24/2023,17:45,PCOM AMB,Porites,23.5
8/24/2023,18:00,PCOM AMB,Porites,14.1
8/24/2023,18:15,PCOM AMB,Porites,9.5
8/24/2023,18:30,PCOM AMB,Porites,6.8
8/24/2023,18:45,PCOM AMB,Porites,3.9
8/24/2023,19:00,PCOM AMB,Porites,1.6
8/24/2023,19:15,PCOM AMB,Porites,0.2
8/24/2023,19:30,PCOM AMB,Porites,0
8/24/2023,19:45,PCOM AMB,Porites,0
8/24/2023,20:00,PCOM AMB,Porites,0
8/24/2023,20:15,PCOM AMB,Porites,0
8/24/2023,20:30,PCOM AMB,Porites,0
8/24/2023,20:45,PCOM AMB,Porites,0
8/24/2023,21:00,PCOM AMB,Porites,0
8/24/2023,21:15,PCOM AMB,Porites,0
8/24/2023,21:30,PCOM AMB,Porites,0
8/24/2023,21:45,PCOM AMB,Porites,0
8/24/2023,22:00,PCOM AMB,Porites,0
8/24/2023,22:15,PCOM AMB,Porites,0
8/24/2023,22:30,PCOM AMB,Porites,0
8/24/2023,22:45,PCOM AMB,Porites,0
8/24/2023,23:00,PCOM AMB,Porites,0
8/24/2023,23:15,PCOM AMB,Porites,0
8/24/2023,23:30,PCOM AMB,Porites,0
8/24/2023,23:45,PCOM AMB,Porites,0
8/24/2023,0:00,PCOM AMB,Porites,0
8/25/2023,0:15,PCOM AMB,Porites,0
8/25/2023,0:30,PCOM AMB,Porites,0
8/25/2023,0:45,PCOM AMB,Porites,0
8/25/2023,1:00,PCOM AMB,Porites,0
8/25/2023,1:15,PCOM AMB,Porites,0
8/25/2023,1:30,PCOM AMB,Porites,0
8/25/2023,1:45,PCOM AMB,Porites,0
8/25/2023,2:00,PCOM AMB,Porites,0
8/25/2023,2:15,PCOM AMB,Porites,0
8/25/2023,2:30,PCOM AMB,Porites,0
8/25/2023,2:45,PCOM AMB,Porites,0
8/25/2023,3:00,PCOM AMB,Porites,0
8/25/2023,3:15,PCOM AMB,Porites,0
8/25/2023,3:30,PCOM AMB,Porites,0
8/25/2023,3:45,PCOM AMB,Porites,0
8/25/2023,4:00,PCOM AMB,Porites,0
8/25/2023,4:15,PCOM AMB,Porites,0
8/25/2023,4:30,PCOM AMB,Porites,0
8/25/2023,4:45,PCOM AMB,Porites,0
8/25/2023,5:00,PCOM AMB,Porites,0
8/25/2023,5:15,PCOM AMB,Porites,0
8/25/2023,5:30,PCOM AMB,Porites,0
8/25/2023,5:45,PCOM AMB,Porites,0
8/25/2023,6:00,PCOM AMB,Porites,0
8/25/2023,6:15,PCOM AMB,Porites,0.4
8/25/2023,6:30,PCOM AMB,Porites,2.4
8/25/2023,6:45,PCOM AMB,Porites,6
8/25/2023,7:00,PCOM AMB,Porites,11.6
8/25/2023,7:15,PCOM AMB,Porites,24
8/25/2023,7:30,PCOM AMB,Porites,32.8
8/25/2023,7:45,PCOM AMB,Porites,100.9
8/25/2023,8:00,PCOM AMB,Porites,124.7
8/25/2023,8:15,PCOM AMB,Porites,246.3
8/25/2023,8:30,PCOM AMB,Porites,427
8/25/2023,8:45,PCOM AMB,Porites,144
8/25/2023,9:00,PCOM AMB,Porites,206.1
8/25/2023,9:15,PCOM AMB,Porites,360.8
8/25/2023,9:30,PCOM AMB,Porites,294.7
8/25/2023,9:45,PCOM AMB,Porites,245.1
8/25/2023,10:00,PCOM AMB,Porites,178
8/25/2023,10:15,PCOM AMB,Porites,257.6
8/25/2023,10:30,PCOM AMB,Porites,427.3
8/25/2023,10:45,PCOM AMB,Porites,397.2
8/25/2023,11:00,PCOM AMB,Porites,303.5
8/25/2023,11:15,PCOM AMB,Porites,223.8
8/25/2023,11:30,PCOM AMB,Porites,335.7
8/25/2023,11:45,PCOM AMB,Porites,377.4
8/25/2023,12:00,PCOM AMB,Porites,339.8
8/25/2023,12:15,PCOM AMB,Porites,132.7
8/25/2023,12:30,PCOM AMB,Porites,136.9
8/25/2023,12:45,PCOM AMB,Porites,184.1
8/25/2023,13:00,PCOM AMB,Porites,199.3
8/25/2023,13:15,PCOM AMB,Porites,228.1
8/25/2023,13:30,PCOM AMB,Porites,151.1
8/25/2023,13:45,PCOM AMB,Porites,164.1
8/25/2023,14:00,PCOM AMB,Porites,184
8/25/2023,14:15,PCOM AMB,Porites,242.2
8/25/2023,14:30,PCOM AMB,Porites,220.2
8/25/2023,14:45,PCOM AMB,Porites,175.4
8/25/2023,15:00,PCOM AMB,Porites,130.7
8/25/2023,15:15,PCOM AMB,Porites,100.6
8/25/2023,15:30,PCOM AMB,Porites,99.2
8/25/2023,15:45,PCOM AMB,Porites,108.8
8/25/2023,16:00,PCOM AMB,Porites,90.7
8/25/2023,16:15,PCOM AMB,Porites,79.3
8/25/2023,16:30,PCOM AMB,Porites,72.6
8/25/2023,16:45,PCOM AMB,Porites,57.9
8/25/2023,17:00,PCOM AMB,Porites,39.3
8/25/2023,17:15,PCOM AMB,Porites,40.8
8/25/2023,17:30,PCOM AMB,Porites,24.6
8/25/2023,17:45,PCOM AMB,Porites,25
8/25/2023,18:00,PCOM AMB,Porites,12.8
8/25/2023,18:15,PCOM AMB,Porites,15.1
8/25/2023,18:30,PCOM AMB,Porites,7.6
8/25/2023,18:45,PCOM AMB,Porites,4
8/25/2023,19:00,PCOM AMB,Porites,1.6
8/25/2023,19:15,PCOM AMB,Porites,0.2
8/25/2023,19:30,PCOM AMB,Porites,0
8/25/2023,19:45,PCOM AMB,Porites,0
8/25/2023,20:00,PCOM AMB,Porites,0
8/25/2023,20:15,PCOM AMB,Porites,0
8/25/2023,20:30,PCOM AMB,Porites,0
8/25/2023,20:45,PCOM AMB,Porites,0
8/25/2023,21:00,PCOM AMB,Porites,0
8/25/2023,21:15,PCOM AMB,Porites,0
8/25/2023,21:30,PCOM AMB,Porites,0
8/25/2023,21:45,PCOM AMB,Porites,0
8/25/2023,22:00,PCOM AMB,Porites,0
8/25/2023,22:15,PCOM AMB,Porites,0
8/25/2023,22:30,PCOM AMB,Porites,0
8/25/2023,22:45,PCOM AMB,Porites,0
8/25/2023,23:00,PCOM AMB,Porites,0
8/25/2023,23:15,PCOM AMB,Porites,0
8/25/2023,23:30,PCOM AMB,Porites,0
8/25/2023,23:45,PCOM AMB,Porites,0
8/25/2023,0:00,PCOM AMB,Porites,0
8/26/2023,0:15,PCOM AMB,Porites,0
8/26/2023,0:30,PCOM AMB,Porites,0
8/26/2023,0:45,PCOM AMB,Porites,0
8/26/2023,1:00,PCOM AMB,Porites,0
8/26/2023,1:15,PCOM AMB,Porites,0
8/26/2023,1:30,PCOM AMB,Porites,0
8/26/2023,1:45,PCOM AMB,Porites,0
8/26/2023,2:00,PCOM AMB,Porites,0
8/26/2023,2:15,PCOM AMB,Porites,0
8/26/2023,2:30,PCOM AMB,Porites,0
8/26/2023,2:45,PCOM AMB,Porites,0
8/26/2023,3:00,PCOM AMB,Porites,0
8/26/2023,3:15,PCOM AMB,Porites,0
8/26/2023,3:30,PCOM AMB,Porites,0
8/26/2023,3:45,PCOM AMB,Porites,0
8/26/2023,4:00,PCOM AMB,Porites,0
8/26/2023,4:15,PCOM AMB,Porites,0
8/26/2023,4:30,PCOM AMB,Porites,0
8/26/2023,4:45,PCOM AMB,Porites,0
8/26/2023,5:00,PCOM AMB,Porites,0
8/26/2023,5:15,PCOM AMB,Porites,0
8/26/2023,5:30,PCOM AMB,Porites,0
8/26/2023,5:45,PCOM AMB,Porites,0
8/26/2023,6:00,PCOM AMB,Porites,0
8/26/2023,6:15,PCOM AMB,Porites,0.4
8/26/2023,6:30,PCOM AMB,Porites,2.4
8/26/2023,6:45,PCOM AMB,Porites,8.3
8/26/2023,7:00,PCOM AMB,Porites,17.5
8/26/2023,7:15,PCOM AMB,Porites,70.6
8/26/2023,7:30,PCOM AMB,Porites,62.9
8/26/2023,7:45,PCOM AMB,Porites,160.3
8/26/2023,8:00,PCOM AMB,Porites,48
8/26/2023,8:15,PCOM AMB,Porites,295.1
8/26/2023,8:30,PCOM AMB,Porites,374.6
8/26/2023,8:45,PCOM AMB,Porites,185.9
8/26/2023,9:00,PCOM AMB,Porites,269.6
8/26/2023,9:15,PCOM AMB,Porites,369.3
8/26/2023,9:30,PCOM AMB,Porites,259.5
8/26/2023,9:45,PCOM AMB,Porites,246.9
8/26/2023,10:00,PCOM AMB,Porites,194
8/26/2023,10:15,PCOM AMB,Porites,238.1
8/26/2023,10:30,PCOM AMB,Porites,348.5
8/26/2023,10:45,PCOM AMB,Porites,366.4
8/26/2023,11:00,PCOM AMB,Porites,216
8/26/2023,11:15,PCOM AMB,Porites,217.5
8/26/2023,11:30,PCOM AMB,Porites,256.7
8/26/2023,11:45,PCOM AMB,Porites,278.3
8/26/2023,12:00,PCOM AMB,Porites,349.7
8/26/2023,12:15,PCOM AMB,Porites,307.3
8/26/2023,12:30,PCOM AMB,Porites,261.4
8/26/2023,12:45,PCOM AMB,Porites,255.8
8/26/2023,13:00,PCOM AMB,Porites,112
8/26/2023,13:15,PCOM AMB,Porites,110.3
8/26/2023,13:30,PCOM AMB,Porites,142.3
8/26/2023,13:45,PCOM AMB,Porites,72.6
8/26/2023,14:00,PCOM AMB,Porites,88.4
8/26/2023,14:15,PCOM AMB,Porites,197.8
8/26/2023,14:30,PCOM AMB,Porites,189.6
8/26/2023,14:45,PCOM AMB,Porites,126.1
8/26/2023,15:00,PCOM AMB,Porites,94.7
8/26/2023,15:15,PCOM AMB,Porites,120.4
8/26/2023,15:30,PCOM AMB,Porites,101.9
8/26/2023,15:45,PCOM AMB,Porites,81.8
8/26/2023,16:00,PCOM AMB,Porites,87.4
8/26/2023,16:15,PCOM AMB,Porites,42
8/26/2023,16:30,PCOM AMB,Porites,18.8
8/26/2023,16:45,PCOM AMB,Porites,26.1
8/26/2023,17:00,PCOM AMB,Porites,30.2
8/26/2023,17:15,PCOM AMB,Porites,23.3
8/26/2023,17:30,PCOM AMB,Porites,30
8/26/2023,17:45,PCOM AMB,Porites,23.7
8/26/2023,18:00,PCOM AMB,Porites,16.2
8/26/2023,18:15,PCOM AMB,Porites,16.6
8/26/2023,18:30,PCOM AMB,Porites,9.5
8/26/2023,18:45,PCOM AMB,Porites,3.9
8/26/2023,19:00,PCOM AMB,Porites,1.3
8/26/2023,19:15,PCOM AMB,Porites,0.1
8/26/2023,19:30,PCOM AMB,Porites,0
8/26/2023,19:45,PCOM AMB,Porites,0
8/26/2023,20:00,PCOM AMB,Porites,0
8/26/2023,20:15,PCOM AMB,Porites,0
8/26/2023,20:30,PCOM AMB,Porites,0
8/26/2023,20:45,PCOM AMB,Porites,0
8/26/2023,21:00,PCOM AMB,Porites,0
8/26/2023,21:15,PCOM AMB,Porites,0
8/26/2023,21:30,PCOM AMB,Porites,0
8/26/2023,21:45,PCOM AMB,Porites,0
8/26/2023,22:00,PCOM AMB,Porites,0
8/26/2023,22:15,PCOM AMB,Porites,0
8/26/2023,22:30,PCOM AMB,Porites,0
8/26/2023,22:45,PCOM AMB,Porites,0
8/26/2023,23:00,PCOM AMB,Porites,0
8/26/2023,23:15,PCOM AMB,Porites,0
8/26/2023,23:30,PCOM AMB,Porites,0
8/26/2023,23:45,PCOM AMB,Porites,0
8/26/2023,0:00,PCOM AMB,Porites,0
8/27/2023,0:15,PCOM AMB,Porites,0
8/27/2023,0:30,PCOM AMB,Porites,0
8/27/2023,0:45,PCOM AMB,Porites,0
8/27/2023,1:00,PCOM AMB,Porites,0
8/27/2023,1:15,PCOM AMB,Porites,0
8/27/2023,1:30,PCOM AMB,Porites,0
8/27/2023,1:45,PCOM AMB,Porites,0
8/27/2023,2:00,PCOM AMB,Porites,0
8/27/2023,2:15,PCOM AMB,Porites,0
8/27/2023,2:30,PCOM AMB,Porites,0
8/27/2023,2:45,PCOM AMB,Porites,0
8/27/2023,3:00,PCOM AMB,Porites,0
8/27/2023,3:15,PCOM AMB,Porites,0
8/27/2023,3:30,PCOM AMB,Porites,0
8/27/2023,3:45,PCOM AMB,Porites,0
8/27/2023,4:00,PCOM AMB,Porites,0
8/27/2023,4:15,PCOM AMB,Porites,0
8/27/2023,4:30,PCOM AMB,Porites,0
8/27/2023,4:45,PCOM AMB,Porites,0
8/27/2023,5:00,PCOM AMB,Porites,0
8/27/2023,5:15,PCOM AMB,Porites,0
8/27/2023,5:30,PCOM AMB,Porites,0
8/27/2023,5:45,PCOM AMB,Porites,0
8/27/2023,6:00,PCOM AMB,Porites,0
8/27/2023,6:15,PCOM AMB,Porites,0.2
8/27/2023,6:30,PCOM AMB,Porites,3.2
8/27/2023,6:45,PCOM AMB,Porites,12.3
8/27/2023,7:00,PCOM AMB,Porites,42.3
8/27/2023,7:15,PCOM AMB,Porites,130.4
8/27/2023,7:30,PCOM AMB,Porites,224.6
8/27/2023,7:45,PCOM AMB,Porites,144.4
8/27/2023,8:00,PCOM AMB,Porites,43.7
8/27/2023,8:15,PCOM AMB,Porites,160.6
8/27/2023,8:30,PCOM AMB,Porites,85
8/27/2023,8:45,PCOM AMB,Porites,330.8
8/27/2023,9:00,PCOM AMB,Porites,162.1
8/27/2023,9:15,PCOM AMB,Porites,144.3
8/27/2023,9:30,PCOM AMB,Porites,122.9
8/27/2023,9:45,PCOM AMB,Porites,99.4
8/27/2023,10:00,PCOM AMB,Porites,121.4
8/27/2023,10:15,PCOM AMB,Porites,118.2
8/27/2023,10:30,PCOM AMB,Porites,146.7
8/27/2023,10:45,PCOM AMB,Porites,199.3
8/27/2023,11:00,PCOM AMB,Porites,226.1
8/27/2023,11:15,PCOM AMB,Porites,208.4
8/27/2023,11:30,PCOM AMB,Porites,239.7
8/27/2023,11:45,PCOM AMB,Porites,313.2
8/27/2023,12:00,PCOM AMB,Porites,294.9
8/27/2023,12:15,PCOM AMB,Porites,268.9
8/27/2023,12:30,PCOM AMB,Porites,143.8
8/27/2023,12:45,PCOM AMB,Porites,177.4
8/27/2023,13:00,PCOM AMB,Porites,184.4
8/27/2023,13:15,PCOM AMB,Porites,258.7
8/27/2023,13:30,PCOM AMB,Porites,344.6
8/27/2023,13:45,PCOM AMB,Porites,219.2
8/27/2023,14:00,PCOM AMB,Porites,182.4
8/27/2023,14:15,PCOM AMB,Porites,141.5
8/27/2023,14:30,PCOM AMB,Porites,89.2
8/27/2023,14:45,PCOM AMB,Porites,140.2
8/27/2023,15:00,PCOM AMB,Porites,210.9
8/27/2023,15:15,PCOM AMB,Porites,100.7
8/27/2023,15:30,PCOM AMB,Porites,69.7
8/27/2023,15:45,PCOM AMB,Porites,36.6
8/27/2023,16:00,PCOM AMB,Porites,25.2
8/27/2023,16:15,PCOM AMB,Porites,29
8/27/2023,16:30,PCOM AMB,Porites,46.9
8/27/2023,16:45,PCOM AMB,Porites,37.3
8/27/2023,17:00,PCOM AMB,Porites,30.6
8/27/2023,17:15,PCOM AMB,Porites,23.8
8/27/2023,17:30,PCOM AMB,Porites,24.8
8/27/2023,17:45,PCOM AMB,Porites,20.3
8/27/2023,18:00,PCOM AMB,Porites,17
8/27/2023,18:15,PCOM AMB,Porites,12.4
8/27/2023,18:30,PCOM AMB,Porites,6.4
8/27/2023,18:45,PCOM AMB,Porites,3.4
8/27/2023,19:00,PCOM AMB,Porites,1.2
8/27/2023,19:15,PCOM AMB,Porites,0.1
8/27/2023,19:30,PCOM AMB,Porites,0
8/27/2023,19:45,PCOM AMB,Porites,0
8/27/2023,20:00,PCOM AMB,Porites,0
8/27/2023,20:15,PCOM AMB,Porites,0
8/27/2023,20:30,PCOM AMB,Porites,0
8/27/2023,20:45,PCOM AMB,Porites,0
8/27/2023,21:00,PCOM AMB,Porites,0
8/27/2023,21:15,PCOM AMB,Porites,0
8/27/2023,21:30,PCOM AMB,Porites,0
8/27/2023,21:45,PCOM AMB,Porites,0
8/27/2023,22:00,PCOM AMB,Porites,0
8/27/2023,22:15,PCOM AMB,Porites,0
8/27/2023,22:30,PCOM AMB,Porites,0
8/27/2023,22:45,PCOM AMB,Porites,0
8/27/2023,23:00,PCOM AMB,Porites,0
8/27/2023,23:15,PCOM AMB,Porites,0
8/27/2023,23:30,PCOM AMB,Porites,0
8/27/2023,23:45,PCOM AMB,Porites,0
8/27/2023,0:00,PCOM AMB,Porites,0
8/28/2023,0:15,PCOM AMB,Porites,0
8/28/2023,0:30,PCOM AMB,Porites,0
8/28/2023,0:45,PCOM AMB,Porites,0
8/28/2023,1:00,PCOM AMB,Porites,0
8/28/2023,1:15,PCOM AMB,Porites,0
8/28/2023,1:30,PCOM AMB,Porites,0
8/28/2023,1:45,PCOM AMB,Porites,0
8/28/2023,2:00,PCOM AMB,Porites,0
8/28/2023,2:15,PCOM AMB,Porites,0
8/28/2023,2:30,PCOM AMB,Porites,0
8/28/2023,2:45,PCOM AMB,Porites,0
8/28/2023,3:00,PCOM AMB,Porites,0
8/28/2023,3:15,PCOM AMB,Porites,0
8/28/2023,3:30,PCOM AMB,Porites,0
8/28/2023,3:45,PCOM AMB,Porites,0
8/28/2023,4:00,PCOM AMB,Porites,0
8/28/2023,4:15,PCOM AMB,Porites,0
8/28/2023,4:30,PCOM AMB,Porites,0
8/28/2023,4:45,PCOM AMB,Porites,0
8/28/2023,5:00,PCOM AMB,Porites,0
8/28/2023,5:15,PCOM AMB,Porites,0
8/28/2023,5:30,PCOM AMB,Porites,0
8/28/2023,5:45,PCOM AMB,Porites,0
8/28/2023,6:00,PCOM AMB,Porites,0
8/28/2023,6:15,PCOM AMB,Porites,0.3
8/28/2023,6:30,PCOM AMB,Porites,2.6
8/28/2023,6:45,PCOM AMB,Porites,7.3
8/28/2023,7:00,PCOM AMB,Porites,17.6
8/28/2023,7:15,PCOM AMB,Porites,16.8
8/28/2023,7:30,PCOM AMB,Porites,15.1
8/28/2023,7:45,PCOM AMB,Porites,27
8/28/2023,8:00,PCOM AMB,Porites,27.1
8/28/2023,8:15,PCOM AMB,Porites,53.3
8/28/2023,8:30,PCOM AMB,Porites,152.4
8/28/2023,8:45,PCOM AMB,Porites,103.2
8/28/2023,9:00,PCOM AMB,Porites,235.3
8/28/2023,9:15,PCOM AMB,Porites,235.2
8/28/2023,9:30,PCOM AMB,Porites,225.2
8/28/2023,9:45,PCOM AMB,Porites,171.9
8/28/2023,10:00,PCOM AMB,Porites,137.7
8/28/2023,10:15,PCOM AMB,Porites,199.4
8/28/2023,10:30,PCOM AMB,Porites,248.9
8/28/2023,10:45,PCOM AMB,Porites,264
8/28/2023,11:00,PCOM AMB,Porites,250.1
8/28/2023,11:15,PCOM AMB,Porites,157.3
8/28/2023,11:30,PCOM AMB,Porites,259.7
8/28/2023,11:45,PCOM AMB,Porites,323
8/28/2023,12:00,PCOM AMB,Porites,346.3
8/28/2023,12:15,PCOM AMB,Porites,330.8
8/28/2023,12:30,PCOM AMB,Porites,314.7
8/28/2023,12:45,PCOM AMB,Porites,336.9
8/28/2023,13:00,PCOM AMB,Porites,337.8
8/28/2023,13:15,PCOM AMB,Porites,329.3
8/28/2023,13:30,PCOM AMB,Porites,330.3
8/28/2023,13:45,PCOM AMB,Porites,283.4
8/28/2023,14:00,PCOM AMB,Porites,266.9
8/28/2023,14:15,PCOM AMB,Porites,200.7
8/28/2023,14:30,PCOM AMB,Porites,139.5
8/28/2023,14:45,PCOM AMB,Porites,109.3
8/28/2023,15:00,PCOM AMB,Porites,54.3
8/28/2023,15:15,PCOM AMB,Porites,81.3
8/28/2023,15:30,PCOM AMB,Porites,71.5
8/28/2023,15:45,PCOM AMB,Porites,60.5
8/28/2023,16:00,PCOM AMB,Porites,40
8/28/2023,16:15,PCOM AMB,Porites,28.6
8/28/2023,16:30,PCOM AMB,Porites,31.6
8/28/2023,16:45,PCOM AMB,Porites,29.7
8/28/2023,17:00,PCOM AMB,Porites,19.7
8/28/2023,17:15,PCOM AMB,Porites,20.6
8/28/2023,17:30,PCOM AMB,Porites,15.2
8/28/2023,17:45,PCOM AMB,Porites,11
8/28/2023,18:00,PCOM AMB,Porites,8.7
8/28/2023,18:15,PCOM AMB,Porites,8
8/28/2023,18:30,PCOM AMB,Porites,4.4
8/28/2023,18:45,PCOM AMB,Porites,2.4
8/28/2023,19:00,PCOM AMB,Porites,0.6
8/28/2023,19:15,PCOM AMB,Porites,0
8/28/2023,19:30,PCOM AMB,Porites,0
8/28/2023,19:45,PCOM AMB,Porites,0
8/28/2023,20:00,PCOM AMB,Porites,0
8/28/2023,20:15,PCOM AMB,Porites,0
8/28/2023,20:30,PCOM AMB,Porites,0
8/28/2023,20:45,PCOM AMB,Porites,0
8/28/2023,21:00,PCOM AMB,Porites,0
8/28/2023,21:15,PCOM AMB,Porites,0
8/28/2023,21:30,PCOM AMB,Porites,0
8/28/2023,21:45,PCOM AMB,Porites,0
8/28/2023,22:00,PCOM AMB,Porites,0
8/28/2023,22:15,PCOM AMB,Porites,0
8/28/2023,22:30,PCOM AMB,Porites,0
8/28/2023,22:45,PCOM AMB,Porites,0
8/28/2023,23:00,PCOM AMB,Porites,0
8/28/2023,23:15,PCOM AMB,Porites,0
8/28/2023,23:30,PCOM AMB,Porites,0
8/28/2023,23:45,PCOM AMB,Porites,0
8/28/2023,0:00,PCOM AMB,Porites,0
8/29/2023,0:15,PCOM AMB,Porites,0
8/29/2023,0:30,PCOM AMB,Porites,0
8/29/2023,0:45,PCOM AMB,Porites,0
8/29/2023,1:00,PCOM AMB,Porites,0
8/29/2023,1:15,PCOM AMB,Porites,0
8/29/2023,1:30,PCOM AMB,Porites,0
8/29/2023,1:45,PCOM AMB,Porites,0
8/29/2023,2:00,PCOM AMB,Porites,0
8/29/2023,2:15,PCOM AMB,Porites,0
8/29/2023,2:30,PCOM AMB,Porites,0
8/29/2023,2:45,PCOM AMB,Porites,0
8/29/2023,3:00,PCOM AMB,Porites,0
8/29/2023,3:15,PCOM AMB,Porites,0
8/29/2023,3:30,PCOM AMB,Porites,0
8/29/2023,3:45,PCOM AMB,Porites,0
8/29/2023,4:00,PCOM AMB,Porites,0
8/29/2023,4:15,PCOM AMB,Porites,0
8/29/2023,4:30,PCOM AMB,Porites,0
8/29/2023,4:45,PCOM AMB,Porites,0
8/29/2023,5:00,PCOM AMB,Porites,0
8/29/2023,5:15,PCOM AMB,Porites,0
8/29/2023,5:30,PCOM AMB,Porites,0
8/29/2023,5:45,PCOM AMB,Porites,0
8/29/2023,6:00,PCOM AMB,Porites,0
8/29/2023,6:15,PCOM AMB,Porites,0.4
8/29/2023,6:30,PCOM AMB,Porites,2.5
8/29/2023,6:45,PCOM AMB,Porites,4.3
8/29/2023,7:00,PCOM AMB,Porites,13.9
8/29/2023,7:15,PCOM AMB,Porites,19.4
8/29/2023,7:30,PCOM AMB,Porites,20.4
8/29/2023,7:45,PCOM AMB,Porites,53.8
8/29/2023,8:00,PCOM AMB,Porites,113.3
8/29/2023,8:15,PCOM AMB,Porites,272.7
8/29/2023,8:30,PCOM AMB,Porites,210.9
8/29/2023,8:45,PCOM AMB,Porites,198.3
8/29/2023,9:00,PCOM AMB,Porites,137.1
8/29/2023,9:15,PCOM AMB,Porites,163.2
8/29/2023,9:30,PCOM AMB,Porites,201
8/29/2023,9:45,PCOM AMB,Porites,188
8/29/2023,10:00,PCOM AMB,Porites,125.1
8/29/2023,10:15,PCOM AMB,Porites,293.9
8/29/2023,10:30,PCOM AMB,Porites,468.9
8/29/2023,10:45,PCOM AMB,Porites,319.2
8/29/2023,11:00,PCOM AMB,Porites,341.9
8/29/2023,11:15,PCOM AMB,Porites,205.9
8/29/2023,11:30,PCOM AMB,Porites,301.5
8/29/2023,11:45,PCOM AMB,Porites,354.2
8/29/2023,12:00,PCOM AMB,Porites,341.1
8/29/2023,12:15,PCOM AMB,Porites,358.3
8/29/2023,12:30,PCOM AMB,Porites,315.9
8/29/2023,12:45,PCOM AMB,Porites,166.9
8/29/2023,13:00,PCOM AMB,Porites,193.9
8/29/2023,13:15,PCOM AMB,Porites,352.9
8/29/2023,13:30,PCOM AMB,Porites,356.1
8/29/2023,13:45,PCOM AMB,Porites,256.7
8/29/2023,14:00,PCOM AMB,Porites,347.4
8/29/2023,14:15,PCOM AMB,Porites,261.1
8/29/2023,14:30,PCOM AMB,Porites,141.3
8/29/2023,14:45,PCOM AMB,Porites,119.5
8/29/2023,15:00,PCOM AMB,Porites,129.5
8/29/2023,15:15,PCOM AMB,Porites,108
8/29/2023,15:30,PCOM AMB,Porites,76.9
8/29/2023,15:45,PCOM AMB,Porites,56.7
8/29/2023,16:00,PCOM AMB,Porites,58.4
8/29/2023,16:15,PCOM AMB,Porites,69.5
8/29/2023,16:30,PCOM AMB,Porites,81.5
8/29/2023,16:45,PCOM AMB,Porites,53
8/29/2023,17:00,PCOM AMB,Porites,47.5
8/29/2023,17:15,PCOM AMB,Porites,47.1
8/29/2023,17:30,PCOM AMB,Porites,38
8/29/2023,17:45,PCOM AMB,Porites,26.8
8/29/2023,18:00,PCOM AMB,Porites,21.9
8/29/2023,18:15,PCOM AMB,Porites,13.7
8/29/2023,18:30,PCOM AMB,Porites,7.3
8/29/2023,18:45,PCOM AMB,Porites,3.5
8/29/2023,19:00,PCOM AMB,Porites,0.9
8/29/2023,19:15,PCOM AMB,Porites,0
8/29/2023,19:30,PCOM AMB,Porites,0
8/29/2023,19:45,PCOM AMB,Porites,0
8/29/2023,20:00,PCOM AMB,Porites,0
8/29/2023,20:15,PCOM AMB,Porites,0
8/29/2023,20:30,PCOM AMB,Porites,0
8/29/2023,20:45,PCOM AMB,Porites,0
8/29/2023,21:00,PCOM AMB,Porites,0
8/29/2023,21:15,PCOM AMB,Porites,0
8/29/2023,21:30,PCOM AMB,Porites,0
8/29/2023,21:45,PCOM AMB,Porites,0
8/29/2023,22:00,PCOM AMB,Porites,0
8/29/2023,22:15,PCOM AMB,Porites,0
8/29/2023,22:30,PCOM AMB,Porites,0
8/29/2023,22:45,PCOM AMB,Porites,0
8/29/2023,23:00,PCOM AMB,Porites,0
8/29/2023,23:15,PCOM AMB,Porites,0
8/29/2023,23:30,PCOM AMB,Porites,0
8/29/2023,23:45,PCOM AMB,Porites,0
8/29/2023,0:00,PCOM AMB,Porites,0
8/30/2023,0:15,PCOM AMB,Porites,0
8/30/2023,0:30,PCOM AMB,Porites,0
8/30/2023,0:45,PCOM AMB,Porites,0
8/30/2023,1:00,PCOM AMB,Porites,0
8/30/2023,1:15,PCOM AMB,Porites,0
8/30/2023,1:30,PCOM AMB,Porites,0
8/30/2023,1:45,PCOM AMB,Porites,0
8/30/2023,2:00,PCOM AMB,Porites,0
8/30/2023,2:15,PCOM AMB,Porites,0
8/30/2023,2:30,PCOM AMB,Porites,0
8/30/2023,2:45,PCOM AMB,Porites,0
8/30/2023,3:00,PCOM AMB,Porites,0
8/30/2023,3:15,PCOM AMB,Porites,0
8/30/2023,3:30,PCOM AMB,Porites,0
8/30/2023,3:45,PCOM AMB,Porites,0
8/30/2023,4:00,PCOM AMB,Porites,0
8/30/2023,4:15,PCOM AMB,Porites,0
8/30/2023,4:30,PCOM AMB,Porites,0
8/30/2023,4:45,PCOM AMB,Porites,0
8/30/2023,5:00,PCOM AMB,Porites,0
8/30/2023,5:15,PCOM AMB,Porites,0
8/30/2023,5:30,PCOM AMB,Porites,0
8/30/2023,5:45,PCOM AMB,Porites,0
8/30/2023,6:00,PCOM AMB,Porites,0
8/30/2023,6:15,PCOM AMB,Porites,0.2
8/30/2023,6:30,PCOM AMB,Porites,3.1
8/30/2023,6:45,PCOM AMB,Porites,10.2
8/30/2023,7:00,PCOM AMB,Porites,29.7
8/30/2023,7:15,PCOM AMB,Porites,70.5
8/30/2023,7:30,PCOM AMB,Porites,61.1
8/30/2023,7:45,PCOM AMB,Porites,66.1
8/30/2023,8:00,PCOM AMB,Porites,84
8/30/2023,8:15,PCOM AMB,Porites,100.3
8/30/2023,8:30,PCOM AMB,Porites,64
8/30/2023,8:45,PCOM AMB,Porites,65
8/30/2023,9:00,PCOM AMB,Porites,110.1
8/30/2023,9:15,PCOM AMB,Porites,153.2
8/30/2023,9:30,PCOM AMB,Porites,78.7
8/30/2023,9:45,PCOM AMB,Porites,211.4
8/30/2023,10:00,PCOM AMB,Porites,128.1
8/30/2023,10:15,PCOM AMB,Porites,344.8
8/30/2023,10:30,PCOM AMB,Porites,389.7
8/30/2023,10:45,PCOM AMB,Porites,437.9
8/30/2023,11:00,PCOM AMB,Porites,336.2
8/30/2023,11:15,PCOM AMB,Porites,265.2
8/30/2023,11:30,PCOM AMB,Porites,282
8/30/2023,11:45,PCOM AMB,Porites,341.5
8/30/2023,12:00,PCOM AMB,Porites,242.3
8/30/2023,12:15,PCOM AMB,Porites,362.3
8/30/2023,12:30,PCOM AMB,Porites,277.4
8/30/2023,12:45,PCOM AMB,Porites,186.8
8/30/2023,13:00,PCOM AMB,Porites,181.7
8/30/2023,13:15,PCOM AMB,Porites,319.4
8/30/2023,13:30,PCOM AMB,Porites,255.1
8/30/2023,13:45,PCOM AMB,Porites,376.5
8/30/2023,14:00,PCOM AMB,Porites,356.1
8/30/2023,14:15,PCOM AMB,Porites,309.5
8/30/2023,14:30,PCOM AMB,Porites,294.9
8/30/2023,14:45,PCOM AMB,Porites,240.2
8/30/2023,15:00,PCOM AMB,Porites,306.2
8/30/2023,15:15,PCOM AMB,Porites,270
8/30/2023,15:30,PCOM AMB,Porites,143.7
8/30/2023,15:45,PCOM AMB,Porites,57.3
8/30/2023,16:00,PCOM AMB,Porites,42.6
8/30/2023,16:15,PCOM AMB,Porites,36.2
8/30/2023,16:30,PCOM AMB,Porites,41.4
8/30/2023,16:45,PCOM AMB,Porites,36.9
8/30/2023,17:00,PCOM AMB,Porites,32.8
8/30/2023,17:15,PCOM AMB,Porites,26.9
8/30/2023,17:30,PCOM AMB,Porites,31.7
8/30/2023,17:45,PCOM AMB,Porites,29.5
8/30/2023,18:00,PCOM AMB,Porites,15.8
8/30/2023,18:15,PCOM AMB,Porites,18.4
8/30/2023,18:30,PCOM AMB,Porites,8.5
8/30/2023,18:45,PCOM AMB,Porites,4.2
8/30/2023,19:00,PCOM AMB,Porites,1
8/30/2023,19:15,PCOM AMB,Porites,0.1
8/30/2023,19:30,PCOM AMB,Porites,0
8/30/2023,19:45,PCOM AMB,Porites,0
8/30/2023,20:00,PCOM AMB,Porites,0
8/30/2023,20:15,PCOM AMB,Porites,0
8/30/2023,20:30,PCOM AMB,Porites,0
8/30/2023,20:45,PCOM AMB,Porites,0
8/30/2023,21:00,PCOM AMB,Porites,0
8/30/2023,21:15,PCOM AMB,Porites,0
8/30/2023,21:30,PCOM AMB,Porites,0
8/30/2023,21:45,PCOM AMB,Porites,0
8/30/2023,22:00,PCOM AMB,Porites,0
8/30/2023,22:15,PCOM AMB,Porites,0
8/30/2023,22:30,PCOM AMB,Porites,0
8/30/2023,22:45,PCOM AMB,Porites,0
8/30/2023,23:00,PCOM AMB,Porites,0
8/30/2023,23:15,PCOM AMB,Porites,0
8/30/2023,23:30,PCOM AMB,Porites,0
8/30/2023,23:45,PCOM AMB,Porites,0
8/30/2023,0:00,PCOM AMB,Porites,0
8/31/2023,0:15,PCOM AMB,Porites,0
8/31/2023,0:30,PCOM AMB,Porites,0
8/31/2023,0:45,PCOM AMB,Porites,0
8/31/2023,1:00,PCOM AMB,Porites,0
8/31/2023,1:15,PCOM AMB,Porites,0
8/31/2023,1:30,PCOM AMB,Porites,0
8/31/2023,1:45,PCOM AMB,Porites,0
8/31/2023,2:00,PCOM AMB,Porites,0
8/31/2023,2:15,PCOM AMB,Porites,0
8/31/2023,2:30,PCOM AMB,Porites,0
8/31/2023,2:45,PCOM AMB,Porites,0
8/31/2023,3:00,PCOM AMB,Porites,0
8/31/2023,3:15,PCOM AMB,Porites,0
8/31/2023,3:30,PCOM AMB,Porites,0
8/31/2023,3:45,PCOM AMB,Porites,0
8/31/2023,4:00,PCOM AMB,Porites,0
8/31/2023,4:15,PCOM AMB,Porites,0
8/31/2023,4:30,PCOM AMB,Porites,0
8/31/2023,4:45,PCOM AMB,Porites,0
8/31/2023,5:00,PCOM AMB,Porites,0
8/31/2023,5:15,PCOM AMB,Porites,0
8/31/2023,5:30,PCOM AMB,Porites,0
8/31/2023,5:45,PCOM AMB,Porites,0
8/31/2023,6:00,PCOM AMB,Porites,0
8/31/2023,6:15,PCOM AMB,Porites,0.5
8/31/2023,6:30,PCOM AMB,Porites,3.6
8/31/2023,6:45,PCOM AMB,Porites,9.5
8/31/2023,7:00,PCOM AMB,Porites,13.6
8/31/2023,7:15,PCOM AMB,Porites,32.4
8/31/2023,7:30,PCOM AMB,Porites,42.6
8/31/2023,7:45,PCOM AMB,Porites,53.4
8/31/2023,8:00,PCOM AMB,Porites,44.1
8/31/2023,8:15,PCOM AMB,Porites,151
8/31/2023,8:30,PCOM AMB,Porites,149.6
8/31/2023,8:45,PCOM AMB,Porites,135.6
8/31/2023,9:00,PCOM AMB,Porites,155.1
8/31/2023,9:15,PCOM AMB,Porites,132.1
8/31/2023,9:30,PCOM AMB,Porites,141.7
8/31/2023,9:45,PCOM AMB,Porites,245
8/31/2023,10:00,PCOM AMB,Porites,292
8/31/2023,10:15,PCOM AMB,Porites,264.7
8/31/2023,10:30,PCOM AMB,Porites,238.7
8/31/2023,10:45,PCOM AMB,Porites,292.9
8/31/2023,11:00,PCOM AMB,Porites,367.1
8/31/2023,11:15,PCOM AMB,Porites,276.7
8/31/2023,11:30,PCOM AMB,Porites,290
8/31/2023,11:45,PCOM AMB,Porites,205.7
8/31/2023,12:00,PCOM AMB,Porites,291.2
8/31/2023,12:15,PCOM AMB,Porites,366.8
8/31/2023,12:30,PCOM AMB,Porites,281.3
8/31/2023,12:45,PCOM AMB,Porites,209.6
8/31/2023,13:00,PCOM AMB,Porites,208.2
8/31/2023,13:15,PCOM AMB,Porites,173
8/31/2023,13:30,PCOM AMB,Porites,251.1
8/31/2023,13:45,PCOM AMB,Porites,215.1
8/31/2023,14:00,PCOM AMB,Porites,195
8/31/2023,14:15,PCOM AMB,Porites,260.2
8/31/2023,14:30,PCOM AMB,Porites,188.5
8/31/2023,14:45,PCOM AMB,Porites,132.8
8/31/2023,15:00,PCOM AMB,Porites,86.3
8/31/2023,15:15,PCOM AMB,Porites,110.8
8/31/2023,15:30,PCOM AMB,Porites,108
8/31/2023,15:45,PCOM AMB,Porites,71.6
8/31/2023,16:00,PCOM AMB,Porites,44.9
8/31/2023,16:15,PCOM AMB,Porites,38.5
8/31/2023,16:30,PCOM AMB,Porites,30.7
8/31/2023,16:45,PCOM AMB,Porites,38.5
8/31/2023,17:00,PCOM AMB,Porites,38.2
8/31/2023,17:15,PCOM AMB,Porites,36.4
8/31/2023,17:30,PCOM AMB,Porites,30.7
8/31/2023,17:45,PCOM AMB,Porites,25.9
8/31/2023,18:00,PCOM AMB,Porites,18.9
8/31/2023,18:15,PCOM AMB,Porites,13.7
8/31/2023,18:30,PCOM AMB,Porites,8.2
8/31/2023,18:45,PCOM AMB,Porites,3.6
8/31/2023,19:00,PCOM AMB,Porites,0.9
8/31/2023,19:15,PCOM AMB,Porites,0
8/31/2023,19:30,PCOM AMB,Porites,0
8/31/2023,19:45,PCOM AMB,Porites,0
8/31/2023,20:00,PCOM AMB,Porites,0
8/31/2023,20:15,PCOM AMB,Porites,0
8/31/2023,20:30,PCOM AMB,Porites,0
8/31/2023,20:45,PCOM AMB,Porites,0
8/31/2023,21:00,PCOM AMB,Porites,0
8/31/2023,21:15,PCOM AMB,Porites,0
8/31/2023,21:30,PCOM AMB,Porites,0
8/31/2023,21:45,PCOM AMB,Porites,0
8/31/2023,22:00,PCOM AMB,Porites,0
8/31/2023,22:15,PCOM AMB,Porites,0
8/31/2023,22:30,PCOM AMB,Porites,0
8/31/2023,22:45,PCOM AMB,Porites,0
8/31/2023,23:00,PCOM AMB,Porites,0
8/31/2023,23:15,PCOM AMB,Porites,0
8/31/2023,23:30,PCOM AMB,Porites,0
8/31/2023,23:45,PCOM AMB,Porites,0
8/31/2023,0:00,PCOM AMB,Porites,0
9/1/2023,0:15,PCOM AMB,Porites,0
9/1/2023,0:30,PCOM AMB,Porites,0
9/1/2023,0:45,PCOM AMB,Porites,0
9/1/2023,1:00,PCOM AMB,Porites,0
9/1/2023,1:15,PCOM AMB,Porites,0
9/1/2023,1:30,PCOM AMB,Porites,0
9/1/2023,1:45,PCOM AMB,Porites,0
9/1/2023,2:00,PCOM AMB,Porites,0
9/1/2023,2:15,PCOM AMB,Porites,0
9/1/2023,2:30,PCOM AMB,Porites,0
9/1/2023,2:45,PCOM AMB,Porites,0
9/1/2023,3:00,PCOM AMB,Porites,0
9/1/2023,3:15,PCOM AMB,Porites,0
9/1/2023,3:30,PCOM AMB,Porites,0
9/1/2023,3:45,PCOM AMB,Porites,0
9/1/2023,4:00,PCOM AMB,Porites,0
9/1/2023,4:15,PCOM AMB,Porites,0
9/1/2023,4:30,PCOM AMB,Porites,0
9/1/2023,4:45,PCOM AMB,Porites,0
9/1/2023,5:00,PCOM AMB,Porites,0
9/1/2023,5:15,PCOM AMB,Porites,0
9/1/2023,5:30,PCOM AMB,Porites,0
9/1/2023,5:45,PCOM AMB,Porites,0
9/1/2023,6:00,PCOM AMB,Porites,0
9/1/2023,6:15,PCOM AMB,Porites,0.1
9/1/2023,6:30,PCOM AMB,Porites,1.1
9/1/2023,6:45,PCOM AMB,Porites,3.5
9/1/2023,7:00,PCOM AMB,Porites,6.2
9/1/2023,7:15,PCOM AMB,Porites,14.7
9/1/2023,7:30,PCOM AMB,Porites,19.2
9/1/2023,7:45,PCOM AMB,Porites,27.4
9/1/2023,8:00,PCOM AMB,Porites,78.2
9/1/2023,8:15,PCOM AMB,Porites,67.3
9/1/2023,8:30,PCOM AMB,Porites,151.8
9/1/2023,8:45,PCOM AMB,Porites,149.7
9/1/2023,9:00,PCOM AMB,Porites,132.5
9/1/2023,9:15,PCOM AMB,Porites,164
9/1/2023,9:30,PCOM AMB,Porites,254.2
9/1/2023,9:45,PCOM AMB,Porites,372.5
9/1/2023,10:00,PCOM AMB,Porites,239.6
9/1/2023,10:15,PCOM AMB,Porites,316.2
9/1/2023,10:30,PCOM AMB,Porites,374.7
9/1/2023,10:45,PCOM AMB,Porites,378.5
9/1/2023,11:00,PCOM AMB,Porites,486.8
9/1/2023,11:15,PCOM AMB,Porites,260.9
9/1/2023,11:30,PCOM AMB,Porites,320.5
9/1/2023,11:45,PCOM AMB,Porites,329.2
9/1/2023,12:00,PCOM AMB,Porites,289
9/1/2023,12:15,PCOM AMB,Porites,214.6
9/1/2023,12:30,PCOM AMB,Porites,311.2
9/1/2023,12:45,PCOM AMB,Porites,159.5
9/1/2023,13:00,PCOM AMB,Porites,154.8
9/1/2023,13:15,PCOM AMB,Porites,138.7
9/1/2023,13:30,PCOM AMB,Porites,263.6
9/1/2023,13:45,PCOM AMB,Porites,310.6
9/1/2023,14:00,PCOM AMB,Porites,303.7
9/1/2023,14:15,PCOM AMB,Porites,241.7
9/1/2023,14:30,PCOM AMB,Porites,328.3
9/1/2023,14:45,PCOM AMB,Porites,255.2
9/1/2023,15:00,PCOM AMB,Porites,157.5
9/1/2023,15:15,PCOM AMB,Porites,136
9/1/2023,15:30,PCOM AMB,Porites,53.4
9/1/2023,15:45,PCOM AMB,Porites,48.2
9/1/2023,16:00,PCOM AMB,Porites,51.5
9/1/2023,16:15,PCOM AMB,Porites,43.9
9/1/2023,16:30,PCOM AMB,Porites,37.7
9/1/2023,16:45,PCOM AMB,Porites,52.7
9/1/2023,17:00,PCOM AMB,Porites,34.9
9/1/2023,17:15,PCOM AMB,Porites,17.8
9/1/2023,17:30,PCOM AMB,Porites,23.8
9/1/2023,17:45,PCOM AMB,Porites,17.1
9/1/2023,18:00,PCOM AMB,Porites,9.5
9/1/2023,18:15,PCOM AMB,Porites,8.6
9/1/2023,18:30,PCOM AMB,Porites,6.8
9/1/2023,18:45,PCOM AMB,Porites,2.7
9/1/2023,19:00,PCOM AMB,Porites,0.7
9/1/2023,19:15,PCOM AMB,Porites,0
9/1/2023,19:30,PCOM AMB,Porites,0
9/1/2023,19:45,PCOM AMB,Porites,0
9/1/2023,20:00,PCOM AMB,Porites,0
9/1/2023,20:15,PCOM AMB,Porites,0
9/1/2023,20:30,PCOM AMB,Porites,0
9/1/2023,20:45,PCOM AMB,Porites,0
9/1/2023,21:00,PCOM AMB,Porites,0
9/1/2023,21:15,PCOM AMB,Porites,0
9/1/2023,21:30,PCOM AMB,Porites,0.1
9/1/2023,21:45,PCOM AMB,Porites,0
9/1/2023,22:00,PCOM AMB,Porites,0
9/1/2023,22:15,PCOM AMB,Porites,0
9/1/2023,22:30,PCOM AMB,Porites,0
9/1/2023,22:45,PCOM AMB,Porites,0
9/1/2023,23:00,PCOM AMB,Porites,0
9/1/2023,23:15,PCOM AMB,Porites,0
9/1/2023,23:30,PCOM AMB,Porites,0
9/1/2023,23:45,PCOM AMB,Porites,0
9/1/2023,0:00,PCOM AMB,Porites,0
9/2/2023,0:15,PCOM AMB,Porites,0
9/2/2023,0:30,PCOM AMB,Porites,0
9/2/2023,0:45,PCOM AMB,Porites,0
9/2/2023,1:00,PCOM AMB,Porites,0
9/2/2023,1:15,PCOM AMB,Porites,0
9/2/2023,1:30,PCOM AMB,Porites,0
9/2/2023,1:45,PCOM AMB,Porites,0
9/2/2023,2:00,PCOM AMB,Porites,0
9/2/2023,2:15,PCOM AMB,Porites,0
9/2/2023,2:30,PCOM AMB,Porites,0
9/2/2023,2:45,PCOM AMB,Porites,0
9/2/2023,3:00,PCOM AMB,Porites,0
9/2/2023,3:15,PCOM AMB,Porites,0
9/2/2023,3:30,PCOM AMB,Porites,0
9/2/2023,3:45,PCOM AMB,Porites,0
9/2/2023,4:00,PCOM AMB,Porites,0
9/2/2023,4:15,PCOM AMB,Porites,0
9/2/2023,4:30,PCOM AMB,Porites,0
9/2/2023,4:45,PCOM AMB,Porites,0
9/2/2023,5:00,PCOM AMB,Porites,0
9/2/2023,5:15,PCOM AMB,Porites,0
9/2/2023,5:30,PCOM AMB,Porites,0
9/2/2023,5:45,PCOM AMB,Porites,0
9/2/2023,6:00,PCOM AMB,Porites,0
9/2/2023,6:15,PCOM AMB,Porites,0.2
9/2/2023,6:30,PCOM AMB,Porites,1.9
9/2/2023,6:45,PCOM AMB,Porites,5.2
9/2/2023,7:00,PCOM AMB,Porites,10.1
9/2/2023,7:15,PCOM AMB,Porites,17.7
9/2/2023,7:30,PCOM AMB,Porites,27.7
9/2/2023,7:45,PCOM AMB,Porites,41.9
9/2/2023,8:00,PCOM AMB,Porites,61.3
9/2/2023,8:15,PCOM AMB,Porites,52.6
9/2/2023,8:30,PCOM AMB,Porites,85.3
9/2/2023,8:45,PCOM AMB,Porites,119
9/2/2023,9:00,PCOM AMB,Porites,141.3
9/2/2023,9:15,PCOM AMB,Porites,145.6
9/2/2023,9:30,PCOM AMB,Porites,107.3
9/2/2023,9:45,PCOM AMB,Porites,167.5
9/2/2023,10:00,PCOM AMB,Porites,109.4
9/2/2023,10:15,PCOM AMB,Porites,80.6
9/2/2023,10:30,PCOM AMB,Porites,332.7
9/2/2023,10:45,PCOM AMB,Porites,328.9
9/2/2023,11:00,PCOM AMB,Porites,352.9
9/2/2023,11:15,PCOM AMB,Porites,150.9
9/2/2023,11:30,PCOM AMB,Porites,120.2
9/2/2023,11:45,PCOM AMB,Porites,95.2
9/2/2023,12:00,PCOM AMB,Porites,133.2
9/2/2023,12:15,PCOM AMB,Porites,120.1
9/2/2023,12:30,PCOM AMB,Porites,161.3
9/2/2023,12:45,PCOM AMB,Porites,157.6
9/2/2023,13:00,PCOM AMB,Porites,142.2
9/2/2023,13:15,PCOM AMB,Porites,124.7
9/2/2023,13:30,PCOM AMB,Porites,136
9/2/2023,13:45,PCOM AMB,Porites,158.2
9/2/2023,14:00,PCOM AMB,Porites,125.9
9/2/2023,14:15,PCOM AMB,Porites,128.9
9/2/2023,14:30,PCOM AMB,Porites,88
9/2/2023,14:45,PCOM AMB,Porites,148.4
9/2/2023,15:00,PCOM AMB,Porites,278.4
9/2/2023,15:15,PCOM AMB,Porites,133.5
9/2/2023,15:30,PCOM AMB,Porites,83.8
9/2/2023,15:45,PCOM AMB,Porites,53.7
9/2/2023,16:00,PCOM AMB,Porites,38.2
9/2/2023,16:15,PCOM AMB,Porites,39.1
9/2/2023,16:30,PCOM AMB,Porites,34
9/2/2023,16:45,PCOM AMB,Porites,33.5
9/2/2023,17:00,PCOM AMB,Porites,42.3
9/2/2023,17:15,PCOM AMB,Porites,30.2
9/2/2023,17:30,PCOM AMB,Porites,21.5
9/2/2023,17:45,PCOM AMB,Porites,16.7
9/2/2023,18:00,PCOM AMB,Porites,13.1
9/2/2023,18:15,PCOM AMB,Porites,17.4
9/2/2023,18:30,PCOM AMB,Porites,7.7
9/2/2023,18:45,PCOM AMB,Porites,2.8
9/2/2023,19:00,PCOM AMB,Porites,0.6
9/2/2023,19:15,PCOM AMB,Porites,0
9/2/2023,19:30,PCOM AMB,Porites,0
9/2/2023,19:45,PCOM AMB,Porites,0
9/2/2023,20:00,PCOM AMB,Porites,0
9/2/2023,20:15,PCOM AMB,Porites,0
9/2/2023,20:30,PCOM AMB,Porites,0
9/2/2023,20:45,PCOM AMB,Porites,0
9/2/2023,21:00,PCOM AMB,Porites,0
9/2/2023,21:15,PCOM AMB,Porites,0
9/2/2023,21:30,PCOM AMB,Porites,0
9/2/2023,21:45,PCOM AMB,Porites,0
9/2/2023,22:00,PCOM AMB,Porites,0
9/2/2023,22:15,PCOM AMB,Porites,0
9/2/2023,22:30,PCOM AMB,Porites,0
9/2/2023,22:45,PCOM AMB,Porites,0
9/2/2023,23:00,PCOM AMB,Porites,0
9/2/2023,23:15,PCOM AMB,Porites,0
9/2/2023,23:30,PCOM AMB,Porites,0
9/2/2023,23:45,PCOM AMB,Porites,0
9/2/2023,0:00,PCOM AMB,Porites,0
9/3/2023,0:15,PCOM AMB,Porites,0
9/3/2023,0:30,PCOM AMB,Porites,0
9/3/2023,0:45,PCOM AMB,Porites,0
9/3/2023,1:00,PCOM AMB,Porites,0
9/3/2023,1:15,PCOM AMB,Porites,0
9/3/2023,1:30,PCOM AMB,Porites,0
9/3/2023,1:45,PCOM AMB,Porites,0
9/3/2023,2:00,PCOM AMB,Porites,0
9/3/2023,2:15,PCOM AMB,Porites,0
9/3/2023,2:30,PCOM AMB,Porites,0
9/3/2023,2:45,PCOM AMB,Porites,0
9/3/2023,3:00,PCOM AMB,Porites,0
9/3/2023,3:15,PCOM AMB,Porites,0
9/3/2023,3:30,PCOM AMB,Porites,0
9/3/2023,3:45,PCOM AMB,Porites,0
9/3/2023,4:00,PCOM AMB,Porites,0
9/3/2023,4:15,PCOM AMB,Porites,0
9/3/2023,4:30,PCOM AMB,Porites,0
9/3/2023,4:45,PCOM AMB,Porites,0
9/3/2023,5:00,PCOM AMB,Porites,0
9/3/2023,5:15,PCOM AMB,Porites,0
9/3/2023,5:30,PCOM AMB,Porites,0
9/3/2023,5:45,PCOM AMB,Porites,0
9/3/2023,6:00,PCOM AMB,Porites,0
9/3/2023,6:15,PCOM AMB,Porites,0.2
9/3/2023,6:30,PCOM AMB,Porites,3
9/3/2023,6:45,PCOM AMB,Porites,9.4
9/3/2023,7:00,PCOM AMB,Porites,30.5
9/3/2023,7:15,PCOM AMB,Porites,46.2
9/3/2023,7:30,PCOM AMB,Porites,38.5
9/3/2023,7:45,PCOM AMB,Porites,40.4
9/3/2023,8:00,PCOM AMB,Porites,164.2
9/3/2023,8:15,PCOM AMB,Porites,69.3
9/3/2023,8:30,PCOM AMB,Porites,125.3
9/3/2023,8:45,PCOM AMB,Porites,98.2
9/3/2023,9:00,PCOM AMB,Porites,110.8
9/3/2023,9:15,PCOM AMB,Porites,85.3
9/3/2023,9:30,PCOM AMB,Porites,59.4
9/3/2023,9:45,PCOM AMB,Porites,58.8
9/3/2023,10:00,PCOM AMB,Porites,92
9/3/2023,10:15,PCOM AMB,Porites,140.2
9/3/2023,10:30,PCOM AMB,Porites,149.6
9/3/2023,10:45,PCOM AMB,Porites,90.3
9/3/2023,11:00,PCOM AMB,Porites,59.9
9/3/2023,11:15,PCOM AMB,Porites,66.3
9/3/2023,11:30,PCOM AMB,Porites,67.8
9/3/2023,11:45,PCOM AMB,Porites,65.2
9/3/2023,12:00,PCOM AMB,Porites,61.1
9/3/2023,12:15,PCOM AMB,Porites,81
9/3/2023,12:30,PCOM AMB,Porites,81.6
9/3/2023,12:45,PCOM AMB,Porites,144.8
9/3/2023,13:00,PCOM AMB,Porites,235.7
9/3/2023,13:15,PCOM AMB,Porites,280
9/3/2023,13:30,PCOM AMB,Porites,319.1
9/3/2023,13:45,PCOM AMB,Porites,277
9/3/2023,14:00,PCOM AMB,Porites,247.6
9/3/2023,14:15,PCOM AMB,Porites,161
9/3/2023,14:30,PCOM AMB,Porites,140.9
9/3/2023,14:45,PCOM AMB,Porites,153.1
9/3/2023,15:00,PCOM AMB,Porites,216.1
9/3/2023,15:15,PCOM AMB,Porites,97.9
9/3/2023,15:30,PCOM AMB,Porites,104.3
9/3/2023,15:45,PCOM AMB,Porites,54.6
9/3/2023,16:00,PCOM AMB,Porites,44.1
9/3/2023,16:15,PCOM AMB,Porites,53.2
9/3/2023,16:30,PCOM AMB,Porites,32.9
9/3/2023,16:45,PCOM AMB,Porites,31.1
9/3/2023,17:00,PCOM AMB,Porites,22.4
9/3/2023,17:15,PCOM AMB,Porites,23
9/3/2023,17:30,PCOM AMB,Porites,17.2
9/3/2023,17:45,PCOM AMB,Porites,17.9
9/3/2023,18:00,PCOM AMB,Porites,16.2
9/3/2023,18:15,PCOM AMB,Porites,11.3
9/3/2023,18:30,PCOM AMB,Porites,8.5
9/3/2023,18:45,PCOM AMB,Porites,2.8
9/3/2023,19:00,PCOM AMB,Porites,0.5
9/3/2023,19:15,PCOM AMB,Porites,0
9/3/2023,19:30,PCOM AMB,Porites,0
9/3/2023,19:45,PCOM AMB,Porites,0
9/3/2023,20:00,PCOM AMB,Porites,0
9/3/2023,20:15,PCOM AMB,Porites,0
9/3/2023,20:30,PCOM AMB,Porites,0
9/3/2023,20:45,PCOM AMB,Porites,0
9/3/2023,21:00,PCOM AMB,Porites,0
9/3/2023,21:15,PCOM AMB,Porites,0
9/3/2023,21:30,PCOM AMB,Porites,0
9/3/2023,21:45,PCOM AMB,Porites,0
9/3/2023,22:00,PCOM AMB,Porites,0
9/3/2023,22:15,PCOM AMB,Porites,0
9/3/2023,22:30,PCOM AMB,Porites,0
9/3/2023,22:45,PCOM AMB,Porites,0
9/3/2023,23:00,PCOM AMB,Porites,0
9/3/2023,23:15,PCOM AMB,Porites,0
9/3/2023,23:30,PCOM AMB,Porites,0
9/3/2023,23:45,PCOM AMB,Porites,0
9/3/2023,0:00,PCOM AMB,Porites,0
9/4/2023,0:15,PCOM AMB,Porites,0
9/4/2023,0:30,PCOM AMB,Porites,0
9/4/2023,0:45,PCOM AMB,Porites,0
9/4/2023,1:00,PCOM AMB,Porites,0
9/4/2023,1:15,PCOM AMB,Porites,0
9/4/2023,1:30,PCOM AMB,Porites,0
9/4/2023,1:45,PCOM AMB,Porites,0
9/4/2023,2:00,PCOM AMB,Porites,0
9/4/2023,2:15,PCOM AMB,Porites,0
9/4/2023,2:30,PCOM AMB,Porites,0
9/4/2023,2:45,PCOM AMB,Porites,0
9/4/2023,3:00,PCOM AMB,Porites,0
9/4/2023,3:15,PCOM AMB,Porites,0
9/4/2023,3:30,PCOM AMB,Porites,0
9/4/2023,3:45,PCOM AMB,Porites,0
9/4/2023,4:00,PCOM AMB,Porites,0
9/4/2023,4:15,PCOM AMB,Porites,0
9/4/2023,4:30,PCOM AMB,Porites,0
9/4/2023,4:45,PCOM AMB,Porites,0
9/4/2023,5:00,PCOM AMB,Porites,0
9/4/2023,5:15,PCOM AMB,Porites,0
9/4/2023,5:30,PCOM AMB,Porites,0
9/4/2023,5:45,PCOM AMB,Porites,0
9/4/2023,6:00,PCOM AMB,Porites,0
9/4/2023,6:15,PCOM AMB,Porites,0.3
9/4/2023,6:30,PCOM AMB,Porites,2.6
9/4/2023,6:45,PCOM AMB,Porites,8.4
9/4/2023,7:00,PCOM AMB,Porites,16.4
9/4/2023,7:15,PCOM AMB,Porites,30
9/4/2023,7:30,PCOM AMB,Porites,24.3
9/4/2023,7:45,PCOM AMB,Porites,60
9/4/2023,8:00,PCOM AMB,Porites,121.6
9/4/2023,8:15,PCOM AMB,Porites,155.3
9/4/2023,8:30,PCOM AMB,Porites,148.5
9/4/2023,8:45,PCOM AMB,Porites,156.5
9/4/2023,9:00,PCOM AMB,Porites,193.6
9/4/2023,9:15,PCOM AMB,Porites,205.4
9/4/2023,9:30,PCOM AMB,Porites,230.3
9/4/2023,9:45,PCOM AMB,Porites,211.5
9/4/2023,10:00,PCOM AMB,Porites,162.7
9/4/2023,10:15,PCOM AMB,Porites,233
9/4/2023,10:30,PCOM AMB,Porites,335.6
9/4/2023,10:45,PCOM AMB,Porites,510.9
9/4/2023,11:00,PCOM AMB,Porites,590.4
9/4/2023,11:15,PCOM AMB,Porites,345.9
9/4/2023,11:30,PCOM AMB,Porites,355.6
9/4/2023,11:45,PCOM AMB,Porites,296.3
9/4/2023,12:00,PCOM AMB,Porites,147
9/4/2023,12:15,PCOM AMB,Porites,134.4
9/4/2023,12:30,PCOM AMB,Porites,283.5
9/4/2023,12:45,PCOM AMB,Porites,372.3
9/4/2023,13:00,PCOM AMB,Porites,374.2
9/4/2023,13:15,PCOM AMB,Porites,372.2
9/4/2023,13:30,PCOM AMB,Porites,310.4
9/4/2023,13:45,PCOM AMB,Porites,339.2
9/4/2023,14:00,PCOM AMB,Porites,311.7
9/4/2023,14:15,PCOM AMB,Porites,274.5
9/4/2023,14:30,PCOM AMB,Porites,253.6
9/4/2023,14:45,PCOM AMB,Porites,224
9/4/2023,15:00,PCOM AMB,Porites,274.7
9/4/2023,15:15,PCOM AMB,Porites,228.7
9/4/2023,15:30,PCOM AMB,Porites,97.1
9/4/2023,15:45,PCOM AMB,Porites,42.3
9/4/2023,16:00,PCOM AMB,Porites,28.9
9/4/2023,16:15,PCOM AMB,Porites,23.1
9/4/2023,16:30,PCOM AMB,Porites,20.5
9/4/2023,16:45,PCOM AMB,Porites,22.4
9/4/2023,17:00,PCOM AMB,Porites,20.4
9/4/2023,17:15,PCOM AMB,Porites,15.6
9/4/2023,17:30,PCOM AMB,Porites,18
9/4/2023,17:45,PCOM AMB,Porites,27.9
9/4/2023,18:00,PCOM AMB,Porites,17.5
9/4/2023,18:15,PCOM AMB,Porites,11.7
9/4/2023,18:30,PCOM AMB,Porites,6.2
9/4/2023,18:45,PCOM AMB,Porites,2.6
9/4/2023,19:00,PCOM AMB,Porites,0.5
9/4/2023,19:15,PCOM AMB,Porites,0
9/4/2023,19:30,PCOM AMB,Porites,0
9/4/2023,19:45,PCOM AMB,Porites,0
9/4/2023,20:00,PCOM AMB,Porites,0
9/4/2023,20:15,PCOM AMB,Porites,0
9/4/2023,20:30,PCOM AMB,Porites,0
9/4/2023,20:45,PCOM AMB,Porites,0
9/4/2023,21:00,PCOM AMB,Porites,0
9/4/2023,21:15,PCOM AMB,Porites,0
9/4/2023,21:30,PCOM AMB,Porites,0
9/4/2023,21:45,PCOM AMB,Porites,0
9/4/2023,22:00,PCOM AMB,Porites,0
9/4/2023,22:15,PCOM AMB,Porites,0
9/4/2023,22:30,PCOM AMB,Porites,0
9/4/2023,22:45,PCOM AMB,Porites,0
9/4/2023,23:00,PCOM AMB,Porites,0
9/4/2023,23:15,PCOM AMB,Porites,0
9/4/2023,23:30,PCOM AMB,Porites,0
9/4/2023,23:45,PCOM AMB,Porites,0
9/4/2023,0:00,PCOM AMB,Porites,0
9/5/2023,0:15,PCOM AMB,Porites,0
9/5/2023,0:30,PCOM AMB,Porites,0
9/5/2023,0:45,PCOM AMB,Porites,0
9/5/2023,1:00,PCOM AMB,Porites,0
9/5/2023,1:15,PCOM AMB,Porites,0
9/5/2023,1:30,PCOM AMB,Porites,0
9/5/2023,1:45,PCOM AMB,Porites,0
9/5/2023,2:00,PCOM AMB,Porites,0
9/5/2023,2:15,PCOM AMB,Porites,0
9/5/2023,2:30,PCOM AMB,Porites,0
9/5/2023,2:45,PCOM AMB,Porites,0
9/5/2023,3:00,PCOM AMB,Porites,0
9/5/2023,3:15,PCOM AMB,Porites,0
9/5/2023,3:30,PCOM AMB,Porites,0
9/5/2023,3:45,PCOM AMB,Porites,0
9/5/2023,4:00,PCOM AMB,Porites,0
9/5/2023,4:15,PCOM AMB,Porites,0
9/5/2023,4:30,PCOM AMB,Porites,0
9/5/2023,4:45,PCOM AMB,Porites,0
9/5/2023,5:00,PCOM AMB,Porites,0
9/5/2023,5:15,PCOM AMB,Porites,0
9/5/2023,5:30,PCOM AMB,Porites,0
9/5/2023,5:45,PCOM AMB,Porites,0
9/5/2023,6:00,PCOM AMB,Porites,0
9/5/2023,6:15,PCOM AMB,Porites,0.3
9/5/2023,6:30,PCOM AMB,Porites,2.9
9/5/2023,6:45,PCOM AMB,Porites,9.7
9/5/2023,7:00,PCOM AMB,Porites,28.2
9/5/2023,7:15,PCOM AMB,Porites,36.1
9/5/2023,7:30,PCOM AMB,Porites,25.8
9/5/2023,7:45,PCOM AMB,Porites,33.1
9/5/2023,8:00,PCOM AMB,Porites,100.2
9/5/2023,8:15,PCOM AMB,Porites,89
9/5/2023,8:30,PCOM AMB,Porites,90.7
9/5/2023,8:45,PCOM AMB,Porites,80.2
9/5/2023,10:15,PCOM AMB,Porites,462.8
9/5/2023,10:30,PCOM AMB,Porites,312.6
9/5/2023,10:45,PCOM AMB,Porites,377.7
9/5/2023,11:00,PCOM AMB,Porites,615.4
9/5/2023,11:15,PCOM AMB,Porites,337.7
9/5/2023,11:30,PCOM AMB,Porites,343.7
9/5/2023,11:45,PCOM AMB,Porites,345.9
9/5/2023,12:00,PCOM AMB,Porites,323.9
9/5/2023,12:15,PCOM AMB,Porites,342
9/5/2023,12:30,PCOM AMB,Porites,328.3
9/5/2023,12:45,PCOM AMB,Porites,340.2
9/5/2023,13:00,PCOM AMB,Porites,291.8
9/5/2023,13:15,PCOM AMB,Porites,325.1
9/5/2023,13:30,PCOM AMB,Porites,326.6
9/5/2023,13:45,PCOM AMB,Porites,288.4
9/5/2023,14:00,PCOM AMB,Porites,168.6
9/5/2023,14:15,PCOM AMB,Porites,126.8
9/5/2023,14:30,PCOM AMB,Porites,126.8
9/5/2023,14:45,PCOM AMB,Porites,169.2
9/5/2023,15:00,PCOM AMB,Porites,157.3
9/5/2023,15:15,PCOM AMB,Porites,158
9/5/2023,15:30,PCOM AMB,Porites,136.9
9/5/2023,15:45,PCOM AMB,Porites,82.2
9/5/2023,16:00,PCOM AMB,Porites,81.8
9/5/2023,16:15,PCOM AMB,Porites,63.6
9/5/2023,16:30,PCOM AMB,Porites,67
9/5/2023,16:45,PCOM AMB,Porites,84.1
9/5/2023,17:00,PCOM AMB,Porites,61.4
9/5/2023,17:15,PCOM AMB,Porites,47.4
9/5/2023,17:30,PCOM AMB,Porites,46.4
9/5/2023,17:45,PCOM AMB,Porites,25.1
9/5/2023,18:00,PCOM AMB,Porites,17.1
9/5/2023,18:15,PCOM AMB,Porites,13.3
9/5/2023,18:30,PCOM AMB,Porites,6.8
9/5/2023,18:45,PCOM AMB,Porites,2.7
9/5/2023,19:00,PCOM AMB,Porites,0.5
9/5/2023,19:15,PCOM AMB,Porites,0
9/5/2023,19:30,PCOM AMB,Porites,0
9/5/2023,19:45,PCOM AMB,Porites,0
9/5/2023,20:00,PCOM AMB,Porites,0
9/5/2023,20:15,PCOM AMB,Porites,0
9/5/2023,20:30,PCOM AMB,Porites,0
9/5/2023,20:45,PCOM AMB,Porites,0
9/5/2023,21:00,PCOM AMB,Porites,0
9/5/2023,21:15,PCOM AMB,Porites,0
9/5/2023,21:30,PCOM AMB,Porites,0
9/5/2023,21:45,PCOM AMB,Porites,0
9/5/2023,22:00,PCOM AMB,Porites,0
9/5/2023,22:15,PCOM AMB,Porites,0
9/5/2023,22:30,PCOM AMB,Porites,0
9/5/2023,22:45,PCOM AMB,Porites,0
9/5/2023,23:00,PCOM AMB,Porites,0
9/5/2023,23:15,PCOM AMB,Porites,0
9/5/2023,23:30,PCOM AMB,Porites,0
9/5/2023,23:45,PCOM AMB,Porites,0
9/5/2023,0:00,PCOM AMB,Porites,0
9/6/2023,0:15,PCOM AMB,Porites,0
9/6/2023,0:30,PCOM AMB,Porites,0
9/6/2023,0:45,PCOM AMB,Porites,0
9/6/2023,1:00,PCOM AMB,Porites,0
9/6/2023,1:15,PCOM AMB,Porites,0
9/6/2023,1:30,PCOM AMB,Porites,0
9/6/2023,1:45,PCOM AMB,Porites,0
9/6/2023,2:00,PCOM AMB,Porites,0
9/6/2023,2:15,PCOM AMB,Porites,0
9/6/2023,2:30,PCOM AMB,Porites,0
9/6/2023,2:45,PCOM AMB,Porites,0
9/6/2023,3:00,PCOM AMB,Porites,0
9/6/2023,3:15,PCOM AMB,Porites,0
9/6/2023,3:30,PCOM AMB,Porites,0
9/6/2023,3:45,PCOM AMB,Porites,0
9/6/2023,4:00,PCOM AMB,Porites,0
9/6/2023,4:15,PCOM AMB,Porites,0
9/6/2023,4:30,PCOM AMB,Porites,0
9/6/2023,4:45,PCOM AMB,Porites,0
9/6/2023,5:00,PCOM AMB,Porites,0
9/6/2023,5:15,PCOM AMB,Porites,0
9/6/2023,5:30,PCOM AMB,Porites,0
9/6/2023,5:45,PCOM AMB,Porites,0
9/6/2023,6:00,PCOM AMB,Porites,0
9/6/2023,6:15,PCOM AMB,Porites,0.3
9/6/2023,6:30,PCOM AMB,Porites,1.7
9/6/2023,6:45,PCOM AMB,Porites,6.6
9/6/2023,7:00,PCOM AMB,Porites,18.3
9/6/2023,7:15,PCOM AMB,Porites,33.9
9/6/2023,7:30,PCOM AMB,Porites,55.2
9/6/2023,7:45,PCOM AMB,Porites,54.5
9/6/2023,8:00,PCOM AMB,Porites,68.6
9/6/2023,8:15,PCOM AMB,Porites,107.4
9/6/2023,8:30,PCOM AMB,Porites,175.9
9/6/2023,8:45,PCOM AMB,Porites,189.6
9/6/2023,9:00,PCOM AMB,Porites,233.8
9/6/2023,9:15,PCOM AMB,Porites,69.3
9/6/2023,9:30,PCOM AMB,Porites,82.2
9/6/2023,9:45,PCOM AMB,Porites,74.9
9/6/2023,10:00,PCOM AMB,Porites,99.5
9/6/2023,10:15,PCOM AMB,Porites,461.4
9/6/2023,10:30,PCOM AMB,Porites,739.2
9/6/2023,10:45,PCOM AMB,Porites,667.2
9/6/2023,11:00,PCOM AMB,Porites,558.6
9/6/2023,11:15,PCOM AMB,Porites,173.4
9/6/2023,11:30,PCOM AMB,Porites,151.4
9/6/2023,11:45,PCOM AMB,Porites,85.6
9/6/2023,12:00,PCOM AMB,Porites,91.7
9/6/2023,12:15,PCOM AMB,Porites,94.7
9/6/2023,12:30,PCOM AMB,Porites,211.4
9/6/2023,12:45,PCOM AMB,Porites,227.7
9/6/2023,13:00,PCOM AMB,Porites,213.8
9/6/2023,13:15,PCOM AMB,Porites,179
9/6/2023,13:30,PCOM AMB,Porites,300.9
9/6/2023,13:45,PCOM AMB,Porites,182.5
9/6/2023,14:00,PCOM AMB,Porites,237.9
9/6/2023,14:15,PCOM AMB,Porites,267.8
9/6/2023,14:30,PCOM AMB,Porites,148.9
9/6/2023,14:45,PCOM AMB,Porites,115.1
9/6/2023,15:00,PCOM AMB,Porites,115.4
9/6/2023,15:15,PCOM AMB,Porites,83.8
9/6/2023,15:30,PCOM AMB,Porites,66.1
9/6/2023,15:45,PCOM AMB,Porites,70.4
9/6/2023,16:00,PCOM AMB,Porites,54
9/6/2023,16:15,PCOM AMB,Porites,45.2
9/6/2023,16:30,PCOM AMB,Porites,33.9
9/6/2023,16:45,PCOM AMB,Porites,32
9/6/2023,17:00,PCOM AMB,Porites,30.4
9/6/2023,17:15,PCOM AMB,Porites,30.6
9/6/2023,17:30,PCOM AMB,Porites,27.9
9/6/2023,17:45,PCOM AMB,Porites,26.7
9/6/2023,18:00,PCOM AMB,Porites,19.1
9/6/2023,18:15,PCOM AMB,Porites,9.5
9/6/2023,18:30,PCOM AMB,Porites,6.6
9/6/2023,18:45,PCOM AMB,Porites,3.4
9/6/2023,19:00,PCOM AMB,Porites,0.7
9/6/2023,19:15,PCOM AMB,Porites,0
9/6/2023,19:30,PCOM AMB,Porites,0
9/6/2023,19:45,PCOM AMB,Porites,0
9/6/2023,20:00,PCOM AMB,Porites,0
9/6/2023,20:15,PCOM AMB,Porites,0
9/6/2023,20:30,PCOM AMB,Porites,0
9/6/2023,20:45,PCOM AMB,Porites,0
9/6/2023,21:00,PCOM AMB,Porites,0
9/6/2023,21:15,PCOM AMB,Porites,0
9/6/2023,21:30,PCOM AMB,Porites,0
9/6/2023,21:45,PCOM AMB,Porites,0
9/6/2023,22:00,PCOM AMB,Porites,0
9/6/2023,22:15,PCOM AMB,Porites,0
9/6/2023,22:30,PCOM AMB,Porites,0
9/6/2023,22:45,PCOM AMB,Porites,0
9/6/2023,23:00,PCOM AMB,Porites,0
9/6/2023,23:15,PCOM AMB,Porites,0
9/6/2023,23:30,PCOM AMB,Porites,0
9/6/2023,23:45,PCOM AMB,Porites,0
9/6/2023,0:00,PCOM AMB,Porites,0
9/7/2023,0:15,PCOM AMB,Porites,0
9/7/2023,0:30,PCOM AMB,Porites,0
9/7/2023,0:45,PCOM AMB,Porites,0
9/7/2023,1:00,PCOM AMB,Porites,0
9/7/2023,1:15,PCOM AMB,Porites,0
9/7/2023,1:30,PCOM AMB,Porites,0
9/7/2023,1:45,PCOM AMB,Porites,0
9/7/2023,2:00,PCOM AMB,Porites,0
9/7/2023,2:15,PCOM AMB,Porites,0
9/7/2023,2:30,PCOM AMB,Porites,0
9/7/2023,2:45,PCOM AMB,Porites,0
9/7/2023,3:00,PCOM AMB,Porites,0
9/7/2023,3:15,PCOM AMB,Porites,0
9/7/2023,3:30,PCOM AMB,Porites,0
9/7/2023,3:45,PCOM AMB,Porites,0
9/7/2023,4:00,PCOM AMB,Porites,0
9/7/2023,4:15,PCOM AMB,Porites,0
9/7/2023,4:30,PCOM AMB,Porites,0
9/7/2023,4:45,PCOM AMB,Porites,0
9/7/2023,5:00,PCOM AMB,Porites,0
9/7/2023,5:15,PCOM AMB,Porites,0
9/7/2023,5:30,PCOM AMB,Porites,0
9/7/2023,5:45,PCOM AMB,Porites,0
9/7/2023,6:00,PCOM AMB,Porites,0
9/7/2023,6:15,PCOM AMB,Porites,0.3
9/7/2023,6:30,PCOM AMB,Porites,3.1
9/7/2023,6:45,PCOM AMB,Porites,8.9
9/7/2023,7:00,PCOM AMB,Porites,21.2
9/7/2023,7:15,PCOM AMB,Porites,38.6
9/7/2023,7:30,PCOM AMB,Porites,30.8
9/7/2023,7:45,PCOM AMB,Porites,89.7
9/7/2023,8:00,PCOM AMB,Porites,49.3
9/7/2023,8:15,PCOM AMB,Porites,129.8
9/7/2023,8:30,PCOM AMB,Porites,133.3
9/7/2023,8:45,PCOM AMB,Porites,144.3
9/7/2023,9:00,PCOM AMB,Porites,285.6
9/7/2023,9:15,PCOM AMB,Porites,463.2
9/7/2023,9:30,PCOM AMB,Porites,451.3
9/7/2023,9:45,PCOM AMB,Porites,304.6
9/7/2023,10:00,PCOM AMB,Porites,377.7
9/7/2023,10:15,PCOM AMB,Porites,652.3
9/7/2023,10:30,PCOM AMB,Porites,521.2
9/7/2023,10:45,PCOM AMB,Porites,501.2
9/7/2023,11:00,PCOM AMB,Porites,119.3
9/7/2023,11:15,PCOM AMB,Porites,158.9
9/7/2023,11:30,PCOM AMB,Porites,127.3
9/7/2023,11:45,PCOM AMB,Porites,156
9/7/2023,12:00,PCOM AMB,Porites,192
9/7/2023,12:15,PCOM AMB,Porites,205.3
9/7/2023,12:30,PCOM AMB,Porites,329.9
9/7/2023,12:45,PCOM AMB,Porites,266.2
9/7/2023,13:00,PCOM AMB,Porites,284.2
9/7/2023,13:15,PCOM AMB,Porites,298
9/7/2023,13:30,PCOM AMB,Porites,323
9/7/2023,13:45,PCOM AMB,Porites,335.3
9/7/2023,14:00,PCOM AMB,Porites,277.2
9/7/2023,14:15,PCOM AMB,Porites,278.5
9/7/2023,14:30,PCOM AMB,Porites,300.4
9/7/2023,14:45,PCOM AMB,Porites,245.2
9/7/2023,15:00,PCOM AMB,Porites,231.2
9/7/2023,15:15,PCOM AMB,Porites,94.1
9/7/2023,15:30,PCOM AMB,Porites,52.9
9/7/2023,15:45,PCOM AMB,Porites,33.1
9/7/2023,16:00,PCOM AMB,Porites,31.8
9/7/2023,16:15,PCOM AMB,Porites,61.7
9/7/2023,16:30,PCOM AMB,Porites,40.6
9/7/2023,16:45,PCOM AMB,Porites,47.1
9/7/2023,17:00,PCOM AMB,Porites,42.5
9/7/2023,17:15,PCOM AMB,Porites,34.7
9/7/2023,17:30,PCOM AMB,Porites,36.2
9/7/2023,17:45,PCOM AMB,Porites,15.2
9/7/2023,18:00,PCOM AMB,Porites,15.2
9/7/2023,18:15,PCOM AMB,Porites,11.1
9/7/2023,18:30,PCOM AMB,Porites,6.6
9/7/2023,18:45,PCOM AMB,Porites,3.3
9/7/2023,19:00,PCOM AMB,Porites,0.5
9/7/2023,19:15,PCOM AMB,Porites,0
9/7/2023,19:30,PCOM AMB,Porites,0
9/7/2023,19:45,PCOM AMB,Porites,0
9/7/2023,20:00,PCOM AMB,Porites,0
9/7/2023,20:15,PCOM AMB,Porites,0
9/7/2023,20:30,PCOM AMB,Porites,0
9/7/2023,20:45,PCOM AMB,Porites,0
9/7/2023,21:00,PCOM AMB,Porites,0
9/7/2023,21:15,PCOM AMB,Porites,0
9/7/2023,21:30,PCOM AMB,Porites,0
9/7/2023,21:45,PCOM AMB,Porites,0
9/7/2023,22:00,PCOM AMB,Porites,0
9/7/2023,22:15,PCOM AMB,Porites,0
9/7/2023,22:30,PCOM AMB,Porites,0
9/7/2023,22:45,PCOM AMB,Porites,0
9/7/2023,23:00,PCOM AMB,Porites,0
9/7/2023,23:15,PCOM AMB,Porites,0
9/7/2023,23:30,PCOM AMB,Porites,0
9/7/2023,23:45,PCOM AMB,Porites,0
9/7/2023,0:00,PCOM AMB,Porites,0
9/8/2023,0:15,PCOM AMB,Porites,0
9/8/2023,0:30,PCOM AMB,Porites,0
9/8/2023,0:45,PCOM AMB,Porites,0
9/8/2023,1:00,PCOM AMB,Porites,0
9/8/2023,1:15,PCOM AMB,Porites,0
9/8/2023,1:30,PCOM AMB,Porites,0
9/8/2023,1:45,PCOM AMB,Porites,0
9/8/2023,2:00,PCOM AMB,Porites,0
9/8/2023,2:15,PCOM AMB,Porites,0
9/8/2023,2:30,PCOM AMB,Porites,0
9/8/2023,2:45,PCOM AMB,Porites,0
9/8/2023,3:00,PCOM AMB,Porites,0
9/8/2023,3:15,PCOM AMB,Porites,0
9/8/2023,3:30,PCOM AMB,Porites,0
9/8/2023,3:45,PCOM AMB,Porites,0
9/8/2023,4:00,PCOM AMB,Porites,0
9/8/2023,4:15,PCOM AMB,Porites,0
9/8/2023,4:30,PCOM AMB,Porites,0
9/8/2023,4:45,PCOM AMB,Porites,0
9/8/2023,5:00,PCOM AMB,Porites,0
9/8/2023,5:15,PCOM AMB,Porites,0
9/8/2023,5:30,PCOM AMB,Porites,0
9/8/2023,5:45,PCOM AMB,Porites,0
9/8/2023,6:00,PCOM AMB,Porites,0
9/8/2023,6:15,PCOM AMB,Porites,0.3
9/8/2023,6:30,PCOM AMB,Porites,3.2
9/8/2023,6:45,PCOM AMB,Porites,9.9
9/8/2023,7:00,PCOM AMB,Porites,21.2
9/8/2023,7:15,PCOM AMB,Porites,48.6
9/8/2023,7:30,PCOM AMB,Porites,49
9/8/2023,7:45,PCOM AMB,Porites,55.3
9/8/2023,8:00,PCOM AMB,Porites,74.3
9/8/2023,8:15,PCOM AMB,Porites,75
9/8/2023,8:30,PCOM AMB,Porites,130.8
9/8/2023,8:45,PCOM AMB,Porites,133.9
9/8/2023,9:00,PCOM AMB,Porites,225.4
9/8/2023,9:15,PCOM AMB,Porites,172.1
9/8/2023,9:30,PCOM AMB,Porites,277.2
9/8/2023,9:45,PCOM AMB,Porites,328.8
9/8/2023,10:00,PCOM AMB,Porites,361.1
9/8/2023,10:15,PCOM AMB,Porites,663.2
9/8/2023,10:30,PCOM AMB,Porites,856.5
9/8/2023,10:45,PCOM AMB,Porites,561.7
9/8/2023,11:00,PCOM AMB,Porites,286.1
9/8/2023,11:15,PCOM AMB,Porites,344.3
9/8/2023,11:30,PCOM AMB,Porites,364.5
9/8/2023,11:45,PCOM AMB,Porites,370
9/8/2023,12:00,PCOM AMB,Porites,369.6
9/8/2023,12:15,PCOM AMB,Porites,359.2
9/8/2023,12:30,PCOM AMB,Porites,170.4
9/8/2023,12:45,PCOM AMB,Porites,173.9
9/8/2023,13:00,PCOM AMB,Porites,131.4
9/8/2023,13:15,PCOM AMB,Porites,105.8
9/8/2023,13:30,PCOM AMB,Porites,285
9/8/2023,13:45,PCOM AMB,Porites,114.3
9/8/2023,14:00,PCOM AMB,Porites,96.8
9/8/2023,14:15,PCOM AMB,Porites,160.8
9/8/2023,14:30,PCOM AMB,Porites,75.3
9/8/2023,14:45,PCOM AMB,Porites,100.9
9/8/2023,15:00,PCOM AMB,Porites,115.3
9/8/2023,15:15,PCOM AMB,Porites,103
9/8/2023,15:30,PCOM AMB,Porites,64.4
9/8/2023,15:45,PCOM AMB,Porites,84.3
9/8/2023,16:00,PCOM AMB,Porites,79.2
9/8/2023,16:15,PCOM AMB,Porites,53.5
9/8/2023,16:30,PCOM AMB,Porites,22.7
9/8/2023,16:45,PCOM AMB,Porites,21.9
9/8/2023,17:00,PCOM AMB,Porites,22.7
9/8/2023,17:15,PCOM AMB,Porites,25.6
9/8/2023,17:30,PCOM AMB,Porites,28.9
9/8/2023,17:45,PCOM AMB,Porites,24.2
9/8/2023,18:00,PCOM AMB,Porites,16.8
9/8/2023,18:15,PCOM AMB,Porites,14.1
9/8/2023,18:30,PCOM AMB,Porites,9.1
9/8/2023,18:45,PCOM AMB,Porites,2.7
9/8/2023,19:00,PCOM AMB,Porites,0.4
9/8/2023,19:15,PCOM AMB,Porites,0
9/8/2023,19:30,PCOM AMB,Porites,0
9/8/2023,19:45,PCOM AMB,Porites,0
9/8/2023,20:00,PCOM AMB,Porites,0
9/8/2023,20:15,PCOM AMB,Porites,0
9/8/2023,20:30,PCOM AMB,Porites,0
9/8/2023,20:45,PCOM AMB,Porites,0
9/8/2023,21:00,PCOM AMB,Porites,0
9/8/2023,21:15,PCOM AMB,Porites,0
9/8/2023,21:30,PCOM AMB,Porites,0
9/8/2023,21:45,PCOM AMB,Porites,0
9/8/2023,22:00,PCOM AMB,Porites,0
9/8/2023,22:15,PCOM AMB,Porites,0
9/8/2023,22:30,PCOM AMB,Porites,0
9/8/2023,22:45,PCOM AMB,Porites,0
9/8/2023,23:00,PCOM AMB,Porites,0
9/8/2023,23:15,PCOM AMB,Porites,0
9/8/2023,23:30,PCOM AMB,Porites,0
9/8/2023,23:45,PCOM AMB,Porites,0
9/8/2023,0:00,PCOM AMB,Porites,0
9/9/2023,0:15,PCOM AMB,Porites,0
9/9/2023,0:30,PCOM AMB,Porites,0
9/9/2023,0:45,PCOM AMB,Porites,0
9/9/2023,1:00,PCOM AMB,Porites,0
9/9/2023,1:15,PCOM AMB,Porites,0
9/9/2023,1:30,PCOM AMB,Porites,0
9/9/2023,1:45,PCOM AMB,Porites,0
9/9/2023,2:00,PCOM AMB,Porites,0
9/9/2023,2:15,PCOM AMB,Porites,0
9/9/2023,2:30,PCOM AMB,Porites,0
9/9/2023,2:45,PCOM AMB,Porites,0
9/9/2023,3:00,PCOM AMB,Porites,0
9/9/2023,3:15,PCOM AMB,Porites,0
9/9/2023,3:30,PCOM AMB,Porites,0
9/9/2023,3:45,PCOM AMB,Porites,0
9/9/2023,4:00,PCOM AMB,Porites,0
9/9/2023,4:15,PCOM AMB,Porites,0
9/9/2023,4:30,PCOM AMB,Porites,0
9/9/2023,4:45,PCOM AMB,Porites,0
9/9/2023,5:00,PCOM AMB,Porites,0
9/9/2023,5:15,PCOM AMB,Porites,0
9/9/2023,5:30,PCOM AMB,Porites,0
9/9/2023,5:45,PCOM AMB,Porites,0
9/9/2023,6:00,PCOM AMB,Porites,0
9/9/2023,6:15,PCOM AMB,Porites,0.2
9/9/2023,6:30,PCOM AMB,Porites,2.6
9/9/2023,6:45,PCOM AMB,Porites,12.5
9/9/2023,7:00,PCOM AMB,Porites,30.8
9/9/2023,7:15,PCOM AMB,Porites,35.6
9/9/2023,7:30,PCOM AMB,Porites,26.7
9/9/2023,7:45,PCOM AMB,Porites,45
9/9/2023,8:00,PCOM AMB,Porites,165.9
9/9/2023,8:15,PCOM AMB,Porites,141.8
9/9/2023,8:30,PCOM AMB,Porites,149.6
9/9/2023,8:45,PCOM AMB,Porites,148.8
9/9/2023,9:00,PCOM AMB,Porites,205.8
9/9/2023,9:15,PCOM AMB,Porites,409
9/9/2023,9:30,PCOM AMB,Porites,344.8
9/9/2023,9:45,PCOM AMB,Porites,156.5
9/9/2023,10:00,PCOM AMB,Porites,256.1
9/9/2023,10:15,PCOM AMB,Porites,638.8
9/9/2023,10:30,PCOM AMB,Porites,424.3
9/9/2023,10:45,PCOM AMB,Porites,353.8
9/9/2023,11:00,PCOM AMB,Porites,120.6
9/9/2023,11:15,PCOM AMB,Porites,147.3
9/9/2023,11:30,PCOM AMB,Porites,268.4
9/9/2023,11:45,PCOM AMB,Porites,155.6
9/9/2023,12:00,PCOM AMB,Porites,166.3
9/9/2023,12:15,PCOM AMB,Porites,179.7
9/9/2023,12:30,PCOM AMB,Porites,180.8
9/9/2023,12:45,PCOM AMB,Porites,115.3
9/9/2023,13:00,PCOM AMB,Porites,123.9
9/9/2023,13:15,PCOM AMB,Porites,156.7
9/9/2023,13:30,PCOM AMB,Porites,88.3
9/9/2023,13:45,PCOM AMB,Porites,158
9/9/2023,14:00,PCOM AMB,Porites,135.2
9/9/2023,14:15,PCOM AMB,Porites,177.3
9/9/2023,14:30,PCOM AMB,Porites,149.8
9/9/2023,14:45,PCOM AMB,Porites,82.4
9/9/2023,15:00,PCOM AMB,Porites,112.9
9/9/2023,15:15,PCOM AMB,Porites,55.4
9/9/2023,15:30,PCOM AMB,Porites,57.5
9/9/2023,15:45,PCOM AMB,Porites,90.1
9/9/2023,16:00,PCOM AMB,Porites,66.8
9/9/2023,16:15,PCOM AMB,Porites,83.2
9/9/2023,16:30,PCOM AMB,Porites,75.9
9/9/2023,16:45,PCOM AMB,Porites,64.4
9/9/2023,17:00,PCOM AMB,Porites,65.2
9/9/2023,17:15,PCOM AMB,Porites,62.5
9/9/2023,17:30,PCOM AMB,Porites,38.1
9/9/2023,17:45,PCOM AMB,Porites,32.1
9/9/2023,18:00,PCOM AMB,Porites,15.4
9/9/2023,18:15,PCOM AMB,Porites,14.9
9/9/2023,18:30,PCOM AMB,Porites,9
9/9/2023,18:45,PCOM AMB,Porites,2.6
9/9/2023,19:00,PCOM AMB,Porites,0.3
9/9/2023,19:15,PCOM AMB,Porites,0
9/9/2023,19:30,PCOM AMB,Porites,0
9/9/2023,19:45,PCOM AMB,Porites,0
9/9/2023,20:00,PCOM AMB,Porites,0
9/9/2023,20:15,PCOM AMB,Porites,0
9/9/2023,20:30,PCOM AMB,Porites,0
9/9/2023,20:45,PCOM AMB,Porites,0
9/9/2023,21:00,PCOM AMB,Porites,0
9/9/2023,21:15,PCOM AMB,Porites,0
9/9/2023,21:30,PCOM AMB,Porites,0
9/9/2023,21:45,PCOM AMB,Porites,0
9/9/2023,22:00,PCOM AMB,Porites,0
9/9/2023,22:15,PCOM AMB,Porites,0
9/9/2023,22:30,PCOM AMB,Porites,0
9/9/2023,22:45,PCOM AMB,Porites,0
9/9/2023,23:00,PCOM AMB,Porites,0
9/9/2023,23:15,PCOM AMB,Porites,0
9/9/2023,23:30,PCOM AMB,Porites,0
9/9/2023,23:45,PCOM AMB,Porites,0
9/9/2023,0:00,PCOM AMB,Porites,0
9/10/2023,0:15,PCOM AMB,Porites,0
9/10/2023,0:30,PCOM AMB,Porites,0
9/10/2023,0:45,PCOM AMB,Porites,0
9/10/2023,1:00,PCOM AMB,Porites,0
9/10/2023,1:15,PCOM AMB,Porites,0
9/10/2023,1:30,PCOM AMB,Porites,0
9/10/2023,1:45,PCOM AMB,Porites,0
9/10/2023,2:00,PCOM AMB,Porites,0
9/10/2023,2:15,PCOM AMB,Porites,0
9/10/2023,2:30,PCOM AMB,Porites,0
9/10/2023,2:45,PCOM AMB,Porites,0
9/10/2023,3:00,PCOM AMB,Porites,0
9/10/2023,3:15,PCOM AMB,Porites,0
9/10/2023,3:30,PCOM AMB,Porites,0
9/10/2023,3:45,PCOM AMB,Porites,0
9/10/2023,4:00,PCOM AMB,Porites,0
9/10/2023,4:15,PCOM AMB,Porites,0
9/10/2023,4:30,PCOM AMB,Porites,0
9/10/2023,4:45,PCOM AMB,Porites,0
9/10/2023,5:00,PCOM AMB,Porites,0
9/10/2023,5:15,PCOM AMB,Porites,0
9/10/2023,5:30,PCOM AMB,Porites,0
9/10/2023,5:45,PCOM AMB,Porites,0
9/10/2023,6:00,PCOM AMB,Porites,0
9/10/2023,6:15,PCOM AMB,Porites,0.2
9/10/2023,6:30,PCOM AMB,Porites,1.7
9/10/2023,6:45,PCOM AMB,Porites,11.2
9/10/2023,7:00,PCOM AMB,Porites,31.6
9/10/2023,7:15,PCOM AMB,Porites,46
9/10/2023,7:30,PCOM AMB,Porites,54.4
9/10/2023,7:45,PCOM AMB,Porites,72.9
9/10/2023,8:00,PCOM AMB,Porites,99.9
9/10/2023,8:15,PCOM AMB,Porites,62.5
9/10/2023,8:30,PCOM AMB,Porites,108.9
9/10/2023,8:45,PCOM AMB,Porites,97.8
9/10/2023,9:00,PCOM AMB,Porites,190.5
9/10/2023,9:15,PCOM AMB,Porites,232.9
9/10/2023,9:30,PCOM AMB,Porites,246.5
9/10/2023,9:45,PCOM AMB,Porites,106.4
9/10/2023,10:00,PCOM AMB,Porites,240.7
9/10/2023,10:15,PCOM AMB,Porites,671.1
9/10/2023,10:30,PCOM AMB,Porites,845.4
9/10/2023,10:45,PCOM AMB,Porites,518.7
9/10/2023,11:00,PCOM AMB,Porites,680.6
9/10/2023,11:15,PCOM AMB,Porites,305.9
9/10/2023,11:30,PCOM AMB,Porites,314.9
9/10/2023,11:45,PCOM AMB,Porites,325.7
9/10/2023,12:00,PCOM AMB,Porites,310
9/10/2023,12:15,PCOM AMB,Porites,317.8
9/10/2023,12:30,PCOM AMB,Porites,346.4
9/10/2023,12:45,PCOM AMB,Porites,336.1
9/10/2023,13:00,PCOM AMB,Porites,289.3
9/10/2023,13:15,PCOM AMB,Porites,330.8
9/10/2023,13:30,PCOM AMB,Porites,338.3
9/10/2023,13:45,PCOM AMB,Porites,251.6
9/10/2023,14:00,PCOM AMB,Porites,157.1
9/10/2023,14:15,PCOM AMB,Porites,251.7
9/10/2023,14:30,PCOM AMB,Porites,173.6
9/10/2023,14:45,PCOM AMB,Porites,147.9
9/10/2023,15:00,PCOM AMB,Porites,96.1
9/10/2023,15:15,PCOM AMB,Porites,72.4
9/10/2023,15:30,PCOM AMB,Porites,42.1
9/10/2023,15:45,PCOM AMB,Porites,42.7
9/10/2023,16:00,PCOM AMB,Porites,45.4
9/10/2023,16:15,PCOM AMB,Porites,37.8
9/10/2023,16:30,PCOM AMB,Porites,19.3
9/10/2023,16:45,PCOM AMB,Porites,19.9
9/10/2023,17:00,PCOM AMB,Porites,24.1
9/10/2023,17:15,PCOM AMB,Porites,17.2
9/10/2023,17:30,PCOM AMB,Porites,21.7
9/10/2023,17:45,PCOM AMB,Porites,18.4
9/10/2023,18:00,PCOM AMB,Porites,15.6
9/10/2023,18:15,PCOM AMB,Porites,11.8
9/10/2023,18:30,PCOM AMB,Porites,6.3
9/10/2023,18:45,PCOM AMB,Porites,2.2
9/10/2023,19:00,PCOM AMB,Porites,0.3
9/10/2023,19:15,PCOM AMB,Porites,0
9/10/2023,19:30,PCOM AMB,Porites,0
9/10/2023,19:45,PCOM AMB,Porites,0
9/10/2023,20:00,PCOM AMB,Porites,0
9/10/2023,20:15,PCOM AMB,Porites,0
9/10/2023,20:30,PCOM AMB,Porites,0
9/10/2023,20:45,PCOM AMB,Porites,0
9/10/2023,21:00,PCOM AMB,Porites,0
9/10/2023,21:15,PCOM AMB,Porites,0
9/10/2023,21:30,PCOM AMB,Porites,0
9/10/2023,21:45,PCOM AMB,Porites,0
9/10/2023,22:00,PCOM AMB,Porites,0
9/10/2023,22:15,PCOM AMB,Porites,0
9/10/2023,22:30,PCOM AMB,Porites,0
9/10/2023,22:45,PCOM AMB,Porites,0
9/10/2023,23:00,PCOM AMB,Porites,0
9/10/2023,23:15,PCOM AMB,Porites,0
9/10/2023,23:30,PCOM AMB,Porites,0
9/10/2023,23:45,PCOM AMB,Porites,0
9/10/2023,0:00,PCOM AMB,Porites,0
9/11/2023,0:15,PCOM AMB,Porites,0
9/11/2023,0:30,PCOM AMB,Porites,0
9/11/2023,0:45,PCOM AMB,Porites,0
9/11/2023,1:00,PCOM AMB,Porites,0
9/11/2023,1:15,PCOM AMB,Porites,0
9/11/2023,1:30,PCOM AMB,Porites,0
9/11/2023,1:45,PCOM AMB,Porites,0
9/11/2023,2:00,PCOM AMB,Porites,0
9/11/2023,2:15,PCOM AMB,Porites,0
9/11/2023,2:30,PCOM AMB,Porites,0
9/11/2023,2:45,PCOM AMB,Porites,0
9/11/2023,3:00,PCOM AMB,Porites,0
9/11/2023,3:15,PCOM AMB,Porites,0
9/11/2023,3:30,PCOM AMB,Porites,0
9/11/2023,3:45,PCOM AMB,Porites,0
9/11/2023,4:00,PCOM AMB,Porites,0
9/11/2023,4:15,PCOM AMB,Porites,0
9/11/2023,4:30,PCOM AMB,Porites,0
9/11/2023,4:45,PCOM AMB,Porites,0
9/11/2023,5:00,PCOM AMB,Porites,0
9/11/2023,5:15,PCOM AMB,Porites,0
9/11/2023,5:30,PCOM AMB,Porites,0
9/11/2023,5:45,PCOM AMB,Porites,0
9/11/2023,6:00,PCOM AMB,Porites,0
9/11/2023,6:15,PCOM AMB,Porites,0.3
9/11/2023,6:30,PCOM AMB,Porites,2.1
9/11/2023,6:45,PCOM AMB,Porites,8
9/11/2023,7:00,PCOM AMB,Porites,13.3
9/11/2023,7:15,PCOM AMB,Porites,26.8
9/11/2023,7:30,PCOM AMB,Porites,61.2
9/11/2023,7:45,PCOM AMB,Porites,97.1
9/11/2023,8:00,PCOM AMB,Porites,143.7
9/11/2023,8:15,PCOM AMB,Porites,123.9
9/11/2023,8:30,PCOM AMB,Porites,83.2
9/11/2023,8:45,PCOM AMB,Porites,115.4
9/11/2023,9:00,PCOM AMB,Porites,206.4
9/11/2023,9:15,PCOM AMB,Porites,269.7
9/11/2023,9:30,PCOM AMB,Porites,371
9/11/2023,9:45,PCOM AMB,Porites,231.4
9/11/2023,10:00,PCOM AMB,Porites,241.3
9/11/2023,10:15,PCOM AMB,Porites,649
9/11/2023,10:30,PCOM AMB,Porites,813.2
9/11/2023,10:45,PCOM AMB,Porites,582.2
9/11/2023,11:00,PCOM AMB,Porites,552.2
9/11/2023,11:15,PCOM AMB,Porites,254.3
9/11/2023,11:30,PCOM AMB,Porites,300.2
9/11/2023,11:45,PCOM AMB,Porites,325.2
9/11/2023,12:00,PCOM AMB,Porites,325.5
9/11/2023,12:15,PCOM AMB,Porites,154.4
9/11/2023,12:30,PCOM AMB,Porites,248.4
9/11/2023,12:45,PCOM AMB,Porites,332.2
9/11/2023,13:00,PCOM AMB,Porites,338.1
9/11/2023,13:15,PCOM AMB,Porites,333.3
9/11/2023,13:30,PCOM AMB,Porites,327.3
9/11/2023,13:45,PCOM AMB,Porites,306.2
9/11/2023,14:00,PCOM AMB,Porites,303.8
9/11/2023,14:15,PCOM AMB,Porites,308.1
9/11/2023,14:30,PCOM AMB,Porites,293.4
9/11/2023,14:45,PCOM AMB,Porites,198.8
9/11/2023,15:00,PCOM AMB,Porites,290.8
9/11/2023,15:15,PCOM AMB,Porites,113.2
9/11/2023,15:30,PCOM AMB,Porites,64.8
9/11/2023,15:45,PCOM AMB,Porites,54.4
9/11/2023,16:00,PCOM AMB,Porites,43.9
9/11/2023,16:15,PCOM AMB,Porites,59.3
9/11/2023,16:30,PCOM AMB,Porites,68
9/11/2023,16:45,PCOM AMB,Porites,46.9
9/11/2023,17:00,PCOM AMB,Porites,33.5
9/11/2023,17:15,PCOM AMB,Porites,29.6
9/11/2023,17:30,PCOM AMB,Porites,25.6
9/11/2023,17:45,PCOM AMB,Porites,19
9/11/2023,18:00,PCOM AMB,Porites,13.2
9/11/2023,18:15,PCOM AMB,Porites,7.4
9/11/2023,18:30,PCOM AMB,Porites,4.7
9/11/2023,18:45,PCOM AMB,Porites,1.7
9/11/2023,19:00,PCOM AMB,Porites,0.1
9/11/2023,19:15,PCOM AMB,Porites,0
9/11/2023,19:30,PCOM AMB,Porites,0
9/11/2023,19:45,PCOM AMB,Porites,0
9/11/2023,20:00,PCOM AMB,Porites,0
9/11/2023,20:15,PCOM AMB,Porites,0
9/11/2023,20:30,PCOM AMB,Porites,0
9/11/2023,20:45,PCOM AMB,Porites,0
9/11/2023,21:00,PCOM AMB,Porites,0
9/11/2023,21:15,PCOM AMB,Porites,0
9/11/2023,21:30,PCOM AMB,Porites,0
9/11/2023,21:45,PCOM AMB,Porites,0
9/11/2023,22:00,PCOM AMB,Porites,0
9/11/2023,22:15,PCOM AMB,Porites,0
9/11/2023,22:30,PCOM AMB,Porites,0
9/11/2023,22:45,PCOM AMB,Porites,0
9/11/2023,23:00,PCOM AMB,Porites,0
9/11/2023,23:15,PCOM AMB,Porites,0
9/11/2023,23:30,PCOM AMB,Porites,0
9/11/2023,23:45,PCOM AMB,Porites,0
9/11/2023,0:00,PCOM AMB,Porites,0
9/12/2023,0:15,PCOM AMB,Porites,0
9/12/2023,0:30,PCOM AMB,Porites,0
9/12/2023,0:45,PCOM AMB,Porites,0
9/12/2023,1:00,PCOM AMB,Porites,0
9/12/2023,1:15,PCOM AMB,Porites,0
9/12/2023,1:30,PCOM AMB,Porites,0
9/12/2023,1:45,PCOM AMB,Porites,0
9/12/2023,2:00,PCOM AMB,Porites,0
9/12/2023,2:15,PCOM AMB,Porites,0
9/12/2023,2:30,PCOM AMB,Porites,0
9/12/2023,2:45,PCOM AMB,Porites,0
9/12/2023,3:00,PCOM AMB,Porites,0
9/12/2023,3:15,PCOM AMB,Porites,0
9/12/2023,3:30,PCOM AMB,Porites,0
9/12/2023,3:45,PCOM AMB,Porites,0
9/12/2023,4:00,PCOM AMB,Porites,0
9/12/2023,4:15,PCOM AMB,Porites,0
9/12/2023,4:30,PCOM AMB,Porites,0
9/12/2023,4:45,PCOM AMB,Porites,0
9/12/2023,5:00,PCOM AMB,Porites,0
9/12/2023,5:15,PCOM AMB,Porites,0
9/12/2023,5:30,PCOM AMB,Porites,0
9/12/2023,5:45,PCOM AMB,Porites,0
9/12/2023,6:00,PCOM AMB,Porites,0
9/12/2023,6:15,PCOM AMB,Porites,0.1
9/12/2023,6:30,PCOM AMB,Porites,0.8
9/12/2023,6:45,PCOM AMB,Porites,3.9
9/12/2023,7:00,PCOM AMB,Porites,10.2
9/12/2023,7:15,PCOM AMB,Porites,16.8
9/12/2023,7:30,PCOM AMB,Porites,25.3
9/12/2023,7:45,PCOM AMB,Porites,39.6
9/12/2023,8:00,PCOM AMB,Porites,46.2
9/12/2023,8:15,PCOM AMB,Porites,62.3
9/12/2023,8:30,PCOM AMB,Porites,102.2
9/12/2023,8:45,PCOM AMB,Porites,158.1
9/12/2023,9:00,PCOM AMB,Porites,160.9
9/12/2023,9:15,PCOM AMB,Porites,163.4
9/12/2023,9:30,PCOM AMB,Porites,177.6
9/12/2023,9:45,PCOM AMB,Porites,254.4
9/12/2023,10:00,PCOM AMB,Porites,314
9/12/2023,10:15,PCOM AMB,Porites,307.5
9/12/2023,10:30,PCOM AMB,Porites,304.6
9/12/2023,10:45,PCOM AMB,Porites,466.2
9/12/2023,11:00,PCOM AMB,Porites,655.1
9/12/2023,11:15,PCOM AMB,Porites,307.1
9/12/2023,11:30,PCOM AMB,Porites,329.8
9/12/2023,11:45,PCOM AMB,Porites,335.3
9/12/2023,12:00,PCOM AMB,Porites,334.8
9/12/2023,12:15,PCOM AMB,Porites,356.3
9/12/2023,12:30,PCOM AMB,Porites,312.3
9/12/2023,12:45,PCOM AMB,Porites,326.9
9/12/2023,13:00,PCOM AMB,Porites,243.3
9/12/2023,13:15,PCOM AMB,Porites,294.5
9/12/2023,13:30,PCOM AMB,Porites,221.2
9/12/2023,13:45,PCOM AMB,Porites,118.3
9/12/2023,14:00,PCOM AMB,Porites,108.3
9/12/2023,14:15,PCOM AMB,Porites,133.3
9/12/2023,14:30,PCOM AMB,Porites,104
9/12/2023,14:45,PCOM AMB,Porites,120.9
9/12/2023,15:00,PCOM AMB,Porites,175
9/12/2023,15:15,PCOM AMB,Porites,143.9
9/12/2023,15:30,PCOM AMB,Porites,54.5
9/12/2023,15:45,PCOM AMB,Porites,46.9
9/12/2023,16:00,PCOM AMB,Porites,44.8
9/12/2023,16:15,PCOM AMB,Porites,35
9/12/2023,16:30,PCOM AMB,Porites,31.8
9/12/2023,16:45,PCOM AMB,Porites,24.2
9/12/2023,17:00,PCOM AMB,Porites,22.6
9/12/2023,17:15,PCOM AMB,Porites,21.1
9/12/2023,17:30,PCOM AMB,Porites,14.5
9/12/2023,17:45,PCOM AMB,Porites,14.9
9/12/2023,18:00,PCOM AMB,Porites,13.2
9/12/2023,18:15,PCOM AMB,Porites,6.3
9/12/2023,18:30,PCOM AMB,Porites,3.3
9/12/2023,18:45,PCOM AMB,Porites,1.2
9/12/2023,19:00,PCOM AMB,Porites,0.1
9/12/2023,19:15,PCOM AMB,Porites,0
9/12/2023,19:30,PCOM AMB,Porites,0
9/12/2023,19:45,PCOM AMB,Porites,0
9/12/2023,20:00,PCOM AMB,Porites,0
9/12/2023,20:15,PCOM AMB,Porites,0
9/12/2023,20:30,PCOM AMB,Porites,0
9/12/2023,20:45,PCOM AMB,Porites,0
9/12/2023,21:00,PCOM AMB,Porites,0
9/12/2023,21:15,PCOM AMB,Porites,0
9/12/2023,21:30,PCOM AMB,Porites,0
9/12/2023,21:45,PCOM AMB,Porites,0
9/12/2023,22:00,PCOM AMB,Porites,0
9/12/2023,22:15,PCOM AMB,Porites,0
9/12/2023,22:30,PCOM AMB,Porites,0
9/12/2023,22:45,PCOM AMB,Porites,0
9/12/2023,23:00,PCOM AMB,Porites,0
9/12/2023,23:15,PCOM AMB,Porites,0
9/12/2023,23:30,PCOM AMB,Porites,0
9/12/2023,23:45,PCOM AMB,Porites,0
9/12/2023,0:00,PCOM AMB,Porites,0
9/13/2023,0:15,PCOM AMB,Porites,0
9/13/2023,0:30,PCOM AMB,Porites,0
9/13/2023,0:45,PCOM AMB,Porites,0
9/13/2023,1:00,PCOM AMB,Porites,0
9/13/2023,1:15,PCOM AMB,Porites,0
9/13/2023,1:30,PCOM AMB,Porites,0
9/13/2023,1:45,PCOM AMB,Porites,0
9/13/2023,2:00,PCOM AMB,Porites,0
9/13/2023,2:15,PCOM AMB,Porites,0
9/13/2023,2:30,PCOM AMB,Porites,0
9/13/2023,2:45,PCOM AMB,Porites,0
9/13/2023,3:00,PCOM AMB,Porites,0
9/13/2023,3:15,PCOM AMB,Porites,0
9/13/2023,3:30,PCOM AMB,Porites,0
9/13/2023,3:45,PCOM AMB,Porites,0
9/13/2023,4:00,PCOM AMB,Porites,0
9/13/2023,4:15,PCOM AMB,Porites,0
9/13/2023,4:30,PCOM AMB,Porites,0
9/13/2023,4:45,PCOM AMB,Porites,0
9/13/2023,5:00,PCOM AMB,Porites,0
9/13/2023,5:15,PCOM AMB,Porites,0
9/13/2023,5:30,PCOM AMB,Porites,0
9/13/2023,5:45,PCOM AMB,Porites,0
9/13/2023,6:00,PCOM AMB,Porites,0
9/13/2023,6:15,PCOM AMB,Porites,0.1
9/13/2023,6:30,PCOM AMB,Porites,1.5
9/13/2023,6:45,PCOM AMB,Porites,8.9
9/13/2023,7:00,PCOM AMB,Porites,19.9
9/13/2023,7:15,PCOM AMB,Porites,45.3
9/13/2023,7:30,PCOM AMB,Porites,95.3
9/13/2023,7:45,PCOM AMB,Porites,45.8
9/13/2023,8:00,PCOM AMB,Porites,90.1
9/13/2023,8:15,PCOM AMB,Porites,117.2
9/13/2023,8:30,PCOM AMB,Porites,140
9/13/2023,8:45,PCOM AMB,Porites,152.3
9/13/2023,9:00,PCOM AMB,Porites,207.3
9/13/2023,9:15,PCOM AMB,Porites,172.8
9/13/2023,9:30,PCOM AMB,Porites,124.6
9/13/2023,9:45,PCOM AMB,Porites,201.2
9/13/2023,10:00,PCOM AMB,Porites,274.4
9/13/2023,10:15,PCOM AMB,Porites,230.5
9/13/2023,10:30,PCOM AMB,Porites,144.5
9/13/2023,10:45,PCOM AMB,Porites,116.3
9/13/2023,11:00,PCOM AMB,Porites,140.9
9/13/2023,11:15,PCOM AMB,Porites,237.4
9/13/2023,11:30,PCOM AMB,Porites,239.8
9/13/2023,11:45,PCOM AMB,Porites,157.4
9/13/2023,12:00,PCOM AMB,Porites,182.5
9/13/2023,12:15,PCOM AMB,Porites,207
9/13/2023,12:30,PCOM AMB,Porites,232.8
9/13/2023,12:45,PCOM AMB,Porites,244.6
9/13/2023,13:00,PCOM AMB,Porites,187.8
9/13/2023,13:15,PCOM AMB,Porites,208.1
9/13/2023,13:30,PCOM AMB,Porites,248.6
9/13/2023,13:45,PCOM AMB,Porites,235.6
9/13/2023,14:00,PCOM AMB,Porites,189.3
9/13/2023,14:15,PCOM AMB,Porites,157.5
9/13/2023,14:30,PCOM AMB,Porites,126.2
9/13/2023,14:45,PCOM AMB,Porites,126.8
9/13/2023,15:00,PCOM AMB,Porites,126
9/13/2023,15:15,PCOM AMB,Porites,119.4
9/13/2023,15:30,PCOM AMB,Porites,98.3
9/13/2023,15:45,PCOM AMB,Porites,85.5
9/13/2023,16:00,PCOM AMB,Porites,54.9
9/13/2023,16:15,PCOM AMB,Porites,60.7
9/13/2023,16:30,PCOM AMB,Porites,54.5
9/13/2023,16:45,PCOM AMB,Porites,40.8
9/13/2023,17:00,PCOM AMB,Porites,40.3
9/13/2023,17:15,PCOM AMB,Porites,31.2
9/13/2023,17:30,PCOM AMB,Porites,23
9/13/2023,17:45,PCOM AMB,Porites,17
9/13/2023,18:00,PCOM AMB,Porites,12.1
9/13/2023,18:15,PCOM AMB,Porites,5.9
9/13/2023,18:30,PCOM AMB,Porites,3.9
9/13/2023,18:45,PCOM AMB,Porites,1.4
9/13/2023,19:00,PCOM AMB,Porites,0.1
9/13/2023,19:15,PCOM AMB,Porites,0
9/13/2023,19:30,PCOM AMB,Porites,0
9/13/2023,19:45,PCOM AMB,Porites,0
9/13/2023,20:00,PCOM AMB,Porites,0
9/13/2023,20:15,PCOM AMB,Porites,0
9/13/2023,20:30,PCOM AMB,Porites,0
9/13/2023,20:45,PCOM AMB,Porites,0
9/13/2023,21:00,PCOM AMB,Porites,0
9/13/2023,21:15,PCOM AMB,Porites,0
9/13/2023,21:30,PCOM AMB,Porites,0
9/13/2023,21:45,PCOM AMB,Porites,0
9/13/2023,22:00,PCOM AMB,Porites,0
9/13/2023,22:15,PCOM AMB,Porites,0
9/13/2023,22:30,PCOM AMB,Porites,0
9/13/2023,22:45,PCOM AMB,Porites,0
9/13/2023,23:00,PCOM AMB,Porites,0
9/13/2023,23:15,PCOM AMB,Porites,0
9/13/2023,23:30,PCOM AMB,Porites,0
9/13/2023,23:45,PCOM AMB,Porites,0
9/13/2023,0:00,PCOM AMB,Porites,0
9/14/2023,0:15,PCOM AMB,Porites,0
9/14/2023,0:30,PCOM AMB,Porites,0
9/14/2023,0:45,PCOM AMB,Porites,0
9/14/2023,1:00,PCOM AMB,Porites,0
9/14/2023,1:15,PCOM AMB,Porites,0
9/14/2023,1:30,PCOM AMB,Porites,0
9/14/2023,1:45,PCOM AMB,Porites,0
9/14/2023,2:00,PCOM AMB,Porites,0
9/14/2023,2:15,PCOM AMB,Porites,0
9/14/2023,2:30,PCOM AMB,Porites,0
9/14/2023,2:45,PCOM AMB,Porites,0
9/14/2023,3:00,PCOM AMB,Porites,0
9/14/2023,3:15,PCOM AMB,Porites,0
9/14/2023,3:30,PCOM AMB,Porites,0
9/14/2023,3:45,PCOM AMB,Porites,0
9/14/2023,4:00,PCOM AMB,Porites,0
9/14/2023,4:15,PCOM AMB,Porites,0
9/14/2023,4:30,PCOM AMB,Porites,0
9/14/2023,4:45,PCOM AMB,Porites,0
9/14/2023,5:00,PCOM AMB,Porites,0
9/14/2023,5:15,PCOM AMB,Porites,0
9/14/2023,5:30,PCOM AMB,Porites,0
9/14/2023,5:45,PCOM AMB,Porites,0
9/14/2023,6:00,PCOM AMB,Porites,0
9/14/2023,6:15,PCOM AMB,Porites,0.1
9/14/2023,6:30,PCOM AMB,Porites,1.2
9/14/2023,6:45,PCOM AMB,Porites,3.5
9/14/2023,7:00,PCOM AMB,Porites,21.7
9/14/2023,7:15,PCOM AMB,Porites,22.4
9/14/2023,7:30,PCOM AMB,Porites,33.4
9/14/2023,7:45,PCOM AMB,Porites,19.9
9/14/2023,8:00,PCOM AMB,Porites,38.9
9/14/2023,8:15,PCOM AMB,Porites,52.1
9/14/2023,8:30,PCOM AMB,Porites,59.6
9/14/2023,8:45,PCOM AMB,Porites,91.5
9/14/2023,9:00,PCOM AMB,Porites,155.1
9/14/2023,9:15,PCOM AMB,Porites,248.5
9/14/2023,9:30,PCOM AMB,Porites,280
9/14/2023,9:45,PCOM AMB,Porites,241.1
9/14/2023,10:00,PCOM AMB,Porites,364.2
9/14/2023,10:15,PCOM AMB,Porites,430.5
9/14/2023,10:30,PCOM AMB,Porites,464.4
9/14/2023,10:45,PCOM AMB,Porites,608.3
9/14/2023,11:00,PCOM AMB,Porites,611
9/14/2023,11:15,PCOM AMB,Porites,337.3
9/14/2023,11:30,PCOM AMB,Porites,345.2
9/14/2023,11:45,PCOM AMB,Porites,335.7
9/14/2023,12:00,PCOM AMB,Porites,345.9
9/14/2023,12:15,PCOM AMB,Porites,230.8
9/14/2023,12:30,PCOM AMB,Porites,179
9/14/2023,12:45,PCOM AMB,Porites,319.9
9/14/2023,13:00,PCOM AMB,Porites,170.1
9/14/2023,13:15,PCOM AMB,Porites,300.3
9/14/2023,13:30,PCOM AMB,Porites,121
9/14/2023,13:45,PCOM AMB,Porites,215
9/14/2023,14:00,PCOM AMB,Porites,130.8
9/14/2023,14:15,PCOM AMB,Porites,134.1
9/14/2023,14:30,PCOM AMB,Porites,145.9
9/14/2023,14:45,PCOM AMB,Porites,133.1
9/14/2023,15:00,PCOM AMB,Porites,106.8
9/14/2023,15:15,PCOM AMB,Porites,93.6
9/14/2023,15:30,PCOM AMB,Porites,81.1
9/14/2023,15:45,PCOM AMB,Porites,102.5
9/14/2023,16:00,PCOM AMB,Porites,55.1
9/14/2023,16:15,PCOM AMB,Porites,35
9/14/2023,16:30,PCOM AMB,Porites,48.8
9/14/2023,16:45,PCOM AMB,Porites,26.8
9/14/2023,17:00,PCOM AMB,Porites,22.3
9/14/2023,17:15,PCOM AMB,Porites,29.5
9/14/2023,17:30,PCOM AMB,Porites,20.3
9/14/2023,17:45,PCOM AMB,Porites,19.9
9/14/2023,18:00,PCOM AMB,Porites,13.5
9/14/2023,18:15,PCOM AMB,Porites,9.2
9/14/2023,18:30,PCOM AMB,Porites,3.2
9/14/2023,18:45,PCOM AMB,Porites,0.7
9/14/2023,19:00,PCOM AMB,Porites,0.1
9/14/2023,19:15,PCOM AMB,Porites,0
9/14/2023,19:30,PCOM AMB,Porites,0
9/14/2023,19:45,PCOM AMB,Porites,0
9/14/2023,20:00,PCOM AMB,Porites,0
9/14/2023,20:15,PCOM AMB,Porites,0
9/14/2023,20:30,PCOM AMB,Porites,0
9/14/2023,20:45,PCOM AMB,Porites,0
9/14/2023,21:00,PCOM AMB,Porites,0
9/14/2023,21:15,PCOM AMB,Porites,0
9/14/2023,21:30,PCOM AMB,Porites,0
9/14/2023,21:45,PCOM AMB,Porites,0
9/14/2023,22:00,PCOM AMB,Porites,0
9/14/2023,22:15,PCOM AMB,Porites,0
9/14/2023,22:30,PCOM AMB,Porites,0
9/14/2023,22:45,PCOM AMB,Porites,0
9/14/2023,23:00,PCOM AMB,Porites,0
9/14/2023,23:15,PCOM AMB,Porites,0
9/14/2023,23:30,PCOM AMB,Porites,0
9/14/2023,23:45,PCOM AMB,Porites,0
9/14/2023,0:00,PCOM AMB,Porites,0
9/15/2023,0:15,PCOM AMB,Porites,0
9/15/2023,0:30,PCOM AMB,Porites,0
9/15/2023,0:45,PCOM AMB,Porites,0
9/15/2023,1:00,PCOM AMB,Porites,0
9/15/2023,1:15,PCOM AMB,Porites,0
9/15/2023,1:30,PCOM AMB,Porites,0
9/15/2023,1:45,PCOM AMB,Porites,0
9/15/2023,2:00,PCOM AMB,Porites,0
9/15/2023,2:15,PCOM AMB,Porites,0
9/15/2023,2:30,PCOM AMB,Porites,0
9/15/2023,2:45,PCOM AMB,Porites,0
9/15/2023,3:00,PCOM AMB,Porites,0
9/15/2023,3:15,PCOM AMB,Porites,0
9/15/2023,3:30,PCOM AMB,Porites,0
9/15/2023,3:45,PCOM AMB,Porites,0
9/15/2023,4:00,PCOM AMB,Porites,0
9/15/2023,4:15,PCOM AMB,Porites,0
9/15/2023,4:30,PCOM AMB,Porites,0
9/15/2023,4:45,PCOM AMB,Porites,0
9/15/2023,5:00,PCOM AMB,Porites,0
9/15/2023,5:15,PCOM AMB,Porites,0
9/15/2023,5:30,PCOM AMB,Porites,0
9/15/2023,5:45,PCOM AMB,Porites,0
9/15/2023,6:00,PCOM AMB,Porites,0
9/15/2023,6:15,PCOM AMB,Porites,0.1
9/15/2023,6:30,PCOM AMB,Porites,1.3
9/15/2023,6:45,PCOM AMB,Porites,5.1
9/15/2023,7:00,PCOM AMB,Porites,8
9/15/2023,7:15,PCOM AMB,Porites,15.3
9/15/2023,7:30,PCOM AMB,Porites,15.2
9/15/2023,7:45,PCOM AMB,Porites,34.6
9/15/2023,8:00,PCOM AMB,Porites,88.6
9/15/2023,8:15,PCOM AMB,Porites,108.3
9/15/2023,8:30,PCOM AMB,Porites,66.9
9/15/2023,8:45,PCOM AMB,Porites,144.7
9/15/2023,9:00,PCOM AMB,Porites,192.2
9/15/2023,9:15,PCOM AMB,Porites,299.2
9/15/2023,9:30,PCOM AMB,Porites,470.6
9/15/2023,9:45,PCOM AMB,Porites,259.8
9/15/2023,10:00,PCOM AMB,Porites,343.7
9/15/2023,10:15,PCOM AMB,Porites,603.2
9/15/2023,10:30,PCOM AMB,Porites,770.2
9/15/2023,10:45,PCOM AMB,Porites,598.6
9/15/2023,11:00,PCOM AMB,Porites,376.7
9/15/2023,11:15,PCOM AMB,Porites,110.7
9/15/2023,11:30,PCOM AMB,Porites,130.5
9/15/2023,11:45,PCOM AMB,Porites,117.7
9/15/2023,12:00,PCOM AMB,Porites,89
9/15/2023,12:15,PCOM AMB,Porites,138.5
9/15/2023,12:30,PCOM AMB,Porites,196.8
9/15/2023,12:45,PCOM AMB,Porites,119.2
9/15/2023,13:00,PCOM AMB,Porites,106.6
9/15/2023,13:15,PCOM AMB,Porites,143.7
9/15/2023,13:30,PCOM AMB,Porites,333.2
9/15/2023,13:45,PCOM AMB,Porites,276.9
9/15/2023,14:00,PCOM AMB,Porites,150.1
9/15/2023,14:15,PCOM AMB,Porites,102.9
9/15/2023,14:30,PCOM AMB,Porites,95.7
9/15/2023,14:45,PCOM AMB,Porites,98.7
9/15/2023,15:00,PCOM AMB,Porites,135.4
9/15/2023,15:15,PCOM AMB,Porites,116.4
9/15/2023,15:30,PCOM AMB,Porites,53.6
9/15/2023,15:45,PCOM AMB,Porites,33.3
9/15/2023,16:00,PCOM AMB,Porites,31.4
9/15/2023,16:15,PCOM AMB,Porites,32
9/15/2023,16:30,PCOM AMB,Porites,34.7
9/15/2023,16:45,PCOM AMB,Porites,27.7
9/15/2023,17:00,PCOM AMB,Porites,21.4
9/15/2023,17:15,PCOM AMB,Porites,25.6
9/15/2023,17:30,PCOM AMB,Porites,22.4
9/15/2023,17:45,PCOM AMB,Porites,14.7
9/15/2023,18:00,PCOM AMB,Porites,11.6
9/15/2023,18:15,PCOM AMB,Porites,7.5
9/15/2023,18:30,PCOM AMB,Porites,4.4
9/15/2023,18:45,PCOM AMB,Porites,1
9/15/2023,19:00,PCOM AMB,Porites,0.1
9/15/2023,19:15,PCOM AMB,Porites,0
9/15/2023,19:30,PCOM AMB,Porites,0
9/15/2023,19:45,PCOM AMB,Porites,0
9/15/2023,20:00,PCOM AMB,Porites,0
9/15/2023,20:15,PCOM AMB,Porites,0
9/15/2023,20:30,PCOM AMB,Porites,0
9/15/2023,20:45,PCOM AMB,Porites,0
9/15/2023,21:00,PCOM AMB,Porites,0
9/15/2023,21:15,PCOM AMB,Porites,0
9/15/2023,21:30,PCOM AMB,Porites,0
9/15/2023,21:45,PCOM AMB,Porites,0
9/15/2023,22:00,PCOM AMB,Porites,0
9/15/2023,22:15,PCOM AMB,Porites,0
9/15/2023,22:30,PCOM AMB,Porites,0
9/15/2023,22:45,PCOM AMB,Porites,0
9/15/2023,23:00,PCOM AMB,Porites,0
9/15/2023,23:15,PCOM AMB,Porites,0
9/15/2023,23:30,PCOM AMB,Porites,0
9/15/2023,23:45,PCOM AMB,Porites,0
9/15/2023,0:00,PCOM AMB,Porites,0
9/16/2023,0:15,PCOM AMB,Porites,0
9/16/2023,0:30,PCOM AMB,Porites,0
9/16/2023,0:45,PCOM AMB,Porites,0
9/16/2023,1:00,PCOM AMB,Porites,0
9/16/2023,1:15,PCOM AMB,Porites,0
9/16/2023,1:30,PCOM AMB,Porites,0
9/16/2023,1:45,PCOM AMB,Porites,0
9/16/2023,2:00,PCOM AMB,Porites,0
9/16/2023,2:15,PCOM AMB,Porites,0
9/16/2023,2:30,PCOM AMB,Porites,0
9/16/2023,2:45,PCOM AMB,Porites,0
9/16/2023,3:00,PCOM AMB,Porites,0
9/16/2023,3:15,PCOM AMB,Porites,0
9/16/2023,3:30,PCOM AMB,Porites,0
9/16/2023,3:45,PCOM AMB,Porites,0
9/16/2023,4:00,PCOM AMB,Porites,0
9/16/2023,4:15,PCOM AMB,Porites,0
9/16/2023,4:30,PCOM AMB,Porites,0
9/16/2023,4:45,PCOM AMB,Porites,0
9/16/2023,5:00,PCOM AMB,Porites,0
9/16/2023,5:15,PCOM AMB,Porites,0
9/16/2023,5:30,PCOM AMB,Porites,0
9/16/2023,5:45,PCOM AMB,Porites,0
9/16/2023,6:00,PCOM AMB,Porites,0
9/16/2023,6:15,PCOM AMB,Porites,0.2
9/16/2023,6:30,PCOM AMB,Porites,2.1
9/16/2023,6:45,PCOM AMB,Porites,12.6
9/16/2023,7:00,PCOM AMB,Porites,21
9/16/2023,7:15,PCOM AMB,Porites,52.3
9/16/2023,7:30,PCOM AMB,Porites,85
9/16/2023,7:45,PCOM AMB,Porites,100.9
9/16/2023,8:00,PCOM AMB,Porites,116.8
9/16/2023,8:15,PCOM AMB,Porites,126.5
9/16/2023,8:30,PCOM AMB,Porites,105.8
9/16/2023,8:45,PCOM AMB,Porites,150
9/16/2023,9:00,PCOM AMB,Porites,314.4
9/16/2023,9:15,PCOM AMB,Porites,299.5
9/16/2023,9:30,PCOM AMB,Porites,284.2
9/16/2023,9:45,PCOM AMB,Porites,268
9/16/2023,10:00,PCOM AMB,Porites,428.7
9/16/2023,10:15,PCOM AMB,Porites,650.5
9/16/2023,10:30,PCOM AMB,Porites,828.9
9/16/2023,10:45,PCOM AMB,Porites,516.4
9/16/2023,11:00,PCOM AMB,Porites,409.2
9/16/2023,11:15,PCOM AMB,Porites,287
9/16/2023,11:30,PCOM AMB,Porites,305.1
9/16/2023,11:45,PCOM AMB,Porites,320.4
9/16/2023,12:00,PCOM AMB,Porites,309.5
9/16/2023,12:15,PCOM AMB,Porites,321
9/16/2023,12:30,PCOM AMB,Porites,318.1
9/16/2023,12:45,PCOM AMB,Porites,318
9/16/2023,13:00,PCOM AMB,Porites,283.2
9/16/2023,13:15,PCOM AMB,Porites,289.9
9/16/2023,13:30,PCOM AMB,Porites,332.5
9/16/2023,13:45,PCOM AMB,Porites,286.6
9/16/2023,14:00,PCOM AMB,Porites,178.5
9/16/2023,14:15,PCOM AMB,Porites,123.4
9/16/2023,14:30,PCOM AMB,Porites,109.2
9/16/2023,14:45,PCOM AMB,Porites,93.6
9/16/2023,15:00,PCOM AMB,Porites,100.6
9/16/2023,15:15,PCOM AMB,Porites,96.9
9/16/2023,15:30,PCOM AMB,Porites,43.5
9/16/2023,15:45,PCOM AMB,Porites,33.5
9/16/2023,16:00,PCOM AMB,Porites,25.6
9/16/2023,16:15,PCOM AMB,Porites,32.6
9/16/2023,16:30,PCOM AMB,Porites,36.7
9/16/2023,16:45,PCOM AMB,Porites,42.5
9/16/2023,17:00,PCOM AMB,Porites,25
9/16/2023,17:15,PCOM AMB,Porites,29.1
9/16/2023,17:30,PCOM AMB,Porites,24.6
9/16/2023,17:45,PCOM AMB,Porites,13
9/16/2023,18:00,PCOM AMB,Porites,8.6
9/16/2023,18:15,PCOM AMB,Porites,5.9
9/16/2023,18:30,PCOM AMB,Porites,3.4
9/16/2023,18:45,PCOM AMB,Porites,1.1
9/16/2023,19:00,PCOM AMB,Porites,0.1
9/16/2023,19:15,PCOM AMB,Porites,0
9/16/2023,19:30,PCOM AMB,Porites,0
9/16/2023,19:45,PCOM AMB,Porites,0
9/16/2023,20:00,PCOM AMB,Porites,0
9/16/2023,20:15,PCOM AMB,Porites,0
9/16/2023,20:30,PCOM AMB,Porites,0
9/16/2023,20:45,PCOM AMB,Porites,0
9/16/2023,21:00,PCOM AMB,Porites,0
9/16/2023,21:15,PCOM AMB,Porites,0
9/16/2023,21:30,PCOM AMB,Porites,0
9/16/2023,21:45,PCOM AMB,Porites,0
9/16/2023,22:00,PCOM AMB,Porites,0
9/16/2023,22:15,PCOM AMB,Porites,0
9/16/2023,22:30,PCOM AMB,Porites,0
9/16/2023,22:45,PCOM AMB,Porites,0
9/16/2023,23:00,PCOM AMB,Porites,0
9/16/2023,23:15,PCOM AMB,Porites,0
9/16/2023,23:30,PCOM AMB,Porites,0
9/16/2023,23:45,PCOM AMB,Porites,0
9/16/2023,0:00,PCOM AMB,Porites,0
9/17/2023,0:15,PCOM AMB,Porites,0
9/17/2023,0:30,PCOM AMB,Porites,0
9/17/2023,0:45,PCOM AMB,Porites,0
9/17/2023,1:00,PCOM AMB,Porites,0
9/17/2023,1:15,PCOM AMB,Porites,0
9/17/2023,1:30,PCOM AMB,Porites,0
9/17/2023,1:45,PCOM AMB,Porites,0
9/17/2023,2:00,PCOM AMB,Porites,0
9/17/2023,2:15,PCOM AMB,Porites,0
9/17/2023,2:30,PCOM AMB,Porites,0
9/17/2023,2:45,PCOM AMB,Porites,0
9/17/2023,3:00,PCOM AMB,Porites,0
9/17/2023,3:15,PCOM AMB,Porites,0
9/17/2023,3:30,PCOM AMB,Porites,0
9/17/2023,3:45,PCOM AMB,Porites,0
9/17/2023,4:00,PCOM AMB,Porites,0
9/17/2023,4:15,PCOM AMB,Porites,0
9/17/2023,4:30,PCOM AMB,Porites,0
9/17/2023,4:45,PCOM AMB,Porites,0
9/17/2023,5:00,PCOM AMB,Porites,0
9/17/2023,5:15,PCOM AMB,Porites,0
9/17/2023,5:30,PCOM AMB,Porites,0
9/17/2023,5:45,PCOM AMB,Porites,0
9/17/2023,6:00,PCOM AMB,Porites,0
9/17/2023,6:15,PCOM AMB,Porites,0.1
9/17/2023,6:30,PCOM AMB,Porites,2
9/17/2023,6:45,PCOM AMB,Porites,10.2
9/17/2023,7:00,PCOM AMB,Porites,19.9
9/17/2023,7:15,PCOM AMB,Porites,44.7
9/17/2023,7:30,PCOM AMB,Porites,84.6
9/17/2023,7:45,PCOM AMB,Porites,59.8
9/17/2023,8:00,PCOM AMB,Porites,58.1
9/17/2023,8:15,PCOM AMB,Porites,71.4
9/17/2023,8:30,PCOM AMB,Porites,118.5
9/17/2023,8:45,PCOM AMB,Porites,147.9
9/17/2023,9:00,PCOM AMB,Porites,281.9
9/17/2023,9:15,PCOM AMB,Porites,128.5
9/17/2023,9:30,PCOM AMB,Porites,76.7
9/17/2023,9:45,PCOM AMB,Porites,169.1
9/17/2023,10:00,PCOM AMB,Porites,199.2
9/17/2023,10:15,PCOM AMB,Porites,256.5
9/17/2023,10:30,PCOM AMB,Porites,422.2
9/17/2023,10:45,PCOM AMB,Porites,571.6
9/17/2023,11:00,PCOM AMB,Porites,509.1
9/17/2023,11:15,PCOM AMB,Porites,255.9
9/17/2023,11:30,PCOM AMB,Porites,283.1
9/17/2023,11:45,PCOM AMB,Porites,280.6
9/17/2023,12:00,PCOM AMB,Porites,277.3
9/17/2023,12:15,PCOM AMB,Porites,276.4
9/17/2023,12:30,PCOM AMB,Porites,326
9/17/2023,12:45,PCOM AMB,Porites,229.8
9/17/2023,13:00,PCOM AMB,Porites,174.2
9/17/2023,13:15,PCOM AMB,Porites,167
9/17/2023,13:30,PCOM AMB,Porites,159.3
9/17/2023,13:45,PCOM AMB,Porites,127.5
9/17/2023,14:00,PCOM AMB,Porites,152.1
9/17/2023,14:15,PCOM AMB,Porites,90.8
9/17/2023,14:30,PCOM AMB,Porites,82.1
9/17/2023,14:45,PCOM AMB,Porites,95
9/17/2023,15:00,PCOM AMB,Porites,84.1
9/17/2023,15:15,PCOM AMB,Porites,62.9
9/17/2023,15:30,PCOM AMB,Porites,72.3
9/17/2023,15:45,PCOM AMB,Porites,58.4
9/17/2023,16:00,PCOM AMB,Porites,24.1
9/17/2023,16:15,PCOM AMB,Porites,31.4
9/17/2023,16:30,PCOM AMB,Porites,60.5
9/17/2023,16:45,PCOM AMB,Porites,45.4
9/17/2023,17:00,PCOM AMB,Porites,41.9
9/17/2023,17:15,PCOM AMB,Porites,37.9
9/17/2023,17:30,PCOM AMB,Porites,28.9
9/17/2023,17:45,PCOM AMB,Porites,16.1
9/17/2023,18:00,PCOM AMB,Porites,8.3
9/17/2023,18:15,PCOM AMB,Porites,5.1
9/17/2023,18:30,PCOM AMB,Porites,1.6
9/17/2023,18:45,PCOM AMB,Porites,0.3
9/17/2023,19:00,PCOM AMB,Porites,0
9/17/2023,19:15,PCOM AMB,Porites,0
9/17/2023,19:30,PCOM AMB,Porites,0
9/17/2023,19:45,PCOM AMB,Porites,0
9/17/2023,20:00,PCOM AMB,Porites,0
9/17/2023,20:15,PCOM AMB,Porites,0
9/17/2023,20:30,PCOM AMB,Porites,0
9/17/2023,20:45,PCOM AMB,Porites,0
9/17/2023,21:00,PCOM AMB,Porites,0
9/17/2023,21:15,PCOM AMB,Porites,0
9/17/2023,21:30,PCOM AMB,Porites,0
9/17/2023,21:45,PCOM AMB,Porites,0
9/17/2023,22:00,PCOM AMB,Porites,0
9/17/2023,22:15,PCOM AMB,Porites,0
9/17/2023,22:30,PCOM AMB,Porites,0
9/17/2023,22:45,PCOM AMB,Porites,0
9/17/2023,23:00,PCOM AMB,Porites,0
9/17/2023,23:15,PCOM AMB,Porites,0
9/17/2023,23:30,PCOM AMB,Porites,0
9/17/2023,23:45,PCOM AMB,Porites,0
9/17/2023,0:00,PCOM AMB,Porites,0
9/18/2023,0:15,PCOM AMB,Porites,0
9/18/2023,0:30,PCOM AMB,Porites,0
9/18/2023,0:45,PCOM AMB,Porites,0
9/18/2023,1:00,PCOM AMB,Porites,0
9/18/2023,1:15,PCOM AMB,Porites,0
9/18/2023,1:30,PCOM AMB,Porites,0
9/18/2023,1:45,PCOM AMB,Porites,0
9/18/2023,2:00,PCOM AMB,Porites,0
9/18/2023,2:15,PCOM AMB,Porites,0
9/18/2023,2:30,PCOM AMB,Porites,0
9/18/2023,2:45,PCOM AMB,Porites,0
9/18/2023,3:00,PCOM AMB,Porites,0
9/18/2023,3:15,PCOM AMB,Porites,0
9/18/2023,3:30,PCOM AMB,Porites,0
9/18/2023,3:45,PCOM AMB,Porites,0
9/18/2023,4:00,PCOM AMB,Porites,0
9/18/2023,4:15,PCOM AMB,Porites,0
9/18/2023,4:30,PCOM AMB,Porites,0
9/18/2023,4:45,PCOM AMB,Porites,0
9/18/2023,5:00,PCOM AMB,Porites,0
9/18/2023,5:15,PCOM AMB,Porites,0
9/18/2023,5:30,PCOM AMB,Porites,0
9/18/2023,5:45,PCOM AMB,Porites,0
9/18/2023,6:00,PCOM AMB,Porites,0
9/18/2023,6:15,PCOM AMB,Porites,0.1
9/18/2023,6:30,PCOM AMB,Porites,1.6
9/18/2023,6:45,PCOM AMB,Porites,8.9
9/18/2023,7:00,PCOM AMB,Porites,12.8
9/18/2023,7:15,PCOM AMB,Porites,14.4
9/18/2023,7:30,PCOM AMB,Porites,35.8
9/18/2023,7:45,PCOM AMB,Porites,89.8
9/18/2023,8:00,PCOM AMB,Porites,106.9
9/18/2023,8:15,PCOM AMB,Porites,107.3
9/18/2023,8:30,PCOM AMB,Porites,92
9/18/2023,8:45,PCOM AMB,Porites,88
9/18/2023,9:00,PCOM AMB,Porites,177.6
9/18/2023,9:15,PCOM AMB,Porites,116.2
9/18/2023,9:30,PCOM AMB,Porites,178.8
9/18/2023,9:45,PCOM AMB,Porites,214.6
9/18/2023,10:00,PCOM AMB,Porites,300.7
9/18/2023,10:15,PCOM AMB,Porites,239.3
9/18/2023,10:30,PCOM AMB,Porites,182.8
9/18/2023,10:45,PCOM AMB,Porites,85.9
9/18/2023,11:00,PCOM AMB,Porites,164.6
9/18/2023,11:15,PCOM AMB,Porites,255
9/18/2023,11:30,PCOM AMB,Porites,243.8
9/18/2023,11:45,PCOM AMB,Porites,114
9/18/2023,12:00,PCOM AMB,Porites,125.7
9/18/2023,12:15,PCOM AMB,Porites,135.6
9/18/2023,12:30,PCOM AMB,Porites,170.1
9/18/2023,12:45,PCOM AMB,Porites,151.9
9/18/2023,13:00,PCOM AMB,Porites,173.4
9/18/2023,13:15,PCOM AMB,Porites,169.9
9/18/2023,13:30,PCOM AMB,Porites,113.7
9/18/2023,13:45,PCOM AMB,Porites,150
9/18/2023,14:00,PCOM AMB,Porites,172
9/18/2023,14:15,PCOM AMB,Porites,129.7
9/18/2023,14:30,PCOM AMB,Porites,129.8
9/18/2023,14:45,PCOM AMB,Porites,125.9
9/18/2023,15:00,PCOM AMB,Porites,102.6
9/18/2023,15:15,PCOM AMB,Porites,93.2
9/18/2023,15:30,PCOM AMB,Porites,84.4
9/18/2023,15:45,PCOM AMB,Porites,76.2
9/18/2023,16:00,PCOM AMB,Porites,58.6
9/18/2023,16:15,PCOM AMB,Porites,37.7
9/18/2023,16:30,PCOM AMB,Porites,43.2
9/18/2023,16:45,PCOM AMB,Porites,26
9/18/2023,17:00,PCOM AMB,Porites,17
9/18/2023,17:15,PCOM AMB,Porites,37.1
9/18/2023,17:30,PCOM AMB,Porites,20.8
9/18/2023,17:45,PCOM AMB,Porites,11.1
9/18/2023,18:00,PCOM AMB,Porites,7.6
9/18/2023,18:15,PCOM AMB,Porites,5.2
9/18/2023,18:30,PCOM AMB,Porites,1.7
9/18/2023,18:45,PCOM AMB,Porites,0.4
9/18/2023,19:00,PCOM AMB,Porites,0
9/18/2023,19:15,PCOM AMB,Porites,0
9/18/2023,19:30,PCOM AMB,Porites,0
9/18/2023,19:45,PCOM AMB,Porites,0
9/18/2023,20:00,PCOM AMB,Porites,0
9/18/2023,20:15,PCOM AMB,Porites,0
9/18/2023,20:30,PCOM AMB,Porites,0
9/18/2023,20:45,PCOM AMB,Porites,0
9/18/2023,21:00,PCOM AMB,Porites,0
9/18/2023,21:15,PCOM AMB,Porites,0
9/18/2023,21:30,PCOM AMB,Porites,0
9/18/2023,21:45,PCOM AMB,Porites,0
9/18/2023,22:00,PCOM AMB,Porites,0
9/18/2023,22:15,PCOM AMB,Porites,0
9/18/2023,22:30,PCOM AMB,Porites,0
9/18/2023,22:45,PCOM AMB,Porites,0
9/18/2023,23:00,PCOM AMB,Porites,0
9/18/2023,23:15,PCOM AMB,Porites,0
9/18/2023,23:30,PCOM AMB,Porites,0
9/18/2023,23:45,PCOM AMB,Porites,0
9/18/2023,0:00,PCOM AMB,Porites,0
9/19/2023,0:15,PCOM AMB,Porites,0
9/19/2023,0:30,PCOM AMB,Porites,0
9/19/2023,0:45,PCOM AMB,Porites,0
9/19/2023,1:00,PCOM AMB,Porites,0
9/19/2023,1:15,PCOM AMB,Porites,0
9/19/2023,1:30,PCOM AMB,Porites,0
9/19/2023,1:45,PCOM AMB,Porites,0
9/19/2023,2:00,PCOM AMB,Porites,0
9/19/2023,2:15,PCOM AMB,Porites,0
9/19/2023,2:30,PCOM AMB,Porites,0
9/19/2023,2:45,PCOM AMB,Porites,0
9/19/2023,3:00,PCOM AMB,Porites,0
9/19/2023,3:15,PCOM AMB,Porites,0
9/19/2023,3:30,PCOM AMB,Porites,0
9/19/2023,3:45,PCOM AMB,Porites,0
9/19/2023,4:00,PCOM AMB,Porites,0
9/19/2023,4:15,PCOM AMB,Porites,0
9/19/2023,4:30,PCOM AMB,Porites,0
9/19/2023,4:45,PCOM AMB,Porites,0
9/19/2023,5:00,PCOM AMB,Porites,0
9/19/2023,5:15,PCOM AMB,Porites,0
9/19/2023,5:30,PCOM AMB,Porites,0
9/19/2023,5:45,PCOM AMB,Porites,0
9/19/2023,6:00,PCOM AMB,Porites,0
9/19/2023,6:15,PCOM AMB,Porites,0.1
9/19/2023,6:30,PCOM AMB,Porites,1.1
9/19/2023,6:45,PCOM AMB,Porites,5.3
9/19/2023,7:00,PCOM AMB,Porites,10.8
9/19/2023,7:15,PCOM AMB,Porites,18.9
9/19/2023,7:30,PCOM AMB,Porites,37.1
9/19/2023,7:45,PCOM AMB,Porites,60.6
9/19/2023,8:00,PCOM AMB,Porites,70.4
9/19/2023,8:15,PCOM AMB,Porites,125
9/19/2023,8:30,PCOM AMB,Porites,91.8
9/19/2023,8:45,PCOM AMB,Porites,67.4
9/19/2023,9:00,PCOM AMB,Porites,71.2
9/19/2023,9:15,PCOM AMB,Porites,114.1
9/19/2023,9:30,PCOM AMB,Porites,134.1
9/19/2023,9:45,PCOM AMB,Porites,123.1
9/19/2023,10:00,PCOM AMB,Porites,142.1
9/19/2023,10:15,PCOM AMB,Porites,160.3
9/19/2023,10:30,PCOM AMB,Porites,180.9
9/19/2023,10:45,PCOM AMB,Porites,94.5
9/19/2023,11:00,PCOM AMB,Porites,100.6
9/19/2023,11:15,PCOM AMB,Porites,215.2
9/19/2023,11:30,PCOM AMB,Porites,223.5
9/19/2023,11:45,PCOM AMB,Porites,232.5
9/19/2023,12:00,PCOM AMB,Porites,278.8
9/19/2023,12:15,PCOM AMB,Porites,314.8
9/19/2023,12:30,PCOM AMB,Porites,285.3
9/19/2023,12:45,PCOM AMB,Porites,313.3
9/19/2023,13:00,PCOM AMB,Porites,267.3
9/19/2023,13:15,PCOM AMB,Porites,263.1
9/19/2023,13:30,PCOM AMB,Porites,287.7
9/19/2023,13:45,PCOM AMB,Porites,309
9/19/2023,14:00,PCOM AMB,Porites,298.2
9/19/2023,14:15,PCOM AMB,Porites,161.9
9/19/2023,14:30,PCOM AMB,Porites,95.6
9/19/2023,14:45,PCOM AMB,Porites,222.5
9/19/2023,15:00,PCOM AMB,Porites,222.8
9/19/2023,15:15,PCOM AMB,Porites,106.6
9/19/2023,15:30,PCOM AMB,Porites,62.6
9/19/2023,15:45,PCOM AMB,Porites,62.1
9/19/2023,16:00,PCOM AMB,Porites,62.9
9/19/2023,16:15,PCOM AMB,Porites,53.6
9/19/2023,16:30,PCOM AMB,Porites,44.3
9/19/2023,16:45,PCOM AMB,Porites,37.9
9/19/2023,17:00,PCOM AMB,Porites,33.4
9/19/2023,17:15,PCOM AMB,Porites,32.2
9/19/2023,17:30,PCOM AMB,Porites,25.2
9/19/2023,17:45,PCOM AMB,Porites,19.5
9/19/2023,18:00,PCOM AMB,Porites,12.2
9/19/2023,18:15,PCOM AMB,Porites,6.3
9/19/2023,18:30,PCOM AMB,Porites,2.1
9/19/2023,18:45,PCOM AMB,Porites,0.4
9/19/2023,19:00,PCOM AMB,Porites,0
9/19/2023,19:15,PCOM AMB,Porites,0
9/19/2023,19:30,PCOM AMB,Porites,0
9/19/2023,19:45,PCOM AMB,Porites,0
9/19/2023,20:00,PCOM AMB,Porites,0
9/19/2023,20:15,PCOM AMB,Porites,0
9/19/2023,20:30,PCOM AMB,Porites,0
9/19/2023,20:45,PCOM AMB,Porites,0
9/19/2023,21:00,PCOM AMB,Porites,0
9/19/2023,21:15,PCOM AMB,Porites,0
9/19/2023,21:30,PCOM AMB,Porites,0
9/19/2023,21:45,PCOM AMB,Porites,0
9/19/2023,22:00,PCOM AMB,Porites,0
9/19/2023,22:15,PCOM AMB,Porites,0
9/19/2023,22:30,PCOM AMB,Porites,0
9/19/2023,22:45,PCOM AMB,Porites,0
9/19/2023,23:00,PCOM AMB,Porites,0
9/19/2023,23:15,PCOM AMB,Porites,0
9/19/2023,23:30,PCOM AMB,Porites,0
9/19/2023,23:45,PCOM AMB,Porites,0
9/19/2023,0:00,PCOM AMB,Porites,0
9/20/2023,0:15,PCOM AMB,Porites,0
9/20/2023,0:30,PCOM AMB,Porites,0
9/20/2023,0:45,PCOM AMB,Porites,0
9/20/2023,1:00,PCOM AMB,Porites,0
9/20/2023,1:15,PCOM AMB,Porites,0
9/20/2023,1:30,PCOM AMB,Porites,0
9/20/2023,1:45,PCOM AMB,Porites,0
9/20/2023,2:00,PCOM AMB,Porites,0
9/20/2023,2:15,PCOM AMB,Porites,0
9/20/2023,2:30,PCOM AMB,Porites,0
9/20/2023,2:45,PCOM AMB,Porites,0
9/20/2023,3:00,PCOM AMB,Porites,0
9/20/2023,3:15,PCOM AMB,Porites,0
9/20/2023,3:30,PCOM AMB,Porites,0
9/20/2023,3:45,PCOM AMB,Porites,0
9/20/2023,4:00,PCOM AMB,Porites,0
9/20/2023,4:15,PCOM AMB,Porites,0
9/20/2023,4:30,PCOM AMB,Porites,0
9/20/2023,4:45,PCOM AMB,Porites,0
9/20/2023,5:00,PCOM AMB,Porites,0
9/20/2023,5:15,PCOM AMB,Porites,0
9/20/2023,5:30,PCOM AMB,Porites,0
9/20/2023,5:45,PCOM AMB,Porites,0
9/20/2023,6:00,PCOM AMB,Porites,0
9/20/2023,6:15,PCOM AMB,Porites,0
9/20/2023,6:30,PCOM AMB,Porites,1
9/20/2023,6:45,PCOM AMB,Porites,3.7
9/20/2023,7:00,PCOM AMB,Porites,9.6
9/20/2023,7:15,PCOM AMB,Porites,29.8
9/20/2023,7:30,PCOM AMB,Porites,66.7
9/20/2023,7:45,PCOM AMB,Porites,96
9/20/2023,8:00,PCOM AMB,Porites,60
9/20/2023,8:15,PCOM AMB,Porites,20.2
9/20/2023,8:30,PCOM AMB,Porites,67.5
9/20/2023,8:45,PCOM AMB,Porites,61
9/20/2023,9:00,PCOM AMB,Porites,86.3
9/20/2023,9:15,PCOM AMB,Porites,60.7
9/20/2023,9:30,PCOM AMB,Porites,88.4
9/20/2023,9:45,PCOM AMB,Porites,67.9
9/20/2023,10:00,PCOM AMB,Porites,128
9/20/2023,10:15,PCOM AMB,Porites,197
9/20/2023,10:30,PCOM AMB,Porites,190
9/20/2023,10:45,PCOM AMB,Porites,59.5
9/20/2023,11:00,PCOM AMB,Porites,71.6
9/20/2023,11:15,PCOM AMB,Porites,176.9
9/20/2023,11:30,PCOM AMB,Porites,278.5
9/20/2023,11:45,PCOM AMB,Porites,93.6
9/20/2023,12:00,PCOM AMB,Porites,149.9
9/20/2023,12:15,PCOM AMB,Porites,308.9
9/20/2023,12:30,PCOM AMB,Porites,280
9/20/2023,12:45,PCOM AMB,Porites,145.4
9/20/2023,13:00,PCOM AMB,Porites,204.4
9/20/2023,13:15,PCOM AMB,Porites,167.8
9/20/2023,13:30,PCOM AMB,Porites,163.6
9/20/2023,13:45,PCOM AMB,Porites,100.7
9/20/2023,14:00,PCOM AMB,Porites,83.3
9/20/2023,14:15,PCOM AMB,Porites,94.8
9/20/2023,14:30,PCOM AMB,Porites,118.4
9/20/2023,14:45,PCOM AMB,Porites,93.9
9/20/2023,15:00,PCOM AMB,Porites,131.4
9/20/2023,15:15,PCOM AMB,Porites,100.1
9/20/2023,15:30,PCOM AMB,Porites,83.8
9/20/2023,15:45,PCOM AMB,Porites,62
9/20/2023,16:00,PCOM AMB,Porites,48.5
9/20/2023,16:15,PCOM AMB,Porites,40.6
9/20/2023,16:30,PCOM AMB,Porites,44.4
9/20/2023,16:45,PCOM AMB,Porites,19.5
9/20/2023,17:00,PCOM AMB,Porites,23.6
9/20/2023,17:15,PCOM AMB,Porites,23.7
9/20/2023,17:30,PCOM AMB,Porites,17.5
9/20/2023,17:45,PCOM AMB,Porites,11.3
9/20/2023,18:00,PCOM AMB,Porites,8.5
9/20/2023,18:15,PCOM AMB,Porites,3.7
9/20/2023,18:30,PCOM AMB,Porites,1.4
9/20/2023,18:45,PCOM AMB,Porites,0.2
9/20/2023,19:00,PCOM AMB,Porites,0
9/20/2023,19:15,PCOM AMB,Porites,0
9/20/2023,19:30,PCOM AMB,Porites,0
9/20/2023,19:45,PCOM AMB,Porites,0
9/20/2023,20:00,PCOM AMB,Porites,0
9/20/2023,20:15,PCOM AMB,Porites,0
9/20/2023,20:30,PCOM AMB,Porites,0
9/20/2023,20:45,PCOM AMB,Porites,0
9/20/2023,21:00,PCOM AMB,Porites,0
9/20/2023,21:15,PCOM AMB,Porites,0
9/20/2023,21:30,PCOM AMB,Porites,0
9/20/2023,21:45,PCOM AMB,Porites,0
9/20/2023,22:00,PCOM AMB,Porites,0
9/20/2023,22:15,PCOM AMB,Porites,0
9/20/2023,22:30,PCOM AMB,Porites,0
9/20/2023,22:45,PCOM AMB,Porites,0
9/20/2023,23:00,PCOM AMB,Porites,0
9/20/2023,23:15,PCOM AMB,Porites,0
9/20/2023,23:30,PCOM AMB,Porites,0
9/20/2023,23:45,PCOM AMB,Porites,0
9/20/2023,0:00,PCOM AMB,Porites,0
9/21/2023,0:15,PCOM AMB,Porites,0
9/21/2023,0:30,PCOM AMB,Porites,0
9/21/2023,0:45,PCOM AMB,Porites,0
9/21/2023,1:00,PCOM AMB,Porites,0
9/21/2023,1:15,PCOM AMB,Porites,0
9/21/2023,1:30,PCOM AMB,Porites,0
9/21/2023,1:45,PCOM AMB,Porites,0
9/21/2023,2:00,PCOM AMB,Porites,0
9/21/2023,2:15,PCOM AMB,Porites,0
9/21/2023,2:30,PCOM AMB,Porites,0
9/21/2023,2:45,PCOM AMB,Porites,0
9/21/2023,3:00,PCOM AMB,Porites,0
9/21/2023,3:15,PCOM AMB,Porites,0
9/21/2023,3:30,PCOM AMB,Porites,0
9/21/2023,3:45,PCOM AMB,Porites,0
9/21/2023,4:00,PCOM AMB,Porites,0
9/21/2023,4:15,PCOM AMB,Porites,0
9/21/2023,4:30,PCOM AMB,Porites,0
9/21/2023,4:45,PCOM AMB,Porites,0
9/21/2023,5:00,PCOM AMB,Porites,0
9/21/2023,5:15,PCOM AMB,Porites,0
9/21/2023,5:30,PCOM AMB,Porites,0
9/21/2023,5:45,PCOM AMB,Porites,0
9/21/2023,6:00,PCOM AMB,Porites,0
9/21/2023,6:15,PCOM AMB,Porites,0.1
9/21/2023,6:30,PCOM AMB,Porites,0.7
9/21/2023,6:45,PCOM AMB,Porites,3.4
9/21/2023,7:00,PCOM AMB,Porites,7.6
9/21/2023,7:15,PCOM AMB,Porites,15.4
9/21/2023,7:30,PCOM AMB,Porites,14.6
9/21/2023,7:45,PCOM AMB,Porites,35.2
9/21/2023,8:00,PCOM AMB,Porites,79.7
9/21/2023,8:15,PCOM AMB,Porites,74.1
9/21/2023,8:30,PCOM AMB,Porites,71.8
9/21/2023,8:45,PCOM AMB,Porites,66.9
9/21/2023,9:00,PCOM AMB,Porites,56.1
9/21/2023,9:15,PCOM AMB,Porites,98.4
9/21/2023,9:30,PCOM AMB,Porites,101.2
9/21/2023,9:45,PCOM AMB,Porites,138.1
9/21/2023,10:00,PCOM AMB,Porites,225.1
9/21/2023,10:15,PCOM AMB,Porites,153.3
9/21/2023,10:30,PCOM AMB,Porites,154.1
9/21/2023,10:45,PCOM AMB,Porites,76.5
9/21/2023,11:00,PCOM AMB,Porites,91.9
9/21/2023,11:15,PCOM AMB,Porites,240.6
9/21/2023,11:30,PCOM AMB,Porites,304.1
9/21/2023,11:45,PCOM AMB,Porites,250.1
9/21/2023,12:00,PCOM AMB,Porites,182.4
9/21/2023,12:15,PCOM AMB,Porites,218.7
9/21/2023,12:30,PCOM AMB,Porites,326.4
9/21/2023,12:45,PCOM AMB,Porites,230.4
9/21/2023,13:00,PCOM AMB,Porites,211.5
9/21/2023,13:15,PCOM AMB,Porites,66.2
9/21/2023,13:30,PCOM AMB,Porites,85.9
9/21/2023,13:45,PCOM AMB,Porites,149.9
9/21/2023,14:00,PCOM AMB,Porites,140.1
9/21/2023,14:15,PCOM AMB,Porites,111.8
9/21/2023,14:30,PCOM AMB,Porites,58.4
9/21/2023,14:45,PCOM AMB,Porites,121
9/21/2023,15:00,PCOM AMB,Porites,99.7
9/21/2023,15:15,PCOM AMB,Porites,60.5
9/21/2023,15:30,PCOM AMB,Porites,65.9
9/21/2023,15:45,PCOM AMB,Porites,62.6
9/21/2023,16:00,PCOM AMB,Porites,50.7
9/21/2023,16:15,PCOM AMB,Porites,45.5
9/21/2023,16:30,PCOM AMB,Porites,33.3
9/21/2023,16:45,PCOM AMB,Porites,22.9
9/21/2023,17:00,PCOM AMB,Porites,16.7
9/21/2023,17:15,PCOM AMB,Porites,12.2
9/21/2023,17:30,PCOM AMB,Porites,7.2
9/21/2023,17:45,PCOM AMB,Porites,4.9
9/21/2023,18:00,PCOM AMB,Porites,3.6
9/21/2023,18:15,PCOM AMB,Porites,2.8
9/21/2023,18:30,PCOM AMB,Porites,1.2
9/21/2023,18:45,PCOM AMB,Porites,0.2
9/21/2023,19:00,PCOM AMB,Porites,0
9/21/2023,19:15,PCOM AMB,Porites,0
9/21/2023,19:30,PCOM AMB,Porites,0
9/21/2023,19:45,PCOM AMB,Porites,0
9/21/2023,20:00,PCOM AMB,Porites,0
9/21/2023,20:15,PCOM AMB,Porites,0
9/21/2023,20:30,PCOM AMB,Porites,0
9/21/2023,20:45,PCOM AMB,Porites,0
9/21/2023,21:00,PCOM AMB,Porites,0
9/21/2023,21:15,PCOM AMB,Porites,0
9/21/2023,21:30,PCOM AMB,Porites,0
9/21/2023,21:45,PCOM AMB,Porites,0
9/21/2023,22:00,PCOM AMB,Porites,0
9/21/2023,22:15,PCOM AMB,Porites,0
9/21/2023,22:30,PCOM AMB,Porites,0
9/21/2023,22:45,PCOM AMB,Porites,0
9/21/2023,23:00,PCOM AMB,Porites,0
9/21/2023,23:15,PCOM AMB,Porites,0
9/21/2023,23:30,PCOM AMB,Porites,0
9/21/2023,23:45,PCOM AMB,Porites,0
9/21/2023,0:00,PCOM AMB,Porites,0
9/22/2023,0:15,PCOM AMB,Porites,0
9/22/2023,0:30,PCOM AMB,Porites,0
9/22/2023,0:45,PCOM AMB,Porites,0
9/22/2023,1:00,PCOM AMB,Porites,0
9/22/2023,1:15,PCOM AMB,Porites,0
9/22/2023,1:30,PCOM AMB,Porites,0
9/22/2023,1:45,PCOM AMB,Porites,0
9/22/2023,2:00,PCOM AMB,Porites,0
9/22/2023,2:15,PCOM AMB,Porites,0
9/22/2023,2:30,PCOM AMB,Porites,0
9/22/2023,2:45,PCOM AMB,Porites,0
9/22/2023,3:00,PCOM AMB,Porites,0
9/22/2023,3:15,PCOM AMB,Porites,0
9/22/2023,3:30,PCOM AMB,Porites,0
9/22/2023,3:45,PCOM AMB,Porites,0
9/22/2023,4:00,PCOM AMB,Porites,0
9/22/2023,4:15,PCOM AMB,Porites,0
9/22/2023,4:30,PCOM AMB,Porites,0
9/22/2023,4:45,PCOM AMB,Porites,0
9/22/2023,5:00,PCOM AMB,Porites,0
9/22/2023,5:15,PCOM AMB,Porites,0
9/22/2023,5:30,PCOM AMB,Porites,0
9/22/2023,5:45,PCOM AMB,Porites,0
9/22/2023,6:00,PCOM AMB,Porites,0
9/22/2023,6:15,PCOM AMB,Porites,0
9/22/2023,6:30,PCOM AMB,Porites,0.7
9/22/2023,6:45,PCOM AMB,Porites,3.9
9/22/2023,7:00,PCOM AMB,Porites,10.2
9/22/2023,7:15,PCOM AMB,Porites,31.4
9/22/2023,7:30,PCOM AMB,Porites,19.5
9/22/2023,7:45,PCOM AMB,Porites,47.6
9/22/2023,8:00,PCOM AMB,Porites,116.3
9/22/2023,8:15,PCOM AMB,Porites,104.8
9/22/2023,8:30,PCOM AMB,Porites,49.3
9/22/2023,8:45,PCOM AMB,Porites,47
9/22/2023,9:00,PCOM AMB,Porites,56.8
9/22/2023,9:15,PCOM AMB,Porites,48
9/22/2023,9:30,PCOM AMB,Porites,90.6
9/22/2023,9:45,PCOM AMB,Porites,102.8
9/22/2023,10:00,PCOM AMB,Porites,117.1
9/22/2023,10:15,PCOM AMB,Porites,200.3
9/22/2023,10:30,PCOM AMB,Porites,169
9/22/2023,10:45,PCOM AMB,Porites,72.1
9/22/2023,11:00,PCOM AMB,Porites,56.7
9/22/2023,11:15,PCOM AMB,Porites,84.1
9/22/2023,11:30,PCOM AMB,Porites,98
9/22/2023,11:45,PCOM AMB,Porites,208.4
9/22/2023,12:00,PCOM AMB,Porites,134.7
9/22/2023,12:15,PCOM AMB,Porites,200.7
9/22/2023,12:30,PCOM AMB,Porites,233.4
9/22/2023,12:45,PCOM AMB,Porites,267.3
9/22/2023,13:00,PCOM AMB,Porites,154.6
9/22/2023,13:15,PCOM AMB,Porites,95.7
9/22/2023,13:30,PCOM AMB,Porites,98.4
9/22/2023,13:45,PCOM AMB,Porites,169.9
9/22/2023,14:00,PCOM AMB,Porites,106
9/22/2023,14:15,PCOM AMB,Porites,49.7
9/22/2023,14:30,PCOM AMB,Porites,47.5
9/22/2023,14:45,PCOM AMB,Porites,54.3
9/22/2023,15:00,PCOM AMB,Porites,40.4
9/22/2023,15:15,PCOM AMB,Porites,43.9
9/22/2023,15:30,PCOM AMB,Porites,78.1
9/22/2023,15:45,PCOM AMB,Porites,34.3
9/22/2023,16:00,PCOM AMB,Porites,66.1
9/22/2023,16:15,PCOM AMB,Porites,41.2
9/22/2023,16:30,PCOM AMB,Porites,23.7
9/22/2023,16:45,PCOM AMB,Porites,31.2
9/22/2023,17:00,PCOM AMB,Porites,18.2
9/22/2023,17:15,PCOM AMB,Porites,21
9/22/2023,17:30,PCOM AMB,Porites,13.6
9/22/2023,17:45,PCOM AMB,Porites,9.9
9/22/2023,18:00,PCOM AMB,Porites,5.2
9/22/2023,18:15,PCOM AMB,Porites,3.3
9/22/2023,18:30,PCOM AMB,Porites,1.5
9/22/2023,18:45,PCOM AMB,Porites,0.3
9/22/2023,19:00,PCOM AMB,Porites,0
9/22/2023,19:15,PCOM AMB,Porites,0
9/22/2023,19:30,PCOM AMB,Porites,0
9/22/2023,19:45,PCOM AMB,Porites,0
9/22/2023,20:00,PCOM AMB,Porites,0
9/22/2023,20:15,PCOM AMB,Porites,0
9/22/2023,20:30,PCOM AMB,Porites,0
9/22/2023,20:45,PCOM AMB,Porites,0
9/22/2023,21:00,PCOM AMB,Porites,0
9/22/2023,21:15,PCOM AMB,Porites,0
9/22/2023,21:30,PCOM AMB,Porites,0
9/22/2023,21:45,PCOM AMB,Porites,0
9/22/2023,22:00,PCOM AMB,Porites,0
9/22/2023,22:15,PCOM AMB,Porites,0
9/22/2023,22:30,PCOM AMB,Porites,0
9/22/2023,22:45,PCOM AMB,Porites,0
9/22/2023,23:00,PCOM AMB,Porites,0
9/22/2023,23:15,PCOM AMB,Porites,0
9/22/2023,23:30,PCOM AMB,Porites,0
9/22/2023,23:45,PCOM AMB,Porites,0
9/22/2023,0:00,PCOM AMB,Porites,0
9/23/2023,0:15,PCOM AMB,Porites,0
9/23/2023,0:30,PCOM AMB,Porites,0
9/23/2023,0:45,PCOM AMB,Porites,0
9/23/2023,1:00,PCOM AMB,Porites,0
9/23/2023,1:15,PCOM AMB,Porites,0
9/23/2023,1:30,PCOM AMB,Porites,0
9/23/2023,1:45,PCOM AMB,Porites,0
9/23/2023,2:00,PCOM AMB,Porites,0
9/23/2023,2:15,PCOM AMB,Porites,0
9/23/2023,2:30,PCOM AMB,Porites,0
9/23/2023,2:45,PCOM AMB,Porites,0
9/23/2023,3:00,PCOM AMB,Porites,0
9/23/2023,3:15,PCOM AMB,Porites,0
9/23/2023,3:30,PCOM AMB,Porites,0
9/23/2023,3:45,PCOM AMB,Porites,0
9/23/2023,4:00,PCOM AMB,Porites,0
9/23/2023,4:15,PCOM AMB,Porites,0
9/23/2023,4:30,PCOM AMB,Porites,0
9/23/2023,4:45,PCOM AMB,Porites,0
9/23/2023,5:00,PCOM AMB,Porites,0
9/23/2023,5:15,PCOM AMB,Porites,0
9/23/2023,5:30,PCOM AMB,Porites,0
9/23/2023,5:45,PCOM AMB,Porites,0
9/23/2023,6:00,PCOM AMB,Porites,0
9/23/2023,6:15,PCOM AMB,Porites,0.1
9/23/2023,6:30,PCOM AMB,Porites,1.2
9/23/2023,6:45,PCOM AMB,Porites,4.9
9/23/2023,7:00,PCOM AMB,Porites,12.9
9/23/2023,7:15,PCOM AMB,Porites,35
9/23/2023,7:30,PCOM AMB,Porites,35.8
9/23/2023,7:45,PCOM AMB,Porites,114.3
9/23/2023,8:00,PCOM AMB,Porites,164.8
9/23/2023,8:15,PCOM AMB,Porites,126.6
9/23/2023,8:30,PCOM AMB,Porites,48.4
9/23/2023,8:45,PCOM AMB,Porites,59
9/23/2023,9:00,PCOM AMB,Porites,66.5
9/23/2023,9:15,PCOM AMB,Porites,48.9
9/23/2023,9:30,PCOM AMB,Porites,98.4
9/23/2023,9:45,PCOM AMB,Porites,124.1
9/23/2023,10:00,PCOM AMB,Porites,237.1
9/23/2023,10:15,PCOM AMB,Porites,112.2
9/23/2023,10:30,PCOM AMB,Porites,134.3
9/23/2023,10:45,PCOM AMB,Porites,38.5
9/23/2023,11:00,PCOM AMB,Porites,73
9/23/2023,11:15,PCOM AMB,Porites,237.4
9/23/2023,11:30,PCOM AMB,Porites,271.4
9/23/2023,11:45,PCOM AMB,Porites,282.8
9/23/2023,12:00,PCOM AMB,Porites,292.8
9/23/2023,12:15,PCOM AMB,Porites,289.2
9/23/2023,12:30,PCOM AMB,Porites,312.9
9/23/2023,12:45,PCOM AMB,Porites,290.4
9/23/2023,13:00,PCOM AMB,Porites,302.2
9/23/2023,13:15,PCOM AMB,Porites,272.1
9/23/2023,13:30,PCOM AMB,Porites,210.1
9/23/2023,13:45,PCOM AMB,Porites,298.7
9/23/2023,14:00,PCOM AMB,Porites,283.3
9/23/2023,14:15,PCOM AMB,Porites,66.7
9/23/2023,14:30,PCOM AMB,Porites,52.6
9/23/2023,14:45,PCOM AMB,Porites,59.2
9/23/2023,15:00,PCOM AMB,Porites,60.9
9/23/2023,15:15,PCOM AMB,Porites,35.5
9/23/2023,15:30,PCOM AMB,Porites,28.1
9/23/2023,15:45,PCOM AMB,Porites,38.1
9/23/2023,16:00,PCOM AMB,Porites,72.7
9/23/2023,16:15,PCOM AMB,Porites,96
9/23/2023,16:30,PCOM AMB,Porites,39.3
9/23/2023,16:45,PCOM AMB,Porites,34.8
9/23/2023,17:00,PCOM AMB,Porites,22.6
9/23/2023,17:15,PCOM AMB,Porites,25.1
9/23/2023,17:30,PCOM AMB,Porites,6.6
9/23/2023,17:45,PCOM AMB,Porites,7.1
9/23/2023,18:00,PCOM AMB,Porites,8.1
9/23/2023,18:15,PCOM AMB,Porites,4.9
9/23/2023,18:30,PCOM AMB,Porites,1.7
9/23/2023,18:45,PCOM AMB,Porites,0.2
9/23/2023,19:00,PCOM AMB,Porites,0
9/23/2023,19:15,PCOM AMB,Porites,0
9/23/2023,19:30,PCOM AMB,Porites,0
9/23/2023,19:45,PCOM AMB,Porites,0
9/23/2023,20:00,PCOM AMB,Porites,0
9/23/2023,20:15,PCOM AMB,Porites,0
9/23/2023,20:30,PCOM AMB,Porites,0
9/23/2023,20:45,PCOM AMB,Porites,0
9/23/2023,21:00,PCOM AMB,Porites,0
9/23/2023,21:15,PCOM AMB,Porites,0
9/23/2023,21:30,PCOM AMB,Porites,0
9/23/2023,21:45,PCOM AMB,Porites,0
9/23/2023,22:00,PCOM AMB,Porites,0
9/23/2023,22:15,PCOM AMB,Porites,0
9/23/2023,22:30,PCOM AMB,Porites,0
9/23/2023,22:45,PCOM AMB,Porites,0
9/23/2023,23:00,PCOM AMB,Porites,0
9/23/2023,23:15,PCOM AMB,Porites,0
9/23/2023,23:30,PCOM AMB,Porites,0
9/23/2023,23:45,PCOM AMB,Porites,0
9/23/2023,0:00,PCOM AMB,Porites,0
9/24/2023,0:15,PCOM AMB,Porites,0
9/24/2023,0:30,PCOM AMB,Porites,0
9/24/2023,0:45,PCOM AMB,Porites,0
9/24/2023,1:00,PCOM AMB,Porites,0
9/24/2023,1:15,PCOM AMB,Porites,0
9/24/2023,1:30,PCOM AMB,Porites,0
9/24/2023,1:45,PCOM AMB,Porites,0
9/24/2023,2:00,PCOM AMB,Porites,0
9/24/2023,2:15,PCOM AMB,Porites,0
9/24/2023,2:30,PCOM AMB,Porites,0
9/24/2023,2:45,PCOM AMB,Porites,0
9/24/2023,3:00,PCOM AMB,Porites,0
9/24/2023,3:15,PCOM AMB,Porites,0
9/24/2023,3:30,PCOM AMB,Porites,0
9/24/2023,3:45,PCOM AMB,Porites,0
9/24/2023,4:00,PCOM AMB,Porites,0
9/24/2023,4:15,PCOM AMB,Porites,0
9/24/2023,4:30,PCOM AMB,Porites,0
9/24/2023,4:45,PCOM AMB,Porites,0
9/24/2023,5:00,PCOM AMB,Porites,0
9/24/2023,5:15,PCOM AMB,Porites,0
9/24/2023,5:30,PCOM AMB,Porites,0
9/24/2023,5:45,PCOM AMB,Porites,0
9/24/2023,6:00,PCOM AMB,Porites,0
9/24/2023,6:15,PCOM AMB,Porites,0
9/24/2023,6:30,PCOM AMB,Porites,1.1
9/24/2023,6:45,PCOM AMB,Porites,5.7
9/24/2023,7:00,PCOM AMB,Porites,16
9/24/2023,7:15,PCOM AMB,Porites,41.7
9/24/2023,7:30,PCOM AMB,Porites,51.3
9/24/2023,7:45,PCOM AMB,Porites,62
9/24/2023,8:00,PCOM AMB,Porites,117.8
9/24/2023,8:15,PCOM AMB,Porites,145
9/24/2023,8:30,PCOM AMB,Porites,47.7
9/24/2023,8:45,PCOM AMB,Porites,51.9
9/24/2023,9:00,PCOM AMB,Porites,56.9
9/24/2023,9:15,PCOM AMB,Porites,41.8
9/24/2023,9:30,PCOM AMB,Porites,70.1
9/24/2023,9:45,PCOM AMB,Porites,128
9/24/2023,10:00,PCOM AMB,Porites,187.4
9/24/2023,10:15,PCOM AMB,Porites,117.8
9/24/2023,10:30,PCOM AMB,Porites,80.9
9/24/2023,10:45,PCOM AMB,Porites,45.8
9/24/2023,11:00,PCOM AMB,Porites,119.5
9/24/2023,11:15,PCOM AMB,Porites,118.1
9/24/2023,11:30,PCOM AMB,Porites,208.4
9/24/2023,11:45,PCOM AMB,Porites,262.7
9/24/2023,12:00,PCOM AMB,Porites,186
9/24/2023,12:15,PCOM AMB,Porites,284.7
9/24/2023,12:30,PCOM AMB,Porites,248.3
9/24/2023,12:45,PCOM AMB,Porites,283.1
9/24/2023,13:00,PCOM AMB,Porites,181.9
9/24/2023,13:15,PCOM AMB,Porites,240
9/24/2023,13:30,PCOM AMB,Porites,223.2
9/24/2023,13:45,PCOM AMB,Porites,249.8
9/24/2023,14:00,PCOM AMB,Porites,162.7
9/24/2023,14:15,PCOM AMB,Porites,45
9/24/2023,14:30,PCOM AMB,Porites,36.5
9/24/2023,14:45,PCOM AMB,Porites,37.8
9/24/2023,15:00,PCOM AMB,Porites,29
9/24/2023,15:15,PCOM AMB,Porites,27.3
9/24/2023,15:30,PCOM AMB,Porites,23.8
9/24/2023,15:45,PCOM AMB,Porites,27.6
9/24/2023,16:00,PCOM AMB,Porites,25
9/24/2023,16:15,PCOM AMB,Porites,34.5
9/24/2023,16:30,PCOM AMB,Porites,29.9
9/24/2023,16:45,PCOM AMB,Porites,20.9
9/24/2023,17:00,PCOM AMB,Porites,16.3
9/24/2023,17:15,PCOM AMB,Porites,17.9
9/24/2023,17:30,PCOM AMB,Porites,12.6
9/24/2023,17:45,PCOM AMB,Porites,9.1
9/24/2023,18:00,PCOM AMB,Porites,6.7
9/24/2023,18:15,PCOM AMB,Porites,2.9
9/24/2023,18:30,PCOM AMB,Porites,1.3
9/24/2023,18:45,PCOM AMB,Porites,0.2
9/24/2023,19:00,PCOM AMB,Porites,0
9/24/2023,19:15,PCOM AMB,Porites,0
9/24/2023,19:30,PCOM AMB,Porites,0
9/24/2023,19:45,PCOM AMB,Porites,0
9/24/2023,20:00,PCOM AMB,Porites,0
9/24/2023,20:15,PCOM AMB,Porites,0
9/24/2023,20:30,PCOM AMB,Porites,0
9/24/2023,20:45,PCOM AMB,Porites,0
9/24/2023,21:00,PCOM AMB,Porites,0
9/24/2023,21:15,PCOM AMB,Porites,0
9/24/2023,21:30,PCOM AMB,Porites,0
9/24/2023,21:45,PCOM AMB,Porites,0
9/24/2023,22:00,PCOM AMB,Porites,0
9/24/2023,22:15,PCOM AMB,Porites,0
9/24/2023,22:30,PCOM AMB,Porites,0
9/24/2023,22:45,PCOM AMB,Porites,0
9/24/2023,23:00,PCOM AMB,Porites,0
9/24/2023,23:15,PCOM AMB,Porites,0
9/24/2023,23:30,PCOM AMB,Porites,0
9/24/2023,23:45,PCOM AMB,Porites,0
9/24/2023,0:00,PCOM AMB,Porites,0
9/25/2023,0:15,PCOM AMB,Porites,0
9/25/2023,0:30,PCOM AMB,Porites,0
9/25/2023,0:45,PCOM AMB,Porites,0
9/25/2023,1:00,PCOM AMB,Porites,0
9/25/2023,1:15,PCOM AMB,Porites,0
9/25/2023,1:30,PCOM AMB,Porites,0
9/25/2023,1:45,PCOM AMB,Porites,0
9/25/2023,2:00,PCOM AMB,Porites,0
9/25/2023,2:15,PCOM AMB,Porites,0
9/25/2023,2:30,PCOM AMB,Porites,0
9/25/2023,2:45,PCOM AMB,Porites,0
9/25/2023,3:00,PCOM AMB,Porites,0
9/25/2023,3:15,PCOM AMB,Porites,0
9/25/2023,3:30,PCOM AMB,Porites,0
9/25/2023,3:45,PCOM AMB,Porites,0
9/25/2023,4:00,PCOM AMB,Porites,0
9/25/2023,4:15,PCOM AMB,Porites,0
9/25/2023,4:30,PCOM AMB,Porites,0
9/25/2023,4:45,PCOM AMB,Porites,0
9/25/2023,5:00,PCOM AMB,Porites,0
9/25/2023,5:15,PCOM AMB,Porites,0
9/25/2023,5:30,PCOM AMB,Porites,0
9/25/2023,5:45,PCOM AMB,Porites,0
9/25/2023,6:00,PCOM AMB,Porites,0
9/25/2023,6:15,PCOM AMB,Porites,0
9/25/2023,6:30,PCOM AMB,Porites,0.8
9/25/2023,6:45,PCOM AMB,Porites,2.2
9/25/2023,7:00,PCOM AMB,Porites,6.9
9/25/2023,7:15,PCOM AMB,Porites,11
9/25/2023,7:30,PCOM AMB,Porites,35.3
9/25/2023,7:45,PCOM AMB,Porites,68
9/25/2023,8:00,PCOM AMB,Porites,91.9
9/25/2023,8:15,PCOM AMB,Porites,109.7
9/25/2023,8:30,PCOM AMB,Porites,32.7
9/25/2023,8:45,PCOM AMB,Porites,35.6
9/25/2023,9:00,PCOM AMB,Porites,53
9/25/2023,9:15,PCOM AMB,Porites,75.1
9/25/2023,9:30,PCOM AMB,Porites,86.1
9/25/2023,9:45,PCOM AMB,Porites,170
9/25/2023,10:00,PCOM AMB,Porites,161.7
9/25/2023,10:15,PCOM AMB,Porites,129.7
9/25/2023,10:30,PCOM AMB,Porites,94.7
9/25/2023,10:45,PCOM AMB,Porites,54.4
9/25/2023,11:00,PCOM AMB,Porites,110.9
9/25/2023,11:15,PCOM AMB,Porites,181.3
9/25/2023,11:30,PCOM AMB,Porites,198
9/25/2023,11:45,PCOM AMB,Porites,263.8
9/25/2023,12:00,PCOM AMB,Porites,246.5
9/25/2023,12:15,PCOM AMB,Porites,218.4
9/25/2023,12:30,PCOM AMB,Porites,146.5
9/25/2023,12:45,PCOM AMB,Porites,115.4
9/25/2023,13:00,PCOM AMB,Porites,242.9
9/25/2023,13:15,PCOM AMB,Porites,134.9
9/25/2023,13:30,PCOM AMB,Porites,76.2
9/25/2023,13:45,PCOM AMB,Porites,40.2
9/25/2023,14:00,PCOM AMB,Porites,84.6
9/25/2023,14:15,PCOM AMB,Porites,55.6
9/25/2023,14:30,PCOM AMB,Porites,35.4
9/25/2023,14:45,PCOM AMB,Porites,34
9/25/2023,15:00,PCOM AMB,Porites,45.8
9/25/2023,15:15,PCOM AMB,Porites,28.8
9/25/2023,15:30,PCOM AMB,Porites,29.9
9/25/2023,15:45,PCOM AMB,Porites,21.3
9/25/2023,16:00,PCOM AMB,Porites,52.5
9/25/2023,16:15,PCOM AMB,Porites,33.6
9/25/2023,16:30,PCOM AMB,Porites,30.4
9/25/2023,16:45,PCOM AMB,Porites,25
9/25/2023,17:00,PCOM AMB,Porites,10.6
9/25/2023,17:15,PCOM AMB,Porites,12.7
9/25/2023,17:30,PCOM AMB,Porites,8.9
9/25/2023,17:45,PCOM AMB,Porites,8.9
9/25/2023,18:00,PCOM AMB,Porites,6.2
9/25/2023,18:15,PCOM AMB,Porites,2.3
9/25/2023,18:30,PCOM AMB,Porites,0.9
9/25/2023,18:45,PCOM AMB,Porites,0.1
9/25/2023,19:00,PCOM AMB,Porites,0
9/25/2023,19:15,PCOM AMB,Porites,0
9/25/2023,19:30,PCOM AMB,Porites,0
9/25/2023,19:45,PCOM AMB,Porites,0
9/25/2023,20:00,PCOM AMB,Porites,0
9/25/2023,20:15,PCOM AMB,Porites,0
9/25/2023,20:30,PCOM AMB,Porites,0
9/25/2023,20:45,PCOM AMB,Porites,0
9/25/2023,21:00,PCOM AMB,Porites,0
9/25/2023,21:15,PCOM AMB,Porites,0
9/25/2023,21:30,PCOM AMB,Porites,0
9/25/2023,21:45,PCOM AMB,Porites,0
9/25/2023,22:00,PCOM AMB,Porites,0
9/25/2023,22:15,PCOM AMB,Porites,0
9/25/2023,22:30,PCOM AMB,Porites,0
9/25/2023,22:45,PCOM AMB,Porites,0
9/25/2023,23:00,PCOM AMB,Porites,0
9/25/2023,23:15,PCOM AMB,Porites,0
9/25/2023,23:30,PCOM AMB,Porites,0
9/25/2023,23:45,PCOM AMB,Porites,0
9/25/2023,0:00,PCOM AMB,Porites,0
9/26/2023,0:15,PCOM AMB,Porites,0
9/26/2023,0:30,PCOM AMB,Porites,0
9/26/2023,0:45,PCOM AMB,Porites,0
9/26/2023,1:00,PCOM AMB,Porites,0
9/26/2023,1:15,PCOM AMB,Porites,0
9/26/2023,1:30,PCOM AMB,Porites,0
9/26/2023,1:45,PCOM AMB,Porites,0
9/26/2023,2:00,PCOM AMB,Porites,0
9/26/2023,2:15,PCOM AMB,Porites,0
9/26/2023,2:30,PCOM AMB,Porites,0
9/26/2023,2:45,PCOM AMB,Porites,0
9/26/2023,3:00,PCOM AMB,Porites,0
9/26/2023,3:15,PCOM AMB,Porites,0
9/26/2023,3:30,PCOM AMB,Porites,0
9/26/2023,3:45,PCOM AMB,Porites,0
9/26/2023,4:00,PCOM AMB,Porites,0
9/26/2023,4:15,PCOM AMB,Porites,0
9/26/2023,4:30,PCOM AMB,Porites,0
9/26/2023,4:45,PCOM AMB,Porites,0
9/26/2023,5:00,PCOM AMB,Porites,0
9/26/2023,5:15,PCOM AMB,Porites,0
9/26/2023,5:30,PCOM AMB,Porites,0
9/26/2023,5:45,PCOM AMB,Porites,0
9/26/2023,6:00,PCOM AMB,Porites,0
9/26/2023,6:15,PCOM AMB,Porites,0
9/26/2023,6:30,PCOM AMB,Porites,0.7
9/26/2023,6:45,PCOM AMB,Porites,4.4
9/26/2023,7:00,PCOM AMB,Porites,10.1
9/26/2023,7:15,PCOM AMB,Porites,34.7
9/26/2023,7:30,PCOM AMB,Porites,46.7
9/26/2023,7:45,PCOM AMB,Porites,78.9
9/26/2023,8:00,PCOM AMB,Porites,43.6
9/26/2023,8:15,PCOM AMB,Porites,62.3
9/26/2023,8:30,PCOM AMB,Porites,45.9
9/26/2023,8:45,PCOM AMB,Porites,50.2
9/26/2023,9:00,PCOM AMB,Porites,65
9/26/2023,9:15,PCOM AMB,Porites,71.2
9/26/2023,9:30,PCOM AMB,Porites,50.1
9/26/2023,9:45,PCOM AMB,Porites,68.3
9/26/2023,10:00,PCOM AMB,Porites,86.3
9/26/2023,10:15,PCOM AMB,Porites,106.4
9/26/2023,10:30,PCOM AMB,Porites,141.6
9/26/2023,10:45,PCOM AMB,Porites,134.8
9/26/2023,11:00,PCOM AMB,Porites,96.7
9/26/2023,11:15,PCOM AMB,Porites,132.7
9/26/2023,11:30,PCOM AMB,Porites,219
9/26/2023,11:45,PCOM AMB,Porites,255.9
9/26/2023,12:00,PCOM AMB,Porites,308.5
9/26/2023,12:15,PCOM AMB,Porites,306.8
9/26/2023,12:30,PCOM AMB,Porites,363.7
9/26/2023,12:45,PCOM AMB,Porites,205.4
9/26/2023,13:00,PCOM AMB,Porites,179.5
9/26/2023,13:15,PCOM AMB,Porites,125.8
9/26/2023,13:30,PCOM AMB,Porites,255.6
9/26/2023,13:45,PCOM AMB,Porites,290.7
9/26/2023,14:00,PCOM AMB,Porites,193.3
9/26/2023,14:15,PCOM AMB,Porites,135.2
9/26/2023,14:30,PCOM AMB,Porites,36.2
9/26/2023,14:45,PCOM AMB,Porites,50.6
9/26/2023,15:00,PCOM AMB,Porites,71.5
9/26/2023,15:15,PCOM AMB,Porites,93.9
9/26/2023,15:30,PCOM AMB,Porites,120.1
9/26/2023,15:45,PCOM AMB,Porites,92.6
9/26/2023,16:00,PCOM AMB,Porites,177.7
9/26/2023,16:15,PCOM AMB,Porites,75.9
9/26/2023,16:30,PCOM AMB,Porites,144.7
9/26/2023,16:45,PCOM AMB,Porites,24.3
9/26/2023,17:00,PCOM AMB,Porites,16.6
9/26/2023,17:15,PCOM AMB,Porites,15.6
9/26/2023,17:30,PCOM AMB,Porites,14.1
9/26/2023,17:45,PCOM AMB,Porites,10.9
9/26/2023,18:00,PCOM AMB,Porites,7
9/26/2023,18:15,PCOM AMB,Porites,3.5
9/26/2023,18:30,PCOM AMB,Porites,1.3
9/26/2023,18:45,PCOM AMB,Porites,0.1
9/26/2023,19:00,PCOM AMB,Porites,0
9/26/2023,19:15,PCOM AMB,Porites,0
9/26/2023,19:30,PCOM AMB,Porites,0
9/26/2023,19:45,PCOM AMB,Porites,0
9/26/2023,20:00,PCOM AMB,Porites,0
9/26/2023,20:15,PCOM AMB,Porites,0
9/26/2023,20:30,PCOM AMB,Porites,0
9/26/2023,20:45,PCOM AMB,Porites,0
9/26/2023,21:00,PCOM AMB,Porites,0
9/26/2023,21:15,PCOM AMB,Porites,0
9/26/2023,21:30,PCOM AMB,Porites,0
9/26/2023,21:45,PCOM AMB,Porites,0
9/26/2023,22:00,PCOM AMB,Porites,0
9/26/2023,22:15,PCOM AMB,Porites,0
9/26/2023,22:30,PCOM AMB,Porites,0
9/26/2023,22:45,PCOM AMB,Porites,0
9/26/2023,23:00,PCOM AMB,Porites,0
9/26/2023,23:15,PCOM AMB,Porites,0
9/26/2023,23:30,PCOM AMB,Porites,0
9/26/2023,23:45,PCOM AMB,Porites,0
9/26/2023,0:00,PCOM AMB,Porites,0
9/27/2023,0:15,PCOM AMB,Porites,0
9/27/2023,0:30,PCOM AMB,Porites,0
9/27/2023,0:45,PCOM AMB,Porites,0
9/27/2023,1:00,PCOM AMB,Porites,0
9/27/2023,1:15,PCOM AMB,Porites,0
9/27/2023,1:30,PCOM AMB,Porites,0
9/27/2023,1:45,PCOM AMB,Porites,0
9/27/2023,2:00,PCOM AMB,Porites,0
9/27/2023,2:15,PCOM AMB,Porites,0
9/27/2023,2:30,PCOM AMB,Porites,0
9/27/2023,2:45,PCOM AMB,Porites,0
9/27/2023,3:00,PCOM AMB,Porites,0
9/27/2023,3:15,PCOM AMB,Porites,0
9/27/2023,3:30,PCOM AMB,Porites,0
9/27/2023,3:45,PCOM AMB,Porites,0
9/27/2023,4:00,PCOM AMB,Porites,0
9/27/2023,4:15,PCOM AMB,Porites,0
9/27/2023,4:30,PCOM AMB,Porites,0
9/27/2023,4:45,PCOM AMB,Porites,0
9/27/2023,5:00,PCOM AMB,Porites,0
9/27/2023,5:15,PCOM AMB,Porites,0
9/27/2023,5:30,PCOM AMB,Porites,0
9/27/2023,5:45,PCOM AMB,Porites,0
9/27/2023,6:00,PCOM AMB,Porites,0
9/27/2023,6:15,PCOM AMB,Porites,0
9/27/2023,6:30,PCOM AMB,Porites,0.9
9/27/2023,6:45,PCOM AMB,Porites,2.8
9/27/2023,7:00,PCOM AMB,Porites,6.5
9/27/2023,7:15,PCOM AMB,Porites,11.6
9/27/2023,7:30,PCOM AMB,Porites,41.6
9/27/2023,7:45,PCOM AMB,Porites,63.4
9/27/2023,8:00,PCOM AMB,Porites,30.6
9/27/2023,8:15,PCOM AMB,Porites,48
9/27/2023,8:30,PCOM AMB,Porites,70.5
9/27/2023,8:45,PCOM AMB,Porites,60.2
9/27/2023,9:00,PCOM AMB,Porites,74.2
9/27/2023,9:15,PCOM AMB,Porites,63.5
9/27/2023,9:30,PCOM AMB,Porites,96.9
9/27/2023,9:45,PCOM AMB,Porites,127.9
9/27/2023,10:00,PCOM AMB,Porites,108.9
9/27/2023,10:15,PCOM AMB,Porites,152.7
9/27/2023,10:30,PCOM AMB,Porites,90.5
9/27/2023,10:45,PCOM AMB,Porites,110.5
9/27/2023,11:00,PCOM AMB,Porites,129.7
9/27/2023,11:15,PCOM AMB,Porites,147
9/27/2023,11:30,PCOM AMB,Porites,141.2
9/27/2023,11:45,PCOM AMB,Porites,198.6
9/27/2023,12:00,PCOM AMB,Porites,276.5
9/27/2023,12:15,PCOM AMB,Porites,268.1
9/27/2023,12:30,PCOM AMB,Porites,297.5
9/27/2023,12:45,PCOM AMB,Porites,334.7
9/27/2023,13:00,PCOM AMB,Porites,361.7
9/27/2023,13:15,PCOM AMB,Porites,351.5
9/27/2023,13:30,PCOM AMB,Porites,351
9/27/2023,13:45,PCOM AMB,Porites,302.3
9/27/2023,14:00,PCOM AMB,Porites,158.6
9/27/2023,14:15,PCOM AMB,Porites,139.9
9/27/2023,14:30,PCOM AMB,Porites,135.9
9/27/2023,14:45,PCOM AMB,Porites,98.9
9/27/2023,15:00,PCOM AMB,Porites,106
9/27/2023,15:15,PCOM AMB,Porites,131.2
9/27/2023,15:30,PCOM AMB,Porites,137
9/27/2023,15:45,PCOM AMB,Porites,286.1
9/27/2023,16:00,PCOM AMB,Porites,113.1
9/27/2023,16:15,PCOM AMB,Porites,55.3
9/27/2023,16:30,PCOM AMB,Porites,32.8
9/27/2023,16:45,PCOM AMB,Porites,15.5
9/27/2023,17:00,PCOM AMB,Porites,15.1
9/27/2023,17:15,PCOM AMB,Porites,20.7
9/27/2023,17:30,PCOM AMB,Porites,15
9/27/2023,17:45,PCOM AMB,Porites,9.7
9/27/2023,18:00,PCOM AMB,Porites,6.6
9/27/2023,18:15,PCOM AMB,Porites,4.1
9/27/2023,18:30,PCOM AMB,Porites,1.6
9/27/2023,18:45,PCOM AMB,Porites,0.1
9/27/2023,19:00,PCOM AMB,Porites,0
9/27/2023,19:15,PCOM AMB,Porites,0
9/27/2023,19:30,PCOM AMB,Porites,0
9/27/2023,19:45,PCOM AMB,Porites,0
9/27/2023,20:00,PCOM AMB,Porites,0
9/27/2023,20:15,PCOM AMB,Porites,0
9/27/2023,20:30,PCOM AMB,Porites,0
9/27/2023,20:45,PCOM AMB,Porites,0
9/27/2023,21:00,PCOM AMB,Porites,0
9/27/2023,21:15,PCOM AMB,Porites,0
9/27/2023,21:30,PCOM AMB,Porites,0
9/27/2023,21:45,PCOM AMB,Porites,0
9/27/2023,22:00,PCOM AMB,Porites,0
9/27/2023,22:15,PCOM AMB,Porites,0
9/27/2023,22:30,PCOM AMB,Porites,0
9/27/2023,22:45,PCOM AMB,Porites,0
9/27/2023,23:00,PCOM AMB,Porites,0
9/27/2023,23:15,PCOM AMB,Porites,0
9/27/2023,23:30,PCOM AMB,Porites,0
9/27/2023,23:45,PCOM AMB,Porites,0
9/27/2023,0:00,PCOM AMB,Porites,0
9/28/2023,0:15,PCOM AMB,Porites,0
9/28/2023,0:30,PCOM AMB,Porites,0
9/28/2023,0:45,PCOM AMB,Porites,0
9/28/2023,1:00,PCOM AMB,Porites,0
9/28/2023,1:15,PCOM AMB,Porites,0
9/28/2023,1:30,PCOM AMB,Porites,0
9/28/2023,1:45,PCOM AMB,Porites,0
9/28/2023,2:00,PCOM AMB,Porites,0
9/28/2023,2:15,PCOM AMB,Porites,0
9/28/2023,2:30,PCOM AMB,Porites,0
9/28/2023,2:45,PCOM AMB,Porites,0
9/28/2023,3:00,PCOM AMB,Porites,0
9/28/2023,3:15,PCOM AMB,Porites,0
9/28/2023,3:30,PCOM AMB,Porites,0
9/28/2023,3:45,PCOM AMB,Porites,0
9/28/2023,4:00,PCOM AMB,Porites,0
9/28/2023,4:15,PCOM AMB,Porites,0
9/28/2023,4:30,PCOM AMB,Porites,0
9/28/2023,4:45,PCOM AMB,Porites,0
9/28/2023,5:00,PCOM AMB,Porites,0
9/28/2023,5:15,PCOM AMB,Porites,0
9/28/2023,5:30,PCOM AMB,Porites,0
9/28/2023,5:45,PCOM AMB,Porites,0
9/28/2023,6:00,PCOM AMB,Porites,0
9/28/2023,6:15,PCOM AMB,Porites,0
9/28/2023,6:30,PCOM AMB,Porites,1.1
9/28/2023,6:45,PCOM AMB,Porites,5.9
9/28/2023,7:00,PCOM AMB,Porites,10.7
9/28/2023,7:15,PCOM AMB,Porites,23.7
9/28/2023,7:30,PCOM AMB,Porites,32.5
9/28/2023,7:45,PCOM AMB,Porites,74.5
9/28/2023,8:00,PCOM AMB,Porites,76.1
9/28/2023,8:15,PCOM AMB,Porites,92.1
9/28/2023,8:30,PCOM AMB,Porites,120.2
9/28/2023,8:45,PCOM AMB,Porites,92.6
9/28/2023,9:00,PCOM AMB,Porites,94.5
9/28/2023,9:15,PCOM AMB,Porites,68.6
9/28/2023,9:30,PCOM AMB,Porites,60.5
9/28/2023,9:45,PCOM AMB,Porites,69.7
9/28/2023,10:00,PCOM AMB,Porites,74.9
9/28/2023,10:15,PCOM AMB,Porites,69.4
9/28/2023,10:30,PCOM AMB,Porites,60.2
9/28/2023,10:45,PCOM AMB,Porites,90.2
9/28/2023,11:00,PCOM AMB,Porites,159.6
9/28/2023,11:15,PCOM AMB,Porites,284.9
9/28/2023,11:30,PCOM AMB,Porites,119.3
9/28/2023,11:45,PCOM AMB,Porites,323.9
9/28/2023,12:00,PCOM AMB,Porites,318.4
9/28/2023,12:15,PCOM AMB,Porites,270.3
9/28/2023,12:30,PCOM AMB,Porites,176.6
9/28/2023,12:45,PCOM AMB,Porites,167.3
9/28/2023,13:00,PCOM AMB,Porites,186.4
9/28/2023,13:15,PCOM AMB,Porites,342.1
9/28/2023,13:30,PCOM AMB,Porites,91.5
9/28/2023,13:45,PCOM AMB,Porites,86.2
9/28/2023,14:00,PCOM AMB,Porites,256.6
9/28/2023,14:15,PCOM AMB,Porites,85.7
9/28/2023,14:30,PCOM AMB,Porites,55.9
9/28/2023,14:45,PCOM AMB,Porites,60.6
9/28/2023,15:00,PCOM AMB,Porites,58.9
9/28/2023,15:15,PCOM AMB,Porites,54.2
9/28/2023,15:30,PCOM AMB,Porites,39
9/28/2023,15:45,PCOM AMB,Porites,44.1
9/28/2023,16:00,PCOM AMB,Porites,39.1
9/28/2023,16:15,PCOM AMB,Porites,35.4
9/28/2023,16:30,PCOM AMB,Porites,33.7
9/28/2023,16:45,PCOM AMB,Porites,28.5
9/28/2023,17:00,PCOM AMB,Porites,21.7
9/28/2023,17:15,PCOM AMB,Porites,16.8
9/28/2023,17:30,PCOM AMB,Porites,15.1
9/28/2023,17:45,PCOM AMB,Porites,11
9/28/2023,18:00,PCOM AMB,Porites,3.9
9/28/2023,18:15,PCOM AMB,Porites,2.6
9/28/2023,18:30,PCOM AMB,Porites,0.7
9/28/2023,18:45,PCOM AMB,Porites,0.1
9/28/2023,19:00,PCOM AMB,Porites,0
9/28/2023,19:15,PCOM AMB,Porites,0
9/28/2023,19:30,PCOM AMB,Porites,0
9/28/2023,19:45,PCOM AMB,Porites,0
9/28/2023,20:00,PCOM AMB,Porites,0
9/28/2023,20:15,PCOM AMB,Porites,0
9/28/2023,20:30,PCOM AMB,Porites,0
9/28/2023,20:45,PCOM AMB,Porites,0
9/28/2023,21:00,PCOM AMB,Porites,0
9/28/2023,21:15,PCOM AMB,Porites,0
9/28/2023,21:30,PCOM AMB,Porites,0
9/28/2023,21:45,PCOM AMB,Porites,0
9/28/2023,22:00,PCOM AMB,Porites,0
9/28/2023,22:15,PCOM AMB,Porites,0
9/28/2023,22:30,PCOM AMB,Porites,0
9/28/2023,22:45,PCOM AMB,Porites,0
9/28/2023,23:00,PCOM AMB,Porites,0
9/28/2023,23:15,PCOM AMB,Porites,0
9/28/2023,23:30,PCOM AMB,Porites,0
9/28/2023,23:45,PCOM AMB,Porites,0
9/28/2023,0:00,PCOM AMB,Porites,0
9/29/2023,0:15,PCOM AMB,Porites,0
9/29/2023,0:30,PCOM AMB,Porites,0
9/29/2023,0:45,PCOM AMB,Porites,0
9/29/2023,1:00,PCOM AMB,Porites,0
9/29/2023,1:15,PCOM AMB,Porites,0
9/29/2023,1:30,PCOM AMB,Porites,0
9/29/2023,1:45,PCOM AMB,Porites,0
9/29/2023,2:00,PCOM AMB,Porites,0
9/29/2023,2:15,PCOM AMB,Porites,0
9/29/2023,2:30,PCOM AMB,Porites,0
9/29/2023,2:45,PCOM AMB,Porites,0
9/29/2023,3:00,PCOM AMB,Porites,0
9/29/2023,3:15,PCOM AMB,Porites,0
9/29/2023,3:30,PCOM AMB,Porites,0
9/29/2023,3:45,PCOM AMB,Porites,0
9/29/2023,4:00,PCOM AMB,Porites,0
9/29/2023,4:15,PCOM AMB,Porites,0
9/29/2023,4:30,PCOM AMB,Porites,0
9/29/2023,4:45,PCOM AMB,Porites,0
9/29/2023,5:00,PCOM AMB,Porites,0
9/29/2023,5:15,PCOM AMB,Porites,0
9/29/2023,5:30,PCOM AMB,Porites,0
9/29/2023,5:45,PCOM AMB,Porites,0
9/29/2023,6:00,PCOM AMB,Porites,0
9/29/2023,6:15,PCOM AMB,Porites,0
9/29/2023,6:30,PCOM AMB,Porites,0.7
9/29/2023,6:45,PCOM AMB,Porites,4.5
9/29/2023,7:00,PCOM AMB,Porites,9.9
9/29/2023,7:15,PCOM AMB,Porites,8.7
9/29/2023,7:30,PCOM AMB,Porites,48.1
9/29/2023,7:45,PCOM AMB,Porites,43.3
9/29/2023,8:00,PCOM AMB,Porites,40.9
9/29/2023,8:15,PCOM AMB,Porites,46.1
9/29/2023,8:30,PCOM AMB,Porites,78.6
9/29/2023,8:45,PCOM AMB,Porites,57.7
9/29/2023,9:00,PCOM AMB,Porites,63.2
9/29/2023,9:15,PCOM AMB,Porites,78.9
9/29/2023,9:30,PCOM AMB,Porites,96.9
9/29/2023,9:45,PCOM AMB,Porites,236
9/29/2023,10:00,PCOM AMB,Porites,236.9
9/29/2023,10:15,PCOM AMB,Porites,172.9
9/29/2023,10:30,PCOM AMB,Porites,82
9/29/2023,10:45,PCOM AMB,Porites,87.8
9/29/2023,11:00,PCOM AMB,Porites,160
9/29/2023,11:15,PCOM AMB,Porites,84
9/29/2023,11:30,PCOM AMB,Porites,97.8
9/29/2023,11:45,PCOM AMB,Porites,170.8
9/29/2023,12:00,PCOM AMB,Porites,95.8
9/29/2023,12:15,PCOM AMB,Porites,67.1
9/29/2023,12:30,PCOM AMB,Porites,125
9/29/2023,12:45,PCOM AMB,Porites,163.4
9/29/2023,13:00,PCOM AMB,Porites,141.6
9/29/2023,13:15,PCOM AMB,Porites,109.1
9/29/2023,13:30,PCOM AMB,Porites,223.8
9/29/2023,13:45,PCOM AMB,Porites,181.1
9/29/2023,14:00,PCOM AMB,Porites,195.4
9/29/2023,14:15,PCOM AMB,Porites,110
9/29/2023,14:30,PCOM AMB,Porites,72.1
9/29/2023,14:45,PCOM AMB,Porites,85.1
9/29/2023,15:00,PCOM AMB,Porites,52.6
9/29/2023,15:15,PCOM AMB,Porites,59.5
9/29/2023,15:30,PCOM AMB,Porites,43.8
9/29/2023,15:45,PCOM AMB,Porites,35.6
9/29/2023,16:00,PCOM AMB,Porites,57.1
9/29/2023,16:15,PCOM AMB,Porites,34.6
9/29/2023,16:30,PCOM AMB,Porites,22.9
9/29/2023,16:45,PCOM AMB,Porites,34.5
9/29/2023,17:00,PCOM AMB,Porites,11.6
9/29/2023,17:15,PCOM AMB,Porites,10.9
9/29/2023,17:30,PCOM AMB,Porites,10.2
9/29/2023,17:45,PCOM AMB,Porites,7.1
9/29/2023,18:00,PCOM AMB,Porites,3.7
9/29/2023,18:15,PCOM AMB,Porites,2.5
9/29/2023,18:30,PCOM AMB,Porites,0.5
9/29/2023,18:45,PCOM AMB,Porites,0
9/29/2023,19:00,PCOM AMB,Porites,0
9/29/2023,19:15,PCOM AMB,Porites,0
9/29/2023,19:30,PCOM AMB,Porites,0
9/29/2023,19:45,PCOM AMB,Porites,0
9/29/2023,20:00,PCOM AMB,Porites,0
9/29/2023,20:15,PCOM AMB,Porites,0
9/29/2023,20:30,PCOM AMB,Porites,0
9/29/2023,20:45,PCOM AMB,Porites,0
9/29/2023,21:00,PCOM AMB,Porites,0
9/29/2023,21:15,PCOM AMB,Porites,0
9/29/2023,21:30,PCOM AMB,Porites,0
9/29/2023,21:45,PCOM AMB,Porites,0
9/29/2023,22:00,PCOM AMB,Porites,0
9/29/2023,22:15,PCOM AMB,Porites,0
9/29/2023,22:30,PCOM AMB,Porites,0
9/29/2023,22:45,PCOM AMB,Porites,0
9/29/2023,23:00,PCOM AMB,Porites,0
9/29/2023,23:15,PCOM AMB,Porites,0
9/29/2023,23:30,PCOM AMB,Porites,0
9/29/2023,23:45,PCOM AMB,Porites,0
9/29/2023,0:00,PCOM AMB,Porites,0
9/30/2023,0:15,PCOM AMB,Porites,0
9/30/2023,0:30,PCOM AMB,Porites,0
9/30/2023,0:45,PCOM AMB,Porites,0
9/30/2023,1:00,PCOM AMB,Porites,0
9/30/2023,1:15,PCOM AMB,Porites,0
9/30/2023,1:30,PCOM AMB,Porites,0
9/30/2023,1:45,PCOM AMB,Porites,0
9/30/2023,2:00,PCOM AMB,Porites,0
9/30/2023,2:15,PCOM AMB,Porites,0
9/30/2023,2:30,PCOM AMB,Porites,0
9/30/2023,2:45,PCOM AMB,Porites,0
9/30/2023,3:00,PCOM AMB,Porites,0
9/30/2023,3:15,PCOM AMB,Porites,0
9/30/2023,3:30,PCOM AMB,Porites,0
9/30/2023,3:45,PCOM AMB,Porites,0
9/30/2023,4:00,PCOM AMB,Porites,0
9/30/2023,4:15,PCOM AMB,Porites,0
9/30/2023,4:30,PCOM AMB,Porites,0
9/30/2023,4:45,PCOM AMB,Porites,0
9/30/2023,5:00,PCOM AMB,Porites,0
9/30/2023,5:15,PCOM AMB,Porites,0
9/30/2023,5:30,PCOM AMB,Porites,0
9/30/2023,5:45,PCOM AMB,Porites,0
9/30/2023,6:00,PCOM AMB,Porites,0
9/30/2023,6:15,PCOM AMB,Porites,0
9/30/2023,6:30,PCOM AMB,Porites,0.8
9/30/2023,6:45,PCOM AMB,Porites,3.5
9/30/2023,7:00,PCOM AMB,Porites,8.9
9/30/2023,7:15,PCOM AMB,Porites,18.1
9/30/2023,7:30,PCOM AMB,Porites,28.8
9/30/2023,7:45,PCOM AMB,Porites,41.4
9/30/2023,8:00,PCOM AMB,Porites,45.3
9/30/2023,8:15,PCOM AMB,Porites,55.1
9/30/2023,8:30,PCOM AMB,Porites,58
9/30/2023,8:45,PCOM AMB,Porites,65.7
9/30/2023,9:00,PCOM AMB,Porites,68.2
9/30/2023,9:15,PCOM AMB,Porites,69.8
9/30/2023,9:30,PCOM AMB,Porites,96.7
9/30/2023,9:45,PCOM AMB,Porites,201.8
9/30/2023,10:00,PCOM AMB,Porites,245.1
9/30/2023,10:15,PCOM AMB,Porites,198.7
9/30/2023,10:30,PCOM AMB,Porites,70
9/30/2023,10:45,PCOM AMB,Porites,88
9/30/2023,11:00,PCOM AMB,Porites,111.1
9/30/2023,11:15,PCOM AMB,Porites,140.4
9/30/2023,11:30,PCOM AMB,Porites,131.7
9/30/2023,11:45,PCOM AMB,Porites,205.4
9/30/2023,12:00,PCOM AMB,Porites,148.1
9/30/2023,12:15,PCOM AMB,Porites,149.7
9/30/2023,12:30,PCOM AMB,Porites,152.4
9/30/2023,12:45,PCOM AMB,Porites,160.3
9/30/2023,13:00,PCOM AMB,Porites,165.1
9/30/2023,13:15,PCOM AMB,Porites,139.2
9/30/2023,13:30,PCOM AMB,Porites,128.8
9/30/2023,13:45,PCOM AMB,Porites,97
9/30/2023,14:00,PCOM AMB,Porites,117.2
9/30/2023,14:15,PCOM AMB,Porites,99.4
9/30/2023,14:30,PCOM AMB,Porites,63.2
9/30/2023,14:45,PCOM AMB,Porites,70.4
9/30/2023,15:00,PCOM AMB,Porites,44.5
9/30/2023,15:15,PCOM AMB,Porites,52.3
9/30/2023,15:30,PCOM AMB,Porites,53.1
9/30/2023,15:45,PCOM AMB,Porites,156.3
9/30/2023,16:00,PCOM AMB,Porites,35.1
9/30/2023,16:15,PCOM AMB,Porites,27.9
9/30/2023,16:30,PCOM AMB,Porites,25.4
9/30/2023,16:45,PCOM AMB,Porites,21.2
9/30/2023,17:00,PCOM AMB,Porites,20.6
9/30/2023,17:15,PCOM AMB,Porites,17.6
9/30/2023,17:30,PCOM AMB,Porites,19.4
9/30/2023,17:45,PCOM AMB,Porites,9.5
9/30/2023,18:00,PCOM AMB,Porites,7.2
9/30/2023,18:15,PCOM AMB,Porites,3
9/30/2023,18:30,PCOM AMB,Porites,0.8
9/30/2023,18:45,PCOM AMB,Porites,0.1
9/30/2023,19:00,PCOM AMB,Porites,0
9/30/2023,19:15,PCOM AMB,Porites,0
9/30/2023,19:30,PCOM AMB,Porites,0
9/30/2023,19:45,PCOM AMB,Porites,0
9/30/2023,20:00,PCOM AMB,Porites,0
9/30/2023,20:15,PCOM AMB,Porites,0.1
9/30/2023,20:30,PCOM AMB,Porites,0
9/30/2023,20:45,PCOM AMB,Porites,0
9/30/2023,21:00,PCOM AMB,Porites,0
9/30/2023,21:15,PCOM AMB,Porites,0
9/30/2023,21:30,PCOM AMB,Porites,0
9/30/2023,21:45,PCOM AMB,Porites,0
9/30/2023,22:00,PCOM AMB,Porites,0
9/30/2023,22:15,PCOM AMB,Porites,0
9/30/2023,22:30,PCOM AMB,Porites,0
9/30/2023,22:45,PCOM AMB,Porites,0
9/30/2023,23:00,PCOM AMB,Porites,0
9/30/2023,23:15,PCOM AMB,Porites,0
9/30/2023,23:30,PCOM AMB,Porites,0
9/30/2023,23:45,PCOM AMB,Porites,0
9/30/2023,0:00,PCOM AMB,Porites,0
10/1/2023,0:15,PCOM AMB,Porites,0
10/1/2023,0:30,PCOM AMB,Porites,0
10/1/2023,0:45,PCOM AMB,Porites,0
10/1/2023,1:00,PCOM AMB,Porites,0
10/1/2023,1:15,PCOM AMB,Porites,0
10/1/2023,1:30,PCOM AMB,Porites,0
10/1/2023,1:45,PCOM AMB,Porites,0
10/1/2023,2:00,PCOM AMB,Porites,0
10/1/2023,2:15,PCOM AMB,Porites,0
10/1/2023,2:30,PCOM AMB,Porites,0
10/1/2023,2:45,PCOM AMB,Porites,0
10/1/2023,3:00,PCOM AMB,Porites,0
10/1/2023,3:15,PCOM AMB,Porites,0
10/1/2023,3:30,PCOM AMB,Porites,0
10/1/2023,3:45,PCOM AMB,Porites,0
10/1/2023,4:00,PCOM AMB,Porites,0
10/1/2023,4:15,PCOM AMB,Porites,0
10/1/2023,4:30,PCOM AMB,Porites,0
10/1/2023,4:45,PCOM AMB,Porites,0
10/1/2023,5:00,PCOM AMB,Porites,0
10/1/2023,5:15,PCOM AMB,Porites,0
10/1/2023,5:30,PCOM AMB,Porites,0
10/1/2023,5:45,PCOM AMB,Porites,0
10/1/2023,6:00,PCOM AMB,Porites,0
10/1/2023,6:15,PCOM AMB,Porites,0
10/1/2023,6:30,PCOM AMB,Porites,0.7
10/1/2023,6:45,PCOM AMB,Porites,3.7
10/1/2023,7:00,PCOM AMB,Porites,9.9
10/1/2023,7:15,PCOM AMB,Porites,19.9
10/1/2023,7:30,PCOM AMB,Porites,29.4
10/1/2023,7:45,PCOM AMB,Porites,16.7
10/1/2023,8:00,PCOM AMB,Porites,30.9
10/1/2023,8:15,PCOM AMB,Porites,66.1
10/1/2023,8:30,PCOM AMB,Porites,74.9
10/1/2023,8:45,PCOM AMB,Porites,63.7
10/1/2023,9:00,PCOM AMB,Porites,38.2
10/1/2023,9:15,PCOM AMB,Porites,47.5
10/1/2023,9:30,PCOM AMB,Porites,39.6
10/1/2023,9:45,PCOM AMB,Porites,119.7
10/1/2023,10:00,PCOM AMB,Porites,160.6
10/1/2023,10:15,PCOM AMB,Porites,109
10/1/2023,10:30,PCOM AMB,Porites,54.5
10/1/2023,10:45,PCOM AMB,Porites,59.2
10/1/2023,11:00,PCOM AMB,Porites,100.8
10/1/2023,11:15,PCOM AMB,Porites,184.8
10/1/2023,11:30,PCOM AMB,Porites,180.9
10/1/2023,11:45,PCOM AMB,Porites,145.7
10/1/2023,12:00,PCOM AMB,Porites,152.8
10/1/2023,12:15,PCOM AMB,Porites,125.7
10/1/2023,12:30,PCOM AMB,Porites,125
10/1/2023,12:45,PCOM AMB,Porites,148.4
10/1/2023,13:00,PCOM AMB,Porites,305.9
10/1/2023,13:15,PCOM AMB,Porites,273.1
10/1/2023,13:30,PCOM AMB,Porites,205.2
10/1/2023,13:45,PCOM AMB,Porites,322.9
10/1/2023,14:00,PCOM AMB,Porites,213.6
10/1/2023,14:15,PCOM AMB,Porites,82.8
10/1/2023,14:30,PCOM AMB,Porites,65.3
10/1/2023,14:45,PCOM AMB,Porites,66.1
10/1/2023,15:00,PCOM AMB,Porites,167.1
10/1/2023,15:15,PCOM AMB,Porites,393.2
10/1/2023,15:30,PCOM AMB,Porites,161.6
10/1/2023,15:45,PCOM AMB,Porites,199.3
10/1/2023,16:00,PCOM AMB,Porites,104.8
10/1/2023,16:15,PCOM AMB,Porites,64
10/1/2023,16:30,PCOM AMB,Porites,45.1
10/1/2023,16:45,PCOM AMB,Porites,20.8
10/1/2023,17:00,PCOM AMB,Porites,16.6
10/1/2023,17:15,PCOM AMB,Porites,13.6
10/1/2023,17:30,PCOM AMB,Porites,11.6
10/1/2023,17:45,PCOM AMB,Porites,9.7
10/1/2023,18:00,PCOM AMB,Porites,6.9
10/1/2023,18:15,PCOM AMB,Porites,3.6
10/1/2023,18:30,PCOM AMB,Porites,0.9
10/1/2023,18:45,PCOM AMB,Porites,0
10/1/2023,19:00,PCOM AMB,Porites,0
10/1/2023,19:15,PCOM AMB,Porites,0
10/1/2023,19:30,PCOM AMB,Porites,0
10/1/2023,19:45,PCOM AMB,Porites,0
10/1/2023,20:00,PCOM AMB,Porites,0
10/1/2023,20:15,PCOM AMB,Porites,0
10/1/2023,20:30,PCOM AMB,Porites,0
10/1/2023,20:45,PCOM AMB,Porites,0
10/1/2023,21:00,PCOM AMB,Porites,0
10/1/2023,21:15,PCOM AMB,Porites,0
10/1/2023,21:30,PCOM AMB,Porites,0
10/1/2023,21:45,PCOM AMB,Porites,0
10/1/2023,22:00,PCOM AMB,Porites,0
10/1/2023,22:15,PCOM AMB,Porites,0
10/1/2023,22:30,PCOM AMB,Porites,0
10/1/2023,22:45,PCOM AMB,Porites,0
10/1/2023,23:00,PCOM AMB,Porites,0
10/1/2023,23:15,PCOM AMB,Porites,0
10/1/2023,23:30,PCOM AMB,Porites,0
10/1/2023,23:45,PCOM AMB,Porites,0
10/1/2023,0:00,PCOM AMB,Porites,0
10/2/2023,0:15,PCOM AMB,Porites,0
10/2/2023,0:30,PCOM AMB,Porites,0
10/2/2023,0:45,PCOM AMB,Porites,0
10/2/2023,1:00,PCOM AMB,Porites,0
10/2/2023,1:15,PCOM AMB,Porites,0
10/2/2023,1:30,PCOM AMB,Porites,0
10/2/2023,1:45,PCOM AMB,Porites,0
10/2/2023,2:00,PCOM AMB,Porites,0
10/2/2023,2:15,PCOM AMB,Porites,0
10/2/2023,2:30,PCOM AMB,Porites,0
10/2/2023,2:45,PCOM AMB,Porites,0
10/2/2023,3:00,PCOM AMB,Porites,0
10/2/2023,3:15,PCOM AMB,Porites,0
10/2/2023,3:30,PCOM AMB,Porites,0
10/2/2023,3:45,PCOM AMB,Porites,0
10/2/2023,4:00,PCOM AMB,Porites,0
10/2/2023,4:15,PCOM AMB,Porites,0
10/2/2023,4:30,PCOM AMB,Porites,0
10/2/2023,4:45,PCOM AMB,Porites,0
10/2/2023,5:00,PCOM AMB,Porites,0
10/2/2023,5:15,PCOM AMB,Porites,0
10/2/2023,5:30,PCOM AMB,Porites,0
10/2/2023,5:45,PCOM AMB,Porites,0
10/2/2023,6:00,PCOM AMB,Porites,0
10/2/2023,6:15,PCOM AMB,Porites,0
10/2/2023,6:30,PCOM AMB,Porites,0.6
10/2/2023,6:45,PCOM AMB,Porites,3.3
10/2/2023,7:00,PCOM AMB,Porites,10.3
10/2/2023,7:15,PCOM AMB,Porites,22.9
10/2/2023,7:30,PCOM AMB,Porites,29.7
10/2/2023,7:45,PCOM AMB,Porites,67.3
10/2/2023,8:00,PCOM AMB,Porites,113.8
10/2/2023,8:15,PCOM AMB,Porites,87.7
10/2/2023,8:30,PCOM AMB,Porites,60.2
10/2/2023,8:45,PCOM AMB,Porites,107.6
10/2/2023,9:00,PCOM AMB,Porites,90.2
10/2/2023,9:15,PCOM AMB,Porites,62.8
10/2/2023,9:30,PCOM AMB,Porites,105.4
10/2/2023,9:45,PCOM AMB,Porites,140.5
10/2/2023,10:00,PCOM AMB,Porites,245.6
10/2/2023,10:15,PCOM AMB,Porites,108
10/2/2023,10:30,PCOM AMB,Porites,73.9
10/2/2023,10:45,PCOM AMB,Porites,67.2
10/2/2023,11:00,PCOM AMB,Porites,132.5
10/2/2023,11:15,PCOM AMB,Porites,287.9
10/2/2023,11:30,PCOM AMB,Porites,316.2
10/2/2023,11:45,PCOM AMB,Porites,325.5
10/2/2023,12:00,PCOM AMB,Porites,316.4
10/2/2023,12:15,PCOM AMB,Porites,247.2
10/2/2023,12:30,PCOM AMB,Porites,316.5
10/2/2023,12:45,PCOM AMB,Porites,337
10/2/2023,13:00,PCOM AMB,Porites,366
10/2/2023,13:15,PCOM AMB,Porites,346.4
10/2/2023,13:30,PCOM AMB,Porites,337.7
10/2/2023,13:45,PCOM AMB,Porites,317.9
10/2/2023,14:00,PCOM AMB,Porites,220.9
10/2/2023,14:15,PCOM AMB,Porites,76.2
10/2/2023,14:30,PCOM AMB,Porites,33.8
10/2/2023,14:45,PCOM AMB,Porites,52.7
10/2/2023,15:00,PCOM AMB,Porites,39.4
10/2/2023,15:15,PCOM AMB,Porites,50.8
10/2/2023,15:30,PCOM AMB,Porites,45.5
10/2/2023,15:45,PCOM AMB,Porites,108
10/2/2023,16:00,PCOM AMB,Porites,49.2
10/2/2023,16:15,PCOM AMB,Porites,28.6
10/2/2023,16:30,PCOM AMB,Porites,27.3
10/2/2023,16:45,PCOM AMB,Porites,27.7
10/2/2023,17:00,PCOM AMB,Porites,21.4
10/2/2023,17:15,PCOM AMB,Porites,17.4
10/2/2023,17:30,PCOM AMB,Porites,15.2
10/2/2023,17:45,PCOM AMB,Porites,10.6
10/2/2023,18:00,PCOM AMB,Porites,5.9
10/2/2023,18:15,PCOM AMB,Porites,2.2
10/2/2023,18:30,PCOM AMB,Porites,0.6
10/2/2023,18:45,PCOM AMB,Porites,0
10/2/2023,19:00,PCOM AMB,Porites,0
10/2/2023,19:15,PCOM AMB,Porites,0
10/2/2023,19:30,PCOM AMB,Porites,0
10/2/2023,19:45,PCOM AMB,Porites,0
10/2/2023,20:00,PCOM AMB,Porites,0
10/2/2023,20:15,PCOM AMB,Porites,0
10/2/2023,20:30,PCOM AMB,Porites,0
10/2/2023,20:45,PCOM AMB,Porites,0
10/2/2023,21:00,PCOM AMB,Porites,0
10/2/2023,21:15,PCOM AMB,Porites,0
10/2/2023,21:30,PCOM AMB,Porites,0
10/2/2023,21:45,PCOM AMB,Porites,0
10/2/2023,22:00,PCOM AMB,Porites,0
10/2/2023,22:15,PCOM AMB,Porites,0
10/2/2023,22:30,PCOM AMB,Porites,0
10/2/2023,22:45,PCOM AMB,Porites,0
10/2/2023,23:00,PCOM AMB,Porites,0
10/2/2023,23:15,PCOM AMB,Porites,0
10/2/2023,23:30,PCOM AMB,Porites,0
10/2/2023,23:45,PCOM AMB,Porites,0
10/2/2023,0:00,PCOM AMB,Porites,0
10/3/2023,0:15,PCOM AMB,Porites,0
10/3/2023,0:30,PCOM AMB,Porites,0
10/3/2023,0:45,PCOM AMB,Porites,0
10/3/2023,1:00,PCOM AMB,Porites,0
10/3/2023,1:15,PCOM AMB,Porites,0
10/3/2023,1:30,PCOM AMB,Porites,0
10/3/2023,1:45,PCOM AMB,Porites,0
10/3/2023,2:00,PCOM AMB,Porites,0
10/3/2023,2:15,PCOM AMB,Porites,0
10/3/2023,2:30,PCOM AMB,Porites,0
10/3/2023,2:45,PCOM AMB,Porites,0
10/3/2023,3:00,PCOM AMB,Porites,0
10/3/2023,3:15,PCOM AMB,Porites,0
10/3/2023,3:30,PCOM AMB,Porites,0
10/3/2023,3:45,PCOM AMB,Porites,0
10/3/2023,4:00,PCOM AMB,Porites,0
10/3/2023,4:15,PCOM AMB,Porites,0
10/3/2023,4:30,PCOM AMB,Porites,0
10/3/2023,4:45,PCOM AMB,Porites,0
10/3/2023,5:00,PCOM AMB,Porites,0
10/3/2023,5:15,PCOM AMB,Porites,0
10/3/2023,5:30,PCOM AMB,Porites,0
10/3/2023,5:45,PCOM AMB,Porites,0
10/3/2023,6:00,PCOM AMB,Porites,0
10/3/2023,6:15,PCOM AMB,Porites,0
10/3/2023,6:30,PCOM AMB,Porites,0.4
10/3/2023,6:45,PCOM AMB,Porites,3.7
10/3/2023,7:00,PCOM AMB,Porites,7
10/3/2023,7:15,PCOM AMB,Porites,14.9
10/3/2023,7:30,PCOM AMB,Porites,23.3
10/3/2023,7:45,PCOM AMB,Porites,31.5
10/3/2023,8:00,PCOM AMB,Porites,45.1
10/3/2023,8:15,PCOM AMB,Porites,45.6
10/3/2023,8:30,PCOM AMB,Porites,49.3
10/3/2023,8:45,PCOM AMB,Porites,81.3
10/3/2023,9:00,PCOM AMB,Porites,70.6
10/3/2023,9:15,PCOM AMB,Porites,67.2
10/3/2023,9:30,PCOM AMB,Porites,80.1
10/3/2023,9:45,PCOM AMB,Porites,133.3
10/3/2023,10:00,PCOM AMB,Porites,156.9
10/3/2023,10:15,PCOM AMB,Porites,64.4
10/3/2023,10:30,PCOM AMB,Porites,59.8
10/3/2023,10:45,PCOM AMB,Porites,69.1
10/3/2023,11:00,PCOM AMB,Porites,84.9
10/3/2023,11:15,PCOM AMB,Porites,180.3
10/3/2023,11:30,PCOM AMB,Porites,290.4
10/3/2023,11:45,PCOM AMB,Porites,305.6
10/3/2023,12:00,PCOM AMB,Porites,177.1
10/3/2023,12:15,PCOM AMB,Porites,272
10/3/2023,12:30,PCOM AMB,Porites,260.7
10/3/2023,12:45,PCOM AMB,Porites,162.5
10/3/2023,13:00,PCOM AMB,Porites,184.6
10/3/2023,13:15,PCOM AMB,Porites,236.3
10/3/2023,13:30,PCOM AMB,Porites,110.6
10/3/2023,13:45,PCOM AMB,Porites,129.5
10/3/2023,14:00,PCOM AMB,Porites,130.9
10/3/2023,14:15,PCOM AMB,Porites,108.9
10/3/2023,14:30,PCOM AMB,Porites,67.1
10/3/2023,14:45,PCOM AMB,Porites,56.3
10/3/2023,15:00,PCOM AMB,Porites,57.8
10/3/2023,15:15,PCOM AMB,Porites,57.9
10/3/2023,15:30,PCOM AMB,Porites,57.2
10/3/2023,15:45,PCOM AMB,Porites,57.6
10/3/2023,16:00,PCOM AMB,Porites,53
10/3/2023,16:15,PCOM AMB,Porites,63.3
10/3/2023,16:30,PCOM AMB,Porites,42.5
10/3/2023,16:45,PCOM AMB,Porites,33.9
10/3/2023,17:00,PCOM AMB,Porites,24.1
10/3/2023,17:15,PCOM AMB,Porites,21.6
10/3/2023,17:30,PCOM AMB,Porites,17.3
10/3/2023,17:45,PCOM AMB,Porites,9.7
10/3/2023,18:00,PCOM AMB,Porites,5.9
10/3/2023,18:15,PCOM AMB,Porites,2.5
10/3/2023,18:30,PCOM AMB,Porites,0.7
10/3/2023,18:45,PCOM AMB,Porites,0
10/3/2023,19:00,PCOM AMB,Porites,0
10/3/2023,19:15,PCOM AMB,Porites,0
10/3/2023,19:30,PCOM AMB,Porites,0
10/3/2023,19:45,PCOM AMB,Porites,0
10/3/2023,20:00,PCOM AMB,Porites,0
10/3/2023,20:15,PCOM AMB,Porites,0
10/3/2023,20:30,PCOM AMB,Porites,0
10/3/2023,20:45,PCOM AMB,Porites,0
10/3/2023,21:00,PCOM AMB,Porites,0
10/3/2023,21:15,PCOM AMB,Porites,0
10/3/2023,21:30,PCOM AMB,Porites,0
10/3/2023,21:45,PCOM AMB,Porites,0
10/3/2023,22:00,PCOM AMB,Porites,0
10/3/2023,22:15,PCOM AMB,Porites,0
10/3/2023,22:30,PCOM AMB,Porites,0
10/3/2023,22:45,PCOM AMB,Porites,0
10/3/2023,23:00,PCOM AMB,Porites,0
10/3/2023,23:15,PCOM AMB,Porites,0
10/3/2023,23:30,PCOM AMB,Porites,0
10/3/2023,23:45,PCOM AMB,Porites,0
10/3/2023,0:00,PCOM AMB,Porites,0
10/4/2023,0:15,PCOM AMB,Porites,0
10/4/2023,0:30,PCOM AMB,Porites,0
10/4/2023,0:45,PCOM AMB,Porites,0
10/4/2023,1:00,PCOM AMB,Porites,0
10/4/2023,1:15,PCOM AMB,Porites,0
10/4/2023,1:30,PCOM AMB,Porites,0
10/4/2023,1:45,PCOM AMB,Porites,0
10/4/2023,2:00,PCOM AMB,Porites,0
10/4/2023,2:15,PCOM AMB,Porites,0
10/4/2023,2:30,PCOM AMB,Porites,0
10/4/2023,2:45,PCOM AMB,Porites,0
10/4/2023,3:00,PCOM AMB,Porites,0
10/4/2023,3:15,PCOM AMB,Porites,0
10/4/2023,3:30,PCOM AMB,Porites,0
10/4/2023,3:45,PCOM AMB,Porites,0
10/4/2023,4:00,PCOM AMB,Porites,0
10/4/2023,4:15,PCOM AMB,Porites,0
10/4/2023,4:30,PCOM AMB,Porites,0
10/4/2023,4:45,PCOM AMB,Porites,0
10/4/2023,5:00,PCOM AMB,Porites,0
10/4/2023,5:15,PCOM AMB,Porites,0
10/4/2023,5:30,PCOM AMB,Porites,0
10/4/2023,5:45,PCOM AMB,Porites,0
10/4/2023,6:00,PCOM AMB,Porites,0
10/4/2023,6:15,PCOM AMB,Porites,0
10/4/2023,6:30,PCOM AMB,Porites,0.9
10/4/2023,6:45,PCOM AMB,Porites,5
10/4/2023,7:00,PCOM AMB,Porites,12.1
10/4/2023,7:15,PCOM AMB,Porites,27.5
10/4/2023,7:30,PCOM AMB,Porites,59.1
10/4/2023,7:45,PCOM AMB,Porites,114
10/4/2023,8:00,PCOM AMB,Porites,95.3
10/4/2023,8:15,PCOM AMB,Porites,48.5
10/4/2023,8:30,PCOM AMB,Porites,33.9
10/4/2023,8:45,PCOM AMB,Porites,58.5
10/4/2023,9:00,PCOM AMB,Porites,43.7
10/4/2023,9:15,PCOM AMB,Porites,49.7
10/4/2023,9:30,PCOM AMB,Porites,63.8
10/4/2023,9:45,PCOM AMB,Porites,157.9
10/4/2023,10:00,PCOM AMB,Porites,205.3
10/4/2023,10:15,PCOM AMB,Porites,57.5
10/4/2023,10:30,PCOM AMB,Porites,100.1
10/4/2023,10:45,PCOM AMB,Porites,69.4
10/4/2023,11:00,PCOM AMB,Porites,157.1
10/4/2023,11:15,PCOM AMB,Porites,285.8
10/4/2023,11:30,PCOM AMB,Porites,297.6
10/4/2023,11:45,PCOM AMB,Porites,304.3
10/4/2023,12:00,PCOM AMB,Porites,310.7
10/4/2023,12:15,PCOM AMB,Porites,314.9
10/4/2023,12:30,PCOM AMB,Porites,319.8
10/4/2023,12:45,PCOM AMB,Porites,298.7
10/4/2023,13:00,PCOM AMB,Porites,308
10/4/2023,13:15,PCOM AMB,Porites,325.6
10/4/2023,13:30,PCOM AMB,Porites,314.1
10/4/2023,13:45,PCOM AMB,Porites,310
10/4/2023,14:00,PCOM AMB,Porites,277.4
10/4/2023,14:15,PCOM AMB,Porites,217.7
10/4/2023,14:30,PCOM AMB,Porites,89.9
10/4/2023,14:45,PCOM AMB,Porites,76.7
10/4/2023,15:00,PCOM AMB,Porites,87.8
10/4/2023,15:15,PCOM AMB,Porites,237.5
10/4/2023,15:30,PCOM AMB,Porites,282
10/4/2023,15:45,PCOM AMB,Porites,152.2
10/4/2023,16:00,PCOM AMB,Porites,107.6
10/4/2023,16:15,PCOM AMB,Porites,93.9
10/4/2023,16:30,PCOM AMB,Porites,56.1
10/4/2023,16:45,PCOM AMB,Porites,37.3
10/4/2023,17:00,PCOM AMB,Porites,34.7
10/4/2023,17:15,PCOM AMB,Porites,29.3
10/4/2023,17:30,PCOM AMB,Porites,19.5
10/4/2023,17:45,PCOM AMB,Porites,13.6
10/4/2023,18:00,PCOM AMB,Porites,5.6
10/4/2023,18:15,PCOM AMB,Porites,2.7
10/4/2023,18:30,PCOM AMB,Porites,0.7
10/4/2023,18:45,PCOM AMB,Porites,0
10/4/2023,19:00,PCOM AMB,Porites,0
10/4/2023,19:15,PCOM AMB,Porites,0
10/4/2023,19:30,PCOM AMB,Porites,0
10/4/2023,19:45,PCOM AMB,Porites,0
10/4/2023,20:00,PCOM AMB,Porites,0
10/4/2023,20:15,PCOM AMB,Porites,0
10/4/2023,20:30,PCOM AMB,Porites,0
10/4/2023,20:45,PCOM AMB,Porites,0
10/4/2023,21:00,PCOM AMB,Porites,0
10/4/2023,21:15,PCOM AMB,Porites,0
10/4/2023,21:30,PCOM AMB,Porites,0
10/4/2023,21:45,PCOM AMB,Porites,0
10/4/2023,22:00,PCOM AMB,Porites,0
10/4/2023,22:15,PCOM AMB,Porites,0
10/4/2023,22:30,PCOM AMB,Porites,0
10/4/2023,22:45,PCOM AMB,Porites,0
10/4/2023,23:00,PCOM AMB,Porites,0
10/4/2023,23:15,PCOM AMB,Porites,0
10/4/2023,23:30,PCOM AMB,Porites,0
10/4/2023,23:45,PCOM AMB,Porites,0
10/4/2023,0:00,PCOM AMB,Porites,0
10/5/2023,0:15,PCOM AMB,Porites,0
10/5/2023,0:30,PCOM AMB,Porites,0
10/5/2023,0:45,PCOM AMB,Porites,0
10/5/2023,1:00,PCOM AMB,Porites,0
10/5/2023,1:15,PCOM AMB,Porites,0
10/5/2023,1:30,PCOM AMB,Porites,0
10/5/2023,1:45,PCOM AMB,Porites,0
10/5/2023,2:00,PCOM AMB,Porites,0
10/5/2023,2:15,PCOM AMB,Porites,0
10/5/2023,2:30,PCOM AMB,Porites,0
10/5/2023,2:45,PCOM AMB,Porites,0
10/5/2023,3:00,PCOM AMB,Porites,0
10/5/2023,3:15,PCOM AMB,Porites,0
10/5/2023,3:30,PCOM AMB,Porites,0
10/5/2023,3:45,PCOM AMB,Porites,0
10/5/2023,4:00,PCOM AMB,Porites,0
10/5/2023,4:15,PCOM AMB,Porites,0
10/5/2023,4:30,PCOM AMB,Porites,0
10/5/2023,4:45,PCOM AMB,Porites,0
10/5/2023,5:00,PCOM AMB,Porites,0
10/5/2023,5:15,PCOM AMB,Porites,0
10/5/2023,5:30,PCOM AMB,Porites,0
10/5/2023,5:45,PCOM AMB,Porites,0
10/5/2023,6:00,PCOM AMB,Porites,0
10/5/2023,6:15,PCOM AMB,Porites,0
10/5/2023,6:30,PCOM AMB,Porites,1
10/5/2023,6:45,PCOM AMB,Porites,5.1
10/5/2023,7:00,PCOM AMB,Porites,13.3
10/5/2023,7:15,PCOM AMB,Porites,34.8
10/5/2023,7:30,PCOM AMB,Porites,78.3
10/5/2023,7:45,PCOM AMB,Porites,57
10/5/2023,8:00,PCOM AMB,Porites,54.3
10/5/2023,8:15,PCOM AMB,Porites,65.9
10/5/2023,8:30,PCOM AMB,Porites,47.9
10/5/2023,8:45,PCOM AMB,Porites,83.9
10/5/2023,9:00,PCOM AMB,Porites,94
10/5/2023,9:15,PCOM AMB,Porites,96.3
10/5/2023,9:30,PCOM AMB,Porites,98.7
10/5/2023,9:45,PCOM AMB,Porites,97.5
10/5/2023,10:00,PCOM AMB,Porites,114.6
10/5/2023,10:15,PCOM AMB,Porites,115.1
10/5/2023,10:30,PCOM AMB,Porites,83.7
10/5/2023,10:45,PCOM AMB,Porites,92.8
10/5/2023,11:00,PCOM AMB,Porites,113.1
10/5/2023,11:15,PCOM AMB,Porites,130.3
10/5/2023,11:30,PCOM AMB,Porites,195.4
10/5/2023,11:45,PCOM AMB,Porites,259.4
10/5/2023,12:00,PCOM AMB,Porites,291.6
10/5/2023,12:15,PCOM AMB,Porites,228
10/5/2023,12:30,PCOM AMB,Porites,218.3
10/5/2023,12:45,PCOM AMB,Porites,249
10/5/2023,13:00,PCOM AMB,Porites,280.1
10/5/2023,13:15,PCOM AMB,Porites,299.9
10/5/2023,13:30,PCOM AMB,Porites,301.4
10/5/2023,13:45,PCOM AMB,Porites,300.5
10/5/2023,14:00,PCOM AMB,Porites,296.9
10/5/2023,14:15,PCOM AMB,Porites,241.4
10/5/2023,14:30,PCOM AMB,Porites,92.9
10/5/2023,14:45,PCOM AMB,Porites,70.8
10/5/2023,15:00,PCOM AMB,Porites,71.7
10/5/2023,15:15,PCOM AMB,Porites,46
10/5/2023,15:30,PCOM AMB,Porites,45.4
10/5/2023,15:45,PCOM AMB,Porites,86.1
10/5/2023,16:00,PCOM AMB,Porites,57.3
10/5/2023,16:15,PCOM AMB,Porites,45.2
10/5/2023,16:30,PCOM AMB,Porites,83.9
10/5/2023,16:45,PCOM AMB,Porites,26.9
10/5/2023,17:00,PCOM AMB,Porites,17.1
10/5/2023,17:15,PCOM AMB,Porites,14.1
10/5/2023,17:30,PCOM AMB,Porites,10.4
10/5/2023,17:45,PCOM AMB,Porites,7.4
10/5/2023,18:00,PCOM AMB,Porites,3.9
10/5/2023,18:15,PCOM AMB,Porites,1.5
10/5/2023,18:30,PCOM AMB,Porites,0.4
10/5/2023,18:45,PCOM AMB,Porites,0
10/5/2023,19:00,PCOM AMB,Porites,0
10/5/2023,19:15,PCOM AMB,Porites,0
10/5/2023,19:30,PCOM AMB,Porites,0
10/5/2023,19:45,PCOM AMB,Porites,0
10/5/2023,20:00,PCOM AMB,Porites,0
10/5/2023,20:15,PCOM AMB,Porites,0
10/5/2023,20:30,PCOM AMB,Porites,0
10/5/2023,20:45,PCOM AMB,Porites,0
10/5/2023,21:00,PCOM AMB,Porites,0
10/5/2023,21:15,PCOM AMB,Porites,0
10/5/2023,21:30,PCOM AMB,Porites,0
10/5/2023,21:45,PCOM AMB,Porites,0
10/5/2023,22:00,PCOM AMB,Porites,0
10/5/2023,22:15,PCOM AMB,Porites,0
10/5/2023,22:30,PCOM AMB,Porites,0
10/5/2023,22:45,PCOM AMB,Porites,0
10/5/2023,23:00,PCOM AMB,Porites,0
10/5/2023,23:15,PCOM AMB,Porites,0
10/5/2023,23:30,PCOM AMB,Porites,0
10/5/2023,23:45,PCOM AMB,Porites,0
10/5/2023,0:00,PCOM AMB,Porites,0
10/6/2023,0:15,PCOM AMB,Porites,0
10/6/2023,0:30,PCOM AMB,Porites,0
10/6/2023,0:45,PCOM AMB,Porites,0
10/6/2023,1:00,PCOM AMB,Porites,0
10/6/2023,1:15,PCOM AMB,Porites,0
10/6/2023,1:30,PCOM AMB,Porites,0
10/6/2023,1:45,PCOM AMB,Porites,0
10/6/2023,2:00,PCOM AMB,Porites,0
10/6/2023,2:15,PCOM AMB,Porites,0
10/6/2023,2:30,PCOM AMB,Porites,0
10/6/2023,2:45,PCOM AMB,Porites,0
10/6/2023,3:00,PCOM AMB,Porites,0
10/6/2023,3:15,PCOM AMB,Porites,0
10/6/2023,3:30,PCOM AMB,Porites,0
10/6/2023,3:45,PCOM AMB,Porites,0
10/6/2023,4:00,PCOM AMB,Porites,0
10/6/2023,4:15,PCOM AMB,Porites,0
10/6/2023,4:30,PCOM AMB,Porites,0
10/6/2023,4:45,PCOM AMB,Porites,0
10/6/2023,5:00,PCOM AMB,Porites,0
10/6/2023,5:15,PCOM AMB,Porites,0
10/6/2023,5:30,PCOM AMB,Porites,0
10/6/2023,5:45,PCOM AMB,Porites,0
10/6/2023,6:00,PCOM AMB,Porites,0
10/6/2023,6:15,PCOM AMB,Porites,0
10/6/2023,6:30,PCOM AMB,Porites,0.7
10/6/2023,6:45,PCOM AMB,Porites,2.6
10/6/2023,7:00,PCOM AMB,Porites,5.1
10/6/2023,7:15,PCOM AMB,Porites,10.8
10/6/2023,7:30,PCOM AMB,Porites,79.9
10/6/2023,7:45,PCOM AMB,Porites,122.4
10/6/2023,8:00,PCOM AMB,Porites,77.6
10/6/2023,8:15,PCOM AMB,Porites,111.3
10/6/2023,8:30,PCOM AMB,Porites,63.6
10/6/2023,8:45,PCOM AMB,Porites,52.1
10/6/2023,9:00,PCOM AMB,Porites,34.5
10/6/2023,9:15,PCOM AMB,Porites,40.8
10/6/2023,9:30,PCOM AMB,Porites,29.2
10/6/2023,9:45,PCOM AMB,Porites,49.1
10/6/2023,10:00,PCOM AMB,Porites,28.9
10/6/2023,10:15,PCOM AMB,Porites,40.2
10/6/2023,10:30,PCOM AMB,Porites,62.5
10/6/2023,10:45,PCOM AMB,Porites,86.4
10/6/2023,11:00,PCOM AMB,Porites,52.8
10/6/2023,11:15,PCOM AMB,Porites,102.5
10/6/2023,11:30,PCOM AMB,Porites,113.9
10/6/2023,11:45,PCOM AMB,Porites,142.5
10/6/2023,12:00,PCOM AMB,Porites,134.6
10/6/2023,12:15,PCOM AMB,Porites,210
10/6/2023,12:30,PCOM AMB,Porites,138.7
10/6/2023,12:45,PCOM AMB,Porites,186.8
10/6/2023,13:00,PCOM AMB,Porites,186.7
10/6/2023,13:15,PCOM AMB,Porites,211.3
10/6/2023,13:30,PCOM AMB,Porites,220.8
10/6/2023,13:45,PCOM AMB,Porites,231.4
10/6/2023,14:00,PCOM AMB,Porites,246.3
10/6/2023,14:15,PCOM AMB,Porites,208.7
10/6/2023,14:30,PCOM AMB,Porites,54.4
10/6/2023,14:45,PCOM AMB,Porites,32.3
10/6/2023,15:00,PCOM AMB,Porites,90.9
10/6/2023,15:15,PCOM AMB,Porites,128.8
10/6/2023,15:30,PCOM AMB,Porites,71.1
10/6/2023,15:45,PCOM AMB,Porites,35.3
10/6/2023,16:00,PCOM AMB,Porites,87.9
10/6/2023,16:15,PCOM AMB,Porites,46.6
10/6/2023,16:30,PCOM AMB,Porites,69.6
10/6/2023,16:45,PCOM AMB,Porites,15.7
10/6/2023,17:00,PCOM AMB,Porites,13.5
10/6/2023,17:15,PCOM AMB,Porites,12.1
10/6/2023,17:30,PCOM AMB,Porites,10.5
10/6/2023,17:45,PCOM AMB,Porites,6.2
10/6/2023,18:00,PCOM AMB,Porites,3.6
10/6/2023,18:15,PCOM AMB,Porites,1.7
10/6/2023,18:30,PCOM AMB,Porites,0.3
10/6/2023,18:45,PCOM AMB,Porites,0
10/6/2023,19:00,PCOM AMB,Porites,0
10/6/2023,19:15,PCOM AMB,Porites,0
10/6/2023,19:30,PCOM AMB,Porites,0
10/6/2023,19:45,PCOM AMB,Porites,0
10/6/2023,20:00,PCOM AMB,Porites,0
10/6/2023,20:15,PCOM AMB,Porites,0
10/6/2023,20:30,PCOM AMB,Porites,0
10/6/2023,20:45,PCOM AMB,Porites,0
10/6/2023,21:00,PCOM AMB,Porites,0
10/6/2023,21:15,PCOM AMB,Porites,0
10/6/2023,21:30,PCOM AMB,Porites,0
10/6/2023,21:45,PCOM AMB,Porites,0
10/6/2023,22:00,PCOM AMB,Porites,0
10/6/2023,22:15,PCOM AMB,Porites,0
10/6/2023,22:30,PCOM AMB,Porites,0
10/6/2023,22:45,PCOM AMB,Porites,0
10/6/2023,23:00,PCOM AMB,Porites,0
10/6/2023,23:15,PCOM AMB,Porites,0
10/6/2023,23:30,PCOM AMB,Porites,0
10/6/2023,23:45,PCOM AMB,Porites,0
10/6/2023,0:00,PCOM AMB,Porites,0
10/7/2023,0:15,PCOM AMB,Porites,0
10/7/2023,0:30,PCOM AMB,Porites,0
10/7/2023,0:45,PCOM AMB,Porites,0
10/7/2023,1:00,PCOM AMB,Porites,0
10/7/2023,1:15,PCOM AMB,Porites,0
10/7/2023,1:30,PCOM AMB,Porites,0
10/7/2023,1:45,PCOM AMB,Porites,0
10/7/2023,2:00,PCOM AMB,Porites,0
10/7/2023,2:15,PCOM AMB,Porites,0
10/7/2023,2:30,PCOM AMB,Porites,0
10/7/2023,2:45,PCOM AMB,Porites,0
10/7/2023,3:00,PCOM AMB,Porites,0
10/7/2023,3:15,PCOM AMB,Porites,0
10/7/2023,3:30,PCOM AMB,Porites,0
10/7/2023,3:45,PCOM AMB,Porites,0
10/7/2023,4:00,PCOM AMB,Porites,0
10/7/2023,4:15,PCOM AMB,Porites,0
10/7/2023,4:30,PCOM AMB,Porites,0
10/7/2023,4:45,PCOM AMB,Porites,0
10/7/2023,5:00,PCOM AMB,Porites,0
10/7/2023,5:15,PCOM AMB,Porites,0
10/7/2023,5:30,PCOM AMB,Porites,0
10/7/2023,5:45,PCOM AMB,Porites,0
10/7/2023,6:00,PCOM AMB,Porites,0
10/7/2023,6:15,PCOM AMB,Porites,0
10/7/2023,6:30,PCOM AMB,Porites,0.5
10/7/2023,6:45,PCOM AMB,Porites,2.6
10/7/2023,7:00,PCOM AMB,Porites,7.5
10/7/2023,7:15,PCOM AMB,Porites,15.8
10/7/2023,7:30,PCOM AMB,Porites,65.8
10/7/2023,7:45,PCOM AMB,Porites,74.2
10/7/2023,8:00,PCOM AMB,Porites,54.3
10/7/2023,8:15,PCOM AMB,Porites,74.6
10/7/2023,8:30,PCOM AMB,Porites,68.6
10/7/2023,8:45,PCOM AMB,Porites,77.8
10/7/2023,9:00,PCOM AMB,Porites,70.7
10/7/2023,9:15,PCOM AMB,Porites,41.6
10/7/2023,9:30,PCOM AMB,Porites,55.5
10/7/2023,9:45,PCOM AMB,Porites,92.5
10/7/2023,10:00,PCOM AMB,Porites,154
10/7/2023,10:15,PCOM AMB,Porites,60.9
10/7/2023,10:30,PCOM AMB,Porites,91.7
10/7/2023,10:45,PCOM AMB,Porites,74.6
10/7/2023,11:00,PCOM AMB,Porites,74.7
10/7/2023,11:15,PCOM AMB,Porites,77.5
10/7/2023,11:30,PCOM AMB,Porites,51.1
10/7/2023,11:45,PCOM AMB,Porites,32.5
10/7/2023,12:00,PCOM AMB,Porites,22.5
10/7/2023,12:15,PCOM AMB,Porites,28.5
10/7/2023,12:30,PCOM AMB,Porites,35.9
10/7/2023,12:45,PCOM AMB,Porites,80.1
10/7/2023,13:00,PCOM AMB,Porites,182.5
10/7/2023,13:15,PCOM AMB,Porites,199.7
10/7/2023,13:30,PCOM AMB,Porites,187.4
10/7/2023,13:45,PCOM AMB,Porites,166.7
10/7/2023,14:00,PCOM AMB,Porites,172.7
10/7/2023,14:15,PCOM AMB,Porites,178.1
10/7/2023,14:30,PCOM AMB,Porites,50.3
10/7/2023,14:45,PCOM AMB,Porites,27.3
10/7/2023,15:00,PCOM AMB,Porites,26.5
10/7/2023,15:15,PCOM AMB,Porites,51.6
10/7/2023,15:30,PCOM AMB,Porites,37.8
10/7/2023,15:45,PCOM AMB,Porites,23.5
10/7/2023,16:00,PCOM AMB,Porites,73.6
10/7/2023,16:15,PCOM AMB,Porites,46
10/7/2023,16:30,PCOM AMB,Porites,40.9
10/7/2023,16:45,PCOM AMB,Porites,10.5
10/7/2023,17:00,PCOM AMB,Porites,9.6
10/7/2023,17:15,PCOM AMB,Porites,9.2
10/7/2023,17:30,PCOM AMB,Porites,6.1
10/7/2023,17:45,PCOM AMB,Porites,4.1
10/7/2023,18:00,PCOM AMB,Porites,2.5
10/7/2023,18:15,PCOM AMB,Porites,1.3
10/7/2023,18:30,PCOM AMB,Porites,0.2
10/7/2023,18:45,PCOM AMB,Porites,0
10/7/2023,19:00,PCOM AMB,Porites,0
10/7/2023,19:15,PCOM AMB,Porites,0
10/7/2023,19:30,PCOM AMB,Porites,0
10/7/2023,19:45,PCOM AMB,Porites,0
10/7/2023,20:00,PCOM AMB,Porites,0
10/7/2023,20:15,PCOM AMB,Porites,0
10/7/2023,20:30,PCOM AMB,Porites,0
10/7/2023,20:45,PCOM AMB,Porites,0
10/7/2023,21:00,PCOM AMB,Porites,0
10/7/2023,21:15,PCOM AMB,Porites,0
10/7/2023,21:30,PCOM AMB,Porites,0
10/7/2023,21:45,PCOM AMB,Porites,0
10/7/2023,22:00,PCOM AMB,Porites,0
10/7/2023,22:15,PCOM AMB,Porites,0
10/7/2023,22:30,PCOM AMB,Porites,0
10/7/2023,22:45,PCOM AMB,Porites,0
10/7/2023,23:00,PCOM AMB,Porites,0
10/7/2023,23:15,PCOM AMB,Porites,0
10/7/2023,23:30,PCOM AMB,Porites,0
10/7/2023,23:45,PCOM AMB,Porites,0
10/7/2023,0:00,PCOM AMB,Porites,0
10/8/2023,0:15,PCOM AMB,Porites,0
10/8/2023,0:30,PCOM AMB,Porites,0
10/8/2023,0:45,PCOM AMB,Porites,0
10/8/2023,1:00,PCOM AMB,Porites,0
10/8/2023,1:15,PCOM AMB,Porites,0
10/8/2023,1:30,PCOM AMB,Porites,0
10/8/2023,1:45,PCOM AMB,Porites,0
10/8/2023,2:00,PCOM AMB,Porites,0
10/8/2023,2:15,PCOM AMB,Porites,0
10/8/2023,2:30,PCOM AMB,Porites,0
10/8/2023,2:45,PCOM AMB,Porites,0
10/8/2023,3:00,PCOM AMB,Porites,0
10/8/2023,3:15,PCOM AMB,Porites,0
10/8/2023,3:30,PCOM AMB,Porites,0
10/8/2023,3:45,PCOM AMB,Porites,0
10/8/2023,4:00,PCOM AMB,Porites,0
10/8/2023,4:15,PCOM AMB,Porites,0
10/8/2023,4:30,PCOM AMB,Porites,0
10/8/2023,4:45,PCOM AMB,Porites,0
10/8/2023,5:00,PCOM AMB,Porites,0
10/8/2023,5:15,PCOM AMB,Porites,0
10/8/2023,5:30,PCOM AMB,Porites,0
10/8/2023,5:45,PCOM AMB,Porites,0
10/8/2023,6:00,PCOM AMB,Porites,0
10/8/2023,6:15,PCOM AMB,Porites,0
10/8/2023,6:30,PCOM AMB,Porites,0.4
10/8/2023,6:45,PCOM AMB,Porites,2
10/8/2023,7:00,PCOM AMB,Porites,5.7
10/8/2023,7:15,PCOM AMB,Porites,12.8
10/8/2023,7:30,PCOM AMB,Porites,54.3
10/8/2023,7:45,PCOM AMB,Porites,83.3
10/8/2023,8:00,PCOM AMB,Porites,57.3
10/8/2023,8:15,PCOM AMB,Porites,66.1
10/8/2023,8:30,PCOM AMB,Porites,56.4
10/8/2023,8:45,PCOM AMB,Porites,58.5
10/8/2023,9:00,PCOM AMB,Porites,57.1
10/8/2023,9:15,PCOM AMB,Porites,36.2
10/8/2023,9:30,PCOM AMB,Porites,58.4
10/8/2023,9:45,PCOM AMB,Porites,58.7
10/8/2023,10:00,PCOM AMB,Porites,102.9
10/8/2023,10:15,PCOM AMB,Porites,51.2
10/8/2023,10:30,PCOM AMB,Porites,36.4
10/8/2023,10:45,PCOM AMB,Porites,34.4
10/8/2023,11:00,PCOM AMB,Porites,51
10/8/2023,11:15,PCOM AMB,Porites,80.3
10/8/2023,11:30,PCOM AMB,Porites,91.5
10/8/2023,11:45,PCOM AMB,Porites,98
10/8/2023,12:00,PCOM AMB,Porites,122.3
10/8/2023,12:15,PCOM AMB,Porites,172.2
10/8/2023,12:30,PCOM AMB,Porites,220.7
10/8/2023,12:45,PCOM AMB,Porites,337.8
10/8/2023,13:00,PCOM AMB,Porites,324.7
10/8/2023,13:15,PCOM AMB,Porites,320.2
10/8/2023,13:30,PCOM AMB,Porites,314.4
10/8/2023,13:45,PCOM AMB,Porites,162.9
10/8/2023,14:00,PCOM AMB,Porites,70.8
10/8/2023,14:15,PCOM AMB,Porites,79.1
10/8/2023,14:30,PCOM AMB,Porites,55.9
10/8/2023,14:45,PCOM AMB,Porites,53.3
10/8/2023,15:00,PCOM AMB,Porites,56.4
10/8/2023,15:15,PCOM AMB,Porites,51.1
10/8/2023,15:30,PCOM AMB,Porites,27.5
10/8/2023,15:45,PCOM AMB,Porites,33.5
10/8/2023,16:00,PCOM AMB,Porites,43.3
10/8/2023,16:15,PCOM AMB,Porites,53.6
10/8/2023,16:30,PCOM AMB,Porites,19.4
10/8/2023,16:45,PCOM AMB,Porites,17.5
10/8/2023,17:00,PCOM AMB,Porites,11.2
10/8/2023,17:15,PCOM AMB,Porites,8.9
10/8/2023,17:30,PCOM AMB,Porites,7
10/8/2023,17:45,PCOM AMB,Porites,5.9
10/8/2023,18:00,PCOM AMB,Porites,3.8
10/8/2023,18:15,PCOM AMB,Porites,1.7
10/8/2023,18:30,PCOM AMB,Porites,0.3
10/8/2023,18:45,PCOM AMB,Porites,0
10/8/2023,19:00,PCOM AMB,Porites,0
10/8/2023,19:15,PCOM AMB,Porites,0
10/8/2023,19:30,PCOM AMB,Porites,0
10/8/2023,19:45,PCOM AMB,Porites,0
10/8/2023,20:00,PCOM AMB,Porites,0
10/8/2023,20:15,PCOM AMB,Porites,0
10/8/2023,20:30,PCOM AMB,Porites,0
10/8/2023,20:45,PCOM AMB,Porites,0
10/8/2023,21:00,PCOM AMB,Porites,0
10/8/2023,21:15,PCOM AMB,Porites,0
10/8/2023,21:30,PCOM AMB,Porites,0
10/8/2023,21:45,PCOM AMB,Porites,0
10/8/2023,22:00,PCOM AMB,Porites,0
10/8/2023,22:15,PCOM AMB,Porites,0
10/8/2023,22:30,PCOM AMB,Porites,0
10/8/2023,22:45,PCOM AMB,Porites,0
10/8/2023,23:00,PCOM AMB,Porites,0
10/8/2023,23:15,PCOM AMB,Porites,0
10/8/2023,23:30,PCOM AMB,Porites,0
10/8/2023,23:45,PCOM AMB,Porites,0
10/8/2023,0:00,PCOM AMB,Porites,0
10/9/2023,0:15,PCOM AMB,Porites,0
10/9/2023,0:30,PCOM AMB,Porites,0
10/9/2023,0:45,PCOM AMB,Porites,0
10/9/2023,1:00,PCOM AMB,Porites,0
10/9/2023,1:15,PCOM AMB,Porites,0
10/9/2023,1:30,PCOM AMB,Porites,0
10/9/2023,1:45,PCOM AMB,Porites,0
10/9/2023,2:00,PCOM AMB,Porites,0
10/9/2023,2:15,PCOM AMB,Porites,0
10/9/2023,2:30,PCOM AMB,Porites,0
10/9/2023,2:45,PCOM AMB,Porites,0
10/9/2023,3:00,PCOM AMB,Porites,0
10/9/2023,3:15,PCOM AMB,Porites,0
10/9/2023,3:30,PCOM AMB,Porites,0
10/9/2023,3:45,PCOM AMB,Porites,0
10/9/2023,4:00,PCOM AMB,Porites,0
10/9/2023,4:15,PCOM AMB,Porites,0
10/9/2023,4:30,PCOM AMB,Porites,0
10/9/2023,4:45,PCOM AMB,Porites,0
10/9/2023,5:00,PCOM AMB,Porites,0
10/9/2023,5:15,PCOM AMB,Porites,0
10/9/2023,5:30,PCOM AMB,Porites,0
10/9/2023,5:45,PCOM AMB,Porites,0
10/9/2023,6:00,PCOM AMB,Porites,0
10/9/2023,6:15,PCOM AMB,Porites,0
10/9/2023,6:30,PCOM AMB,Porites,0.6
10/9/2023,6:45,PCOM AMB,Porites,2.7
10/9/2023,7:00,PCOM AMB,Porites,8.4
10/9/2023,7:15,PCOM AMB,Porites,17.2
10/9/2023,7:30,PCOM AMB,Porites,41.6
10/9/2023,7:45,PCOM AMB,Porites,54.2
10/9/2023,8:00,PCOM AMB,Porites,29
10/9/2023,8:15,PCOM AMB,Porites,21.3
10/9/2023,8:30,PCOM AMB,Porites,65.8
10/9/2023,8:45,PCOM AMB,Porites,56.6
10/9/2023,9:00,PCOM AMB,Porites,51.5
10/9/2023,9:15,PCOM AMB,Porites,36.4
10/9/2023,9:30,PCOM AMB,Porites,40
10/9/2023,9:45,PCOM AMB,Porites,115.2
10/9/2023,10:00,PCOM AMB,Porites,197.8
10/9/2023,10:15,PCOM AMB,Porites,96.1
10/9/2023,10:30,PCOM AMB,Porites,96
10/9/2023,10:45,PCOM AMB,Porites,146.7
10/9/2023,11:00,PCOM AMB,Porites,73.2
10/9/2023,11:15,PCOM AMB,Porites,139.9
10/9/2023,11:30,PCOM AMB,Porites,198.5
10/9/2023,11:45,PCOM AMB,Porites,239.2
10/9/2023,12:00,PCOM AMB,Porites,234.8
10/9/2023,12:15,PCOM AMB,Porites,250
10/9/2023,12:30,PCOM AMB,Porites,253.5
10/9/2023,12:45,PCOM AMB,Porites,226.3
10/9/2023,13:00,PCOM AMB,Porites,123.3
10/9/2023,13:15,PCOM AMB,Porites,172.3
10/9/2023,13:30,PCOM AMB,Porites,102.5
10/9/2023,13:45,PCOM AMB,Porites,103
10/9/2023,14:00,PCOM AMB,Porites,143.5
10/9/2023,14:15,PCOM AMB,Porites,91.5
10/9/2023,14:30,PCOM AMB,Porites,25.2
10/9/2023,14:45,PCOM AMB,Porites,26.1
10/9/2023,15:00,PCOM AMB,Porites,25.3
10/9/2023,15:15,PCOM AMB,Porites,116.2
10/9/2023,15:30,PCOM AMB,Porites,86.7
10/9/2023,15:45,PCOM AMB,Porites,35.5
10/9/2023,16:00,PCOM AMB,Porites,23.1
10/9/2023,16:15,PCOM AMB,Porites,24.9
10/9/2023,16:30,PCOM AMB,Porites,12.2
10/9/2023,16:45,PCOM AMB,Porites,7
10/9/2023,17:00,PCOM AMB,Porites,22.6
10/9/2023,17:15,PCOM AMB,Porites,22.2
10/9/2023,17:30,PCOM AMB,Porites,16.7
10/9/2023,17:45,PCOM AMB,Porites,8.6
10/9/2023,18:00,PCOM AMB,Porites,5.8
10/9/2023,18:15,PCOM AMB,Porites,1.6
10/9/2023,18:30,PCOM AMB,Porites,0.2
10/9/2023,18:45,PCOM AMB,Porites,0
10/9/2023,19:00,PCOM AMB,Porites,0
10/9/2023,19:15,PCOM AMB,Porites,0
10/9/2023,19:30,PCOM AMB,Porites,0
10/9/2023,19:45,PCOM AMB,Porites,0
10/9/2023,20:00,PCOM AMB,Porites,0
10/9/2023,20:15,PCOM AMB,Porites,0
10/9/2023,20:30,PCOM AMB,Porites,0
10/9/2023,20:45,PCOM AMB,Porites,0
10/9/2023,21:00,PCOM AMB,Porites,0
10/9/2023,21:15,PCOM AMB,Porites,0
10/9/2023,21:30,PCOM AMB,Porites,0
10/9/2023,21:45,PCOM AMB,Porites,0
10/9/2023,22:00,PCOM AMB,Porites,0
10/9/2023,22:15,PCOM AMB,Porites,0
10/9/2023,22:30,PCOM AMB,Porites,0
10/9/2023,22:45,PCOM AMB,Porites,0
10/9/2023,23:00,PCOM AMB,Porites,0
10/9/2023,23:15,PCOM AMB,Porites,0
10/9/2023,23:30,PCOM AMB,Porites,0
10/9/2023,23:45,PCOM AMB,Porites,0
10/9/2023,0:00,PCOM AMB,Porites,0
10/10/2023,0:15,PCOM AMB,Porites,0
10/10/2023,0:30,PCOM AMB,Porites,0
10/10/2023,0:45,PCOM AMB,Porites,0
10/10/2023,1:00,PCOM AMB,Porites,0
10/10/2023,1:15,PCOM AMB,Porites,0
10/10/2023,1:30,PCOM AMB,Porites,0
10/10/2023,1:45,PCOM AMB,Porites,0
10/10/2023,2:00,PCOM AMB,Porites,0
10/10/2023,2:15,PCOM AMB,Porites,0
10/10/2023,2:30,PCOM AMB,Porites,0
10/10/2023,2:45,PCOM AMB,Porites,0
10/10/2023,3:00,PCOM AMB,Porites,0
10/10/2023,3:15,PCOM AMB,Porites,0
10/10/2023,3:30,PCOM AMB,Porites,0
10/10/2023,3:45,PCOM AMB,Porites,0
10/10/2023,4:00,PCOM AMB,Porites,0
10/10/2023,4:15,PCOM AMB,Porites,0
10/10/2023,4:30,PCOM AMB,Porites,0
10/10/2023,4:45,PCOM AMB,Porites,0
10/10/2023,5:00,PCOM AMB,Porites,0
10/10/2023,5:15,PCOM AMB,Porites,0
10/10/2023,5:30,PCOM AMB,Porites,0
10/10/2023,5:45,PCOM AMB,Porites,0
10/10/2023,6:00,PCOM AMB,Porites,0
10/10/2023,6:15,PCOM AMB,Porites,0
10/10/2023,6:30,PCOM AMB,Porites,0.5
10/10/2023,6:45,PCOM AMB,Porites,3
10/10/2023,7:00,PCOM AMB,Porites,11
10/10/2023,7:15,PCOM AMB,Porites,29.9
10/10/2023,7:30,PCOM AMB,Porites,33.3
10/10/2023,7:45,PCOM AMB,Porites,41.7
10/10/2023,8:00,PCOM AMB,Porites,83
10/10/2023,8:15,PCOM AMB,Porites,61.8
10/10/2023,8:30,PCOM AMB,Porites,67.9
10/10/2023,8:45,PCOM AMB,Porites,93.9
10/10/2023,9:00,PCOM AMB,Porites,125.7
10/10/2023,9:15,PCOM AMB,Porites,163.4
10/10/2023,9:30,PCOM AMB,Porites,275.2
10/10/2023,9:45,PCOM AMB,Porites,151.5
10/10/2023,10:00,PCOM AMB,Porites,137.3
10/10/2023,10:15,PCOM AMB,Porites,119.3
10/10/2023,10:30,PCOM AMB,Porites,110.4
10/10/2023,10:45,PCOM AMB,Porites,154
10/10/2023,11:00,PCOM AMB,Porites,163
10/10/2023,11:15,PCOM AMB,Porites,147.4
10/10/2023,11:30,PCOM AMB,Porites,157.1
10/10/2023,11:45,PCOM AMB,Porites,154.4
10/10/2023,12:00,PCOM AMB,Porites,139.5
10/10/2023,12:15,PCOM AMB,Porites,152.1
10/10/2023,12:30,PCOM AMB,Porites,23.9
10/10/2023,12:45,PCOM AMB,Porites,4
10/10/2023,13:00,PCOM AMB,Porites,4.1
10/10/2023,13:15,PCOM AMB,Porites,4
10/10/2023,13:30,PCOM AMB,Porites,3.5
10/10/2023,13:45,PCOM AMB,Porites,2.6
10/10/2023,14:00,PCOM AMB,Porites,2.9
7/24/2023,0:15,PCOM HEAT,Porites,0
7/24/2023,0:30,PCOM HEAT,Porites,0
7/24/2023,0:45,PCOM HEAT,Porites,0
7/24/2023,1:00,PCOM HEAT,Porites,0
7/24/2023,1:15,PCOM HEAT,Porites,0
7/24/2023,1:30,PCOM HEAT,Porites,0
7/24/2023,1:45,PCOM HEAT,Porites,0
7/24/2023,2:00,PCOM HEAT,Porites,0
7/24/2023,2:15,PCOM HEAT,Porites,0
7/24/2023,2:30,PCOM HEAT,Porites,0
7/24/2023,2:45,PCOM HEAT,Porites,0
7/24/2023,3:00,PCOM HEAT,Porites,0
7/24/2023,3:15,PCOM HEAT,Porites,0
7/24/2023,3:30,PCOM HEAT,Porites,0
7/24/2023,3:45,PCOM HEAT,Porites,0
7/24/2023,4:00,PCOM HEAT,Porites,0
7/24/2023,4:15,PCOM HEAT,Porites,0
7/24/2023,4:30,PCOM HEAT,Porites,0
7/24/2023,4:45,PCOM HEAT,Porites,0
7/24/2023,5:00,PCOM HEAT,Porites,0
7/24/2023,5:15,PCOM HEAT,Porites,0
7/24/2023,5:30,PCOM HEAT,Porites,0
7/24/2023,5:45,PCOM HEAT,Porites,0
7/24/2023,6:00,PCOM HEAT,Porites,0.1
7/24/2023,6:15,PCOM HEAT,Porites,1.8
7/24/2023,6:30,PCOM HEAT,Porites,6
7/24/2023,6:45,PCOM HEAT,Porites,11.1
7/24/2023,7:00,PCOM HEAT,Porites,14.7
7/24/2023,7:15,PCOM HEAT,Porites,21.3
7/24/2023,7:30,PCOM HEAT,Porites,26.9
7/24/2023,7:45,PCOM HEAT,Porites,129.7
7/24/2023,8:00,PCOM HEAT,Porites,159.8
7/24/2023,8:15,PCOM HEAT,Porites,158.6
7/24/2023,8:30,PCOM HEAT,Porites,183
7/24/2023,8:45,PCOM HEAT,Porites,274.5
7/24/2023,9:00,PCOM HEAT,Porites,93.7
7/24/2023,9:15,PCOM HEAT,Porites,99.1
7/24/2023,9:30,PCOM HEAT,Porites,101
7/24/2023,9:45,PCOM HEAT,Porites,177.5
7/24/2023,10:00,PCOM HEAT,Porites,61.4
7/24/2023,10:15,PCOM HEAT,Porites,200.1
7/24/2023,10:30,PCOM HEAT,Porites,533.2
7/24/2023,10:45,PCOM HEAT,Porites,149.1
7/24/2023,11:00,PCOM HEAT,Porites,101.6
7/24/2023,11:15,PCOM HEAT,Porites,110.8
7/24/2023,11:30,PCOM HEAT,Porites,148
7/24/2023,11:45,PCOM HEAT,Porites,96.4
7/24/2023,12:00,PCOM HEAT,Porites,98.6
7/24/2023,12:15,PCOM HEAT,Porites,113.1
7/24/2023,12:30,PCOM HEAT,Porites,84.4
7/24/2023,12:45,PCOM HEAT,Porites,83.5
7/24/2023,13:00,PCOM HEAT,Porites,73.3
7/24/2023,13:15,PCOM HEAT,Porites,85.5
7/24/2023,13:30,PCOM HEAT,Porites,118
7/24/2023,13:45,PCOM HEAT,Porites,127.9
7/24/2023,14:00,PCOM HEAT,Porites,103.8
7/24/2023,14:15,PCOM HEAT,Porites,117.8
7/24/2023,14:30,PCOM HEAT,Porites,91.7
7/24/2023,14:45,PCOM HEAT,Porites,109.7
7/24/2023,15:00,PCOM HEAT,Porites,116.9
7/24/2023,15:15,PCOM HEAT,Porites,108
7/24/2023,15:30,PCOM HEAT,Porites,89.6
7/24/2023,15:45,PCOM HEAT,Porites,112.3
7/24/2023,16:00,PCOM HEAT,Porites,53.3
7/24/2023,16:15,PCOM HEAT,Porites,66.4
7/24/2023,16:30,PCOM HEAT,Porites,69.6
7/24/2023,16:45,PCOM HEAT,Porites,66.2
7/24/2023,17:00,PCOM HEAT,Porites,57.4
7/24/2023,17:15,PCOM HEAT,Porites,57.1
7/24/2023,17:30,PCOM HEAT,Porites,42.5
7/24/2023,17:45,PCOM HEAT,Porites,27.6
7/24/2023,18:00,PCOM HEAT,Porites,19.4
7/24/2023,18:15,PCOM HEAT,Porites,13.6
7/24/2023,18:30,PCOM HEAT,Porites,12.9
7/24/2023,18:45,PCOM HEAT,Porites,11.3
7/24/2023,19:00,PCOM HEAT,Porites,6.7
7/24/2023,19:15,PCOM HEAT,Porites,2.2
7/24/2023,19:30,PCOM HEAT,Porites,0.3
7/24/2023,19:45,PCOM HEAT,Porites,0
7/24/2023,20:00,PCOM HEAT,Porites,0
7/24/2023,20:15,PCOM HEAT,Porites,0
7/24/2023,20:30,PCOM HEAT,Porites,0
7/24/2023,20:45,PCOM HEAT,Porites,0
7/24/2023,21:00,PCOM HEAT,Porites,0
7/24/2023,21:15,PCOM HEAT,Porites,0
7/24/2023,21:30,PCOM HEAT,Porites,0
7/24/2023,21:45,PCOM HEAT,Porites,0
7/24/2023,22:00,PCOM HEAT,Porites,0
7/24/2023,22:15,PCOM HEAT,Porites,0
7/24/2023,22:30,PCOM HEAT,Porites,0
7/24/2023,22:45,PCOM HEAT,Porites,0
7/24/2023,23:00,PCOM HEAT,Porites,0
7/24/2023,23:15,PCOM HEAT,Porites,0
7/24/2023,23:30,PCOM HEAT,Porites,0
7/24/2023,23:45,PCOM HEAT,Porites,0
7/25/2023,0:00,PCOM HEAT,Porites,0
7/25/2023,0:15,PCOM HEAT,Porites,0
7/25/2023,0:30,PCOM HEAT,Porites,0
7/25/2023,0:45,PCOM HEAT,Porites,0
7/25/2023,1:00,PCOM HEAT,Porites,0
7/25/2023,1:15,PCOM HEAT,Porites,0
7/25/2023,1:30,PCOM HEAT,Porites,0
7/25/2023,1:45,PCOM HEAT,Porites,0
7/25/2023,2:00,PCOM HEAT,Porites,0
7/25/2023,2:15,PCOM HEAT,Porites,0
7/25/2023,2:30,PCOM HEAT,Porites,0
7/25/2023,2:45,PCOM HEAT,Porites,0
7/25/2023,3:00,PCOM HEAT,Porites,0
7/25/2023,3:15,PCOM HEAT,Porites,0
7/25/2023,3:30,PCOM HEAT,Porites,0
7/25/2023,3:45,PCOM HEAT,Porites,0
7/25/2023,4:00,PCOM HEAT,Porites,0
7/25/2023,4:15,PCOM HEAT,Porites,0
7/25/2023,4:30,PCOM HEAT,Porites,0
7/25/2023,4:45,PCOM HEAT,Porites,0
7/25/2023,5:00,PCOM HEAT,Porites,0
7/25/2023,5:15,PCOM HEAT,Porites,0
7/25/2023,5:30,PCOM HEAT,Porites,0
7/25/2023,5:45,PCOM HEAT,Porites,0
7/25/2023,6:00,PCOM HEAT,Porites,0.2
7/25/2023,6:15,PCOM HEAT,Porites,1.3
7/25/2023,6:30,PCOM HEAT,Porites,3.1
7/25/2023,6:45,PCOM HEAT,Porites,5.5
7/25/2023,7:00,PCOM HEAT,Porites,13.4
7/25/2023,7:15,PCOM HEAT,Porites,21.3
7/25/2023,7:30,PCOM HEAT,Porites,30.5
7/25/2023,7:45,PCOM HEAT,Porites,36
7/25/2023,8:00,PCOM HEAT,Porites,47.1
7/25/2023,8:15,PCOM HEAT,Porites,66.1
7/25/2023,8:30,PCOM HEAT,Porites,83.8
7/25/2023,8:45,PCOM HEAT,Porites,182.3
7/25/2023,9:00,PCOM HEAT,Porites,279.1
7/25/2023,9:15,PCOM HEAT,Porites,198.4
7/25/2023,9:30,PCOM HEAT,Porites,68
7/25/2023,9:45,PCOM HEAT,Porites,262.5
7/25/2023,10:00,PCOM HEAT,Porites,336
7/25/2023,10:15,PCOM HEAT,Porites,742.9
7/25/2023,10:30,PCOM HEAT,Porites,797
7/25/2023,10:45,PCOM HEAT,Porites,560.6
7/25/2023,11:00,PCOM HEAT,Porites,281.5
7/25/2023,11:15,PCOM HEAT,Porites,220
7/25/2023,11:30,PCOM HEAT,Porites,287.6
7/25/2023,11:45,PCOM HEAT,Porites,221.7
7/25/2023,12:00,PCOM HEAT,Porites,274.1
7/25/2023,12:15,PCOM HEAT,Porites,291.1
7/25/2023,12:30,PCOM HEAT,Porites,276.6
7/25/2023,12:45,PCOM HEAT,Porites,220.7
7/25/2023,13:00,PCOM HEAT,Porites,220.8
7/25/2023,13:15,PCOM HEAT,Porites,145.8
7/25/2023,13:30,PCOM HEAT,Porites,194.8
7/25/2023,13:45,PCOM HEAT,Porites,284.6
7/25/2023,14:00,PCOM HEAT,Porites,222.4
7/25/2023,14:15,PCOM HEAT,Porites,99.2
7/25/2023,14:30,PCOM HEAT,Porites,180.9
7/25/2023,14:45,PCOM HEAT,Porites,148.3
7/25/2023,15:00,PCOM HEAT,Porites,252
7/25/2023,15:15,PCOM HEAT,Porites,257
7/25/2023,15:30,PCOM HEAT,Porites,245.5
7/25/2023,15:45,PCOM HEAT,Porites,171.2
7/25/2023,16:00,PCOM HEAT,Porites,74.2
7/25/2023,16:15,PCOM HEAT,Porites,75.5
7/25/2023,16:30,PCOM HEAT,Porites,63.6
7/25/2023,16:45,PCOM HEAT,Porites,59.9
7/25/2023,17:00,PCOM HEAT,Porites,47.7
7/25/2023,17:15,PCOM HEAT,Porites,46
7/25/2023,17:30,PCOM HEAT,Porites,36.3
7/25/2023,17:45,PCOM HEAT,Porites,31.3
7/25/2023,18:00,PCOM HEAT,Porites,22.7
7/25/2023,18:15,PCOM HEAT,Porites,22
7/25/2023,18:30,PCOM HEAT,Porites,14.1
7/25/2023,18:45,PCOM HEAT,Porites,9.2
7/25/2023,19:00,PCOM HEAT,Porites,4.7
7/25/2023,19:15,PCOM HEAT,Porites,1.6
7/25/2023,19:30,PCOM HEAT,Porites,0.3
7/25/2023,19:45,PCOM HEAT,Porites,0
7/25/2023,20:00,PCOM HEAT,Porites,0
7/25/2023,20:15,PCOM HEAT,Porites,0
7/25/2023,20:30,PCOM HEAT,Porites,0
7/25/2023,20:45,PCOM HEAT,Porites,0
7/25/2023,21:00,PCOM HEAT,Porites,0
7/25/2023,21:15,PCOM HEAT,Porites,0
7/25/2023,21:30,PCOM HEAT,Porites,0
7/25/2023,21:45,PCOM HEAT,Porites,0
7/25/2023,22:00,PCOM HEAT,Porites,0
7/25/2023,22:15,PCOM HEAT,Porites,0
7/25/2023,22:30,PCOM HEAT,Porites,0
7/25/2023,22:45,PCOM HEAT,Porites,0
7/25/2023,23:00,PCOM HEAT,Porites,0
7/25/2023,23:15,PCOM HEAT,Porites,0
7/25/2023,23:30,PCOM HEAT,Porites,0
7/25/2023,23:45,PCOM HEAT,Porites,0
7/26/2023,0:00,PCOM HEAT,Porites,0
7/26/2023,0:15,PCOM HEAT,Porites,0
7/26/2023,0:30,PCOM HEAT,Porites,0
7/26/2023,0:45,PCOM HEAT,Porites,0
7/26/2023,1:00,PCOM HEAT,Porites,0
7/26/2023,1:15,PCOM HEAT,Porites,0
7/26/2023,1:30,PCOM HEAT,Porites,0
7/26/2023,1:45,PCOM HEAT,Porites,0
7/26/2023,2:00,PCOM HEAT,Porites,0
7/26/2023,2:15,PCOM HEAT,Porites,0
7/26/2023,2:30,PCOM HEAT,Porites,0
7/26/2023,2:45,PCOM HEAT,Porites,0
7/26/2023,3:00,PCOM HEAT,Porites,0
7/26/2023,3:15,PCOM HEAT,Porites,0
7/26/2023,3:30,PCOM HEAT,Porites,0
7/26/2023,3:45,PCOM HEAT,Porites,0
7/26/2023,4:00,PCOM HEAT,Porites,0
7/26/2023,4:15,PCOM HEAT,Porites,0
7/26/2023,4:30,PCOM HEAT,Porites,0
7/26/2023,4:45,PCOM HEAT,Porites,0
7/26/2023,5:00,PCOM HEAT,Porites,0
7/26/2023,5:15,PCOM HEAT,Porites,0
7/26/2023,5:30,PCOM HEAT,Porites,0
7/26/2023,5:45,PCOM HEAT,Porites,0
7/26/2023,6:00,PCOM HEAT,Porites,0.1
7/26/2023,6:15,PCOM HEAT,Porites,1.3
7/26/2023,6:30,PCOM HEAT,Porites,3.9
7/26/2023,6:45,PCOM HEAT,Porites,12.1
7/26/2023,7:00,PCOM HEAT,Porites,13.6
7/26/2023,7:15,PCOM HEAT,Porites,27.8
7/26/2023,7:30,PCOM HEAT,Porites,36.7
7/26/2023,7:45,PCOM HEAT,Porites,56.3
7/26/2023,8:00,PCOM HEAT,Porites,77.2
7/26/2023,8:15,PCOM HEAT,Porites,76
7/26/2023,8:30,PCOM HEAT,Porites,119.5
7/26/2023,8:45,PCOM HEAT,Porites,164
7/26/2023,9:00,PCOM HEAT,Porites,246
7/26/2023,9:15,PCOM HEAT,Porites,413.3
7/26/2023,9:30,PCOM HEAT,Porites,572.6
7/26/2023,9:45,PCOM HEAT,Porites,605.6
7/26/2023,10:00,PCOM HEAT,Porites,362.5
7/26/2023,10:15,PCOM HEAT,Porites,743.6
7/26/2023,10:30,PCOM HEAT,Porites,826.4
7/26/2023,10:45,PCOM HEAT,Porites,625.2
7/26/2023,11:00,PCOM HEAT,Porites,474.4
7/26/2023,11:15,PCOM HEAT,Porites,349.9
7/26/2023,11:30,PCOM HEAT,Porites,373.4
7/26/2023,11:45,PCOM HEAT,Porites,330.2
7/26/2023,12:00,PCOM HEAT,Porites,275.8
7/26/2023,12:15,PCOM HEAT,Porites,289.4
7/26/2023,12:30,PCOM HEAT,Porites,233.6
7/26/2023,12:45,PCOM HEAT,Porites,207.7
7/26/2023,13:00,PCOM HEAT,Porites,347.4
7/26/2023,13:15,PCOM HEAT,Porites,285.2
7/26/2023,13:30,PCOM HEAT,Porites,379.6
7/26/2023,13:45,PCOM HEAT,Porites,498.3
7/26/2023,14:00,PCOM HEAT,Porites,320.3
7/26/2023,14:15,PCOM HEAT,Porites,227.4
7/26/2023,14:30,PCOM HEAT,Porites,159.4
7/26/2023,14:45,PCOM HEAT,Porites,131.3
7/26/2023,15:00,PCOM HEAT,Porites,91.7
7/26/2023,15:15,PCOM HEAT,Porites,59.9
7/26/2023,15:30,PCOM HEAT,Porites,57.7
7/26/2023,15:45,PCOM HEAT,Porites,53.1
7/26/2023,16:00,PCOM HEAT,Porites,47.8
7/26/2023,16:15,PCOM HEAT,Porites,62.7
7/26/2023,16:30,PCOM HEAT,Porites,50.3
7/26/2023,16:45,PCOM HEAT,Porites,46.4
7/26/2023,17:00,PCOM HEAT,Porites,46.1
7/26/2023,17:15,PCOM HEAT,Porites,36.1
7/26/2023,17:30,PCOM HEAT,Porites,30.8
7/26/2023,17:45,PCOM HEAT,Porites,31.1
7/26/2023,18:00,PCOM HEAT,Porites,24.8
7/26/2023,18:15,PCOM HEAT,Porites,17.3
7/26/2023,18:30,PCOM HEAT,Porites,7
7/26/2023,18:45,PCOM HEAT,Porites,5.5
7/26/2023,19:00,PCOM HEAT,Porites,3
7/26/2023,19:15,PCOM HEAT,Porites,1.1
7/26/2023,19:30,PCOM HEAT,Porites,0.2
7/26/2023,19:45,PCOM HEAT,Porites,0
7/26/2023,20:00,PCOM HEAT,Porites,0
7/26/2023,20:15,PCOM HEAT,Porites,0
7/26/2023,20:30,PCOM HEAT,Porites,0
7/26/2023,20:45,PCOM HEAT,Porites,0
7/26/2023,21:00,PCOM HEAT,Porites,0
7/26/2023,21:15,PCOM HEAT,Porites,0
7/26/2023,21:30,PCOM HEAT,Porites,0
7/26/2023,21:45,PCOM HEAT,Porites,0
7/26/2023,22:00,PCOM HEAT,Porites,0
7/26/2023,22:15,PCOM HEAT,Porites,0
7/26/2023,22:30,PCOM HEAT,Porites,0
7/26/2023,22:45,PCOM HEAT,Porites,0
7/26/2023,23:00,PCOM HEAT,Porites,0
7/26/2023,23:15,PCOM HEAT,Porites,0
7/26/2023,23:30,PCOM HEAT,Porites,0
7/26/2023,23:45,PCOM HEAT,Porites,0
7/27/2023,0:00,PCOM HEAT,Porites,0
7/27/2023,0:15,PCOM HEAT,Porites,0
7/27/2023,0:30,PCOM HEAT,Porites,0
7/27/2023,0:45,PCOM HEAT,Porites,0
7/27/2023,1:00,PCOM HEAT,Porites,0
7/27/2023,1:15,PCOM HEAT,Porites,0
7/27/2023,1:30,PCOM HEAT,Porites,0
7/27/2023,1:45,PCOM HEAT,Porites,0
7/27/2023,2:00,PCOM HEAT,Porites,0
7/27/2023,2:15,PCOM HEAT,Porites,0
7/27/2023,2:30,PCOM HEAT,Porites,0
7/27/2023,2:45,PCOM HEAT,Porites,0
7/27/2023,3:00,PCOM HEAT,Porites,0
7/27/2023,3:15,PCOM HEAT,Porites,0
7/27/2023,3:30,PCOM HEAT,Porites,0
7/27/2023,3:45,PCOM HEAT,Porites,0
7/27/2023,4:00,PCOM HEAT,Porites,0
7/27/2023,4:15,PCOM HEAT,Porites,0
7/27/2023,4:30,PCOM HEAT,Porites,0
7/27/2023,4:45,PCOM HEAT,Porites,0
7/27/2023,5:00,PCOM HEAT,Porites,0
7/27/2023,5:15,PCOM HEAT,Porites,0
7/27/2023,5:30,PCOM HEAT,Porites,0
7/27/2023,5:45,PCOM HEAT,Porites,0
7/27/2023,6:00,PCOM HEAT,Porites,0.1
7/27/2023,6:15,PCOM HEAT,Porites,1.3
7/27/2023,6:30,PCOM HEAT,Porites,5
7/27/2023,6:45,PCOM HEAT,Porites,11.7
7/27/2023,7:00,PCOM HEAT,Porites,16
7/27/2023,7:15,PCOM HEAT,Porites,22.9
7/27/2023,7:30,PCOM HEAT,Porites,26.6
7/27/2023,7:45,PCOM HEAT,Porites,68.9
7/27/2023,8:00,PCOM HEAT,Porites,70.7
7/27/2023,8:15,PCOM HEAT,Porites,76.9
7/27/2023,8:30,PCOM HEAT,Porites,87.6
7/27/2023,8:45,PCOM HEAT,Porites,97.1
7/27/2023,9:00,PCOM HEAT,Porites,115.6
7/27/2023,9:15,PCOM HEAT,Porites,166.7
7/27/2023,9:30,PCOM HEAT,Porites,175.2
7/27/2023,9:45,PCOM HEAT,Porites,158.7
7/27/2023,10:00,PCOM HEAT,Porites,123.4
7/27/2023,10:15,PCOM HEAT,Porites,532.3
7/27/2023,10:30,PCOM HEAT,Porites,886.7
7/27/2023,10:45,PCOM HEAT,Porites,550.6
7/27/2023,11:00,PCOM HEAT,Porites,433.6
7/27/2023,11:15,PCOM HEAT,Porites,337.4
7/27/2023,11:30,PCOM HEAT,Porites,340.5
7/27/2023,11:45,PCOM HEAT,Porites,241.6
7/27/2023,12:00,PCOM HEAT,Porites,231.4
7/27/2023,12:15,PCOM HEAT,Porites,315
7/27/2023,12:30,PCOM HEAT,Porites,367.9
7/27/2023,12:45,PCOM HEAT,Porites,464.6
7/27/2023,13:00,PCOM HEAT,Porites,360.7
7/27/2023,13:15,PCOM HEAT,Porites,159.4
7/27/2023,13:30,PCOM HEAT,Porites,273.4
7/27/2023,13:45,PCOM HEAT,Porites,441.9
7/27/2023,14:00,PCOM HEAT,Porites,490.7
7/27/2023,14:15,PCOM HEAT,Porites,434.4
7/27/2023,14:30,PCOM HEAT,Porites,471.8
7/27/2023,14:45,PCOM HEAT,Porites,201.5
7/27/2023,15:00,PCOM HEAT,Porites,113.1
7/27/2023,15:15,PCOM HEAT,Porites,228.3
7/27/2023,15:30,PCOM HEAT,Porites,234
7/27/2023,15:45,PCOM HEAT,Porites,169.3
7/27/2023,16:00,PCOM HEAT,Porites,75.5
7/27/2023,16:15,PCOM HEAT,Porites,52.6
7/27/2023,16:30,PCOM HEAT,Porites,51.1
7/27/2023,16:45,PCOM HEAT,Porites,48.1
7/27/2023,17:00,PCOM HEAT,Porites,49.5
7/27/2023,17:15,PCOM HEAT,Porites,36.7
7/27/2023,17:30,PCOM HEAT,Porites,32.7
7/27/2023,17:45,PCOM HEAT,Porites,33.4
7/27/2023,18:00,PCOM HEAT,Porites,23.8
7/27/2023,18:15,PCOM HEAT,Porites,23.4
7/27/2023,18:30,PCOM HEAT,Porites,19
7/27/2023,18:45,PCOM HEAT,Porites,8.4
7/27/2023,19:00,PCOM HEAT,Porites,5
7/27/2023,19:15,PCOM HEAT,Porites,2.2
7/27/2023,19:30,PCOM HEAT,Porites,0.2
7/27/2023,19:45,PCOM HEAT,Porites,0
7/27/2023,20:00,PCOM HEAT,Porites,0
7/27/2023,20:15,PCOM HEAT,Porites,0
7/27/2023,20:30,PCOM HEAT,Porites,0
7/27/2023,20:45,PCOM HEAT,Porites,0
7/27/2023,21:00,PCOM HEAT,Porites,0
7/27/2023,21:15,PCOM HEAT,Porites,0
7/27/2023,21:30,PCOM HEAT,Porites,0
7/27/2023,21:45,PCOM HEAT,Porites,0
7/27/2023,22:00,PCOM HEAT,Porites,0
7/27/2023,22:15,PCOM HEAT,Porites,0
7/27/2023,22:30,PCOM HEAT,Porites,0
7/27/2023,22:45,PCOM HEAT,Porites,0
7/27/2023,23:00,PCOM HEAT,Porites,0
7/27/2023,23:15,PCOM HEAT,Porites,0
7/27/2023,23:30,PCOM HEAT,Porites,0
7/27/2023,23:45,PCOM HEAT,Porites,0
7/28/2023,0:00,PCOM HEAT,Porites,0
7/28/2023,0:15,PCOM HEAT,Porites,0
7/28/2023,0:30,PCOM HEAT,Porites,0
7/28/2023,0:45,PCOM HEAT,Porites,0
7/28/2023,1:00,PCOM HEAT,Porites,0
7/28/2023,1:15,PCOM HEAT,Porites,0
7/28/2023,1:30,PCOM HEAT,Porites,0
7/28/2023,1:45,PCOM HEAT,Porites,0
7/28/2023,2:00,PCOM HEAT,Porites,0
7/28/2023,2:15,PCOM HEAT,Porites,0
7/28/2023,2:30,PCOM HEAT,Porites,0
7/28/2023,2:45,PCOM HEAT,Porites,0
7/28/2023,3:00,PCOM HEAT,Porites,0
7/28/2023,3:15,PCOM HEAT,Porites,0
7/28/2023,3:30,PCOM HEAT,Porites,0
7/28/2023,3:45,PCOM HEAT,Porites,0
7/28/2023,4:00,PCOM HEAT,Porites,0
7/28/2023,4:15,PCOM HEAT,Porites,0
7/28/2023,4:30,PCOM HEAT,Porites,0
7/28/2023,4:45,PCOM HEAT,Porites,0
7/28/2023,5:00,PCOM HEAT,Porites,0
7/28/2023,5:15,PCOM HEAT,Porites,0
7/28/2023,5:30,PCOM HEAT,Porites,0
7/28/2023,5:45,PCOM HEAT,Porites,0
7/28/2023,6:00,PCOM HEAT,Porites,0.1
7/28/2023,6:15,PCOM HEAT,Porites,1.2
7/28/2023,6:30,PCOM HEAT,Porites,7.8
7/28/2023,6:45,PCOM HEAT,Porites,17.4
7/28/2023,7:00,PCOM HEAT,Porites,19.7
7/28/2023,7:15,PCOM HEAT,Porites,20.8
7/28/2023,7:30,PCOM HEAT,Porites,21.3
7/28/2023,7:45,PCOM HEAT,Porites,31.2
7/28/2023,8:00,PCOM HEAT,Porites,53.7
7/28/2023,8:15,PCOM HEAT,Porites,103.5
7/28/2023,8:30,PCOM HEAT,Porites,81.3
7/28/2023,8:45,PCOM HEAT,Porites,82.8
7/28/2023,9:00,PCOM HEAT,Porites,91.6
7/28/2023,9:15,PCOM HEAT,Porites,122.4
7/28/2023,9:30,PCOM HEAT,Porites,128.7
7/28/2023,9:45,PCOM HEAT,Porites,113.7
7/28/2023,10:00,PCOM HEAT,Porites,93.7
7/28/2023,10:15,PCOM HEAT,Porites,248.5
7/28/2023,10:30,PCOM HEAT,Porites,780.2
7/28/2023,10:45,PCOM HEAT,Porites,603.4
7/28/2023,11:00,PCOM HEAT,Porites,457
7/28/2023,11:15,PCOM HEAT,Porites,345.7
7/28/2023,11:30,PCOM HEAT,Porites,355.5
7/28/2023,11:45,PCOM HEAT,Porites,367.9
7/28/2023,12:00,PCOM HEAT,Porites,372.3
7/28/2023,12:15,PCOM HEAT,Porites,275.1
7/28/2023,12:30,PCOM HEAT,Porites,216.1
7/28/2023,12:45,PCOM HEAT,Porites,231.9
7/28/2023,13:00,PCOM HEAT,Porites,299.4
7/28/2023,13:15,PCOM HEAT,Porites,180.8
7/28/2023,13:30,PCOM HEAT,Porites,249.7
7/28/2023,13:45,PCOM HEAT,Porites,116
7/28/2023,14:00,PCOM HEAT,Porites,186.8
7/28/2023,14:15,PCOM HEAT,Porites,210
7/28/2023,14:30,PCOM HEAT,Porites,213.1
7/28/2023,14:45,PCOM HEAT,Porites,121.5
7/28/2023,15:00,PCOM HEAT,Porites,92.2
7/28/2023,15:15,PCOM HEAT,Porites,75.1
7/28/2023,15:30,PCOM HEAT,Porites,82.9
7/28/2023,15:45,PCOM HEAT,Porites,50.5
7/28/2023,16:00,PCOM HEAT,Porites,46.6
7/28/2023,16:15,PCOM HEAT,Porites,46.7
7/28/2023,16:30,PCOM HEAT,Porites,35.2
7/28/2023,16:45,PCOM HEAT,Porites,33.9
7/28/2023,17:00,PCOM HEAT,Porites,33.9
7/28/2023,17:15,PCOM HEAT,Porites,26.6
7/28/2023,17:30,PCOM HEAT,Porites,21.8
7/28/2023,17:45,PCOM HEAT,Porites,16.7
7/28/2023,18:00,PCOM HEAT,Porites,13.1
7/28/2023,18:15,PCOM HEAT,Porites,11.6
7/28/2023,18:30,PCOM HEAT,Porites,10.1
7/28/2023,18:45,PCOM HEAT,Porites,8.8
7/28/2023,19:00,PCOM HEAT,Porites,4.6
7/28/2023,19:15,PCOM HEAT,Porites,2
7/28/2023,19:30,PCOM HEAT,Porites,0.3
7/28/2023,19:45,PCOM HEAT,Porites,0
7/28/2023,20:00,PCOM HEAT,Porites,0
7/28/2023,20:15,PCOM HEAT,Porites,0
7/28/2023,20:30,PCOM HEAT,Porites,0
7/28/2023,20:45,PCOM HEAT,Porites,0
7/28/2023,21:00,PCOM HEAT,Porites,0
7/28/2023,21:15,PCOM HEAT,Porites,0
7/28/2023,21:30,PCOM HEAT,Porites,0
7/28/2023,21:45,PCOM HEAT,Porites,0
7/28/2023,22:00,PCOM HEAT,Porites,0
7/28/2023,22:15,PCOM HEAT,Porites,0
7/28/2023,22:30,PCOM HEAT,Porites,0
7/28/2023,22:45,PCOM HEAT,Porites,0
7/28/2023,23:00,PCOM HEAT,Porites,0
7/28/2023,23:15,PCOM HEAT,Porites,0
7/28/2023,23:30,PCOM HEAT,Porites,0
7/28/2023,23:45,PCOM HEAT,Porites,0
7/29/2023,0:00,PCOM HEAT,Porites,0
7/29/2023,0:15,PCOM HEAT,Porites,0
7/29/2023,0:30,PCOM HEAT,Porites,0
7/29/2023,0:45,PCOM HEAT,Porites,0
7/29/2023,1:00,PCOM HEAT,Porites,0
7/29/2023,1:15,PCOM HEAT,Porites,0
7/29/2023,1:30,PCOM HEAT,Porites,0
7/29/2023,1:45,PCOM HEAT,Porites,0
7/29/2023,2:00,PCOM HEAT,Porites,0
7/29/2023,2:15,PCOM HEAT,Porites,0
7/29/2023,2:30,PCOM HEAT,Porites,0
7/29/2023,2:45,PCOM HEAT,Porites,0
7/29/2023,3:00,PCOM HEAT,Porites,0
7/29/2023,3:15,PCOM HEAT,Porites,0
7/29/2023,3:30,PCOM HEAT,Porites,0
7/29/2023,3:45,PCOM HEAT,Porites,0
7/29/2023,4:00,PCOM HEAT,Porites,0
7/29/2023,4:15,PCOM HEAT,Porites,0
7/29/2023,4:30,PCOM HEAT,Porites,0
7/29/2023,4:45,PCOM HEAT,Porites,0
7/29/2023,5:00,PCOM HEAT,Porites,0
7/29/2023,5:15,PCOM HEAT,Porites,0
7/29/2023,5:30,PCOM HEAT,Porites,0
7/29/2023,5:45,PCOM HEAT,Porites,0
7/29/2023,6:00,PCOM HEAT,Porites,0
7/29/2023,6:15,PCOM HEAT,Porites,0.7
7/29/2023,6:30,PCOM HEAT,Porites,3.5
7/29/2023,6:45,PCOM HEAT,Porites,16.9
7/29/2023,7:00,PCOM HEAT,Porites,21.3
7/29/2023,7:15,PCOM HEAT,Porites,23
7/29/2023,7:30,PCOM HEAT,Porites,32.5
7/29/2023,7:45,PCOM HEAT,Porites,57.7
7/29/2023,8:00,PCOM HEAT,Porites,78.8
7/29/2023,8:15,PCOM HEAT,Porites,81
7/29/2023,8:30,PCOM HEAT,Porites,75.5
7/29/2023,8:45,PCOM HEAT,Porites,100
7/29/2023,9:00,PCOM HEAT,Porites,141.8
7/29/2023,9:15,PCOM HEAT,Porites,152.7
7/29/2023,9:30,PCOM HEAT,Porites,96.4
7/29/2023,9:45,PCOM HEAT,Porites,129.2
7/29/2023,10:00,PCOM HEAT,Porites,205.4
7/29/2023,10:15,PCOM HEAT,Porites,336.2
7/29/2023,10:30,PCOM HEAT,Porites,591.7
7/29/2023,10:45,PCOM HEAT,Porites,322.4
7/29/2023,11:00,PCOM HEAT,Porites,433.3
7/29/2023,11:15,PCOM HEAT,Porites,331.4
7/29/2023,11:30,PCOM HEAT,Porites,377.8
7/29/2023,11:45,PCOM HEAT,Porites,362.9
7/29/2023,12:00,PCOM HEAT,Porites,333.3
7/29/2023,12:15,PCOM HEAT,Porites,332
7/29/2023,12:30,PCOM HEAT,Porites,328.8
7/29/2023,12:45,PCOM HEAT,Porites,266.4
7/29/2023,13:00,PCOM HEAT,Porites,308.9
7/29/2023,13:15,PCOM HEAT,Porites,328.3
7/29/2023,13:30,PCOM HEAT,Porites,357.4
7/29/2023,13:45,PCOM HEAT,Porites,277.8
7/29/2023,14:00,PCOM HEAT,Porites,256.9
7/29/2023,14:15,PCOM HEAT,Porites,229.7
7/29/2023,14:30,PCOM HEAT,Porites,187.4
7/29/2023,14:45,PCOM HEAT,Porites,93.5
7/29/2023,15:00,PCOM HEAT,Porites,68.3
7/29/2023,15:15,PCOM HEAT,Porites,70.7
7/29/2023,15:30,PCOM HEAT,Porites,49.3
7/29/2023,15:45,PCOM HEAT,Porites,85.9
7/29/2023,16:00,PCOM HEAT,Porites,61.6
7/29/2023,16:15,PCOM HEAT,Porites,40.2
7/29/2023,16:30,PCOM HEAT,Porites,64.4
7/29/2023,16:45,PCOM HEAT,Porites,51.2
7/29/2023,17:00,PCOM HEAT,Porites,39.7
7/29/2023,17:15,PCOM HEAT,Porites,30.2
7/29/2023,17:30,PCOM HEAT,Porites,32.6
7/29/2023,17:45,PCOM HEAT,Porites,15.2
7/29/2023,18:00,PCOM HEAT,Porites,19.9
7/29/2023,18:15,PCOM HEAT,Porites,14.9
7/29/2023,18:30,PCOM HEAT,Porites,10.6
7/29/2023,18:45,PCOM HEAT,Porites,7.7
7/29/2023,19:00,PCOM HEAT,Porites,4.2
7/29/2023,19:15,PCOM HEAT,Porites,1.8
7/29/2023,19:30,PCOM HEAT,Porites,0.3
7/29/2023,19:45,PCOM HEAT,Porites,0
7/29/2023,20:00,PCOM HEAT,Porites,0
7/29/2023,20:15,PCOM HEAT,Porites,0
7/29/2023,20:30,PCOM HEAT,Porites,0
7/29/2023,20:45,PCOM HEAT,Porites,0
7/29/2023,21:00,PCOM HEAT,Porites,0
7/29/2023,21:15,PCOM HEAT,Porites,0
7/29/2023,21:30,PCOM HEAT,Porites,0
7/29/2023,21:45,PCOM HEAT,Porites,0
7/29/2023,22:00,PCOM HEAT,Porites,0
7/29/2023,22:15,PCOM HEAT,Porites,0
7/29/2023,22:30,PCOM HEAT,Porites,0
7/29/2023,22:45,PCOM HEAT,Porites,0
7/29/2023,23:00,PCOM HEAT,Porites,0
7/29/2023,23:15,PCOM HEAT,Porites,0
7/29/2023,23:30,PCOM HEAT,Porites,0
7/29/2023,23:45,PCOM HEAT,Porites,0
7/30/2023,0:00,PCOM HEAT,Porites,0
7/30/2023,0:15,PCOM HEAT,Porites,0
7/30/2023,0:30,PCOM HEAT,Porites,0
7/30/2023,0:45,PCOM HEAT,Porites,0
7/30/2023,1:00,PCOM HEAT,Porites,0
7/30/2023,1:15,PCOM HEAT,Porites,0
7/30/2023,1:30,PCOM HEAT,Porites,0
7/30/2023,1:45,PCOM HEAT,Porites,0
7/30/2023,2:00,PCOM HEAT,Porites,0
7/30/2023,2:15,PCOM HEAT,Porites,0
7/30/2023,2:30,PCOM HEAT,Porites,0
7/30/2023,2:45,PCOM HEAT,Porites,0
7/30/2023,3:00,PCOM HEAT,Porites,0
7/30/2023,3:15,PCOM HEAT,Porites,0
7/30/2023,3:30,PCOM HEAT,Porites,0
7/30/2023,3:45,PCOM HEAT,Porites,0
7/30/2023,4:00,PCOM HEAT,Porites,0
7/30/2023,4:15,PCOM HEAT,Porites,0
7/30/2023,4:30,PCOM HEAT,Porites,0
7/30/2023,4:45,PCOM HEAT,Porites,0
7/30/2023,5:00,PCOM HEAT,Porites,0
7/30/2023,5:15,PCOM HEAT,Porites,0
7/30/2023,5:30,PCOM HEAT,Porites,0
7/30/2023,5:45,PCOM HEAT,Porites,0
7/30/2023,6:00,PCOM HEAT,Porites,0.2
7/30/2023,6:15,PCOM HEAT,Porites,1.5
7/30/2023,6:30,PCOM HEAT,Porites,6.4
7/30/2023,6:45,PCOM HEAT,Porites,11
7/30/2023,7:00,PCOM HEAT,Porites,27.8
7/30/2023,7:15,PCOM HEAT,Porites,46.5
7/30/2023,7:30,PCOM HEAT,Porites,50.5
7/30/2023,7:45,PCOM HEAT,Porites,55.8
7/30/2023,8:00,PCOM HEAT,Porites,51.2
7/30/2023,8:15,PCOM HEAT,Porites,73.9
7/30/2023,8:30,PCOM HEAT,Porites,86.5
7/30/2023,8:45,PCOM HEAT,Porites,98
7/30/2023,9:00,PCOM HEAT,Porites,100.4
7/30/2023,9:15,PCOM HEAT,Porites,100.2
7/30/2023,9:30,PCOM HEAT,Porites,130.1
7/30/2023,9:45,PCOM HEAT,Porites,111.4
7/30/2023,10:00,PCOM HEAT,Porites,96.4
7/30/2023,10:15,PCOM HEAT,Porites,275.6
7/30/2023,10:30,PCOM HEAT,Porites,761.5
7/30/2023,10:45,PCOM HEAT,Porites,595.6
7/30/2023,11:00,PCOM HEAT,Porites,415.3
7/30/2023,11:15,PCOM HEAT,Porites,329.6
7/30/2023,11:30,PCOM HEAT,Porites,330.1
7/30/2023,11:45,PCOM HEAT,Porites,327.7
7/30/2023,12:00,PCOM HEAT,Porites,360.6
7/30/2023,12:15,PCOM HEAT,Porites,308.6
7/30/2023,12:30,PCOM HEAT,Porites,368
7/30/2023,12:45,PCOM HEAT,Porites,241.9
7/30/2023,13:00,PCOM HEAT,Porites,260.5
7/30/2023,13:15,PCOM HEAT,Porites,304.1
7/30/2023,13:30,PCOM HEAT,Porites,230.6
7/30/2023,13:45,PCOM HEAT,Porites,224.7
7/30/2023,14:00,PCOM HEAT,Porites,111.1
7/30/2023,14:15,PCOM HEAT,Porites,126.2
7/30/2023,14:30,PCOM HEAT,Porites,59.1
7/30/2023,14:45,PCOM HEAT,Porites,73.7
7/30/2023,15:00,PCOM HEAT,Porites,63.2
7/30/2023,15:15,PCOM HEAT,Porites,54.4
7/30/2023,15:30,PCOM HEAT,Porites,66.5
7/30/2023,15:45,PCOM HEAT,Porites,53.8
7/30/2023,16:00,PCOM HEAT,Porites,53.5
7/30/2023,16:15,PCOM HEAT,Porites,45.4
7/30/2023,16:30,PCOM HEAT,Porites,42.8
7/30/2023,16:45,PCOM HEAT,Porites,49
7/30/2023,17:00,PCOM HEAT,Porites,35.7
7/30/2023,17:15,PCOM HEAT,Porites,31.9
7/30/2023,17:30,PCOM HEAT,Porites,25.4
7/30/2023,17:45,PCOM HEAT,Porites,28.5
7/30/2023,18:00,PCOM HEAT,Porites,20.4
7/30/2023,18:15,PCOM HEAT,Porites,15.1
7/30/2023,18:30,PCOM HEAT,Porites,15.2
7/30/2023,18:45,PCOM HEAT,Porites,7
7/30/2023,19:00,PCOM HEAT,Porites,2.3
7/30/2023,19:15,PCOM HEAT,Porites,0.9
7/30/2023,19:30,PCOM HEAT,Porites,0.1
7/30/2023,19:45,PCOM HEAT,Porites,0
7/30/2023,20:00,PCOM HEAT,Porites,0
7/30/2023,20:15,PCOM HEAT,Porites,0
7/30/2023,20:30,PCOM HEAT,Porites,0
7/30/2023,20:45,PCOM HEAT,Porites,0
7/30/2023,21:00,PCOM HEAT,Porites,0
7/30/2023,21:15,PCOM HEAT,Porites,0
7/30/2023,21:30,PCOM HEAT,Porites,0
7/30/2023,21:45,PCOM HEAT,Porites,0
7/30/2023,22:00,PCOM HEAT,Porites,0
7/30/2023,22:15,PCOM HEAT,Porites,0
7/30/2023,22:30,PCOM HEAT,Porites,0
7/30/2023,22:45,PCOM HEAT,Porites,0
7/30/2023,23:00,PCOM HEAT,Porites,0
7/30/2023,23:15,PCOM HEAT,Porites,0
7/30/2023,23:30,PCOM HEAT,Porites,0
7/30/2023,23:45,PCOM HEAT,Porites,0
7/31/2023,0:00,PCOM HEAT,Porites,0
7/31/2023,0:15,PCOM HEAT,Porites,0
7/31/2023,0:30,PCOM HEAT,Porites,0
7/31/2023,0:45,PCOM HEAT,Porites,0
7/31/2023,1:00,PCOM HEAT,Porites,0
7/31/2023,1:15,PCOM HEAT,Porites,0
7/31/2023,1:30,PCOM HEAT,Porites,0
7/31/2023,1:45,PCOM HEAT,Porites,0
7/31/2023,2:00,PCOM HEAT,Porites,0
7/31/2023,2:15,PCOM HEAT,Porites,0
7/31/2023,2:30,PCOM HEAT,Porites,0
7/31/2023,2:45,PCOM HEAT,Porites,0
7/31/2023,3:00,PCOM HEAT,Porites,0
7/31/2023,3:15,PCOM HEAT,Porites,0
7/31/2023,3:30,PCOM HEAT,Porites,0
7/31/2023,3:45,PCOM HEAT,Porites,0
7/31/2023,4:00,PCOM HEAT,Porites,0
7/31/2023,4:15,PCOM HEAT,Porites,0
7/31/2023,4:30,PCOM HEAT,Porites,0
7/31/2023,4:45,PCOM HEAT,Porites,0
7/31/2023,5:00,PCOM HEAT,Porites,0
7/31/2023,5:15,PCOM HEAT,Porites,0
7/31/2023,5:30,PCOM HEAT,Porites,0
7/31/2023,5:45,PCOM HEAT,Porites,0
7/31/2023,6:00,PCOM HEAT,Porites,0.2
7/31/2023,6:15,PCOM HEAT,Porites,2
7/31/2023,6:30,PCOM HEAT,Porites,9.1
7/31/2023,6:45,PCOM HEAT,Porites,22.8
7/31/2023,7:00,PCOM HEAT,Porites,20.2
7/31/2023,7:15,PCOM HEAT,Porites,19.8
7/31/2023,7:30,PCOM HEAT,Porites,26.9
7/31/2023,7:45,PCOM HEAT,Porites,42.4
7/31/2023,8:00,PCOM HEAT,Porites,66.3
7/31/2023,8:15,PCOM HEAT,Porites,62.8
7/31/2023,8:30,PCOM HEAT,Porites,82.8
7/31/2023,8:45,PCOM HEAT,Porites,98.3
7/31/2023,9:00,PCOM HEAT,Porites,110.5
7/31/2023,9:15,PCOM HEAT,Porites,97.5
7/31/2023,9:30,PCOM HEAT,Porites,129.9
7/31/2023,9:45,PCOM HEAT,Porites,143.9
7/31/2023,10:00,PCOM HEAT,Porites,134.9
7/31/2023,10:15,PCOM HEAT,Porites,164.5
7/31/2023,10:30,PCOM HEAT,Porites,173.6
7/31/2023,10:45,PCOM HEAT,Porites,84.1
7/31/2023,11:00,PCOM HEAT,Porites,131.6
7/31/2023,11:15,PCOM HEAT,Porites,132.7
7/31/2023,11:30,PCOM HEAT,Porites,190.1
7/31/2023,11:45,PCOM HEAT,Porites,210
7/31/2023,12:00,PCOM HEAT,Porites,282
7/31/2023,12:15,PCOM HEAT,Porites,301.4
7/31/2023,12:30,PCOM HEAT,Porites,313.1
7/31/2023,12:45,PCOM HEAT,Porites,312.1
7/31/2023,13:00,PCOM HEAT,Porites,299.2
7/31/2023,13:15,PCOM HEAT,Porites,307.1
7/31/2023,13:30,PCOM HEAT,Porites,228.1
7/31/2023,13:45,PCOM HEAT,Porites,245.5
7/31/2023,14:00,PCOM HEAT,Porites,141
7/31/2023,14:15,PCOM HEAT,Porites,268.2
7/31/2023,14:30,PCOM HEAT,Porites,145.7
7/31/2023,14:45,PCOM HEAT,Porites,91.3
7/31/2023,15:00,PCOM HEAT,Porites,83.5
7/31/2023,15:15,PCOM HEAT,Porites,107.5
7/31/2023,15:30,PCOM HEAT,Porites,98.4
7/31/2023,15:45,PCOM HEAT,Porites,66.6
7/31/2023,16:00,PCOM HEAT,Porites,34.2
7/31/2023,16:15,PCOM HEAT,Porites,33
7/31/2023,16:30,PCOM HEAT,Porites,32.3
7/31/2023,16:45,PCOM HEAT,Porites,30
7/31/2023,17:00,PCOM HEAT,Porites,26.8
7/31/2023,17:15,PCOM HEAT,Porites,28.1
7/31/2023,17:30,PCOM HEAT,Porites,24.5
7/31/2023,17:45,PCOM HEAT,Porites,24.5
7/31/2023,18:00,PCOM HEAT,Porites,21
7/31/2023,18:15,PCOM HEAT,Porites,23.8
7/31/2023,18:30,PCOM HEAT,Porites,13.4
7/31/2023,18:45,PCOM HEAT,Porites,10
7/31/2023,19:00,PCOM HEAT,Porites,5.1
7/31/2023,19:15,PCOM HEAT,Porites,1.9
7/31/2023,19:30,PCOM HEAT,Porites,0.3
7/31/2023,19:45,PCOM HEAT,Porites,0
7/31/2023,20:00,PCOM HEAT,Porites,0
7/31/2023,20:15,PCOM HEAT,Porites,0
7/31/2023,20:30,PCOM HEAT,Porites,0
7/31/2023,20:45,PCOM HEAT,Porites,0
7/31/2023,21:00,PCOM HEAT,Porites,0
7/31/2023,21:15,PCOM HEAT,Porites,0
7/31/2023,21:30,PCOM HEAT,Porites,0
7/31/2023,21:45,PCOM HEAT,Porites,0
7/31/2023,22:00,PCOM HEAT,Porites,0
7/31/2023,22:15,PCOM HEAT,Porites,0
7/31/2023,22:30,PCOM HEAT,Porites,0
7/31/2023,22:45,PCOM HEAT,Porites,0
7/31/2023,23:00,PCOM HEAT,Porites,0
7/31/2023,23:15,PCOM HEAT,Porites,0
7/31/2023,23:30,PCOM HEAT,Porites,0
7/31/2023,23:45,PCOM HEAT,Porites,0
8/1/2023,0:00,PCOM HEAT,Porites,0
8/1/2023,0:15,PCOM HEAT,Porites,0
8/1/2023,0:30,PCOM HEAT,Porites,0
8/1/2023,0:45,PCOM HEAT,Porites,0
8/1/2023,1:00,PCOM HEAT,Porites,0
8/1/2023,1:15,PCOM HEAT,Porites,0
8/1/2023,1:30,PCOM HEAT,Porites,0
8/1/2023,1:45,PCOM HEAT,Porites,0
8/1/2023,2:00,PCOM HEAT,Porites,0
8/1/2023,2:15,PCOM HEAT,Porites,0
8/1/2023,2:30,PCOM HEAT,Porites,0
8/1/2023,2:45,PCOM HEAT,Porites,0
8/1/2023,3:00,PCOM HEAT,Porites,0
8/1/2023,3:15,PCOM HEAT,Porites,0
8/1/2023,3:30,PCOM HEAT,Porites,0
8/1/2023,3:45,PCOM HEAT,Porites,0
8/1/2023,4:00,PCOM HEAT,Porites,0
8/1/2023,4:15,PCOM HEAT,Porites,0
8/1/2023,4:30,PCOM HEAT,Porites,0
8/1/2023,4:45,PCOM HEAT,Porites,0
8/1/2023,5:00,PCOM HEAT,Porites,0
8/1/2023,5:15,PCOM HEAT,Porites,0
8/1/2023,5:30,PCOM HEAT,Porites,0
8/1/2023,5:45,PCOM HEAT,Porites,0
8/1/2023,6:00,PCOM HEAT,Porites,0.1
8/1/2023,6:15,PCOM HEAT,Porites,2
8/1/2023,6:30,PCOM HEAT,Porites,5.7
8/1/2023,6:45,PCOM HEAT,Porites,11.5
8/1/2023,7:00,PCOM HEAT,Porites,19
8/1/2023,7:15,PCOM HEAT,Porites,30.9
8/1/2023,7:30,PCOM HEAT,Porites,35.8
8/1/2023,7:45,PCOM HEAT,Porites,67.3
8/1/2023,8:00,PCOM HEAT,Porites,39.8
8/1/2023,8:15,PCOM HEAT,Porites,78.6
8/1/2023,8:30,PCOM HEAT,Porites,82.1
8/1/2023,8:45,PCOM HEAT,Porites,477.2
8/1/2023,9:00,PCOM HEAT,Porites,70.3
8/1/2023,9:15,PCOM HEAT,Porites,104.8
8/1/2023,9:30,PCOM HEAT,Porites,163.1
8/1/2023,9:45,PCOM HEAT,Porites,523.5
8/1/2023,10:00,PCOM HEAT,Porites,364.9
8/1/2023,10:15,PCOM HEAT,Porites,567.1
8/1/2023,10:30,PCOM HEAT,Porites,811.1
8/1/2023,10:45,PCOM HEAT,Porites,487.5
8/1/2023,11:00,PCOM HEAT,Porites,375.7
8/1/2023,11:15,PCOM HEAT,Porites,346.1
8/1/2023,11:30,PCOM HEAT,Porites,265.9
8/1/2023,11:45,PCOM HEAT,Porites,291.5
8/1/2023,12:00,PCOM HEAT,Porites,350.7
8/1/2023,12:15,PCOM HEAT,Porites,300.2
8/1/2023,12:30,PCOM HEAT,Porites,287.7
8/1/2023,12:45,PCOM HEAT,Porites,387.1
8/1/2023,13:00,PCOM HEAT,Porites,359.9
8/1/2023,13:15,PCOM HEAT,Porites,327.2
8/1/2023,13:30,PCOM HEAT,Porites,275.3
8/1/2023,13:45,PCOM HEAT,Porites,333.5
8/1/2023,14:00,PCOM HEAT,Porites,197
8/1/2023,14:15,PCOM HEAT,Porites,124.9
8/1/2023,14:30,PCOM HEAT,Porites,241.6
8/1/2023,14:45,PCOM HEAT,Porites,286.7
8/1/2023,15:00,PCOM HEAT,Porites,225
8/1/2023,15:15,PCOM HEAT,Porites,287.5
8/1/2023,15:30,PCOM HEAT,Porites,271.3
8/1/2023,15:45,PCOM HEAT,Porites,112.8
8/1/2023,16:00,PCOM HEAT,Porites,27.2
8/1/2023,16:15,PCOM HEAT,Porites,27.2
8/1/2023,16:30,PCOM HEAT,Porites,21.9
8/1/2023,16:45,PCOM HEAT,Porites,33.1
8/1/2023,17:00,PCOM HEAT,Porites,35.1
8/1/2023,17:15,PCOM HEAT,Porites,38.4
8/1/2023,17:30,PCOM HEAT,Porites,16.9
8/1/2023,17:45,PCOM HEAT,Porites,24.6
8/1/2023,18:00,PCOM HEAT,Porites,24.8
8/1/2023,18:15,PCOM HEAT,Porites,10.4
8/1/2023,18:30,PCOM HEAT,Porites,11.9
8/1/2023,18:45,PCOM HEAT,Porites,7.9
8/1/2023,19:00,PCOM HEAT,Porites,4
8/1/2023,19:15,PCOM HEAT,Porites,1.5
8/1/2023,19:30,PCOM HEAT,Porites,0.2
8/1/2023,19:45,PCOM HEAT,Porites,0
8/1/2023,20:00,PCOM HEAT,Porites,0
8/1/2023,20:15,PCOM HEAT,Porites,0
8/1/2023,20:30,PCOM HEAT,Porites,0
8/1/2023,20:45,PCOM HEAT,Porites,0
8/1/2023,21:00,PCOM HEAT,Porites,0
8/1/2023,21:15,PCOM HEAT,Porites,0
8/1/2023,21:30,PCOM HEAT,Porites,0
8/1/2023,21:45,PCOM HEAT,Porites,0
8/1/2023,22:00,PCOM HEAT,Porites,0
8/1/2023,22:15,PCOM HEAT,Porites,0
8/1/2023,22:30,PCOM HEAT,Porites,0
8/1/2023,22:45,PCOM HEAT,Porites,0
8/1/2023,23:00,PCOM HEAT,Porites,0
8/1/2023,23:15,PCOM HEAT,Porites,0
8/1/2023,23:30,PCOM HEAT,Porites,0
8/1/2023,23:45,PCOM HEAT,Porites,0
8/2/2023,0:00,PCOM HEAT,Porites,0
8/2/2023,0:15,PCOM HEAT,Porites,0
8/2/2023,0:30,PCOM HEAT,Porites,0
8/2/2023,0:45,PCOM HEAT,Porites,0
8/2/2023,1:00,PCOM HEAT,Porites,0
8/2/2023,1:15,PCOM HEAT,Porites,0
8/2/2023,1:30,PCOM HEAT,Porites,0
8/2/2023,1:45,PCOM HEAT,Porites,0
8/2/2023,2:00,PCOM HEAT,Porites,0
8/2/2023,2:15,PCOM HEAT,Porites,0
8/2/2023,2:30,PCOM HEAT,Porites,0
8/2/2023,2:45,PCOM HEAT,Porites,0
8/2/2023,3:00,PCOM HEAT,Porites,0
8/2/2023,3:15,PCOM HEAT,Porites,0
8/2/2023,3:30,PCOM HEAT,Porites,0
8/2/2023,3:45,PCOM HEAT,Porites,0
8/2/2023,4:00,PCOM HEAT,Porites,0
8/2/2023,4:15,PCOM HEAT,Porites,0
8/2/2023,4:30,PCOM HEAT,Porites,0
8/2/2023,4:45,PCOM HEAT,Porites,0
8/2/2023,5:00,PCOM HEAT,Porites,0
8/2/2023,5:15,PCOM HEAT,Porites,0
8/2/2023,5:30,PCOM HEAT,Porites,0
8/2/2023,5:45,PCOM HEAT,Porites,0
8/2/2023,6:00,PCOM HEAT,Porites,0.2
8/2/2023,6:15,PCOM HEAT,Porites,1.8
8/2/2023,6:30,PCOM HEAT,Porites,9.5
8/2/2023,6:45,PCOM HEAT,Porites,19.8
8/2/2023,7:00,PCOM HEAT,Porites,22.4
8/2/2023,7:15,PCOM HEAT,Porites,39.6
8/2/2023,7:30,PCOM HEAT,Porites,59.2
8/2/2023,7:45,PCOM HEAT,Porites,88.9
8/2/2023,8:00,PCOM HEAT,Porites,195.6
8/2/2023,8:15,PCOM HEAT,Porites,239.7
8/2/2023,8:30,PCOM HEAT,Porites,227.2
8/2/2023,8:45,PCOM HEAT,Porites,413.3
8/2/2023,9:00,PCOM HEAT,Porites,421.9
8/2/2023,9:15,PCOM HEAT,Porites,315.9
8/2/2023,9:30,PCOM HEAT,Porites,242.9
8/2/2023,9:45,PCOM HEAT,Porites,229.7
8/2/2023,10:00,PCOM HEAT,Porites,245.4
8/2/2023,10:15,PCOM HEAT,Porites,530.6
8/2/2023,10:30,PCOM HEAT,Porites,793.7
8/2/2023,10:45,PCOM HEAT,Porites,456.2
8/2/2023,11:00,PCOM HEAT,Porites,321.8
8/2/2023,11:15,PCOM HEAT,Porites,171.7
8/2/2023,11:30,PCOM HEAT,Porites,170.7
8/2/2023,11:45,PCOM HEAT,Porites,102.4
8/2/2023,12:00,PCOM HEAT,Porites,172.4
8/2/2023,12:15,PCOM HEAT,Porites,166.8
8/2/2023,12:30,PCOM HEAT,Porites,142.4
8/2/2023,12:45,PCOM HEAT,Porites,182.1
8/2/2023,13:00,PCOM HEAT,Porites,165
8/2/2023,13:15,PCOM HEAT,Porites,95.9
8/2/2023,13:30,PCOM HEAT,Porites,135.2
8/2/2023,13:45,PCOM HEAT,Porites,169.6
8/2/2023,14:00,PCOM HEAT,Porites,151
8/2/2023,14:15,PCOM HEAT,Porites,127.1
8/2/2023,14:30,PCOM HEAT,Porites,140.6
8/2/2023,14:45,PCOM HEAT,Porites,110
8/2/2023,15:00,PCOM HEAT,Porites,69.2
8/2/2023,15:15,PCOM HEAT,Porites,80.5
8/2/2023,15:30,PCOM HEAT,Porites,55.4
8/2/2023,15:45,PCOM HEAT,Porites,45.8
8/2/2023,16:00,PCOM HEAT,Porites,40.7
8/2/2023,16:15,PCOM HEAT,Porites,27.5
8/2/2023,16:30,PCOM HEAT,Porites,39.9
8/2/2023,16:45,PCOM HEAT,Porites,42.6
8/2/2023,17:00,PCOM HEAT,Porites,38.3
8/2/2023,17:15,PCOM HEAT,Porites,27.4
8/2/2023,17:30,PCOM HEAT,Porites,25.4
8/2/2023,17:45,PCOM HEAT,Porites,24.2
8/2/2023,18:00,PCOM HEAT,Porites,20.9
8/2/2023,18:15,PCOM HEAT,Porites,13.6
8/2/2023,18:30,PCOM HEAT,Porites,9.7
8/2/2023,18:45,PCOM HEAT,Porites,6.7
8/2/2023,19:00,PCOM HEAT,Porites,3.9
8/2/2023,19:15,PCOM HEAT,Porites,1.6
8/2/2023,19:30,PCOM HEAT,Porites,0.2
8/2/2023,19:45,PCOM HEAT,Porites,0
8/2/2023,20:00,PCOM HEAT,Porites,0
8/2/2023,20:15,PCOM HEAT,Porites,0
8/2/2023,20:30,PCOM HEAT,Porites,0
8/2/2023,20:45,PCOM HEAT,Porites,0
8/2/2023,21:00,PCOM HEAT,Porites,0
8/2/2023,21:15,PCOM HEAT,Porites,0
8/2/2023,21:30,PCOM HEAT,Porites,0
8/2/2023,21:45,PCOM HEAT,Porites,0
8/2/2023,22:00,PCOM HEAT,Porites,0
8/2/2023,22:15,PCOM HEAT,Porites,0
8/2/2023,22:30,PCOM HEAT,Porites,0
8/2/2023,22:45,PCOM HEAT,Porites,0
8/2/2023,23:00,PCOM HEAT,Porites,0
8/2/2023,23:15,PCOM HEAT,Porites,0
8/2/2023,23:30,PCOM HEAT,Porites,0
8/2/2023,23:45,PCOM HEAT,Porites,0
8/3/2023,0:00,PCOM HEAT,Porites,0
8/3/2023,0:15,PCOM HEAT,Porites,0
8/3/2023,0:30,PCOM HEAT,Porites,0
8/3/2023,0:45,PCOM HEAT,Porites,0
8/3/2023,1:00,PCOM HEAT,Porites,0
8/3/2023,1:15,PCOM HEAT,Porites,0
8/3/2023,1:30,PCOM HEAT,Porites,0
8/3/2023,1:45,PCOM HEAT,Porites,0
8/3/2023,2:00,PCOM HEAT,Porites,0
8/3/2023,2:15,PCOM HEAT,Porites,0
8/3/2023,2:30,PCOM HEAT,Porites,0
8/3/2023,2:45,PCOM HEAT,Porites,0
8/3/2023,3:00,PCOM HEAT,Porites,0
8/3/2023,3:15,PCOM HEAT,Porites,0
8/3/2023,3:30,PCOM HEAT,Porites,0
8/3/2023,3:45,PCOM HEAT,Porites,0
8/3/2023,4:00,PCOM HEAT,Porites,0
8/3/2023,4:15,PCOM HEAT,Porites,0
8/3/2023,4:30,PCOM HEAT,Porites,0
8/3/2023,4:45,PCOM HEAT,Porites,0
8/3/2023,5:00,PCOM HEAT,Porites,0
8/3/2023,5:15,PCOM HEAT,Porites,0
8/3/2023,5:30,PCOM HEAT,Porites,0
8/3/2023,5:45,PCOM HEAT,Porites,0
8/3/2023,6:00,PCOM HEAT,Porites,0.1
8/3/2023,6:15,PCOM HEAT,Porites,1.6
8/3/2023,6:30,PCOM HEAT,Porites,6.1
8/3/2023,6:45,PCOM HEAT,Porites,13.6
8/3/2023,7:00,PCOM HEAT,Porites,21.1
8/3/2023,7:15,PCOM HEAT,Porites,47.4
8/3/2023,7:30,PCOM HEAT,Porites,62.6
8/3/2023,7:45,PCOM HEAT,Porites,146
8/3/2023,8:00,PCOM HEAT,Porites,157.7
8/3/2023,8:15,PCOM HEAT,Porites,247.7
8/3/2023,8:30,PCOM HEAT,Porites,378.2
8/3/2023,8:45,PCOM HEAT,Porites,424.7
8/3/2023,9:00,PCOM HEAT,Porites,248.2
8/3/2023,9:15,PCOM HEAT,Porites,460.4
8/3/2023,9:30,PCOM HEAT,Porites,546.3
8/3/2023,9:45,PCOM HEAT,Porites,554.1
8/3/2023,10:00,PCOM HEAT,Porites,284.5
8/3/2023,10:15,PCOM HEAT,Porites,640.6
8/3/2023,10:30,PCOM HEAT,Porites,682
8/3/2023,10:45,PCOM HEAT,Porites,416
8/3/2023,11:00,PCOM HEAT,Porites,284.7
8/3/2023,11:15,PCOM HEAT,Porites,160.5
8/3/2023,11:30,PCOM HEAT,Porites,148.5
8/3/2023,11:45,PCOM HEAT,Porites,110.7
8/3/2023,12:00,PCOM HEAT,Porites,127.6
8/3/2023,12:15,PCOM HEAT,Porites,140.5
8/3/2023,12:30,PCOM HEAT,Porites,116.2
8/3/2023,12:45,PCOM HEAT,Porites,75.4
8/3/2023,13:00,PCOM HEAT,Porites,115.7
8/3/2023,13:15,PCOM HEAT,Porites,95.2
8/3/2023,13:30,PCOM HEAT,Porites,118.5
8/3/2023,13:45,PCOM HEAT,Porites,67.7
8/3/2023,14:00,PCOM HEAT,Porites,103.6
8/3/2023,14:15,PCOM HEAT,Porites,110.7
8/3/2023,14:30,PCOM HEAT,Porites,133.4
8/3/2023,14:45,PCOM HEAT,Porites,143
8/3/2023,15:00,PCOM HEAT,Porites,133.5
8/3/2023,15:15,PCOM HEAT,Porites,110.5
8/3/2023,15:30,PCOM HEAT,Porites,156.3
8/3/2023,15:45,PCOM HEAT,Porites,69.5
8/3/2023,16:00,PCOM HEAT,Porites,61.3
8/3/2023,16:15,PCOM HEAT,Porites,47.9
8/3/2023,16:30,PCOM HEAT,Porites,56.1
8/3/2023,16:45,PCOM HEAT,Porites,50.9
8/3/2023,17:00,PCOM HEAT,Porites,47.2
8/3/2023,17:15,PCOM HEAT,Porites,31.1
8/3/2023,17:30,PCOM HEAT,Porites,19
8/3/2023,17:45,PCOM HEAT,Porites,19.4
8/3/2023,18:00,PCOM HEAT,Porites,20.6
8/3/2023,18:15,PCOM HEAT,Porites,11.8
8/3/2023,18:30,PCOM HEAT,Porites,10.3
8/3/2023,18:45,PCOM HEAT,Porites,5.8
8/3/2023,19:00,PCOM HEAT,Porites,3.3
8/3/2023,19:15,PCOM HEAT,Porites,1.3
8/3/2023,19:30,PCOM HEAT,Porites,0.1
8/3/2023,19:45,PCOM HEAT,Porites,0
8/3/2023,20:00,PCOM HEAT,Porites,0
8/3/2023,20:15,PCOM HEAT,Porites,0
8/3/2023,20:30,PCOM HEAT,Porites,0
8/3/2023,20:45,PCOM HEAT,Porites,0
8/3/2023,21:00,PCOM HEAT,Porites,0
8/3/2023,21:15,PCOM HEAT,Porites,0
8/3/2023,21:30,PCOM HEAT,Porites,0
8/3/2023,21:45,PCOM HEAT,Porites,0
8/3/2023,22:00,PCOM HEAT,Porites,0
8/3/2023,22:15,PCOM HEAT,Porites,0
8/3/2023,22:30,PCOM HEAT,Porites,0
8/3/2023,22:45,PCOM HEAT,Porites,0
8/3/2023,23:00,PCOM HEAT,Porites,0
8/3/2023,23:15,PCOM HEAT,Porites,0
8/3/2023,23:30,PCOM HEAT,Porites,0
8/3/2023,23:45,PCOM HEAT,Porites,0
8/4/2023,0:00,PCOM HEAT,Porites,0
8/4/2023,0:15,PCOM HEAT,Porites,0
8/4/2023,0:30,PCOM HEAT,Porites,0
8/4/2023,0:45,PCOM HEAT,Porites,0
8/4/2023,1:00,PCOM HEAT,Porites,0
8/4/2023,1:15,PCOM HEAT,Porites,0
8/4/2023,1:30,PCOM HEAT,Porites,0
8/4/2023,1:45,PCOM HEAT,Porites,0
8/4/2023,2:00,PCOM HEAT,Porites,0
8/4/2023,2:15,PCOM HEAT,Porites,0
8/4/2023,2:30,PCOM HEAT,Porites,0
8/4/2023,2:45,PCOM HEAT,Porites,0
8/4/2023,3:00,PCOM HEAT,Porites,0
8/4/2023,3:15,PCOM HEAT,Porites,0
8/4/2023,3:30,PCOM HEAT,Porites,0
8/4/2023,3:45,PCOM HEAT,Porites,0
8/4/2023,4:00,PCOM HEAT,Porites,0
8/4/2023,4:15,PCOM HEAT,Porites,0
8/4/2023,4:30,PCOM HEAT,Porites,0
8/4/2023,4:45,PCOM HEAT,Porites,0
8/4/2023,5:00,PCOM HEAT,Porites,0
8/4/2023,5:15,PCOM HEAT,Porites,0
8/4/2023,5:30,PCOM HEAT,Porites,0
8/4/2023,5:45,PCOM HEAT,Porites,0
8/4/2023,6:00,PCOM HEAT,Porites,0
8/4/2023,6:15,PCOM HEAT,Porites,1.8
8/4/2023,6:30,PCOM HEAT,Porites,6.4
8/4/2023,6:45,PCOM HEAT,Porites,21.2
8/4/2023,7:00,PCOM HEAT,Porites,25.4
8/4/2023,7:15,PCOM HEAT,Porites,35
8/4/2023,7:30,PCOM HEAT,Porites,59.5
8/4/2023,7:45,PCOM HEAT,Porites,166.2
8/4/2023,8:00,PCOM HEAT,Porites,46.3
8/4/2023,8:15,PCOM HEAT,Porites,161.9
8/4/2023,8:30,PCOM HEAT,Porites,299
8/4/2023,8:45,PCOM HEAT,Porites,207.7
8/4/2023,9:00,PCOM HEAT,Porites,307.3
8/4/2023,9:15,PCOM HEAT,Porites,350.4
8/4/2023,9:30,PCOM HEAT,Porites,478.3
8/4/2023,9:45,PCOM HEAT,Porites,251.1
8/4/2023,10:00,PCOM HEAT,Porites,138.5
8/4/2023,10:15,PCOM HEAT,Porites,230.9
8/4/2023,10:30,PCOM HEAT,Porites,124.6
8/4/2023,10:45,PCOM HEAT,Porites,202.7
8/4/2023,11:00,PCOM HEAT,Porites,172.4
8/4/2023,11:15,PCOM HEAT,Porites,99.5
8/4/2023,11:30,PCOM HEAT,Porites,74.7
8/4/2023,11:45,PCOM HEAT,Porites,67.7
8/4/2023,12:00,PCOM HEAT,Porites,59.7
8/4/2023,12:15,PCOM HEAT,Porites,119
8/4/2023,12:30,PCOM HEAT,Porites,89.7
8/4/2023,12:45,PCOM HEAT,Porites,297.4
8/4/2023,13:00,PCOM HEAT,Porites,220.7
8/4/2023,13:15,PCOM HEAT,Porites,184.2
8/4/2023,13:30,PCOM HEAT,Porites,136.6
8/4/2023,13:45,PCOM HEAT,Porites,149.4
8/4/2023,14:00,PCOM HEAT,Porites,110.2
8/4/2023,14:15,PCOM HEAT,Porites,108.9
8/4/2023,14:30,PCOM HEAT,Porites,211.4
8/4/2023,14:45,PCOM HEAT,Porites,220.4
8/4/2023,15:00,PCOM HEAT,Porites,188.4
8/4/2023,15:15,PCOM HEAT,Porites,214.1
8/4/2023,15:30,PCOM HEAT,Porites,179.1
8/4/2023,15:45,PCOM HEAT,Porites,48.1
8/4/2023,16:00,PCOM HEAT,Porites,21.2
8/4/2023,16:15,PCOM HEAT,Porites,22.5
8/4/2023,16:30,PCOM HEAT,Porites,27.1
8/4/2023,16:45,PCOM HEAT,Porites,29.1
8/4/2023,17:00,PCOM HEAT,Porites,28.4
8/4/2023,17:15,PCOM HEAT,Porites,40
8/4/2023,17:30,PCOM HEAT,Porites,30
8/4/2023,17:45,PCOM HEAT,Porites,11.2
8/4/2023,18:00,PCOM HEAT,Porites,12.4
8/4/2023,18:15,PCOM HEAT,Porites,7.8
8/4/2023,18:30,PCOM HEAT,Porites,12.6
8/4/2023,18:45,PCOM HEAT,Porites,8.5
8/4/2023,19:00,PCOM HEAT,Porites,3.3
8/4/2023,19:15,PCOM HEAT,Porites,1.2
8/4/2023,19:30,PCOM HEAT,Porites,0.1
8/4/2023,19:45,PCOM HEAT,Porites,0
8/4/2023,20:00,PCOM HEAT,Porites,0
8/4/2023,20:15,PCOM HEAT,Porites,0
8/4/2023,20:30,PCOM HEAT,Porites,0
8/4/2023,20:45,PCOM HEAT,Porites,0
8/4/2023,21:00,PCOM HEAT,Porites,0
8/4/2023,21:15,PCOM HEAT,Porites,0
8/4/2023,21:30,PCOM HEAT,Porites,0
8/4/2023,21:45,PCOM HEAT,Porites,0
8/4/2023,22:00,PCOM HEAT,Porites,0
8/4/2023,22:15,PCOM HEAT,Porites,0
8/4/2023,22:30,PCOM HEAT,Porites,0
8/4/2023,22:45,PCOM HEAT,Porites,0
8/4/2023,23:00,PCOM HEAT,Porites,0
8/4/2023,23:15,PCOM HEAT,Porites,0
8/4/2023,23:30,PCOM HEAT,Porites,0
8/4/2023,23:45,PCOM HEAT,Porites,0
8/5/2023,0:00,PCOM HEAT,Porites,0
8/5/2023,0:15,PCOM HEAT,Porites,0
8/5/2023,0:30,PCOM HEAT,Porites,0
8/5/2023,0:45,PCOM HEAT,Porites,0
8/5/2023,1:00,PCOM HEAT,Porites,0
8/5/2023,1:15,PCOM HEAT,Porites,0
8/5/2023,1:30,PCOM HEAT,Porites,0
8/5/2023,1:45,PCOM HEAT,Porites,0
8/5/2023,2:00,PCOM HEAT,Porites,0
8/5/2023,2:15,PCOM HEAT,Porites,0
8/5/2023,2:30,PCOM HEAT,Porites,0
8/5/2023,2:45,PCOM HEAT,Porites,0
8/5/2023,3:00,PCOM HEAT,Porites,0
8/5/2023,3:15,PCOM HEAT,Porites,0
8/5/2023,3:30,PCOM HEAT,Porites,0
8/5/2023,3:45,PCOM HEAT,Porites,0
8/5/2023,4:00,PCOM HEAT,Porites,0
8/5/2023,4:15,PCOM HEAT,Porites,0
8/5/2023,4:30,PCOM HEAT,Porites,0
8/5/2023,4:45,PCOM HEAT,Porites,0
8/5/2023,5:00,PCOM HEAT,Porites,0
8/5/2023,5:15,PCOM HEAT,Porites,0
8/5/2023,5:30,PCOM HEAT,Porites,0
8/5/2023,5:45,PCOM HEAT,Porites,0
8/5/2023,6:00,PCOM HEAT,Porites,0
8/5/2023,6:15,PCOM HEAT,Porites,1
8/5/2023,6:30,PCOM HEAT,Porites,7.4
8/5/2023,6:45,PCOM HEAT,Porites,21.4
8/5/2023,7:00,PCOM HEAT,Porites,31.1
8/5/2023,7:15,PCOM HEAT,Porites,42.3
8/5/2023,7:30,PCOM HEAT,Porites,63.1
8/5/2023,7:45,PCOM HEAT,Porites,36.7
8/5/2023,8:00,PCOM HEAT,Porites,97.5
8/5/2023,8:15,PCOM HEAT,Porites,72.2
8/5/2023,8:30,PCOM HEAT,Porites,34.8
8/5/2023,8:45,PCOM HEAT,Porites,43.4
8/5/2023,9:00,PCOM HEAT,Porites,100.2
8/5/2023,9:15,PCOM HEAT,Porites,162
8/5/2023,9:30,PCOM HEAT,Porites,210.9
8/5/2023,9:45,PCOM HEAT,Porites,222.2
8/5/2023,10:00,PCOM HEAT,Porites,200.6
8/5/2023,10:15,PCOM HEAT,Porites,264.6
8/5/2023,10:30,PCOM HEAT,Porites,639.4
8/5/2023,10:45,PCOM HEAT,Porites,390.3
8/5/2023,11:00,PCOM HEAT,Porites,233.8
8/5/2023,11:15,PCOM HEAT,Porites,99.8
8/5/2023,11:30,PCOM HEAT,Porites,148.6
8/5/2023,11:45,PCOM HEAT,Porites,130.3
8/5/2023,12:00,PCOM HEAT,Porites,145
8/5/2023,12:15,PCOM HEAT,Porites,96.7
8/5/2023,12:30,PCOM HEAT,Porites,61.5
8/5/2023,12:45,PCOM HEAT,Porites,156.7
8/5/2023,13:00,PCOM HEAT,Porites,132.6
8/5/2023,13:15,PCOM HEAT,Porites,145.6
8/5/2023,13:30,PCOM HEAT,Porites,71.9
8/5/2023,13:45,PCOM HEAT,Porites,104
8/5/2023,14:00,PCOM HEAT,Porites,243
8/5/2023,14:15,PCOM HEAT,Porites,304.2
8/5/2023,14:30,PCOM HEAT,Porites,324.3
8/5/2023,14:45,PCOM HEAT,Porites,303.7
8/5/2023,15:00,PCOM HEAT,Porites,105.4
8/5/2023,15:15,PCOM HEAT,Porites,224.8
8/5/2023,15:30,PCOM HEAT,Porites,265.9
8/5/2023,15:45,PCOM HEAT,Porites,76
8/5/2023,16:00,PCOM HEAT,Porites,58.2
8/5/2023,16:15,PCOM HEAT,Porites,59
8/5/2023,16:30,PCOM HEAT,Porites,66.1
8/5/2023,16:45,PCOM HEAT,Porites,46
8/5/2023,17:00,PCOM HEAT,Porites,35.9
8/5/2023,17:15,PCOM HEAT,Porites,47.6
8/5/2023,17:30,PCOM HEAT,Porites,41.6
8/5/2023,17:45,PCOM HEAT,Porites,23.8
8/5/2023,18:00,PCOM HEAT,Porites,18.2
8/5/2023,18:15,PCOM HEAT,Porites,22.7
8/5/2023,18:30,PCOM HEAT,Porites,8.3
8/5/2023,18:45,PCOM HEAT,Porites,5.6
8/5/2023,19:00,PCOM HEAT,Porites,3.6
8/5/2023,19:15,PCOM HEAT,Porites,1.4
8/5/2023,19:30,PCOM HEAT,Porites,0.1
8/5/2023,19:45,PCOM HEAT,Porites,0
8/5/2023,20:00,PCOM HEAT,Porites,0
8/5/2023,20:15,PCOM HEAT,Porites,0
8/5/2023,20:30,PCOM HEAT,Porites,0
8/5/2023,20:45,PCOM HEAT,Porites,0
8/5/2023,21:00,PCOM HEAT,Porites,0
8/5/2023,21:15,PCOM HEAT,Porites,0
8/5/2023,21:30,PCOM HEAT,Porites,0
8/5/2023,21:45,PCOM HEAT,Porites,0
8/5/2023,22:00,PCOM HEAT,Porites,0
8/5/2023,22:15,PCOM HEAT,Porites,0
8/5/2023,22:30,PCOM HEAT,Porites,0
8/5/2023,22:45,PCOM HEAT,Porites,0
8/5/2023,23:00,PCOM HEAT,Porites,0
8/5/2023,23:15,PCOM HEAT,Porites,0
8/5/2023,23:30,PCOM HEAT,Porites,0
8/5/2023,23:45,PCOM HEAT,Porites,0
8/6/2023,0:00,PCOM HEAT,Porites,0
8/6/2023,0:15,PCOM HEAT,Porites,0
8/6/2023,0:30,PCOM HEAT,Porites,0
8/6/2023,0:45,PCOM HEAT,Porites,0
8/6/2023,1:00,PCOM HEAT,Porites,0
8/6/2023,1:15,PCOM HEAT,Porites,0
8/6/2023,1:30,PCOM HEAT,Porites,0
8/6/2023,1:45,PCOM HEAT,Porites,0
8/6/2023,2:00,PCOM HEAT,Porites,0
8/6/2023,2:15,PCOM HEAT,Porites,0
8/6/2023,2:30,PCOM HEAT,Porites,0
8/6/2023,2:45,PCOM HEAT,Porites,0
8/6/2023,3:00,PCOM HEAT,Porites,0
8/6/2023,3:15,PCOM HEAT,Porites,0
8/6/2023,3:30,PCOM HEAT,Porites,0
8/6/2023,3:45,PCOM HEAT,Porites,0
8/6/2023,4:00,PCOM HEAT,Porites,0
8/6/2023,4:15,PCOM HEAT,Porites,0
8/6/2023,4:30,PCOM HEAT,Porites,0
8/6/2023,4:45,PCOM HEAT,Porites,0
8/6/2023,5:00,PCOM HEAT,Porites,0
8/6/2023,5:15,PCOM HEAT,Porites,0
8/6/2023,5:30,PCOM HEAT,Porites,0
8/6/2023,5:45,PCOM HEAT,Porites,0
8/6/2023,6:00,PCOM HEAT,Porites,0
8/6/2023,6:15,PCOM HEAT,Porites,1.8
8/6/2023,6:30,PCOM HEAT,Porites,10.5
8/6/2023,6:45,PCOM HEAT,Porites,13.9
8/6/2023,7:00,PCOM HEAT,Porites,10.1
8/6/2023,7:15,PCOM HEAT,Porites,39.9
8/6/2023,7:30,PCOM HEAT,Porites,105.1
8/6/2023,7:45,PCOM HEAT,Porites,190.3
8/6/2023,8:00,PCOM HEAT,Porites,264.3
8/6/2023,8:15,PCOM HEAT,Porites,188.3
8/6/2023,8:30,PCOM HEAT,Porites,329.9
8/6/2023,8:45,PCOM HEAT,Porites,403.9
8/6/2023,9:00,PCOM HEAT,Porites,403.6
8/6/2023,9:15,PCOM HEAT,Porites,477
8/6/2023,9:30,PCOM HEAT,Porites,465.7
8/6/2023,9:45,PCOM HEAT,Porites,641.6
8/6/2023,10:00,PCOM HEAT,Porites,369.8
8/6/2023,10:15,PCOM HEAT,Porites,742.9
8/6/2023,10:30,PCOM HEAT,Porites,716.1
8/6/2023,10:45,PCOM HEAT,Porites,471.4
8/6/2023,11:00,PCOM HEAT,Porites,271.4
8/6/2023,11:15,PCOM HEAT,Porites,293.4
8/6/2023,11:30,PCOM HEAT,Porites,288.7
8/6/2023,11:45,PCOM HEAT,Porites,310.5
8/6/2023,12:00,PCOM HEAT,Porites,293.4
8/6/2023,12:15,PCOM HEAT,Porites,327.1
8/6/2023,12:30,PCOM HEAT,Porites,315.8
8/6/2023,12:45,PCOM HEAT,Porites,346.4
8/6/2023,13:00,PCOM HEAT,Porites,321.2
8/6/2023,13:15,PCOM HEAT,Porites,340.2
8/6/2023,13:30,PCOM HEAT,Porites,298.6
8/6/2023,13:45,PCOM HEAT,Porites,316.1
8/6/2023,14:00,PCOM HEAT,Porites,309.1
8/6/2023,14:15,PCOM HEAT,Porites,292.7
8/6/2023,14:30,PCOM HEAT,Porites,279.3
8/6/2023,14:45,PCOM HEAT,Porites,271.4
8/6/2023,15:00,PCOM HEAT,Porites,193.7
8/6/2023,15:15,PCOM HEAT,Porites,235.7
8/6/2023,15:30,PCOM HEAT,Porites,188.8
8/6/2023,15:45,PCOM HEAT,Porites,62.9
8/6/2023,16:00,PCOM HEAT,Porites,48.6
8/6/2023,16:15,PCOM HEAT,Porites,40.8
8/6/2023,16:30,PCOM HEAT,Porites,43.9
8/6/2023,16:45,PCOM HEAT,Porites,60
8/6/2023,17:00,PCOM HEAT,Porites,47.1
8/6/2023,17:15,PCOM HEAT,Porites,31.8
8/6/2023,17:30,PCOM HEAT,Porites,31
8/6/2023,17:45,PCOM HEAT,Porites,30.9
8/6/2023,18:00,PCOM HEAT,Porites,24.9
8/6/2023,18:15,PCOM HEAT,Porites,17.7
8/6/2023,18:30,PCOM HEAT,Porites,9.1
8/6/2023,18:45,PCOM HEAT,Porites,5.3
8/6/2023,19:00,PCOM HEAT,Porites,2.3
8/6/2023,19:15,PCOM HEAT,Porites,0.6
8/6/2023,19:30,PCOM HEAT,Porites,0
8/6/2023,19:45,PCOM HEAT,Porites,0
8/6/2023,20:00,PCOM HEAT,Porites,0
8/6/2023,20:15,PCOM HEAT,Porites,0
8/6/2023,20:30,PCOM HEAT,Porites,0
8/6/2023,20:45,PCOM HEAT,Porites,0
8/6/2023,21:00,PCOM HEAT,Porites,0
8/6/2023,21:15,PCOM HEAT,Porites,0
8/6/2023,21:30,PCOM HEAT,Porites,0
8/6/2023,21:45,PCOM HEAT,Porites,0
8/6/2023,22:00,PCOM HEAT,Porites,0
8/6/2023,22:15,PCOM HEAT,Porites,0
8/6/2023,22:30,PCOM HEAT,Porites,0
8/6/2023,22:45,PCOM HEAT,Porites,0
8/6/2023,23:00,PCOM HEAT,Porites,0
8/6/2023,23:15,PCOM HEAT,Porites,0
8/6/2023,23:30,PCOM HEAT,Porites,0
8/6/2023,23:45,PCOM HEAT,Porites,0
8/7/2023,0:00,PCOM HEAT,Porites,0
8/7/2023,0:15,PCOM HEAT,Porites,0
8/7/2023,0:30,PCOM HEAT,Porites,0
8/7/2023,0:45,PCOM HEAT,Porites,0
8/7/2023,1:00,PCOM HEAT,Porites,0
8/7/2023,1:15,PCOM HEAT,Porites,0
8/7/2023,1:30,PCOM HEAT,Porites,0
8/7/2023,1:45,PCOM HEAT,Porites,0
8/7/2023,2:00,PCOM HEAT,Porites,0
8/7/2023,2:15,PCOM HEAT,Porites,0
8/7/2023,2:30,PCOM HEAT,Porites,0
8/7/2023,2:45,PCOM HEAT,Porites,0
8/7/2023,3:00,PCOM HEAT,Porites,0
8/7/2023,3:15,PCOM HEAT,Porites,0
8/7/2023,3:30,PCOM HEAT,Porites,0
8/7/2023,3:45,PCOM HEAT,Porites,0
8/7/2023,4:00,PCOM HEAT,Porites,0
8/7/2023,4:15,PCOM HEAT,Porites,0
8/7/2023,4:30,PCOM HEAT,Porites,0
8/7/2023,4:45,PCOM HEAT,Porites,0
8/7/2023,5:00,PCOM HEAT,Porites,0
8/7/2023,5:15,PCOM HEAT,Porites,0
8/7/2023,5:30,PCOM HEAT,Porites,0
8/7/2023,5:45,PCOM HEAT,Porites,0
8/7/2023,6:00,PCOM HEAT,Porites,0
8/7/2023,6:15,PCOM HEAT,Porites,1.1
8/7/2023,6:30,PCOM HEAT,Porites,5.2
8/7/2023,6:45,PCOM HEAT,Porites,5.8
8/7/2023,7:00,PCOM HEAT,Porites,8.7
8/7/2023,7:15,PCOM HEAT,Porites,15.5
8/7/2023,7:30,PCOM HEAT,Porites,25.4
8/7/2023,7:45,PCOM HEAT,Porites,32.2
8/7/2023,8:00,PCOM HEAT,Porites,47.8
8/7/2023,8:15,PCOM HEAT,Porites,50.4
8/7/2023,8:30,PCOM HEAT,Porites,86.2
8/7/2023,8:45,PCOM HEAT,Porites,87.8
8/7/2023,9:00,PCOM HEAT,Porites,139.6
8/7/2023,9:15,PCOM HEAT,Porites,78.3
8/7/2023,9:30,PCOM HEAT,Porites,73.6
8/7/2023,9:45,PCOM HEAT,Porites,55.2
8/7/2023,10:00,PCOM HEAT,Porites,69.9
8/7/2023,10:15,PCOM HEAT,Porites,215.2
8/7/2023,10:30,PCOM HEAT,Porites,215.5
8/7/2023,10:45,PCOM HEAT,Porites,358.4
8/7/2023,11:00,PCOM HEAT,Porites,328
8/7/2023,11:15,PCOM HEAT,Porites,187.4
8/7/2023,11:30,PCOM HEAT,Porites,170.8
8/7/2023,11:45,PCOM HEAT,Porites,279.5
8/7/2023,12:00,PCOM HEAT,Porites,241.2
8/7/2023,12:15,PCOM HEAT,Porites,285.3
8/7/2023,12:30,PCOM HEAT,Porites,254.9
8/7/2023,12:45,PCOM HEAT,Porites,251.9
8/7/2023,13:00,PCOM HEAT,Porites,263.5
8/7/2023,13:15,PCOM HEAT,Porites,268.8
8/7/2023,13:30,PCOM HEAT,Porites,244.5
8/7/2023,13:45,PCOM HEAT,Porites,226.4
8/7/2023,14:00,PCOM HEAT,Porites,188.5
8/7/2023,14:15,PCOM HEAT,Porites,130.1
8/7/2023,14:30,PCOM HEAT,Porites,224.7
8/7/2023,14:45,PCOM HEAT,Porites,143.4
8/7/2023,15:00,PCOM HEAT,Porites,122.8
8/7/2023,15:15,PCOM HEAT,Porites,77.7
8/7/2023,15:30,PCOM HEAT,Porites,44.1
8/7/2023,15:45,PCOM HEAT,Porites,95.5
8/7/2023,16:00,PCOM HEAT,Porites,73.2
8/7/2023,16:15,PCOM HEAT,Porites,44.6
8/7/2023,16:30,PCOM HEAT,Porites,42.7
8/7/2023,16:45,PCOM HEAT,Porites,43.9
8/7/2023,17:00,PCOM HEAT,Porites,44.6
8/7/2023,17:15,PCOM HEAT,Porites,45
8/7/2023,17:30,PCOM HEAT,Porites,38.3
8/7/2023,17:45,PCOM HEAT,Porites,31.4
8/7/2023,18:00,PCOM HEAT,Porites,29.2
8/7/2023,18:15,PCOM HEAT,Porites,19.5
8/7/2023,18:30,PCOM HEAT,Porites,15
8/7/2023,18:45,PCOM HEAT,Porites,9
8/7/2023,19:00,PCOM HEAT,Porites,3.2
8/7/2023,19:15,PCOM HEAT,Porites,1.2
8/7/2023,19:30,PCOM HEAT,Porites,0.1
8/7/2023,19:45,PCOM HEAT,Porites,0
8/7/2023,20:00,PCOM HEAT,Porites,0
8/7/2023,20:15,PCOM HEAT,Porites,0
8/7/2023,20:30,PCOM HEAT,Porites,0
8/7/2023,20:45,PCOM HEAT,Porites,0
8/7/2023,21:00,PCOM HEAT,Porites,0
8/7/2023,21:15,PCOM HEAT,Porites,0
8/7/2023,21:30,PCOM HEAT,Porites,0
8/7/2023,21:45,PCOM HEAT,Porites,0
8/7/2023,22:00,PCOM HEAT,Porites,0
8/7/2023,22:15,PCOM HEAT,Porites,0
8/7/2023,22:30,PCOM HEAT,Porites,0
8/7/2023,22:45,PCOM HEAT,Porites,0
8/7/2023,23:00,PCOM HEAT,Porites,0
8/7/2023,23:15,PCOM HEAT,Porites,0
8/7/2023,23:30,PCOM HEAT,Porites,0
8/7/2023,23:45,PCOM HEAT,Porites,0
8/8/2023,0:00,PCOM HEAT,Porites,0
8/8/2023,0:15,PCOM HEAT,Porites,0
8/8/2023,0:30,PCOM HEAT,Porites,0
8/8/2023,0:45,PCOM HEAT,Porites,0
8/8/2023,1:00,PCOM HEAT,Porites,0
8/8/2023,1:15,PCOM HEAT,Porites,0
8/8/2023,1:30,PCOM HEAT,Porites,0
8/8/2023,1:45,PCOM HEAT,Porites,0
8/8/2023,2:00,PCOM HEAT,Porites,0
8/8/2023,2:15,PCOM HEAT,Porites,0
8/8/2023,2:30,PCOM HEAT,Porites,0
8/8/2023,2:45,PCOM HEAT,Porites,0
8/8/2023,3:00,PCOM HEAT,Porites,0
8/8/2023,3:15,PCOM HEAT,Porites,0
8/8/2023,3:30,PCOM HEAT,Porites,0
8/8/2023,3:45,PCOM HEAT,Porites,0
8/8/2023,4:00,PCOM HEAT,Porites,0
8/8/2023,4:15,PCOM HEAT,Porites,0
8/8/2023,4:30,PCOM HEAT,Porites,0
8/8/2023,4:45,PCOM HEAT,Porites,0
8/8/2023,5:00,PCOM HEAT,Porites,0
8/8/2023,5:15,PCOM HEAT,Porites,0
8/8/2023,5:30,PCOM HEAT,Porites,0
8/8/2023,5:45,PCOM HEAT,Porites,0
8/8/2023,6:00,PCOM HEAT,Porites,0
8/8/2023,6:15,PCOM HEAT,Porites,1.3
8/8/2023,6:30,PCOM HEAT,Porites,5.7
8/8/2023,6:45,PCOM HEAT,Porites,12.4
8/8/2023,7:00,PCOM HEAT,Porites,23.3
8/8/2023,7:15,PCOM HEAT,Porites,46.2
8/8/2023,7:30,PCOM HEAT,Porites,64.7
8/8/2023,7:45,PCOM HEAT,Porites,50.2
8/8/2023,8:00,PCOM HEAT,Porites,80.6
8/8/2023,8:15,PCOM HEAT,Porites,86.4
8/8/2023,8:30,PCOM HEAT,Porites,126.5
8/8/2023,8:45,PCOM HEAT,Porites,109.7
8/8/2023,9:00,PCOM HEAT,Porites,120.9
8/8/2023,9:15,PCOM HEAT,Porites,137.9
8/8/2023,9:30,PCOM HEAT,Porites,157.8
8/8/2023,9:45,PCOM HEAT,Porites,196.9
8/8/2023,10:00,PCOM HEAT,Porites,169.9
8/8/2023,10:15,PCOM HEAT,Porites,206.4
8/8/2023,10:30,PCOM HEAT,Porites,220.8
8/8/2023,10:45,PCOM HEAT,Porites,232.6
8/8/2023,11:00,PCOM HEAT,Porites,253.9
8/8/2023,11:15,PCOM HEAT,Porites,164
8/8/2023,11:30,PCOM HEAT,Porites,163
8/8/2023,11:45,PCOM HEAT,Porites,215.1
8/8/2023,12:00,PCOM HEAT,Porites,219.9
8/8/2023,12:15,PCOM HEAT,Porites,256.2
8/8/2023,12:30,PCOM HEAT,Porites,211.1
8/8/2023,12:45,PCOM HEAT,Porites,261.4
8/8/2023,13:00,PCOM HEAT,Porites,177.1
8/8/2023,13:15,PCOM HEAT,Porites,185.9
8/8/2023,13:30,PCOM HEAT,Porites,184.1
8/8/2023,13:45,PCOM HEAT,Porites,166.2
8/8/2023,14:00,PCOM HEAT,Porites,115.7
8/8/2023,14:15,PCOM HEAT,Porites,105.9
8/8/2023,14:30,PCOM HEAT,Porites,105.9
8/8/2023,14:45,PCOM HEAT,Porites,89.5
8/8/2023,15:00,PCOM HEAT,Porites,134.4
8/8/2023,15:15,PCOM HEAT,Porites,225.5
8/8/2023,15:30,PCOM HEAT,Porites,189.2
8/8/2023,15:45,PCOM HEAT,Porites,93.9
8/8/2023,16:00,PCOM HEAT,Porites,52.7
8/8/2023,16:15,PCOM HEAT,Porites,48.3
8/8/2023,16:30,PCOM HEAT,Porites,52.8
8/8/2023,16:45,PCOM HEAT,Porites,51.9
8/8/2023,17:00,PCOM HEAT,Porites,52.1
8/8/2023,17:15,PCOM HEAT,Porites,43.7
8/8/2023,17:30,PCOM HEAT,Porites,34
8/8/2023,17:45,PCOM HEAT,Porites,25.8
8/8/2023,18:00,PCOM HEAT,Porites,20.7
8/8/2023,18:15,PCOM HEAT,Porites,16.8
8/8/2023,18:30,PCOM HEAT,Porites,13
8/8/2023,18:45,PCOM HEAT,Porites,7.9
8/8/2023,19:00,PCOM HEAT,Porites,3.6
8/8/2023,19:15,PCOM HEAT,Porites,1
8/8/2023,19:30,PCOM HEAT,Porites,0.1
8/8/2023,19:45,PCOM HEAT,Porites,0
8/8/2023,20:00,PCOM HEAT,Porites,0
8/8/2023,20:15,PCOM HEAT,Porites,0
8/8/2023,20:30,PCOM HEAT,Porites,0
8/8/2023,20:45,PCOM HEAT,Porites,0
8/8/2023,21:00,PCOM HEAT,Porites,0
8/8/2023,21:15,PCOM HEAT,Porites,0
8/8/2023,21:30,PCOM HEAT,Porites,0
8/8/2023,21:45,PCOM HEAT,Porites,0
8/8/2023,22:00,PCOM HEAT,Porites,0
8/8/2023,22:15,PCOM HEAT,Porites,0
8/8/2023,22:30,PCOM HEAT,Porites,0
8/8/2023,22:45,PCOM HEAT,Porites,0
8/8/2023,23:00,PCOM HEAT,Porites,0
8/8/2023,23:15,PCOM HEAT,Porites,0
8/8/2023,23:30,PCOM HEAT,Porites,0
8/8/2023,23:45,PCOM HEAT,Porites,0
8/9/2023,0:00,PCOM HEAT,Porites,0
8/9/2023,0:15,PCOM HEAT,Porites,0
8/9/2023,0:30,PCOM HEAT,Porites,0
8/9/2023,0:45,PCOM HEAT,Porites,0
8/9/2023,1:00,PCOM HEAT,Porites,0
8/9/2023,1:15,PCOM HEAT,Porites,0
8/9/2023,1:30,PCOM HEAT,Porites,0
8/9/2023,1:45,PCOM HEAT,Porites,0
8/9/2023,2:00,PCOM HEAT,Porites,0
8/9/2023,2:15,PCOM HEAT,Porites,0
8/9/2023,2:30,PCOM HEAT,Porites,0
8/9/2023,2:45,PCOM HEAT,Porites,0
8/9/2023,3:00,PCOM HEAT,Porites,0
8/9/2023,3:15,PCOM HEAT,Porites,0
8/9/2023,3:30,PCOM HEAT,Porites,0
8/9/2023,3:45,PCOM HEAT,Porites,0
8/9/2023,4:00,PCOM HEAT,Porites,0
8/9/2023,4:15,PCOM HEAT,Porites,0
8/9/2023,4:30,PCOM HEAT,Porites,0
8/9/2023,4:45,PCOM HEAT,Porites,0
8/9/2023,5:00,PCOM HEAT,Porites,0
8/9/2023,5:15,PCOM HEAT,Porites,0
8/9/2023,5:30,PCOM HEAT,Porites,0
8/9/2023,5:45,PCOM HEAT,Porites,0
8/9/2023,6:00,PCOM HEAT,Porites,0.1
8/9/2023,6:15,PCOM HEAT,Porites,1.4
8/9/2023,6:30,PCOM HEAT,Porites,4.7
8/9/2023,6:45,PCOM HEAT,Porites,11.9
8/9/2023,7:00,PCOM HEAT,Porites,23.8
8/9/2023,7:15,PCOM HEAT,Porites,32.7
8/9/2023,7:30,PCOM HEAT,Porites,54.1
8/9/2023,7:45,PCOM HEAT,Porites,50.3
8/9/2023,8:00,PCOM HEAT,Porites,76.3
8/9/2023,8:15,PCOM HEAT,Porites,125.1
8/9/2023,8:30,PCOM HEAT,Porites,104.7
8/9/2023,8:45,PCOM HEAT,Porites,177.8
8/9/2023,9:00,PCOM HEAT,Porites,163.3
8/9/2023,9:15,PCOM HEAT,Porites,167.3
8/9/2023,9:30,PCOM HEAT,Porites,189
8/9/2023,9:45,PCOM HEAT,Porites,191.8
8/9/2023,10:00,PCOM HEAT,Porites,170
8/9/2023,10:15,PCOM HEAT,Porites,164.8
8/9/2023,10:30,PCOM HEAT,Porites,120.1
8/9/2023,10:45,PCOM HEAT,Porites,117.5
8/9/2023,11:00,PCOM HEAT,Porites,190.2
8/9/2023,11:15,PCOM HEAT,Porites,146.6
8/9/2023,11:30,PCOM HEAT,Porites,111.7
8/9/2023,11:45,PCOM HEAT,Porites,122
8/9/2023,12:00,PCOM HEAT,Porites,166.2
8/9/2023,12:15,PCOM HEAT,Porites,194.4
8/9/2023,12:30,PCOM HEAT,Porites,191.9
8/9/2023,12:45,PCOM HEAT,Porites,274.7
8/9/2023,13:00,PCOM HEAT,Porites,243.1
8/9/2023,13:15,PCOM HEAT,Porites,186.5
8/9/2023,13:30,PCOM HEAT,Porites,212.7
8/9/2023,13:45,PCOM HEAT,Porites,197
8/9/2023,14:00,PCOM HEAT,Porites,168
8/9/2023,14:15,PCOM HEAT,Porites,179.9
8/9/2023,14:30,PCOM HEAT,Porites,171.4
8/9/2023,14:45,PCOM HEAT,Porites,89
8/9/2023,15:00,PCOM HEAT,Porites,91.6
8/9/2023,15:15,PCOM HEAT,Porites,113.1
8/9/2023,15:30,PCOM HEAT,Porites,189.3
8/9/2023,15:45,PCOM HEAT,Porites,100.8
8/9/2023,16:00,PCOM HEAT,Porites,56.7
8/9/2023,16:15,PCOM HEAT,Porites,70.2
8/9/2023,16:30,PCOM HEAT,Porites,35.1
8/9/2023,16:45,PCOM HEAT,Porites,40.9
8/9/2023,17:00,PCOM HEAT,Porites,30.3
8/9/2023,17:15,PCOM HEAT,Porites,48.3
8/9/2023,17:30,PCOM HEAT,Porites,22.5
8/9/2023,17:45,PCOM HEAT,Porites,16.5
8/9/2023,18:00,PCOM HEAT,Porites,13.4
8/9/2023,18:15,PCOM HEAT,Porites,11.3
8/9/2023,18:30,PCOM HEAT,Porites,9.3
8/9/2023,18:45,PCOM HEAT,Porites,8.5
8/9/2023,19:00,PCOM HEAT,Porites,3.8
8/9/2023,19:15,PCOM HEAT,Porites,1.1
8/9/2023,19:30,PCOM HEAT,Porites,0.1
8/9/2023,19:45,PCOM HEAT,Porites,0
8/9/2023,20:00,PCOM HEAT,Porites,0
8/9/2023,20:15,PCOM HEAT,Porites,0
8/9/2023,20:30,PCOM HEAT,Porites,0
8/9/2023,20:45,PCOM HEAT,Porites,0
8/9/2023,21:00,PCOM HEAT,Porites,0
8/9/2023,21:15,PCOM HEAT,Porites,0
8/9/2023,21:30,PCOM HEAT,Porites,0
8/9/2023,21:45,PCOM HEAT,Porites,0
8/9/2023,22:00,PCOM HEAT,Porites,0
8/9/2023,22:15,PCOM HEAT,Porites,0
8/9/2023,22:30,PCOM HEAT,Porites,0
8/9/2023,22:45,PCOM HEAT,Porites,0
8/9/2023,23:00,PCOM HEAT,Porites,0
8/9/2023,23:15,PCOM HEAT,Porites,0
8/9/2023,23:30,PCOM HEAT,Porites,0
8/9/2023,23:45,PCOM HEAT,Porites,0
8/10/2023,0:00,PCOM HEAT,Porites,0
8/10/2023,0:15,PCOM HEAT,Porites,0
8/10/2023,0:30,PCOM HEAT,Porites,0
8/10/2023,0:45,PCOM HEAT,Porites,0
8/10/2023,1:00,PCOM HEAT,Porites,0
8/10/2023,1:15,PCOM HEAT,Porites,0
8/10/2023,1:30,PCOM HEAT,Porites,0
8/10/2023,1:45,PCOM HEAT,Porites,0
8/10/2023,2:00,PCOM HEAT,Porites,0
8/10/2023,2:15,PCOM HEAT,Porites,0
8/10/2023,2:30,PCOM HEAT,Porites,0
8/10/2023,2:45,PCOM HEAT,Porites,0
8/10/2023,3:00,PCOM HEAT,Porites,0
8/10/2023,3:15,PCOM HEAT,Porites,0
8/10/2023,3:30,PCOM HEAT,Porites,0
8/10/2023,3:45,PCOM HEAT,Porites,0
8/10/2023,4:00,PCOM HEAT,Porites,0
8/10/2023,4:15,PCOM HEAT,Porites,0
8/10/2023,4:30,PCOM HEAT,Porites,0
8/10/2023,4:45,PCOM HEAT,Porites,0
8/10/2023,5:00,PCOM HEAT,Porites,0
8/10/2023,5:15,PCOM HEAT,Porites,0
8/10/2023,5:30,PCOM HEAT,Porites,0
8/10/2023,5:45,PCOM HEAT,Porites,0
8/10/2023,6:00,PCOM HEAT,Porites,0.1
8/10/2023,6:15,PCOM HEAT,Porites,1.3
8/10/2023,6:30,PCOM HEAT,Porites,6.2
8/10/2023,6:45,PCOM HEAT,Porites,13.9
8/10/2023,7:00,PCOM HEAT,Porites,32.2
8/10/2023,7:15,PCOM HEAT,Porites,39.7
8/10/2023,7:30,PCOM HEAT,Porites,59.1
8/10/2023,7:45,PCOM HEAT,Porites,109.8
8/10/2023,8:00,PCOM HEAT,Porites,151.6
8/10/2023,8:15,PCOM HEAT,Porites,164.7
8/10/2023,8:30,PCOM HEAT,Porites,152.4
8/10/2023,8:45,PCOM HEAT,Porites,113
8/10/2023,9:00,PCOM HEAT,Porites,140.4
8/10/2023,9:15,PCOM HEAT,Porites,176.6
8/10/2023,9:30,PCOM HEAT,Porites,242.5
8/10/2023,9:45,PCOM HEAT,Porites,131.3
8/10/2023,10:00,PCOM HEAT,Porites,147.4
8/10/2023,10:15,PCOM HEAT,Porites,314
8/10/2023,10:30,PCOM HEAT,Porites,504.2
8/10/2023,10:45,PCOM HEAT,Porites,279.5
8/10/2023,11:00,PCOM HEAT,Porites,239.6
8/10/2023,11:15,PCOM HEAT,Porites,206.5
8/10/2023,11:30,PCOM HEAT,Porites,311
8/10/2023,11:45,PCOM HEAT,Porites,243.5
8/10/2023,12:00,PCOM HEAT,Porites,354.5
8/10/2023,12:15,PCOM HEAT,Porites,335.4
8/10/2023,12:30,PCOM HEAT,Porites,267.8
8/10/2023,12:45,PCOM HEAT,Porites,193.9
8/10/2023,13:00,PCOM HEAT,Porites,164.6
8/10/2023,13:15,PCOM HEAT,Porites,94.3
8/10/2023,13:30,PCOM HEAT,Porites,65.9
8/10/2023,13:45,PCOM HEAT,Porites,50.3
8/10/2023,14:00,PCOM HEAT,Porites,59.2
8/10/2023,14:15,PCOM HEAT,Porites,137.1
8/10/2023,14:30,PCOM HEAT,Porites,111.6
8/10/2023,14:45,PCOM HEAT,Porites,60.9
8/10/2023,15:00,PCOM HEAT,Porites,56.5
8/10/2023,15:15,PCOM HEAT,Porites,98.5
8/10/2023,15:30,PCOM HEAT,Porites,78.9
8/10/2023,15:45,PCOM HEAT,Porites,43.4
8/10/2023,16:00,PCOM HEAT,Porites,44.6
8/10/2023,16:15,PCOM HEAT,Porites,40
8/10/2023,16:30,PCOM HEAT,Porites,40.5
8/10/2023,16:45,PCOM HEAT,Porites,29
8/10/2023,17:00,PCOM HEAT,Porites,22.2
8/10/2023,17:15,PCOM HEAT,Porites,17.6
8/10/2023,17:30,PCOM HEAT,Porites,15.5
8/10/2023,17:45,PCOM HEAT,Porites,15.4
8/10/2023,18:00,PCOM HEAT,Porites,13.8
8/10/2023,18:15,PCOM HEAT,Porites,12.5
8/10/2023,18:30,PCOM HEAT,Porites,9.8
8/10/2023,18:45,PCOM HEAT,Porites,6.1
8/10/2023,19:00,PCOM HEAT,Porites,3.4
8/10/2023,19:15,PCOM HEAT,Porites,1
8/10/2023,19:30,PCOM HEAT,Porites,0
8/10/2023,19:45,PCOM HEAT,Porites,0
8/10/2023,20:00,PCOM HEAT,Porites,0
8/10/2023,20:15,PCOM HEAT,Porites,0
8/10/2023,20:30,PCOM HEAT,Porites,0
8/10/2023,20:45,PCOM HEAT,Porites,0
8/10/2023,21:00,PCOM HEAT,Porites,0
8/10/2023,21:15,PCOM HEAT,Porites,0
8/10/2023,21:30,PCOM HEAT,Porites,0
8/10/2023,21:45,PCOM HEAT,Porites,0
8/10/2023,22:00,PCOM HEAT,Porites,0
8/10/2023,22:15,PCOM HEAT,Porites,0
8/10/2023,22:30,PCOM HEAT,Porites,0
8/10/2023,22:45,PCOM HEAT,Porites,0
8/10/2023,23:00,PCOM HEAT,Porites,0
8/10/2023,23:15,PCOM HEAT,Porites,0
8/10/2023,23:30,PCOM HEAT,Porites,0
8/10/2023,23:45,PCOM HEAT,Porites,0
8/11/2023,0:00,PCOM HEAT,Porites,0
8/11/2023,0:15,PCOM HEAT,Porites,0
8/11/2023,0:30,PCOM HEAT,Porites,0
8/11/2023,0:45,PCOM HEAT,Porites,0
8/11/2023,1:00,PCOM HEAT,Porites,0
8/11/2023,1:15,PCOM HEAT,Porites,0
8/11/2023,1:30,PCOM HEAT,Porites,0
8/11/2023,1:45,PCOM HEAT,Porites,0
8/11/2023,2:00,PCOM HEAT,Porites,0
8/11/2023,2:15,PCOM HEAT,Porites,0
8/11/2023,2:30,PCOM HEAT,Porites,0
8/11/2023,2:45,PCOM HEAT,Porites,0
8/11/2023,3:00,PCOM HEAT,Porites,0
8/11/2023,3:15,PCOM HEAT,Porites,0
8/11/2023,3:30,PCOM HEAT,Porites,0
8/11/2023,3:45,PCOM HEAT,Porites,0
8/11/2023,4:00,PCOM HEAT,Porites,0
8/11/2023,4:15,PCOM HEAT,Porites,0
8/11/2023,4:30,PCOM HEAT,Porites,0
8/11/2023,4:45,PCOM HEAT,Porites,0
8/11/2023,5:00,PCOM HEAT,Porites,0
8/11/2023,5:15,PCOM HEAT,Porites,0
8/11/2023,5:30,PCOM HEAT,Porites,0
8/11/2023,5:45,PCOM HEAT,Porites,0
8/11/2023,6:00,PCOM HEAT,Porites,0
8/11/2023,6:15,PCOM HEAT,Porites,1.2
8/11/2023,6:30,PCOM HEAT,Porites,6.4
8/11/2023,6:45,PCOM HEAT,Porites,13.2
8/11/2023,7:00,PCOM HEAT,Porites,24.1
8/11/2023,7:15,PCOM HEAT,Porites,37.9
8/11/2023,7:30,PCOM HEAT,Porites,58.3
8/11/2023,7:45,PCOM HEAT,Porites,62.6
8/11/2023,8:00,PCOM HEAT,Porites,91.7
8/11/2023,8:15,PCOM HEAT,Porites,103.4
8/11/2023,8:30,PCOM HEAT,Porites,114.3
8/11/2023,8:45,PCOM HEAT,Porites,134.4
8/11/2023,9:00,PCOM HEAT,Porites,155.3
8/11/2023,9:15,PCOM HEAT,Porites,180.6
8/11/2023,9:30,PCOM HEAT,Porites,218.8
8/11/2023,9:45,PCOM HEAT,Porites,250.3
8/11/2023,10:00,PCOM HEAT,Porites,196.4
8/11/2023,10:15,PCOM HEAT,Porites,201.7
8/11/2023,10:30,PCOM HEAT,Porites,347
8/11/2023,10:45,PCOM HEAT,Porites,401.8
8/11/2023,11:00,PCOM HEAT,Porites,298.9
8/11/2023,11:15,PCOM HEAT,Porites,141.1
8/11/2023,11:30,PCOM HEAT,Porites,214.8
8/11/2023,11:45,PCOM HEAT,Porites,301.3
8/11/2023,12:00,PCOM HEAT,Porites,314.2
8/11/2023,12:15,PCOM HEAT,Porites,342.7
8/11/2023,12:30,PCOM HEAT,Porites,329.6
8/11/2023,12:45,PCOM HEAT,Porites,329.7
8/11/2023,13:00,PCOM HEAT,Porites,319.8
8/11/2023,13:15,PCOM HEAT,Porites,325.9
8/11/2023,13:30,PCOM HEAT,Porites,316
8/11/2023,13:45,PCOM HEAT,Porites,174.3
8/11/2023,14:00,PCOM HEAT,Porites,116.6
8/11/2023,14:15,PCOM HEAT,Porites,128.8
8/11/2023,14:30,PCOM HEAT,Porites,138.5
8/11/2023,14:45,PCOM HEAT,Porites,78.7
8/11/2023,15:00,PCOM HEAT,Porites,99.3
8/11/2023,15:15,PCOM HEAT,Porites,238.4
8/11/2023,15:30,PCOM HEAT,Porites,208.2
8/11/2023,15:45,PCOM HEAT,Porites,76.6
8/11/2023,16:00,PCOM HEAT,Porites,47.9
8/11/2023,16:15,PCOM HEAT,Porites,41.9
8/11/2023,16:30,PCOM HEAT,Porites,36
8/11/2023,16:45,PCOM HEAT,Porites,28
8/11/2023,17:00,PCOM HEAT,Porites,26.6
8/11/2023,17:15,PCOM HEAT,Porites,24.5
8/11/2023,17:30,PCOM HEAT,Porites,18
8/11/2023,17:45,PCOM HEAT,Porites,13.7
8/11/2023,18:00,PCOM HEAT,Porites,17.1
8/11/2023,18:15,PCOM HEAT,Porites,11.3
8/11/2023,18:30,PCOM HEAT,Porites,8.4
8/11/2023,18:45,PCOM HEAT,Porites,5.7
8/11/2023,19:00,PCOM HEAT,Porites,3
8/11/2023,19:15,PCOM HEAT,Porites,0.9
8/11/2023,19:30,PCOM HEAT,Porites,0.1
8/11/2023,19:45,PCOM HEAT,Porites,0
8/11/2023,20:00,PCOM HEAT,Porites,0
8/11/2023,20:15,PCOM HEAT,Porites,0
8/11/2023,20:30,PCOM HEAT,Porites,0
8/11/2023,20:45,PCOM HEAT,Porites,0
8/11/2023,21:00,PCOM HEAT,Porites,0
8/11/2023,21:15,PCOM HEAT,Porites,0
8/11/2023,21:30,PCOM HEAT,Porites,0
8/11/2023,21:45,PCOM HEAT,Porites,0
8/11/2023,22:00,PCOM HEAT,Porites,0
8/11/2023,22:15,PCOM HEAT,Porites,0
8/11/2023,22:30,PCOM HEAT,Porites,0
8/11/2023,22:45,PCOM HEAT,Porites,0
8/11/2023,23:00,PCOM HEAT,Porites,0
8/11/2023,23:15,PCOM HEAT,Porites,0
8/11/2023,23:30,PCOM HEAT,Porites,0
8/11/2023,23:45,PCOM HEAT,Porites,0
8/12/2023,0:00,PCOM HEAT,Porites,0
8/12/2023,0:15,PCOM HEAT,Porites,0
8/12/2023,0:30,PCOM HEAT,Porites,0
8/12/2023,0:45,PCOM HEAT,Porites,0
8/12/2023,1:00,PCOM HEAT,Porites,0
8/12/2023,1:15,PCOM HEAT,Porites,0
8/12/2023,1:30,PCOM HEAT,Porites,0
8/12/2023,1:45,PCOM HEAT,Porites,0
8/12/2023,2:00,PCOM HEAT,Porites,0
8/12/2023,2:15,PCOM HEAT,Porites,0
8/12/2023,2:30,PCOM HEAT,Porites,0
8/12/2023,2:45,PCOM HEAT,Porites,0
8/12/2023,3:00,PCOM HEAT,Porites,0
8/12/2023,3:15,PCOM HEAT,Porites,0
8/12/2023,3:30,PCOM HEAT,Porites,0
8/12/2023,3:45,PCOM HEAT,Porites,0
8/12/2023,4:00,PCOM HEAT,Porites,0
8/12/2023,4:15,PCOM HEAT,Porites,0
8/12/2023,4:30,PCOM HEAT,Porites,0
8/12/2023,4:45,PCOM HEAT,Porites,0
8/12/2023,5:00,PCOM HEAT,Porites,0
8/12/2023,5:15,PCOM HEAT,Porites,0
8/12/2023,5:30,PCOM HEAT,Porites,0
8/12/2023,5:45,PCOM HEAT,Porites,0
8/12/2023,6:00,PCOM HEAT,Porites,0
8/12/2023,6:15,PCOM HEAT,Porites,1
8/12/2023,6:30,PCOM HEAT,Porites,4.4
8/12/2023,6:45,PCOM HEAT,Porites,13.4
8/12/2023,7:00,PCOM HEAT,Porites,20
8/12/2023,7:15,PCOM HEAT,Porites,27.4
8/12/2023,7:30,PCOM HEAT,Porites,35.1
8/12/2023,7:45,PCOM HEAT,Porites,47.5
8/12/2023,8:00,PCOM HEAT,Porites,54.2
8/12/2023,8:15,PCOM HEAT,Porites,87.1
8/12/2023,8:30,PCOM HEAT,Porites,102.6
8/12/2023,8:45,PCOM HEAT,Porites,129.1
8/12/2023,9:00,PCOM HEAT,Porites,171.6
8/12/2023,9:15,PCOM HEAT,Porites,203.6
8/12/2023,9:30,PCOM HEAT,Porites,245.5
8/12/2023,9:45,PCOM HEAT,Porites,191.7
8/12/2023,10:00,PCOM HEAT,Porites,224
8/12/2023,10:15,PCOM HEAT,Porites,235.1
8/12/2023,10:30,PCOM HEAT,Porites,298.1
8/12/2023,10:45,PCOM HEAT,Porites,330.1
8/12/2023,11:00,PCOM HEAT,Porites,302.6
8/12/2023,11:15,PCOM HEAT,Porites,181.9
8/12/2023,11:30,PCOM HEAT,Porites,209.8
8/12/2023,11:45,PCOM HEAT,Porites,326.1
8/12/2023,12:00,PCOM HEAT,Porites,294.5
8/12/2023,12:15,PCOM HEAT,Porites,370
8/12/2023,12:30,PCOM HEAT,Porites,374.2
8/12/2023,12:45,PCOM HEAT,Porites,336.6
8/12/2023,13:00,PCOM HEAT,Porites,364.3
8/12/2023,13:15,PCOM HEAT,Porites,273.4
8/12/2023,13:30,PCOM HEAT,Porites,222.6
8/12/2023,13:45,PCOM HEAT,Porites,117.1
8/12/2023,14:00,PCOM HEAT,Porites,107.9
8/12/2023,14:15,PCOM HEAT,Porites,112.7
8/12/2023,14:30,PCOM HEAT,Porites,100.1
8/12/2023,14:45,PCOM HEAT,Porites,142.3
8/12/2023,15:00,PCOM HEAT,Porites,211.4
8/12/2023,15:15,PCOM HEAT,Porites,276.2
8/12/2023,15:30,PCOM HEAT,Porites,248
8/12/2023,15:45,PCOM HEAT,Porites,66
8/12/2023,16:00,PCOM HEAT,Porites,36.3
8/12/2023,16:15,PCOM HEAT,Porites,29.6
8/12/2023,16:30,PCOM HEAT,Porites,31.3
8/12/2023,16:45,PCOM HEAT,Porites,22.2
8/12/2023,17:00,PCOM HEAT,Porites,17.3
8/12/2023,17:15,PCOM HEAT,Porites,15.4
8/12/2023,17:30,PCOM HEAT,Porites,17.7
8/12/2023,17:45,PCOM HEAT,Porites,12.5
8/12/2023,18:00,PCOM HEAT,Porites,21.5
8/12/2023,18:15,PCOM HEAT,Porites,17.8
8/12/2023,18:30,PCOM HEAT,Porites,9.9
8/12/2023,18:45,PCOM HEAT,Porites,4.9
8/12/2023,19:00,PCOM HEAT,Porites,3.1
8/12/2023,19:15,PCOM HEAT,Porites,0.8
8/12/2023,19:30,PCOM HEAT,Porites,0
8/12/2023,19:45,PCOM HEAT,Porites,0
8/12/2023,20:00,PCOM HEAT,Porites,0
8/12/2023,20:15,PCOM HEAT,Porites,0
8/12/2023,20:30,PCOM HEAT,Porites,0
8/12/2023,20:45,PCOM HEAT,Porites,0
8/12/2023,21:00,PCOM HEAT,Porites,0
8/12/2023,21:15,PCOM HEAT,Porites,0
8/12/2023,21:30,PCOM HEAT,Porites,0
8/12/2023,21:45,PCOM HEAT,Porites,0
8/12/2023,22:00,PCOM HEAT,Porites,0
8/12/2023,22:15,PCOM HEAT,Porites,0
8/12/2023,22:30,PCOM HEAT,Porites,0
8/12/2023,22:45,PCOM HEAT,Porites,0
8/12/2023,23:00,PCOM HEAT,Porites,0
8/12/2023,23:15,PCOM HEAT,Porites,0
8/12/2023,23:30,PCOM HEAT,Porites,0
8/12/2023,23:45,PCOM HEAT,Porites,0
8/13/2023,0:00,PCOM HEAT,Porites,0
8/13/2023,0:15,PCOM HEAT,Porites,0
8/13/2023,0:30,PCOM HEAT,Porites,0
8/13/2023,0:45,PCOM HEAT,Porites,0
8/13/2023,1:00,PCOM HEAT,Porites,0
8/13/2023,1:15,PCOM HEAT,Porites,0
8/13/2023,1:30,PCOM HEAT,Porites,0
8/13/2023,1:45,PCOM HEAT,Porites,0
8/13/2023,2:00,PCOM HEAT,Porites,0
8/13/2023,2:15,PCOM HEAT,Porites,0
8/13/2023,2:30,PCOM HEAT,Porites,0
8/13/2023,2:45,PCOM HEAT,Porites,0
8/13/2023,3:00,PCOM HEAT,Porites,0
8/13/2023,3:15,PCOM HEAT,Porites,0
8/13/2023,3:30,PCOM HEAT,Porites,0
8/13/2023,3:45,PCOM HEAT,Porites,0
8/13/2023,4:00,PCOM HEAT,Porites,0
8/13/2023,4:15,PCOM HEAT,Porites,0
8/13/2023,4:30,PCOM HEAT,Porites,0
8/13/2023,4:45,PCOM HEAT,Porites,0
8/13/2023,5:00,PCOM HEAT,Porites,0
8/13/2023,5:15,PCOM HEAT,Porites,0
8/13/2023,5:30,PCOM HEAT,Porites,0
8/13/2023,5:45,PCOM HEAT,Porites,0
8/13/2023,6:00,PCOM HEAT,Porites,0
8/13/2023,6:15,PCOM HEAT,Porites,1
8/13/2023,6:30,PCOM HEAT,Porites,4.3
8/13/2023,6:45,PCOM HEAT,Porites,10.6
8/13/2023,7:00,PCOM HEAT,Porites,25.3
8/13/2023,7:15,PCOM HEAT,Porites,36.4
8/13/2023,7:30,PCOM HEAT,Porites,22.5
8/13/2023,7:45,PCOM HEAT,Porites,78.6
8/13/2023,8:00,PCOM HEAT,Porites,71.2
8/13/2023,8:15,PCOM HEAT,Porites,73.2
8/13/2023,8:30,PCOM HEAT,Porites,104.4
8/13/2023,8:45,PCOM HEAT,Porites,126.9
8/13/2023,9:00,PCOM HEAT,Porites,121.6
8/13/2023,9:15,PCOM HEAT,Porites,177
8/13/2023,9:30,PCOM HEAT,Porites,177.3
8/13/2023,9:45,PCOM HEAT,Porites,252.7
8/13/2023,10:00,PCOM HEAT,Porites,218
8/13/2023,10:15,PCOM HEAT,Porites,208.1
8/13/2023,10:30,PCOM HEAT,Porites,281.4
8/13/2023,10:45,PCOM HEAT,Porites,308.1
8/13/2023,11:00,PCOM HEAT,Porites,287.2
8/13/2023,11:15,PCOM HEAT,Porites,143.9
8/13/2023,11:30,PCOM HEAT,Porites,209.8
8/13/2023,11:45,PCOM HEAT,Porites,141.9
8/13/2023,12:00,PCOM HEAT,Porites,115.7
8/13/2023,12:15,PCOM HEAT,Porites,72.6
8/13/2023,12:30,PCOM HEAT,Porites,161.5
8/13/2023,12:45,PCOM HEAT,Porites,126.1
8/13/2023,13:00,PCOM HEAT,Porites,153.8
8/13/2023,13:15,PCOM HEAT,Porites,112.1
8/13/2023,13:30,PCOM HEAT,Porites,137.8
8/13/2023,13:45,PCOM HEAT,Porites,217.1
8/13/2023,14:00,PCOM HEAT,Porites,144.2
8/13/2023,14:15,PCOM HEAT,Porites,231.9
8/13/2023,14:30,PCOM HEAT,Porites,202.2
8/13/2023,14:45,PCOM HEAT,Porites,138.6
8/13/2023,15:00,PCOM HEAT,Porites,103
8/13/2023,15:15,PCOM HEAT,Porites,126.7
8/13/2023,15:30,PCOM HEAT,Porites,178
8/13/2023,15:45,PCOM HEAT,Porites,78.6
8/13/2023,16:00,PCOM HEAT,Porites,49.3
8/13/2023,16:15,PCOM HEAT,Porites,46.9
8/13/2023,16:30,PCOM HEAT,Porites,36.8
8/13/2023,16:45,PCOM HEAT,Porites,34.1
8/13/2023,17:00,PCOM HEAT,Porites,36.6
8/13/2023,17:15,PCOM HEAT,Porites,27.3
8/13/2023,17:30,PCOM HEAT,Porites,32.5
8/13/2023,17:45,PCOM HEAT,Porites,20.8
8/13/2023,18:00,PCOM HEAT,Porites,21.7
8/13/2023,18:15,PCOM HEAT,Porites,19.8
8/13/2023,18:30,PCOM HEAT,Porites,9.8
8/13/2023,18:45,PCOM HEAT,Porites,5.2
8/13/2023,19:00,PCOM HEAT,Porites,2.6
8/13/2023,19:15,PCOM HEAT,Porites,0.6
8/13/2023,19:30,PCOM HEAT,Porites,0
8/13/2023,19:45,PCOM HEAT,Porites,0
8/13/2023,20:00,PCOM HEAT,Porites,0
8/13/2023,20:15,PCOM HEAT,Porites,0
8/13/2023,20:30,PCOM HEAT,Porites,0
8/13/2023,20:45,PCOM HEAT,Porites,0
8/13/2023,21:00,PCOM HEAT,Porites,0
8/13/2023,21:15,PCOM HEAT,Porites,0
8/13/2023,21:30,PCOM HEAT,Porites,0
8/13/2023,21:45,PCOM HEAT,Porites,0
8/13/2023,22:00,PCOM HEAT,Porites,0
8/13/2023,22:15,PCOM HEAT,Porites,0
8/13/2023,22:30,PCOM HEAT,Porites,0
8/13/2023,22:45,PCOM HEAT,Porites,0
8/13/2023,23:00,PCOM HEAT,Porites,0
8/13/2023,23:15,PCOM HEAT,Porites,0
8/13/2023,23:30,PCOM HEAT,Porites,0
8/13/2023,23:45,PCOM HEAT,Porites,0
8/14/2023,0:00,PCOM HEAT,Porites,0
8/14/2023,0:15,PCOM HEAT,Porites,0
8/14/2023,0:30,PCOM HEAT,Porites,0
8/14/2023,0:45,PCOM HEAT,Porites,0
8/14/2023,1:00,PCOM HEAT,Porites,0
8/14/2023,1:15,PCOM HEAT,Porites,0
8/14/2023,1:30,PCOM HEAT,Porites,0
8/14/2023,1:45,PCOM HEAT,Porites,0
8/14/2023,2:00,PCOM HEAT,Porites,0
8/14/2023,2:15,PCOM HEAT,Porites,0
8/14/2023,2:30,PCOM HEAT,Porites,0
8/14/2023,2:45,PCOM HEAT,Porites,0
8/14/2023,3:00,PCOM HEAT,Porites,0
8/14/2023,3:15,PCOM HEAT,Porites,0
8/14/2023,3:30,PCOM HEAT,Porites,0
8/14/2023,3:45,PCOM HEAT,Porites,0
8/14/2023,4:00,PCOM HEAT,Porites,0
8/14/2023,4:15,PCOM HEAT,Porites,0
8/14/2023,4:30,PCOM HEAT,Porites,0
8/14/2023,4:45,PCOM HEAT,Porites,0
8/14/2023,5:00,PCOM HEAT,Porites,0
8/14/2023,5:15,PCOM HEAT,Porites,0
8/14/2023,5:30,PCOM HEAT,Porites,0
8/14/2023,5:45,PCOM HEAT,Porites,0
8/14/2023,6:00,PCOM HEAT,Porites,0
8/14/2023,6:15,PCOM HEAT,Porites,0
8/14/2023,6:30,PCOM HEAT,Porites,1
8/14/2023,6:45,PCOM HEAT,Porites,1.2
8/14/2023,7:00,PCOM HEAT,Porites,3.6
8/14/2023,7:15,PCOM HEAT,Porites,3.8
8/14/2023,7:30,PCOM HEAT,Porites,8
8/14/2023,7:45,PCOM HEAT,Porites,10.9
8/14/2023,8:00,PCOM HEAT,Porites,12.9
8/14/2023,8:15,PCOM HEAT,Porites,8.3
8/14/2023,8:30,PCOM HEAT,Porites,11.3
8/14/2023,8:45,PCOM HEAT,Porites,21.1
8/14/2023,9:00,PCOM HEAT,Porites,24.5
8/14/2023,9:15,PCOM HEAT,Porites,17.8
8/14/2023,9:30,PCOM HEAT,Porites,24.8
8/14/2023,9:45,PCOM HEAT,Porites,32.5
8/14/2023,10:00,PCOM HEAT,Porites,115.5
8/14/2023,10:15,PCOM HEAT,Porites,255.5
8/14/2023,10:30,PCOM HEAT,Porites,247.3
8/14/2023,10:45,PCOM HEAT,Porites,484.2
8/14/2023,11:00,PCOM HEAT,Porites,559.1
8/14/2023,11:15,PCOM HEAT,Porites,165.9
8/14/2023,11:30,PCOM HEAT,Porites,145
8/14/2023,11:45,PCOM HEAT,Porites,108
8/14/2023,12:00,PCOM HEAT,Porites,263
8/14/2023,12:15,PCOM HEAT,Porites,303.9
8/14/2023,12:30,PCOM HEAT,Porites,137.5
8/14/2023,12:45,PCOM HEAT,Porites,81.5
8/14/2023,13:00,PCOM HEAT,Porites,123.1
8/14/2023,13:15,PCOM HEAT,Porites,83.5
8/14/2023,13:30,PCOM HEAT,Porites,67.2
8/14/2023,13:45,PCOM HEAT,Porites,78.7
8/14/2023,14:00,PCOM HEAT,Porites,76.1
8/14/2023,14:15,PCOM HEAT,Porites,69.5
8/14/2023,14:30,PCOM HEAT,Porites,86.6
8/14/2023,14:45,PCOM HEAT,Porites,142.7
8/14/2023,15:00,PCOM HEAT,Porites,111.6
8/14/2023,15:15,PCOM HEAT,Porites,196.8
8/14/2023,15:30,PCOM HEAT,Porites,138.2
8/14/2023,15:45,PCOM HEAT,Porites,67.1
8/14/2023,16:00,PCOM HEAT,Porites,32
8/14/2023,16:15,PCOM HEAT,Porites,30.7
8/14/2023,16:30,PCOM HEAT,Porites,32.7
8/14/2023,16:45,PCOM HEAT,Porites,42.4
8/14/2023,17:00,PCOM HEAT,Porites,41.8
8/14/2023,17:15,PCOM HEAT,Porites,46
8/14/2023,17:30,PCOM HEAT,Porites,21.6
8/14/2023,17:45,PCOM HEAT,Porites,13.7
8/14/2023,18:00,PCOM HEAT,Porites,9.7
8/14/2023,18:15,PCOM HEAT,Porites,13.4
8/14/2023,18:30,PCOM HEAT,Porites,13.9
8/14/2023,18:45,PCOM HEAT,Porites,6.9
8/14/2023,19:00,PCOM HEAT,Porites,3.1
8/14/2023,19:15,PCOM HEAT,Porites,0.7
8/14/2023,19:30,PCOM HEAT,Porites,0
8/14/2023,19:45,PCOM HEAT,Porites,0
8/14/2023,20:00,PCOM HEAT,Porites,0
8/14/2023,20:15,PCOM HEAT,Porites,0
8/14/2023,20:30,PCOM HEAT,Porites,0
8/14/2023,20:45,PCOM HEAT,Porites,0
8/14/2023,21:00,PCOM HEAT,Porites,0
8/14/2023,21:15,PCOM HEAT,Porites,0
8/14/2023,21:30,PCOM HEAT,Porites,0
8/14/2023,21:45,PCOM HEAT,Porites,0
8/14/2023,22:00,PCOM HEAT,Porites,0
8/14/2023,22:15,PCOM HEAT,Porites,0
8/14/2023,22:30,PCOM HEAT,Porites,0
8/14/2023,22:45,PCOM HEAT,Porites,0
8/14/2023,23:00,PCOM HEAT,Porites,0
8/14/2023,23:15,PCOM HEAT,Porites,0
8/14/2023,23:30,PCOM HEAT,Porites,0
8/14/2023,23:45,PCOM HEAT,Porites,0
8/15/2023,0:00,PCOM HEAT,Porites,0
8/15/2023,0:15,PCOM HEAT,Porites,0
8/15/2023,0:30,PCOM HEAT,Porites,0
8/15/2023,0:45,PCOM HEAT,Porites,0
8/15/2023,1:00,PCOM HEAT,Porites,0
8/15/2023,1:15,PCOM HEAT,Porites,0
8/15/2023,1:30,PCOM HEAT,Porites,0
8/15/2023,1:45,PCOM HEAT,Porites,0
8/15/2023,2:00,PCOM HEAT,Porites,0
8/15/2023,2:15,PCOM HEAT,Porites,0
8/15/2023,2:30,PCOM HEAT,Porites,0
8/15/2023,2:45,PCOM HEAT,Porites,0
8/15/2023,3:00,PCOM HEAT,Porites,0
8/15/2023,3:15,PCOM HEAT,Porites,0
8/15/2023,3:30,PCOM HEAT,Porites,0
8/15/2023,3:45,PCOM HEAT,Porites,0
8/15/2023,4:00,PCOM HEAT,Porites,0
8/15/2023,4:15,PCOM HEAT,Porites,0
8/15/2023,4:30,PCOM HEAT,Porites,0
8/15/2023,4:45,PCOM HEAT,Porites,0
8/15/2023,5:00,PCOM HEAT,Porites,0
8/15/2023,5:15,PCOM HEAT,Porites,0
8/15/2023,5:30,PCOM HEAT,Porites,0
8/15/2023,5:45,PCOM HEAT,Porites,0
8/15/2023,6:00,PCOM HEAT,Porites,0
8/15/2023,6:15,PCOM HEAT,Porites,0.9
8/15/2023,6:30,PCOM HEAT,Porites,5
8/15/2023,6:45,PCOM HEAT,Porites,18
8/15/2023,7:00,PCOM HEAT,Porites,29.2
8/15/2023,7:15,PCOM HEAT,Porites,40.3
8/15/2023,7:30,PCOM HEAT,Porites,43.9
8/15/2023,7:45,PCOM HEAT,Porites,59.7
8/15/2023,8:00,PCOM HEAT,Porites,77.2
8/15/2023,8:15,PCOM HEAT,Porites,126.1
8/15/2023,8:30,PCOM HEAT,Porites,120.2
8/15/2023,8:45,PCOM HEAT,Porites,190.4
8/15/2023,9:00,PCOM HEAT,Porites,184.5
8/15/2023,9:15,PCOM HEAT,Porites,226.4
8/15/2023,9:30,PCOM HEAT,Porites,202
8/15/2023,9:45,PCOM HEAT,Porites,361.5
8/15/2023,10:00,PCOM HEAT,Porites,400.5
8/15/2023,10:15,PCOM HEAT,Porites,320.3
8/15/2023,10:30,PCOM HEAT,Porites,781.7
8/15/2023,10:45,PCOM HEAT,Porites,670.6
8/15/2023,11:00,PCOM HEAT,Porites,176.2
8/15/2023,11:15,PCOM HEAT,Porites,182.9
8/15/2023,11:30,PCOM HEAT,Porites,311.5
8/15/2023,11:45,PCOM HEAT,Porites,413.5
8/15/2023,12:00,PCOM HEAT,Porites,163
8/15/2023,12:15,PCOM HEAT,Porites,203
8/15/2023,12:30,PCOM HEAT,Porites,119.2
8/15/2023,12:45,PCOM HEAT,Porites,332.1
8/15/2023,13:00,PCOM HEAT,Porites,102.7
8/15/2023,13:15,PCOM HEAT,Porites,119.4
8/15/2023,13:30,PCOM HEAT,Porites,90.1
8/15/2023,13:45,PCOM HEAT,Porites,60
8/15/2023,14:00,PCOM HEAT,Porites,282.5
8/15/2023,14:15,PCOM HEAT,Porites,226.9
8/15/2023,14:30,PCOM HEAT,Porites,88.7
8/15/2023,14:45,PCOM HEAT,Porites,191.2
8/15/2023,15:00,PCOM HEAT,Porites,188.4
8/15/2023,15:15,PCOM HEAT,Porites,182.4
8/15/2023,15:30,PCOM HEAT,Porites,170.5
8/15/2023,15:45,PCOM HEAT,Porites,72.8
8/15/2023,16:00,PCOM HEAT,Porites,44.6
8/15/2023,16:15,PCOM HEAT,Porites,42.7
8/15/2023,16:30,PCOM HEAT,Porites,44.9
8/15/2023,16:45,PCOM HEAT,Porites,46.9
8/15/2023,17:00,PCOM HEAT,Porites,39.4
8/15/2023,17:15,PCOM HEAT,Porites,32.1
8/15/2023,17:30,PCOM HEAT,Porites,25
8/15/2023,17:45,PCOM HEAT,Porites,20.1
8/15/2023,18:00,PCOM HEAT,Porites,20.6
8/15/2023,18:15,PCOM HEAT,Porites,12.9
8/15/2023,18:30,PCOM HEAT,Porites,13.4
8/15/2023,18:45,PCOM HEAT,Porites,8.6
8/15/2023,19:00,PCOM HEAT,Porites,2.8
8/15/2023,19:15,PCOM HEAT,Porites,0.7
8/15/2023,19:30,PCOM HEAT,Porites,0
8/15/2023,19:45,PCOM HEAT,Porites,0
8/15/2023,20:00,PCOM HEAT,Porites,0
8/15/2023,20:15,PCOM HEAT,Porites,0
8/15/2023,20:30,PCOM HEAT,Porites,0
8/15/2023,20:45,PCOM HEAT,Porites,0
8/15/2023,21:00,PCOM HEAT,Porites,0
8/15/2023,21:15,PCOM HEAT,Porites,0
8/15/2023,21:30,PCOM HEAT,Porites,0
8/15/2023,21:45,PCOM HEAT,Porites,0
8/15/2023,22:00,PCOM HEAT,Porites,0
8/15/2023,22:15,PCOM HEAT,Porites,0
8/15/2023,22:30,PCOM HEAT,Porites,0
8/15/2023,22:45,PCOM HEAT,Porites,0
8/15/2023,23:00,PCOM HEAT,Porites,0
8/15/2023,23:15,PCOM HEAT,Porites,0
8/15/2023,23:30,PCOM HEAT,Porites,0
8/15/2023,23:45,PCOM HEAT,Porites,0
8/16/2023,0:00,PCOM HEAT,Porites,0
8/16/2023,0:15,PCOM HEAT,Porites,0
8/16/2023,0:30,PCOM HEAT,Porites,0
8/16/2023,0:45,PCOM HEAT,Porites,0
8/16/2023,1:00,PCOM HEAT,Porites,0
8/16/2023,1:15,PCOM HEAT,Porites,0
8/16/2023,1:30,PCOM HEAT,Porites,0
8/16/2023,1:45,PCOM HEAT,Porites,0
8/16/2023,2:00,PCOM HEAT,Porites,0
8/16/2023,2:15,PCOM HEAT,Porites,0
8/16/2023,2:30,PCOM HEAT,Porites,0
8/16/2023,2:45,PCOM HEAT,Porites,0
8/16/2023,3:00,PCOM HEAT,Porites,0
8/16/2023,3:15,PCOM HEAT,Porites,0
8/16/2023,3:30,PCOM HEAT,Porites,0
8/16/2023,3:45,PCOM HEAT,Porites,0
8/16/2023,4:00,PCOM HEAT,Porites,0
8/16/2023,4:15,PCOM HEAT,Porites,0
8/16/2023,4:30,PCOM HEAT,Porites,0
8/16/2023,4:45,PCOM HEAT,Porites,0
8/16/2023,5:00,PCOM HEAT,Porites,0
8/16/2023,5:15,PCOM HEAT,Porites,0
8/16/2023,5:30,PCOM HEAT,Porites,0
8/16/2023,5:45,PCOM HEAT,Porites,0
8/16/2023,6:00,PCOM HEAT,Porites,0
8/16/2023,6:15,PCOM HEAT,Porites,0.3
8/16/2023,6:30,PCOM HEAT,Porites,3.2
8/16/2023,6:45,PCOM HEAT,Porites,6.6
8/16/2023,7:00,PCOM HEAT,Porites,10
8/16/2023,7:15,PCOM HEAT,Porites,20.6
8/16/2023,7:30,PCOM HEAT,Porites,24.5
8/16/2023,7:45,PCOM HEAT,Porites,40.6
8/16/2023,8:00,PCOM HEAT,Porites,57.7
8/16/2023,8:15,PCOM HEAT,Porites,43.1
8/16/2023,8:30,PCOM HEAT,Porites,92.5
8/16/2023,8:45,PCOM HEAT,Porites,84
8/16/2023,9:00,PCOM HEAT,Porites,72.3
8/16/2023,9:15,PCOM HEAT,Porites,98.7
8/16/2023,9:30,PCOM HEAT,Porites,145.1
8/16/2023,9:45,PCOM HEAT,Porites,163.2
8/16/2023,10:00,PCOM HEAT,Porites,193.2
8/16/2023,10:15,PCOM HEAT,Porites,215.6
8/16/2023,10:30,PCOM HEAT,Porites,254.8
8/16/2023,10:45,PCOM HEAT,Porites,182.2
8/16/2023,11:00,PCOM HEAT,Porites,136.9
8/16/2023,11:15,PCOM HEAT,Porites,167.3
8/16/2023,11:30,PCOM HEAT,Porites,213.8
8/16/2023,11:45,PCOM HEAT,Porites,248.4
8/16/2023,12:00,PCOM HEAT,Porites,212.1
8/16/2023,12:15,PCOM HEAT,Porites,322.8
8/16/2023,12:30,PCOM HEAT,Porites,235
8/16/2023,12:45,PCOM HEAT,Porites,343.2
8/16/2023,13:00,PCOM HEAT,Porites,313.3
8/16/2023,13:15,PCOM HEAT,Porites,308.6
8/16/2023,13:30,PCOM HEAT,Porites,324.7
8/16/2023,13:45,PCOM HEAT,Porites,343.5
8/16/2023,14:00,PCOM HEAT,Porites,260.6
8/16/2023,14:15,PCOM HEAT,Porites,261.2
8/16/2023,14:30,PCOM HEAT,Porites,257.4
8/16/2023,14:45,PCOM HEAT,Porites,161.3
8/16/2023,15:00,PCOM HEAT,Porites,94.5
8/16/2023,15:15,PCOM HEAT,Porites,105.2
8/16/2023,15:30,PCOM HEAT,Porites,170.6
8/16/2023,15:45,PCOM HEAT,Porites,65.3
8/16/2023,16:00,PCOM HEAT,Porites,47.1
8/16/2023,16:15,PCOM HEAT,Porites,45.6
8/16/2023,16:30,PCOM HEAT,Porites,37
8/16/2023,16:45,PCOM HEAT,Porites,27.8
8/16/2023,17:00,PCOM HEAT,Porites,25.4
8/16/2023,17:15,PCOM HEAT,Porites,20.1
8/16/2023,17:30,PCOM HEAT,Porites,20.9
8/16/2023,17:45,PCOM HEAT,Porites,21
8/16/2023,18:00,PCOM HEAT,Porites,20.1
8/16/2023,18:15,PCOM HEAT,Porites,15.7
8/16/2023,18:30,PCOM HEAT,Porites,13.6
8/16/2023,18:45,PCOM HEAT,Porites,8.7
8/16/2023,19:00,PCOM HEAT,Porites,3.2
8/16/2023,19:15,PCOM HEAT,Porites,0.6
8/16/2023,19:30,PCOM HEAT,Porites,0
8/16/2023,19:45,PCOM HEAT,Porites,0
8/16/2023,20:00,PCOM HEAT,Porites,0
8/16/2023,20:15,PCOM HEAT,Porites,0
8/16/2023,20:30,PCOM HEAT,Porites,0
8/16/2023,20:45,PCOM HEAT,Porites,0
8/16/2023,21:00,PCOM HEAT,Porites,0
8/16/2023,21:15,PCOM HEAT,Porites,0
8/16/2023,21:30,PCOM HEAT,Porites,0
8/16/2023,21:45,PCOM HEAT,Porites,0
8/16/2023,22:00,PCOM HEAT,Porites,0
8/16/2023,22:15,PCOM HEAT,Porites,0
8/16/2023,22:30,PCOM HEAT,Porites,0
8/16/2023,22:45,PCOM HEAT,Porites,0
8/16/2023,23:00,PCOM HEAT,Porites,0
8/16/2023,23:15,PCOM HEAT,Porites,0
8/16/2023,23:30,PCOM HEAT,Porites,0
8/16/2023,23:45,PCOM HEAT,Porites,0
8/17/2023,0:00,PCOM HEAT,Porites,0
8/17/2023,0:15,PCOM HEAT,Porites,0
8/17/2023,0:30,PCOM HEAT,Porites,0
8/17/2023,0:45,PCOM HEAT,Porites,0
8/17/2023,1:00,PCOM HEAT,Porites,0
8/17/2023,1:15,PCOM HEAT,Porites,0
8/17/2023,1:30,PCOM HEAT,Porites,0
8/17/2023,1:45,PCOM HEAT,Porites,0
8/17/2023,2:00,PCOM HEAT,Porites,0
8/17/2023,2:15,PCOM HEAT,Porites,0
8/17/2023,2:30,PCOM HEAT,Porites,0
8/17/2023,2:45,PCOM HEAT,Porites,0
8/17/2023,3:00,PCOM HEAT,Porites,0
8/17/2023,3:15,PCOM HEAT,Porites,0
8/17/2023,3:30,PCOM HEAT,Porites,0
8/17/2023,3:45,PCOM HEAT,Porites,0
8/17/2023,4:00,PCOM HEAT,Porites,0
8/17/2023,4:15,PCOM HEAT,Porites,0
8/17/2023,4:30,PCOM HEAT,Porites,0
8/17/2023,4:45,PCOM HEAT,Porites,0
8/17/2023,5:00,PCOM HEAT,Porites,0
8/17/2023,5:15,PCOM HEAT,Porites,0
8/17/2023,5:30,PCOM HEAT,Porites,0
8/17/2023,5:45,PCOM HEAT,Porites,0
8/17/2023,6:00,PCOM HEAT,Porites,0
8/17/2023,6:15,PCOM HEAT,Porites,0.4
8/17/2023,6:30,PCOM HEAT,Porites,4
8/17/2023,6:45,PCOM HEAT,Porites,8.6
8/17/2023,7:00,PCOM HEAT,Porites,12.6
8/17/2023,7:15,PCOM HEAT,Porites,31
8/17/2023,7:30,PCOM HEAT,Porites,40.2
8/17/2023,7:45,PCOM HEAT,Porites,38.3
8/17/2023,8:00,PCOM HEAT,Porites,71.2
8/17/2023,8:15,PCOM HEAT,Porites,158.8
8/17/2023,8:30,PCOM HEAT,Porites,160.2
8/17/2023,8:45,PCOM HEAT,Porites,144
8/17/2023,9:00,PCOM HEAT,Porites,141.8
8/17/2023,9:15,PCOM HEAT,Porites,242.7
8/17/2023,9:30,PCOM HEAT,Porites,144.6
8/17/2023,9:45,PCOM HEAT,Porites,142.8
8/17/2023,10:00,PCOM HEAT,Porites,255.1
8/17/2023,10:15,PCOM HEAT,Porites,533.1
8/17/2023,10:30,PCOM HEAT,Porites,468.2
8/17/2023,10:45,PCOM HEAT,Porites,264.4
8/17/2023,11:00,PCOM HEAT,Porites,203.5
8/17/2023,11:15,PCOM HEAT,Porites,135.3
8/17/2023,11:30,PCOM HEAT,Porites,95.6
8/17/2023,11:45,PCOM HEAT,Porites,159.1
8/17/2023,12:00,PCOM HEAT,Porites,291
8/17/2023,12:15,PCOM HEAT,Porites,389.1
8/17/2023,12:30,PCOM HEAT,Porites,391.3
8/17/2023,12:45,PCOM HEAT,Porites,339.4
8/17/2023,13:00,PCOM HEAT,Porites,264.7
8/17/2023,13:15,PCOM HEAT,Porites,172.6
8/17/2023,13:30,PCOM HEAT,Porites,141.6
8/17/2023,13:45,PCOM HEAT,Porites,77.3
8/17/2023,14:00,PCOM HEAT,Porites,91
8/17/2023,14:15,PCOM HEAT,Porites,111.2
8/17/2023,14:30,PCOM HEAT,Porites,56.2
8/17/2023,14:45,PCOM HEAT,Porites,82.5
8/17/2023,15:00,PCOM HEAT,Porites,94.8
8/17/2023,15:15,PCOM HEAT,Porites,86.6
8/17/2023,15:30,PCOM HEAT,Porites,188.9
8/17/2023,15:45,PCOM HEAT,Porites,59.8
8/17/2023,16:00,PCOM HEAT,Porites,41.6
8/17/2023,16:15,PCOM HEAT,Porites,44.8
8/17/2023,16:30,PCOM HEAT,Porites,32.5
8/17/2023,16:45,PCOM HEAT,Porites,34.5
8/17/2023,17:00,PCOM HEAT,Porites,21.3
8/17/2023,17:15,PCOM HEAT,Porites,19.1
8/17/2023,17:30,PCOM HEAT,Porites,17.9
8/17/2023,17:45,PCOM HEAT,Porites,18.2
8/17/2023,18:00,PCOM HEAT,Porites,16.8
8/17/2023,18:15,PCOM HEAT,Porites,15.9
8/17/2023,18:30,PCOM HEAT,Porites,10.8
8/17/2023,18:45,PCOM HEAT,Porites,4.4
8/17/2023,19:00,PCOM HEAT,Porites,2.3
8/17/2023,19:15,PCOM HEAT,Porites,0.5
8/17/2023,19:30,PCOM HEAT,Porites,0
8/17/2023,19:45,PCOM HEAT,Porites,0
8/17/2023,20:00,PCOM HEAT,Porites,0
8/17/2023,20:15,PCOM HEAT,Porites,0
8/17/2023,20:30,PCOM HEAT,Porites,0
8/17/2023,20:45,PCOM HEAT,Porites,0
8/17/2023,21:00,PCOM HEAT,Porites,0
8/17/2023,21:15,PCOM HEAT,Porites,0
8/17/2023,21:30,PCOM HEAT,Porites,0
8/17/2023,21:45,PCOM HEAT,Porites,0
8/17/2023,22:00,PCOM HEAT,Porites,0
8/17/2023,22:15,PCOM HEAT,Porites,0
8/17/2023,22:30,PCOM HEAT,Porites,0
8/17/2023,22:45,PCOM HEAT,Porites,0
8/17/2023,23:00,PCOM HEAT,Porites,0
8/17/2023,23:15,PCOM HEAT,Porites,0
8/17/2023,23:30,PCOM HEAT,Porites,0
8/17/2023,23:45,PCOM HEAT,Porites,0
8/18/2023,0:00,PCOM HEAT,Porites,0
8/18/2023,0:15,PCOM HEAT,Porites,0
8/18/2023,0:30,PCOM HEAT,Porites,0
8/18/2023,0:45,PCOM HEAT,Porites,0
8/18/2023,1:00,PCOM HEAT,Porites,0
8/18/2023,1:15,PCOM HEAT,Porites,0
8/18/2023,1:30,PCOM HEAT,Porites,0
8/18/2023,1:45,PCOM HEAT,Porites,0
8/18/2023,2:00,PCOM HEAT,Porites,0
8/18/2023,2:15,PCOM HEAT,Porites,0
8/18/2023,2:30,PCOM HEAT,Porites,0
8/18/2023,2:45,PCOM HEAT,Porites,0
8/18/2023,3:00,PCOM HEAT,Porites,0
8/18/2023,3:15,PCOM HEAT,Porites,0
8/18/2023,3:30,PCOM HEAT,Porites,0
8/18/2023,3:45,PCOM HEAT,Porites,0
8/18/2023,4:00,PCOM HEAT,Porites,0
8/18/2023,4:15,PCOM HEAT,Porites,0
8/18/2023,4:30,PCOM HEAT,Porites,0
8/18/2023,4:45,PCOM HEAT,Porites,0
8/18/2023,5:00,PCOM HEAT,Porites,0
8/18/2023,5:15,PCOM HEAT,Porites,0
8/18/2023,5:30,PCOM HEAT,Porites,0
8/18/2023,5:45,PCOM HEAT,Porites,0
8/18/2023,6:00,PCOM HEAT,Porites,0
8/18/2023,6:15,PCOM HEAT,Porites,0.9
8/18/2023,6:30,PCOM HEAT,Porites,3.4
8/18/2023,6:45,PCOM HEAT,Porites,7.9
8/18/2023,7:00,PCOM HEAT,Porites,38.6
8/18/2023,7:15,PCOM HEAT,Porites,48
8/18/2023,7:30,PCOM HEAT,Porites,72.7
8/18/2023,7:45,PCOM HEAT,Porites,110.2
8/18/2023,8:00,PCOM HEAT,Porites,154.5
8/18/2023,8:15,PCOM HEAT,Porites,143.3
8/18/2023,8:30,PCOM HEAT,Porites,72.1
8/18/2023,8:45,PCOM HEAT,Porites,141.3
8/18/2023,9:00,PCOM HEAT,Porites,123.2
8/18/2023,9:15,PCOM HEAT,Porites,145.5
8/18/2023,9:30,PCOM HEAT,Porites,56.5
8/18/2023,9:45,PCOM HEAT,Porites,48.9
8/18/2023,10:00,PCOM HEAT,Porites,153
8/18/2023,10:15,PCOM HEAT,Porites,278.2
8/18/2023,10:30,PCOM HEAT,Porites,591.5
8/18/2023,10:45,PCOM HEAT,Porites,708.2
8/18/2023,11:00,PCOM HEAT,Porites,319
8/18/2023,11:15,PCOM HEAT,Porites,159
8/18/2023,11:30,PCOM HEAT,Porites,133.2
8/18/2023,11:45,PCOM HEAT,Porites,236.6
8/18/2023,12:00,PCOM HEAT,Porites,354.5
8/18/2023,12:15,PCOM HEAT,Porites,366.6
8/18/2023,12:30,PCOM HEAT,Porites,296.5
8/18/2023,12:45,PCOM HEAT,Porites,306.3
8/18/2023,13:00,PCOM HEAT,Porites,205.8
8/18/2023,13:15,PCOM HEAT,Porites,229.2
8/18/2023,13:30,PCOM HEAT,Porites,334.8
8/18/2023,13:45,PCOM HEAT,Porites,300
8/18/2023,14:00,PCOM HEAT,Porites,318.6
8/18/2023,14:15,PCOM HEAT,Porites,300.7
8/18/2023,14:30,PCOM HEAT,Porites,281.7
8/18/2023,14:45,PCOM HEAT,Porites,263.5
8/18/2023,15:00,PCOM HEAT,Porites,202.9
8/18/2023,15:15,PCOM HEAT,Porites,242.3
8/18/2023,15:30,PCOM HEAT,Porites,176.9
8/18/2023,15:45,PCOM HEAT,Porites,42.5
8/18/2023,16:00,PCOM HEAT,Porites,43
8/18/2023,16:15,PCOM HEAT,Porites,35.5
8/18/2023,16:30,PCOM HEAT,Porites,29.4
8/18/2023,16:45,PCOM HEAT,Porites,31.7
8/18/2023,17:00,PCOM HEAT,Porites,23.3
8/18/2023,17:15,PCOM HEAT,Porites,22.7
8/18/2023,17:30,PCOM HEAT,Porites,20
8/18/2023,17:45,PCOM HEAT,Porites,14.4
8/18/2023,18:00,PCOM HEAT,Porites,9.5
8/18/2023,18:15,PCOM HEAT,Porites,8.1
8/18/2023,18:30,PCOM HEAT,Porites,6.8
8/18/2023,18:45,PCOM HEAT,Porites,6.3
8/18/2023,19:00,PCOM HEAT,Porites,2.2
8/18/2023,19:15,PCOM HEAT,Porites,0.4
8/18/2023,19:30,PCOM HEAT,Porites,0
8/18/2023,19:45,PCOM HEAT,Porites,0
8/18/2023,20:00,PCOM HEAT,Porites,0
8/18/2023,20:15,PCOM HEAT,Porites,0
8/18/2023,20:30,PCOM HEAT,Porites,0
8/18/2023,20:45,PCOM HEAT,Porites,0
8/18/2023,21:00,PCOM HEAT,Porites,0
8/18/2023,21:15,PCOM HEAT,Porites,0
8/18/2023,21:30,PCOM HEAT,Porites,0
8/18/2023,21:45,PCOM HEAT,Porites,0
8/18/2023,22:00,PCOM HEAT,Porites,0
8/18/2023,22:15,PCOM HEAT,Porites,0
8/18/2023,22:30,PCOM HEAT,Porites,0
8/18/2023,22:45,PCOM HEAT,Porites,0
8/18/2023,23:00,PCOM HEAT,Porites,0
8/18/2023,23:15,PCOM HEAT,Porites,0
8/18/2023,23:30,PCOM HEAT,Porites,0
8/18/2023,23:45,PCOM HEAT,Porites,0
8/19/2023,0:00,PCOM HEAT,Porites,0
8/19/2023,0:15,PCOM HEAT,Porites,0
8/19/2023,0:30,PCOM HEAT,Porites,0
8/19/2023,0:45,PCOM HEAT,Porites,0
8/19/2023,1:00,PCOM HEAT,Porites,0
8/19/2023,1:15,PCOM HEAT,Porites,0
8/19/2023,1:30,PCOM HEAT,Porites,0
8/19/2023,1:45,PCOM HEAT,Porites,0
8/19/2023,2:00,PCOM HEAT,Porites,0
8/19/2023,2:15,PCOM HEAT,Porites,0
8/19/2023,2:30,PCOM HEAT,Porites,0
8/19/2023,2:45,PCOM HEAT,Porites,0
8/19/2023,3:00,PCOM HEAT,Porites,0
8/19/2023,3:15,PCOM HEAT,Porites,0
8/19/2023,3:30,PCOM HEAT,Porites,0
8/19/2023,3:45,PCOM HEAT,Porites,0
8/19/2023,4:00,PCOM HEAT,Porites,0
8/19/2023,4:15,PCOM HEAT,Porites,0
8/19/2023,4:30,PCOM HEAT,Porites,0
8/19/2023,4:45,PCOM HEAT,Porites,0
8/19/2023,5:00,PCOM HEAT,Porites,0
8/19/2023,5:15,PCOM HEAT,Porites,0
8/19/2023,5:30,PCOM HEAT,Porites,0
8/19/2023,5:45,PCOM HEAT,Porites,0
8/19/2023,6:00,PCOM HEAT,Porites,0
8/19/2023,6:15,PCOM HEAT,Porites,0.8
8/19/2023,6:30,PCOM HEAT,Porites,4.8
8/19/2023,6:45,PCOM HEAT,Porites,12.5
8/19/2023,7:00,PCOM HEAT,Porites,25.9
8/19/2023,7:15,PCOM HEAT,Porites,22.4
8/19/2023,7:30,PCOM HEAT,Porites,57.2
8/19/2023,7:45,PCOM HEAT,Porites,58.7
8/19/2023,8:00,PCOM HEAT,Porites,102.5
8/19/2023,8:15,PCOM HEAT,Porites,77.3
8/19/2023,8:30,PCOM HEAT,Porites,58.7
8/19/2023,8:45,PCOM HEAT,Porites,69.7
8/19/2023,9:00,PCOM HEAT,Porites,75.3
8/19/2023,9:15,PCOM HEAT,Porites,65.3
8/19/2023,9:30,PCOM HEAT,Porites,79.5
8/19/2023,9:45,PCOM HEAT,Porites,115
8/19/2023,10:00,PCOM HEAT,Porites,223.7
8/19/2023,10:15,PCOM HEAT,Porites,554.5
8/19/2023,10:30,PCOM HEAT,Porites,907.8
8/19/2023,10:45,PCOM HEAT,Porites,588.6
8/19/2023,11:00,PCOM HEAT,Porites,100.9
8/19/2023,11:15,PCOM HEAT,Porites,157
8/19/2023,11:30,PCOM HEAT,Porites,139.2
8/19/2023,11:45,PCOM HEAT,Porites,211.8
8/19/2023,12:00,PCOM HEAT,Porites,335.2
8/19/2023,12:15,PCOM HEAT,Porites,326.8
8/19/2023,12:30,PCOM HEAT,Porites,218.7
8/19/2023,12:45,PCOM HEAT,Porites,239.3
8/19/2023,13:00,PCOM HEAT,Porites,235
8/19/2023,13:15,PCOM HEAT,Porites,196.4
8/19/2023,13:30,PCOM HEAT,Porites,118.1
8/19/2023,13:45,PCOM HEAT,Porites,141.6
8/19/2023,14:00,PCOM HEAT,Porites,141.7
8/19/2023,14:15,PCOM HEAT,Porites,127
8/19/2023,14:30,PCOM HEAT,Porites,91.1
8/19/2023,14:45,PCOM HEAT,Porites,103.7
8/19/2023,15:00,PCOM HEAT,Porites,84.3
8/19/2023,15:15,PCOM HEAT,Porites,83.2
8/19/2023,15:30,PCOM HEAT,Porites,90.3
8/19/2023,15:45,PCOM HEAT,Porites,34.3
8/19/2023,16:00,PCOM HEAT,Porites,23.2
8/19/2023,16:15,PCOM HEAT,Porites,18.8
8/19/2023,16:30,PCOM HEAT,Porites,14.3
8/19/2023,16:45,PCOM HEAT,Porites,14
8/19/2023,17:00,PCOM HEAT,Porites,11.6
8/19/2023,17:15,PCOM HEAT,Porites,9.7
8/19/2023,17:30,PCOM HEAT,Porites,8.6
8/19/2023,17:45,PCOM HEAT,Porites,10.8
8/19/2023,18:00,PCOM HEAT,Porites,10.2
8/19/2023,18:15,PCOM HEAT,Porites,8.7
8/19/2023,18:30,PCOM HEAT,Porites,6.8
8/19/2023,18:45,PCOM HEAT,Porites,4.2
8/19/2023,19:00,PCOM HEAT,Porites,1.8
8/19/2023,19:15,PCOM HEAT,Porites,0.3
8/19/2023,19:30,PCOM HEAT,Porites,0
8/19/2023,19:45,PCOM HEAT,Porites,0
8/19/2023,20:00,PCOM HEAT,Porites,0
8/19/2023,20:15,PCOM HEAT,Porites,0
8/19/2023,20:30,PCOM HEAT,Porites,0
8/19/2023,20:45,PCOM HEAT,Porites,0
8/19/2023,21:00,PCOM HEAT,Porites,0
8/19/2023,21:15,PCOM HEAT,Porites,0
8/19/2023,21:30,PCOM HEAT,Porites,0
8/19/2023,21:45,PCOM HEAT,Porites,0
8/19/2023,22:00,PCOM HEAT,Porites,0
8/19/2023,22:15,PCOM HEAT,Porites,0
8/19/2023,22:30,PCOM HEAT,Porites,0
8/19/2023,22:45,PCOM HEAT,Porites,0
8/19/2023,23:00,PCOM HEAT,Porites,0
8/19/2023,23:15,PCOM HEAT,Porites,0
8/19/2023,23:30,PCOM HEAT,Porites,0
8/19/2023,23:45,PCOM HEAT,Porites,0
8/20/2023,0:00,PCOM HEAT,Porites,0
8/20/2023,0:15,PCOM HEAT,Porites,0
8/20/2023,0:30,PCOM HEAT,Porites,0
8/20/2023,0:45,PCOM HEAT,Porites,0
8/20/2023,1:00,PCOM HEAT,Porites,0
8/20/2023,1:15,PCOM HEAT,Porites,0
8/20/2023,1:30,PCOM HEAT,Porites,0
8/20/2023,1:45,PCOM HEAT,Porites,0
8/20/2023,2:00,PCOM HEAT,Porites,0
8/20/2023,2:15,PCOM HEAT,Porites,0
8/20/2023,2:30,PCOM HEAT,Porites,0
8/20/2023,2:45,PCOM HEAT,Porites,0
8/20/2023,3:00,PCOM HEAT,Porites,0
8/20/2023,3:15,PCOM HEAT,Porites,0
8/20/2023,3:30,PCOM HEAT,Porites,0
8/20/2023,3:45,PCOM HEAT,Porites,0
8/20/2023,4:00,PCOM HEAT,Porites,0
8/20/2023,4:15,PCOM HEAT,Porites,0
8/20/2023,4:30,PCOM HEAT,Porites,0
8/20/2023,4:45,PCOM HEAT,Porites,0
8/20/2023,5:00,PCOM HEAT,Porites,0
8/20/2023,5:15,PCOM HEAT,Porites,0
8/20/2023,5:30,PCOM HEAT,Porites,0
8/20/2023,5:45,PCOM HEAT,Porites,0
8/20/2023,6:00,PCOM HEAT,Porites,0
8/20/2023,6:15,PCOM HEAT,Porites,0.7
8/20/2023,6:30,PCOM HEAT,Porites,3.7
8/20/2023,6:45,PCOM HEAT,Porites,9.7
8/20/2023,7:00,PCOM HEAT,Porites,10.9
8/20/2023,7:15,PCOM HEAT,Porites,16.4
8/20/2023,7:30,PCOM HEAT,Porites,40.6
8/20/2023,7:45,PCOM HEAT,Porites,106.5
8/20/2023,8:00,PCOM HEAT,Porites,85.4
8/20/2023,8:15,PCOM HEAT,Porites,69.6
8/20/2023,8:30,PCOM HEAT,Porites,100.5
8/20/2023,8:45,PCOM HEAT,Porites,273.4
8/20/2023,9:00,PCOM HEAT,Porites,294.4
8/20/2023,9:15,PCOM HEAT,Porites,133.6
8/20/2023,9:30,PCOM HEAT,Porites,135.3
8/20/2023,9:45,PCOM HEAT,Porites,71.1
8/20/2023,10:00,PCOM HEAT,Porites,57
8/20/2023,10:15,PCOM HEAT,Porites,169.5
8/20/2023,10:30,PCOM HEAT,Porites,160.6
8/20/2023,10:45,PCOM HEAT,Porites,192.6
8/20/2023,11:00,PCOM HEAT,Porites,295.3
8/20/2023,11:15,PCOM HEAT,Porites,298.5
8/20/2023,11:30,PCOM HEAT,Porites,304
8/20/2023,11:45,PCOM HEAT,Porites,272.4
8/20/2023,12:00,PCOM HEAT,Porites,172
8/20/2023,12:15,PCOM HEAT,Porites,183.9
8/20/2023,12:30,PCOM HEAT,Porites,165.2
8/20/2023,12:45,PCOM HEAT,Porites,155.6
8/20/2023,13:00,PCOM HEAT,Porites,130.3
8/20/2023,13:15,PCOM HEAT,Porites,89.6
8/20/2023,13:30,PCOM HEAT,Porites,49.8
8/20/2023,13:45,PCOM HEAT,Porites,44.7
8/20/2023,14:00,PCOM HEAT,Porites,59.7
8/20/2023,14:15,PCOM HEAT,Porites,84.4
8/20/2023,14:30,PCOM HEAT,Porites,112.6
8/20/2023,14:45,PCOM HEAT,Porites,74.1
8/20/2023,15:00,PCOM HEAT,Porites,60.8
8/20/2023,15:15,PCOM HEAT,Porites,163.5
8/20/2023,15:30,PCOM HEAT,Porites,90.5
8/20/2023,15:45,PCOM HEAT,Porites,64.1
8/20/2023,16:00,PCOM HEAT,Porites,57.3
8/20/2023,16:15,PCOM HEAT,Porites,38.5
8/20/2023,16:30,PCOM HEAT,Porites,42.2
8/20/2023,16:45,PCOM HEAT,Porites,51.5
8/20/2023,17:00,PCOM HEAT,Porites,46.1
8/20/2023,17:15,PCOM HEAT,Porites,33.6
8/20/2023,17:30,PCOM HEAT,Porites,16.1
8/20/2023,17:45,PCOM HEAT,Porites,15.4
8/20/2023,18:00,PCOM HEAT,Porites,11.3
8/20/2023,18:15,PCOM HEAT,Porites,12.8
8/20/2023,18:30,PCOM HEAT,Porites,9.8
8/20/2023,18:45,PCOM HEAT,Porites,6.1
8/20/2023,19:00,PCOM HEAT,Porites,2.2
8/20/2023,19:15,PCOM HEAT,Porites,0
8/20/2023,19:30,PCOM HEAT,Porites,0
8/20/2023,19:45,PCOM HEAT,Porites,0
8/20/2023,20:00,PCOM HEAT,Porites,0
8/20/2023,20:15,PCOM HEAT,Porites,0
8/20/2023,20:30,PCOM HEAT,Porites,0
8/20/2023,20:45,PCOM HEAT,Porites,0
8/20/2023,21:00,PCOM HEAT,Porites,0
8/20/2023,21:15,PCOM HEAT,Porites,0
8/20/2023,21:30,PCOM HEAT,Porites,0
8/20/2023,21:45,PCOM HEAT,Porites,0
8/20/2023,22:00,PCOM HEAT,Porites,0
8/20/2023,22:15,PCOM HEAT,Porites,0
8/20/2023,22:30,PCOM HEAT,Porites,0
8/20/2023,22:45,PCOM HEAT,Porites,0
8/20/2023,23:00,PCOM HEAT,Porites,0
8/20/2023,23:15,PCOM HEAT,Porites,0
8/20/2023,23:30,PCOM HEAT,Porites,0
8/20/2023,23:45,PCOM HEAT,Porites,0
8/21/2023,0:00,PCOM HEAT,Porites,0
8/21/2023,0:15,PCOM HEAT,Porites,0
8/21/2023,0:30,PCOM HEAT,Porites,0
8/21/2023,0:45,PCOM HEAT,Porites,0
8/21/2023,1:00,PCOM HEAT,Porites,0
8/21/2023,1:15,PCOM HEAT,Porites,0
8/21/2023,1:30,PCOM HEAT,Porites,0
8/21/2023,1:45,PCOM HEAT,Porites,0
8/21/2023,2:00,PCOM HEAT,Porites,0
8/21/2023,2:15,PCOM HEAT,Porites,0
8/21/2023,2:30,PCOM HEAT,Porites,0
8/21/2023,2:45,PCOM HEAT,Porites,0
8/21/2023,3:00,PCOM HEAT,Porites,0
8/21/2023,3:15,PCOM HEAT,Porites,0
8/21/2023,3:30,PCOM HEAT,Porites,0
8/21/2023,3:45,PCOM HEAT,Porites,0
8/21/2023,4:00,PCOM HEAT,Porites,0
8/21/2023,4:15,PCOM HEAT,Porites,0
8/21/2023,4:30,PCOM HEAT,Porites,0
8/21/2023,4:45,PCOM HEAT,Porites,0
8/21/2023,5:00,PCOM HEAT,Porites,0
8/21/2023,5:15,PCOM HEAT,Porites,0
8/21/2023,5:30,PCOM HEAT,Porites,0
8/21/2023,5:45,PCOM HEAT,Porites,0
8/21/2023,6:00,PCOM HEAT,Porites,0
8/21/2023,6:15,PCOM HEAT,Porites,0.4
8/21/2023,6:30,PCOM HEAT,Porites,2.3
8/21/2023,6:45,PCOM HEAT,Porites,4.2
8/21/2023,7:00,PCOM HEAT,Porites,6
8/21/2023,7:15,PCOM HEAT,Porites,12.5
8/21/2023,7:30,PCOM HEAT,Porites,21.6
8/21/2023,7:45,PCOM HEAT,Porites,31.5
8/21/2023,8:00,PCOM HEAT,Porites,44
8/21/2023,8:15,PCOM HEAT,Porites,50.5
8/21/2023,8:30,PCOM HEAT,Porites,67
8/21/2023,8:45,PCOM HEAT,Porites,45.7
8/21/2023,9:00,PCOM HEAT,Porites,106.7
8/21/2023,9:15,PCOM HEAT,Porites,138.4
8/21/2023,9:30,PCOM HEAT,Porites,211.4
8/21/2023,9:45,PCOM HEAT,Porites,211.9
8/21/2023,10:00,PCOM HEAT,Porites,252.7
8/21/2023,10:15,PCOM HEAT,Porites,457.6
8/21/2023,10:30,PCOM HEAT,Porites,691.8
8/21/2023,10:45,PCOM HEAT,Porites,817.5
8/21/2023,11:00,PCOM HEAT,Porites,597.3
8/21/2023,11:15,PCOM HEAT,Porites,224.5
8/21/2023,11:30,PCOM HEAT,Porites,125.3
8/21/2023,11:45,PCOM HEAT,Porites,82.9
8/21/2023,12:00,PCOM HEAT,Porites,102
8/21/2023,12:15,PCOM HEAT,Porites,141.6
8/21/2023,12:30,PCOM HEAT,Porites,177.6
8/21/2023,12:45,PCOM HEAT,Porites,245.4
8/21/2023,13:00,PCOM HEAT,Porites,315.3
8/21/2023,13:15,PCOM HEAT,Porites,150.6
8/21/2023,13:30,PCOM HEAT,Porites,69.1
8/21/2023,13:45,PCOM HEAT,Porites,64.2
8/21/2023,14:00,PCOM HEAT,Porites,109.5
8/21/2023,14:15,PCOM HEAT,Porites,87.1
8/21/2023,14:30,PCOM HEAT,Porites,83.6
8/21/2023,14:45,PCOM HEAT,Porites,86
8/21/2023,15:00,PCOM HEAT,Porites,77.9
8/21/2023,15:15,PCOM HEAT,Porites,80.9
8/21/2023,15:30,PCOM HEAT,Porites,59.5
8/21/2023,15:45,PCOM HEAT,Porites,66.4
8/21/2023,16:00,PCOM HEAT,Porites,72.4
8/21/2023,16:15,PCOM HEAT,Porites,53.2
8/21/2023,16:30,PCOM HEAT,Porites,59.5
8/21/2023,16:45,PCOM HEAT,Porites,35.1
8/21/2023,17:00,PCOM HEAT,Porites,43.1
8/21/2023,17:15,PCOM HEAT,Porites,36.5
8/21/2023,17:30,PCOM HEAT,Porites,26.2
8/21/2023,17:45,PCOM HEAT,Porites,22.4
8/21/2023,18:00,PCOM HEAT,Porites,16.7
8/21/2023,18:15,PCOM HEAT,Porites,13.4
8/21/2023,18:30,PCOM HEAT,Porites,9.1
8/21/2023,18:45,PCOM HEAT,Porites,5.4
8/21/2023,19:00,PCOM HEAT,Porites,2.1
8/21/2023,19:15,PCOM HEAT,Porites,0.3
8/21/2023,19:30,PCOM HEAT,Porites,0
8/21/2023,19:45,PCOM HEAT,Porites,0
8/21/2023,20:00,PCOM HEAT,Porites,0
8/21/2023,20:15,PCOM HEAT,Porites,0
8/21/2023,20:30,PCOM HEAT,Porites,0
8/21/2023,20:45,PCOM HEAT,Porites,0
8/21/2023,21:00,PCOM HEAT,Porites,0
8/21/2023,21:15,PCOM HEAT,Porites,0
8/21/2023,21:30,PCOM HEAT,Porites,0
8/21/2023,21:45,PCOM HEAT,Porites,0
8/21/2023,22:00,PCOM HEAT,Porites,0
8/21/2023,22:15,PCOM HEAT,Porites,0
8/21/2023,22:30,PCOM HEAT,Porites,0
8/21/2023,22:45,PCOM HEAT,Porites,0
8/21/2023,23:00,PCOM HEAT,Porites,0
8/21/2023,23:15,PCOM HEAT,Porites,0
8/21/2023,23:30,PCOM HEAT,Porites,0
8/21/2023,23:45,PCOM HEAT,Porites,0
8/22/2023,0:00,PCOM HEAT,Porites,0
8/22/2023,0:15,PCOM HEAT,Porites,0
8/22/2023,0:30,PCOM HEAT,Porites,0
8/22/2023,0:45,PCOM HEAT,Porites,0
8/22/2023,1:00,PCOM HEAT,Porites,0
8/22/2023,1:15,PCOM HEAT,Porites,0
8/22/2023,1:30,PCOM HEAT,Porites,0
8/22/2023,1:45,PCOM HEAT,Porites,0
8/22/2023,2:00,PCOM HEAT,Porites,0
8/22/2023,2:15,PCOM HEAT,Porites,0
8/22/2023,2:30,PCOM HEAT,Porites,0
8/22/2023,2:45,PCOM HEAT,Porites,0
8/22/2023,3:00,PCOM HEAT,Porites,0
8/22/2023,3:15,PCOM HEAT,Porites,0
8/22/2023,3:30,PCOM HEAT,Porites,0
8/22/2023,3:45,PCOM HEAT,Porites,0
8/22/2023,4:00,PCOM HEAT,Porites,0
8/22/2023,4:15,PCOM HEAT,Porites,0
8/22/2023,4:30,PCOM HEAT,Porites,0
8/22/2023,4:45,PCOM HEAT,Porites,0
8/22/2023,5:00,PCOM HEAT,Porites,0
8/22/2023,5:15,PCOM HEAT,Porites,0
8/22/2023,5:30,PCOM HEAT,Porites,0
8/22/2023,5:45,PCOM HEAT,Porites,0
8/22/2023,6:00,PCOM HEAT,Porites,0
8/22/2023,6:15,PCOM HEAT,Porites,0.7
8/22/2023,6:30,PCOM HEAT,Porites,3.6
8/22/2023,6:45,PCOM HEAT,Porites,7.9
8/22/2023,7:00,PCOM HEAT,Porites,14.8
8/22/2023,7:15,PCOM HEAT,Porites,39.7
8/22/2023,7:30,PCOM HEAT,Porites,66.3
8/22/2023,7:45,PCOM HEAT,Porites,79.3
8/22/2023,8:00,PCOM HEAT,Porites,96.5
8/22/2023,8:15,PCOM HEAT,Porites,103
8/22/2023,8:30,PCOM HEAT,Porites,158.6
8/22/2023,8:45,PCOM HEAT,Porites,277
8/22/2023,9:00,PCOM HEAT,Porites,138
8/22/2023,9:15,PCOM HEAT,Porites,157
8/22/2023,9:30,PCOM HEAT,Porites,116.9
8/22/2023,9:45,PCOM HEAT,Porites,139.9
8/22/2023,10:00,PCOM HEAT,Porites,338.2
8/22/2023,10:15,PCOM HEAT,Porites,810
8/22/2023,10:30,PCOM HEAT,Porites,1007.9
8/22/2023,10:45,PCOM HEAT,Porites,629.7
8/22/2023,11:00,PCOM HEAT,Porites,316
8/22/2023,11:15,PCOM HEAT,Porites,337.4
8/22/2023,11:30,PCOM HEAT,Porites,191.1
8/22/2023,11:45,PCOM HEAT,Porites,160.4
8/22/2023,12:00,PCOM HEAT,Porites,327.4
8/22/2023,12:15,PCOM HEAT,Porites,375.4
8/22/2023,12:30,PCOM HEAT,Porites,371.4
8/22/2023,12:45,PCOM HEAT,Porites,348
8/22/2023,13:00,PCOM HEAT,Porites,342
8/22/2023,13:15,PCOM HEAT,Porites,252.6
8/22/2023,13:30,PCOM HEAT,Porites,205.4
8/22/2023,13:45,PCOM HEAT,Porites,171.9
8/22/2023,14:00,PCOM HEAT,Porites,148.2
8/22/2023,14:15,PCOM HEAT,Porites,182
8/22/2023,14:30,PCOM HEAT,Porites,140.7
8/22/2023,14:45,PCOM HEAT,Porites,143.2
8/22/2023,15:00,PCOM HEAT,Porites,119.5
8/22/2023,15:15,PCOM HEAT,Porites,102.4
8/22/2023,15:30,PCOM HEAT,Porites,87.8
8/22/2023,15:45,PCOM HEAT,Porites,46.7
8/22/2023,16:00,PCOM HEAT,Porites,32.1
8/22/2023,16:15,PCOM HEAT,Porites,29.3
8/22/2023,16:30,PCOM HEAT,Porites,34.6
8/22/2023,16:45,PCOM HEAT,Porites,23
8/22/2023,17:00,PCOM HEAT,Porites,18.3
8/22/2023,17:15,PCOM HEAT,Porites,15.3
8/22/2023,17:30,PCOM HEAT,Porites,15.8
8/22/2023,17:45,PCOM HEAT,Porites,13.7
8/22/2023,18:00,PCOM HEAT,Porites,11.6
8/22/2023,18:15,PCOM HEAT,Porites,9.3
8/22/2023,18:30,PCOM HEAT,Porites,7.6
8/22/2023,18:45,PCOM HEAT,Porites,4.8
8/22/2023,19:00,PCOM HEAT,Porites,1.9
8/22/2023,19:15,PCOM HEAT,Porites,0.2
8/22/2023,19:30,PCOM HEAT,Porites,0
8/22/2023,19:45,PCOM HEAT,Porites,0
8/22/2023,20:00,PCOM HEAT,Porites,0
8/22/2023,20:15,PCOM HEAT,Porites,0
8/22/2023,20:30,PCOM HEAT,Porites,0
8/22/2023,20:45,PCOM HEAT,Porites,0
8/22/2023,21:00,PCOM HEAT,Porites,0
8/22/2023,21:15,PCOM HEAT,Porites,0
8/22/2023,21:30,PCOM HEAT,Porites,0
8/22/2023,21:45,PCOM HEAT,Porites,0
8/22/2023,22:00,PCOM HEAT,Porites,0
8/22/2023,22:15,PCOM HEAT,Porites,0
8/22/2023,22:30,PCOM HEAT,Porites,0
8/22/2023,22:45,PCOM HEAT,Porites,0
8/22/2023,23:00,PCOM HEAT,Porites,0
8/22/2023,23:15,PCOM HEAT,Porites,0
8/22/2023,23:30,PCOM HEAT,Porites,0
8/22/2023,23:45,PCOM HEAT,Porites,0
8/23/2023,0:00,PCOM HEAT,Porites,0
8/23/2023,0:15,PCOM HEAT,Porites,0
8/23/2023,0:30,PCOM HEAT,Porites,0
8/23/2023,0:45,PCOM HEAT,Porites,0
8/23/2023,1:00,PCOM HEAT,Porites,0
8/23/2023,1:15,PCOM HEAT,Porites,0
8/23/2023,1:30,PCOM HEAT,Porites,0
8/23/2023,1:45,PCOM HEAT,Porites,0
8/23/2023,2:00,PCOM HEAT,Porites,0
8/23/2023,2:15,PCOM HEAT,Porites,0
8/23/2023,2:30,PCOM HEAT,Porites,0
8/23/2023,2:45,PCOM HEAT,Porites,0
8/23/2023,3:00,PCOM HEAT,Porites,0
8/23/2023,3:15,PCOM HEAT,Porites,0
8/23/2023,3:30,PCOM HEAT,Porites,0
8/23/2023,3:45,PCOM HEAT,Porites,0
8/23/2023,4:00,PCOM HEAT,Porites,0
8/23/2023,4:15,PCOM HEAT,Porites,0
8/23/2023,4:30,PCOM HEAT,Porites,0
8/23/2023,4:45,PCOM HEAT,Porites,0
8/23/2023,5:00,PCOM HEAT,Porites,0
8/23/2023,5:15,PCOM HEAT,Porites,0
8/23/2023,5:30,PCOM HEAT,Porites,0
8/23/2023,5:45,PCOM HEAT,Porites,0
8/23/2023,6:00,PCOM HEAT,Porites,0
8/23/2023,6:15,PCOM HEAT,Porites,0.7
8/23/2023,6:30,PCOM HEAT,Porites,4.1
8/23/2023,6:45,PCOM HEAT,Porites,9.2
8/23/2023,7:00,PCOM HEAT,Porites,15.1
8/23/2023,7:15,PCOM HEAT,Porites,39.5
8/23/2023,7:30,PCOM HEAT,Porites,70.6
8/23/2023,7:45,PCOM HEAT,Porites,87.5
8/23/2023,8:00,PCOM HEAT,Porites,100.5
8/23/2023,8:15,PCOM HEAT,Porites,109.2
8/23/2023,8:30,PCOM HEAT,Porites,158.6
8/23/2023,8:45,PCOM HEAT,Porites,320.4
8/23/2023,9:00,PCOM HEAT,Porites,259.3
8/23/2023,9:15,PCOM HEAT,Porites,544.8
8/23/2023,9:30,PCOM HEAT,Porites,407
8/23/2023,9:45,PCOM HEAT,Porites,237.3
8/23/2023,10:00,PCOM HEAT,Porites,368.3
8/23/2023,10:15,PCOM HEAT,Porites,786.4
8/23/2023,10:30,PCOM HEAT,Porites,548.6
8/23/2023,10:45,PCOM HEAT,Porites,600.5
8/23/2023,11:00,PCOM HEAT,Porites,245.5
8/23/2023,11:15,PCOM HEAT,Porites,162.2
8/23/2023,11:30,PCOM HEAT,Porites,245.2
8/23/2023,11:45,PCOM HEAT,Porites,182.6
8/23/2023,12:00,PCOM HEAT,Porites,405
8/23/2023,12:15,PCOM HEAT,Porites,401.2
8/23/2023,12:30,PCOM HEAT,Porites,378
8/23/2023,12:45,PCOM HEAT,Porites,369.6
8/23/2023,13:00,PCOM HEAT,Porites,212.2
8/23/2023,13:15,PCOM HEAT,Porites,277.8
8/23/2023,13:30,PCOM HEAT,Porites,228.4
8/23/2023,13:45,PCOM HEAT,Porites,183.9
8/23/2023,14:00,PCOM HEAT,Porites,210.2
8/23/2023,14:15,PCOM HEAT,Porites,173.6
8/23/2023,14:30,PCOM HEAT,Porites,116.7
8/23/2023,14:45,PCOM HEAT,Porites,82.2
8/23/2023,15:00,PCOM HEAT,Porites,92.5
8/23/2023,15:15,PCOM HEAT,Porites,75.8
8/23/2023,15:30,PCOM HEAT,Porites,43.7
8/23/2023,15:45,PCOM HEAT,Porites,36.4
8/23/2023,16:00,PCOM HEAT,Porites,30.5
8/23/2023,16:15,PCOM HEAT,Porites,33.1
8/23/2023,16:30,PCOM HEAT,Porites,33.4
8/23/2023,16:45,PCOM HEAT,Porites,20.1
8/23/2023,17:00,PCOM HEAT,Porites,18.1
8/23/2023,17:15,PCOM HEAT,Porites,17.3
8/23/2023,17:30,PCOM HEAT,Porites,25.5
8/23/2023,17:45,PCOM HEAT,Porites,20.5
8/23/2023,18:00,PCOM HEAT,Porites,12.6
8/23/2023,18:15,PCOM HEAT,Porites,11.2
8/23/2023,18:30,PCOM HEAT,Porites,7.9
8/23/2023,18:45,PCOM HEAT,Porites,4
8/23/2023,19:00,PCOM HEAT,Porites,1.6
8/23/2023,19:15,PCOM HEAT,Porites,0.2
8/23/2023,19:30,PCOM HEAT,Porites,0
8/23/2023,19:45,PCOM HEAT,Porites,0
8/23/2023,20:00,PCOM HEAT,Porites,0
8/23/2023,20:15,PCOM HEAT,Porites,0
8/23/2023,20:30,PCOM HEAT,Porites,0
8/23/2023,20:45,PCOM HEAT,Porites,0
8/23/2023,21:00,PCOM HEAT,Porites,0
8/23/2023,21:15,PCOM HEAT,Porites,0
8/23/2023,21:30,PCOM HEAT,Porites,0
8/23/2023,21:45,PCOM HEAT,Porites,0
8/23/2023,22:00,PCOM HEAT,Porites,0
8/23/2023,22:15,PCOM HEAT,Porites,0
8/23/2023,22:30,PCOM HEAT,Porites,0
8/23/2023,22:45,PCOM HEAT,Porites,0
8/23/2023,23:00,PCOM HEAT,Porites,0
8/23/2023,23:15,PCOM HEAT,Porites,0
8/23/2023,23:30,PCOM HEAT,Porites,0
8/23/2023,23:45,PCOM HEAT,Porites,0
8/24/2023,0:00,PCOM HEAT,Porites,0
8/24/2023,0:15,PCOM HEAT,Porites,0
8/24/2023,0:30,PCOM HEAT,Porites,0
8/24/2023,0:45,PCOM HEAT,Porites,0
8/24/2023,1:00,PCOM HEAT,Porites,0
8/24/2023,1:15,PCOM HEAT,Porites,0
8/24/2023,1:30,PCOM HEAT,Porites,0
8/24/2023,1:45,PCOM HEAT,Porites,0
8/24/2023,2:00,PCOM HEAT,Porites,0
8/24/2023,2:15,PCOM HEAT,Porites,0
8/24/2023,2:30,PCOM HEAT,Porites,0
8/24/2023,2:45,PCOM HEAT,Porites,0
8/24/2023,3:00,PCOM HEAT,Porites,0
8/24/2023,3:15,PCOM HEAT,Porites,0
8/24/2023,3:30,PCOM HEAT,Porites,0
8/24/2023,3:45,PCOM HEAT,Porites,0
8/24/2023,4:00,PCOM HEAT,Porites,0
8/24/2023,4:15,PCOM HEAT,Porites,0
8/24/2023,4:30,PCOM HEAT,Porites,0
8/24/2023,4:45,PCOM HEAT,Porites,0
8/24/2023,5:00,PCOM HEAT,Porites,0
8/24/2023,5:15,PCOM HEAT,Porites,0
8/24/2023,5:30,PCOM HEAT,Porites,0
8/24/2023,5:45,PCOM HEAT,Porites,0
8/24/2023,6:00,PCOM HEAT,Porites,0
8/24/2023,6:15,PCOM HEAT,Porites,0.6
8/24/2023,6:30,PCOM HEAT,Porites,4.5
8/24/2023,6:45,PCOM HEAT,Porites,9.7
8/24/2023,7:00,PCOM HEAT,Porites,23.2
8/24/2023,7:15,PCOM HEAT,Porites,51.8
8/24/2023,7:30,PCOM HEAT,Porites,54
8/24/2023,7:45,PCOM HEAT,Porites,88.8
8/24/2023,8:00,PCOM HEAT,Porites,93.8
8/24/2023,8:15,PCOM HEAT,Porites,122.3
8/24/2023,8:30,PCOM HEAT,Porites,172.3
8/24/2023,8:45,PCOM HEAT,Porites,299.8
8/24/2023,9:00,PCOM HEAT,Porites,276.5
8/24/2023,9:15,PCOM HEAT,Porites,476.2
8/24/2023,9:30,PCOM HEAT,Porites,382.8
8/24/2023,9:45,PCOM HEAT,Porites,259.8
8/24/2023,10:00,PCOM HEAT,Porites,346.3
8/24/2023,10:15,PCOM HEAT,Porites,907.1
8/24/2023,10:30,PCOM HEAT,Porites,1051.9
8/24/2023,10:45,PCOM HEAT,Porites,554.8
8/24/2023,11:00,PCOM HEAT,Porites,257.4
8/24/2023,11:15,PCOM HEAT,Porites,158.6
8/24/2023,11:30,PCOM HEAT,Porites,275.2
8/24/2023,11:45,PCOM HEAT,Porites,359.3
8/24/2023,12:00,PCOM HEAT,Porites,258.2
8/24/2023,12:15,PCOM HEAT,Porites,311.6
8/24/2023,12:30,PCOM HEAT,Porites,306.5
8/24/2023,12:45,PCOM HEAT,Porites,269.2
8/24/2023,13:00,PCOM HEAT,Porites,365
8/24/2023,13:15,PCOM HEAT,Porites,326.3
8/24/2023,13:30,PCOM HEAT,Porites,229.5
8/24/2023,13:45,PCOM HEAT,Porites,181.8
8/24/2023,14:00,PCOM HEAT,Porites,183.6
8/24/2023,14:15,PCOM HEAT,Porites,108.5
8/24/2023,14:30,PCOM HEAT,Porites,78.3
8/24/2023,14:45,PCOM HEAT,Porites,59.4
8/24/2023,15:00,PCOM HEAT,Porites,60.6
8/24/2023,15:15,PCOM HEAT,Porites,40.2
8/24/2023,15:30,PCOM HEAT,Porites,46.7
8/24/2023,15:45,PCOM HEAT,Porites,45.1
8/24/2023,16:00,PCOM HEAT,Porites,43
8/24/2023,16:15,PCOM HEAT,Porites,42.2
8/24/2023,16:30,PCOM HEAT,Porites,37.3
8/24/2023,16:45,PCOM HEAT,Porites,33.4
8/24/2023,17:00,PCOM HEAT,Porites,27.2
8/24/2023,17:15,PCOM HEAT,Porites,30
8/24/2023,17:30,PCOM HEAT,Porites,24.5
8/24/2023,17:45,PCOM HEAT,Porites,20.9
8/24/2023,18:00,PCOM HEAT,Porites,12.4
8/24/2023,18:15,PCOM HEAT,Porites,7.8
8/24/2023,18:30,PCOM HEAT,Porites,5.7
8/24/2023,18:45,PCOM HEAT,Porites,3.6
8/24/2023,19:00,PCOM HEAT,Porites,1.4
8/24/2023,19:15,PCOM HEAT,Porites,0.2
8/24/2023,19:30,PCOM HEAT,Porites,0
8/24/2023,19:45,PCOM HEAT,Porites,0
8/24/2023,20:00,PCOM HEAT,Porites,0
8/24/2023,20:15,PCOM HEAT,Porites,0
8/24/2023,20:30,PCOM HEAT,Porites,0
8/24/2023,20:45,PCOM HEAT,Porites,0
8/24/2023,21:00,PCOM HEAT,Porites,0
8/24/2023,21:15,PCOM HEAT,Porites,0
8/24/2023,21:30,PCOM HEAT,Porites,0
8/24/2023,21:45,PCOM HEAT,Porites,0
8/24/2023,22:00,PCOM HEAT,Porites,0
8/24/2023,22:15,PCOM HEAT,Porites,0
8/24/2023,22:30,PCOM HEAT,Porites,0
8/24/2023,22:45,PCOM HEAT,Porites,0
8/24/2023,23:00,PCOM HEAT,Porites,0
8/24/2023,23:15,PCOM HEAT,Porites,0
8/24/2023,23:30,PCOM HEAT,Porites,0
8/24/2023,23:45,PCOM HEAT,Porites,0
8/25/2023,0:00,PCOM HEAT,Porites,0
8/25/2023,0:15,PCOM HEAT,Porites,0
8/25/2023,0:30,PCOM HEAT,Porites,0
8/25/2023,0:45,PCOM HEAT,Porites,0
8/25/2023,1:00,PCOM HEAT,Porites,0
8/25/2023,1:15,PCOM HEAT,Porites,0
8/25/2023,1:30,PCOM HEAT,Porites,0
8/25/2023,1:45,PCOM HEAT,Porites,0
8/25/2023,2:00,PCOM HEAT,Porites,0
8/25/2023,2:15,PCOM HEAT,Porites,0
8/25/2023,2:30,PCOM HEAT,Porites,0
8/25/2023,2:45,PCOM HEAT,Porites,0
8/25/2023,3:00,PCOM HEAT,Porites,0
8/25/2023,3:15,PCOM HEAT,Porites,0
8/25/2023,3:30,PCOM HEAT,Porites,0
8/25/2023,3:45,PCOM HEAT,Porites,0
8/25/2023,4:00,PCOM HEAT,Porites,0
8/25/2023,4:15,PCOM HEAT,Porites,0
8/25/2023,4:30,PCOM HEAT,Porites,0
8/25/2023,4:45,PCOM HEAT,Porites,0
8/25/2023,5:00,PCOM HEAT,Porites,0
8/25/2023,5:15,PCOM HEAT,Porites,0
8/25/2023,5:30,PCOM HEAT,Porites,0
8/25/2023,5:45,PCOM HEAT,Porites,0
8/25/2023,6:00,PCOM HEAT,Porites,0
8/25/2023,6:15,PCOM HEAT,Porites,0.4
8/25/2023,6:30,PCOM HEAT,Porites,2.2
8/25/2023,6:45,PCOM HEAT,Porites,6.2
8/25/2023,7:00,PCOM HEAT,Porites,10.8
8/25/2023,7:15,PCOM HEAT,Porites,22.2
8/25/2023,7:30,PCOM HEAT,Porites,33.2
8/25/2023,7:45,PCOM HEAT,Porites,67.4
8/25/2023,8:00,PCOM HEAT,Porites,122.1
8/25/2023,8:15,PCOM HEAT,Porites,147
8/25/2023,8:30,PCOM HEAT,Porites,175.5
8/25/2023,8:45,PCOM HEAT,Porites,148.6
8/25/2023,9:00,PCOM HEAT,Porites,218.1
8/25/2023,9:15,PCOM HEAT,Porites,511.1
8/25/2023,9:30,PCOM HEAT,Porites,372.4
8/25/2023,9:45,PCOM HEAT,Porites,275.6
8/25/2023,10:00,PCOM HEAT,Porites,290
8/25/2023,10:15,PCOM HEAT,Porites,572
8/25/2023,10:30,PCOM HEAT,Porites,959.6
8/25/2023,10:45,PCOM HEAT,Porites,282.9
8/25/2023,11:00,PCOM HEAT,Porites,180.9
8/25/2023,11:15,PCOM HEAT,Porites,186.2
8/25/2023,11:30,PCOM HEAT,Porites,333.2
8/25/2023,11:45,PCOM HEAT,Porites,370.4
8/25/2023,12:00,PCOM HEAT,Porites,326.9
8/25/2023,12:15,PCOM HEAT,Porites,121.4
8/25/2023,12:30,PCOM HEAT,Porites,111.6
8/25/2023,12:45,PCOM HEAT,Porites,152.7
8/25/2023,13:00,PCOM HEAT,Porites,180.7
8/25/2023,13:15,PCOM HEAT,Porites,210.3
8/25/2023,13:30,PCOM HEAT,Porites,143.8
8/25/2023,13:45,PCOM HEAT,Porites,151.8
8/25/2023,14:00,PCOM HEAT,Porites,150.6
8/25/2023,14:15,PCOM HEAT,Porites,157.5
8/25/2023,14:30,PCOM HEAT,Porites,120.4
8/25/2023,14:45,PCOM HEAT,Porites,119.5
8/25/2023,15:00,PCOM HEAT,Porites,97.4
8/25/2023,15:15,PCOM HEAT,Porites,79.7
8/25/2023,15:30,PCOM HEAT,Porites,77.6
8/25/2023,15:45,PCOM HEAT,Porites,87.4
8/25/2023,16:00,PCOM HEAT,Porites,74.1
8/25/2023,16:15,PCOM HEAT,Porites,65
8/25/2023,16:30,PCOM HEAT,Porites,55.4
8/25/2023,16:45,PCOM HEAT,Porites,44.8
8/25/2023,17:00,PCOM HEAT,Porites,29.9
8/25/2023,17:15,PCOM HEAT,Porites,32.7
8/25/2023,17:30,PCOM HEAT,Porites,18.1
8/25/2023,17:45,PCOM HEAT,Porites,21.7
8/25/2023,18:00,PCOM HEAT,Porites,10.8
8/25/2023,18:15,PCOM HEAT,Porites,13.7
8/25/2023,18:30,PCOM HEAT,Porites,6.2
8/25/2023,18:45,PCOM HEAT,Porites,3.2
8/25/2023,19:00,PCOM HEAT,Porites,1.3
8/25/2023,19:15,PCOM HEAT,Porites,0.1
8/25/2023,19:30,PCOM HEAT,Porites,0
8/25/2023,19:45,PCOM HEAT,Porites,0
8/25/2023,20:00,PCOM HEAT,Porites,0
8/25/2023,20:15,PCOM HEAT,Porites,0
8/25/2023,20:30,PCOM HEAT,Porites,0
8/25/2023,20:45,PCOM HEAT,Porites,0
8/25/2023,21:00,PCOM HEAT,Porites,0
8/25/2023,21:15,PCOM HEAT,Porites,0
8/25/2023,21:30,PCOM HEAT,Porites,0
8/25/2023,21:45,PCOM HEAT,Porites,0
8/25/2023,22:00,PCOM HEAT,Porites,0
8/25/2023,22:15,PCOM HEAT,Porites,0
8/25/2023,22:30,PCOM HEAT,Porites,0
8/25/2023,22:45,PCOM HEAT,Porites,0
8/25/2023,23:00,PCOM HEAT,Porites,0
8/25/2023,23:15,PCOM HEAT,Porites,0
8/25/2023,23:30,PCOM HEAT,Porites,0
8/25/2023,23:45,PCOM HEAT,Porites,0
8/26/2023,0:00,PCOM HEAT,Porites,0
8/26/2023,0:15,PCOM HEAT,Porites,0
8/26/2023,0:30,PCOM HEAT,Porites,0
8/26/2023,0:45,PCOM HEAT,Porites,0
8/26/2023,1:00,PCOM HEAT,Porites,0
8/26/2023,1:15,PCOM HEAT,Porites,0
8/26/2023,1:30,PCOM HEAT,Porites,0
8/26/2023,1:45,PCOM HEAT,Porites,0
8/26/2023,2:00,PCOM HEAT,Porites,0
8/26/2023,2:15,PCOM HEAT,Porites,0
8/26/2023,2:30,PCOM HEAT,Porites,0
8/26/2023,2:45,PCOM HEAT,Porites,0
8/26/2023,3:00,PCOM HEAT,Porites,0
8/26/2023,3:15,PCOM HEAT,Porites,0
8/26/2023,3:30,PCOM HEAT,Porites,0
8/26/2023,3:45,PCOM HEAT,Porites,0
8/26/2023,4:00,PCOM HEAT,Porites,0
8/26/2023,4:15,PCOM HEAT,Porites,0
8/26/2023,4:30,PCOM HEAT,Porites,0
8/26/2023,4:45,PCOM HEAT,Porites,0
8/26/2023,5:00,PCOM HEAT,Porites,0
8/26/2023,5:15,PCOM HEAT,Porites,0
8/26/2023,5:30,PCOM HEAT,Porites,0
8/26/2023,5:45,PCOM HEAT,Porites,0
8/26/2023,6:00,PCOM HEAT,Porites,0
8/26/2023,6:15,PCOM HEAT,Porites,0.4
8/26/2023,6:30,PCOM HEAT,Porites,2.2
8/26/2023,6:45,PCOM HEAT,Porites,7.8
8/26/2023,7:00,PCOM HEAT,Porites,17
8/26/2023,7:15,PCOM HEAT,Porites,45.3
8/26/2023,7:30,PCOM HEAT,Porites,39.4
8/26/2023,7:45,PCOM HEAT,Porites,83.4
8/26/2023,8:00,PCOM HEAT,Porites,41.6
8/26/2023,8:15,PCOM HEAT,Porites,119
8/26/2023,8:30,PCOM HEAT,Porites,167.5
8/26/2023,8:45,PCOM HEAT,Porites,285.7
8/26/2023,9:00,PCOM HEAT,Porites,239.2
8/26/2023,9:15,PCOM HEAT,Porites,515
8/26/2023,9:30,PCOM HEAT,Porites,305.9
8/26/2023,9:45,PCOM HEAT,Porites,258.5
8/26/2023,10:00,PCOM HEAT,Porites,262.3
8/26/2023,10:15,PCOM HEAT,Porites,601.4
8/26/2023,10:30,PCOM HEAT,Porites,552.3
8/26/2023,10:45,PCOM HEAT,Porites,198.4
8/26/2023,11:00,PCOM HEAT,Porites,226.2
8/26/2023,11:15,PCOM HEAT,Porites,255.6
8/26/2023,11:30,PCOM HEAT,Porites,293.7
8/26/2023,11:45,PCOM HEAT,Porites,285.4
8/26/2023,12:00,PCOM HEAT,Porites,341.1
8/26/2023,12:15,PCOM HEAT,Porites,175.6
8/26/2023,12:30,PCOM HEAT,Porites,144.8
8/26/2023,12:45,PCOM HEAT,Porites,183
8/26/2023,13:00,PCOM HEAT,Porites,95
8/26/2023,13:15,PCOM HEAT,Porites,97.7
8/26/2023,13:30,PCOM HEAT,Porites,114
8/26/2023,13:45,PCOM HEAT,Porites,65.7
8/26/2023,14:00,PCOM HEAT,Porites,71.2
8/26/2023,14:15,PCOM HEAT,Porites,129.6
8/26/2023,14:30,PCOM HEAT,Porites,122.1
8/26/2023,14:45,PCOM HEAT,Porites,83.5
8/26/2023,15:00,PCOM HEAT,Porites,80.3
8/26/2023,15:15,PCOM HEAT,Porites,79.5
8/26/2023,15:30,PCOM HEAT,Porites,78.5
8/26/2023,15:45,PCOM HEAT,Porites,65.9
8/26/2023,16:00,PCOM HEAT,Porites,65.3
8/26/2023,16:15,PCOM HEAT,Porites,27.8
8/26/2023,16:30,PCOM HEAT,Porites,24.7
8/26/2023,16:45,PCOM HEAT,Porites,19.2
8/26/2023,17:00,PCOM HEAT,Porites,25.8
8/26/2023,17:15,PCOM HEAT,Porites,18.8
8/26/2023,17:30,PCOM HEAT,Porites,24.6
8/26/2023,17:45,PCOM HEAT,Porites,18.5
8/26/2023,18:00,PCOM HEAT,Porites,14.2
8/26/2023,18:15,PCOM HEAT,Porites,14.4
8/26/2023,18:30,PCOM HEAT,Porites,7.9
8/26/2023,18:45,PCOM HEAT,Porites,3.3
8/26/2023,19:00,PCOM HEAT,Porites,1.2
8/26/2023,19:15,PCOM HEAT,Porites,0.1
8/26/2023,19:30,PCOM HEAT,Porites,0
8/26/2023,19:45,PCOM HEAT,Porites,0
8/26/2023,20:00,PCOM HEAT,Porites,0
8/26/2023,20:15,PCOM HEAT,Porites,0
8/26/2023,20:30,PCOM HEAT,Porites,0
8/26/2023,20:45,PCOM HEAT,Porites,0
8/26/2023,21:00,PCOM HEAT,Porites,0
8/26/2023,21:15,PCOM HEAT,Porites,0
8/26/2023,21:30,PCOM HEAT,Porites,0
8/26/2023,21:45,PCOM HEAT,Porites,0
8/26/2023,22:00,PCOM HEAT,Porites,0
8/26/2023,22:15,PCOM HEAT,Porites,0
8/26/2023,22:30,PCOM HEAT,Porites,0
8/26/2023,22:45,PCOM HEAT,Porites,0
8/26/2023,23:00,PCOM HEAT,Porites,0
8/26/2023,23:15,PCOM HEAT,Porites,0
8/26/2023,23:30,PCOM HEAT,Porites,0
8/26/2023,23:45,PCOM HEAT,Porites,0
8/27/2023,0:00,PCOM HEAT,Porites,0
8/27/2023,0:15,PCOM HEAT,Porites,0
8/27/2023,0:30,PCOM HEAT,Porites,0
8/27/2023,0:45,PCOM HEAT,Porites,0
8/27/2023,1:00,PCOM HEAT,Porites,0
8/27/2023,1:15,PCOM HEAT,Porites,0
8/27/2023,1:30,PCOM HEAT,Porites,0
8/27/2023,1:45,PCOM HEAT,Porites,0
8/27/2023,2:00,PCOM HEAT,Porites,0
8/27/2023,2:15,PCOM HEAT,Porites,0
8/27/2023,2:30,PCOM HEAT,Porites,0
8/27/2023,2:45,PCOM HEAT,Porites,0
8/27/2023,3:00,PCOM HEAT,Porites,0
8/27/2023,3:15,PCOM HEAT,Porites,0
8/27/2023,3:30,PCOM HEAT,Porites,0
8/27/2023,3:45,PCOM HEAT,Porites,0
8/27/2023,4:00,PCOM HEAT,Porites,0
8/27/2023,4:15,PCOM HEAT,Porites,0
8/27/2023,4:30,PCOM HEAT,Porites,0
8/27/2023,4:45,PCOM HEAT,Porites,0
8/27/2023,5:00,PCOM HEAT,Porites,0
8/27/2023,5:15,PCOM HEAT,Porites,0
8/27/2023,5:30,PCOM HEAT,Porites,0
8/27/2023,5:45,PCOM HEAT,Porites,0
8/27/2023,6:00,PCOM HEAT,Porites,0
8/27/2023,6:15,PCOM HEAT,Porites,0.2
8/27/2023,6:30,PCOM HEAT,Porites,3.4
8/27/2023,6:45,PCOM HEAT,Porites,17.8
8/27/2023,7:00,PCOM HEAT,Porites,43.4
8/27/2023,7:15,PCOM HEAT,Porites,76
8/27/2023,7:30,PCOM HEAT,Porites,81.4
8/27/2023,7:45,PCOM HEAT,Porites,94.3
8/27/2023,8:00,PCOM HEAT,Porites,41.4
8/27/2023,8:15,PCOM HEAT,Porites,97.7
8/27/2023,8:30,PCOM HEAT,Porites,69.7
8/27/2023,8:45,PCOM HEAT,Porites,296.7
8/27/2023,9:00,PCOM HEAT,Porites,167.5
8/27/2023,9:15,PCOM HEAT,Porites,176.7
8/27/2023,9:30,PCOM HEAT,Porites,144.1
8/27/2023,9:45,PCOM HEAT,Porites,101.3
8/27/2023,10:00,PCOM HEAT,Porites,129.1
8/27/2023,10:15,PCOM HEAT,Porites,119.7
8/27/2023,10:30,PCOM HEAT,Porites,161.9
8/27/2023,10:45,PCOM HEAT,Porites,230.5
8/27/2023,11:00,PCOM HEAT,Porites,217.5
8/27/2023,11:15,PCOM HEAT,Porites,223.7
8/27/2023,11:30,PCOM HEAT,Porites,269.3
8/27/2023,11:45,PCOM HEAT,Porites,336.4
8/27/2023,12:00,PCOM HEAT,Porites,316.7
8/27/2023,12:15,PCOM HEAT,Porites,250.3
8/27/2023,12:30,PCOM HEAT,Porites,150.2
8/27/2023,12:45,PCOM HEAT,Porites,177
8/27/2023,13:00,PCOM HEAT,Porites,172.5
8/27/2023,13:15,PCOM HEAT,Porites,233.4
8/27/2023,13:30,PCOM HEAT,Porites,247.5
8/27/2023,13:45,PCOM HEAT,Porites,146.6
8/27/2023,14:00,PCOM HEAT,Porites,136
8/27/2023,14:15,PCOM HEAT,Porites,100
8/27/2023,14:30,PCOM HEAT,Porites,62.5
8/27/2023,14:45,PCOM HEAT,Porites,71.5
8/27/2023,15:00,PCOM HEAT,Porites,92
8/27/2023,15:15,PCOM HEAT,Porites,60
8/27/2023,15:30,PCOM HEAT,Porites,59.7
8/27/2023,15:45,PCOM HEAT,Porites,36.8
8/27/2023,16:00,PCOM HEAT,Porites,23
8/27/2023,16:15,PCOM HEAT,Porites,27
8/27/2023,16:30,PCOM HEAT,Porites,45.4
8/27/2023,16:45,PCOM HEAT,Porites,34.3
8/27/2023,17:00,PCOM HEAT,Porites,29.3
8/27/2023,17:15,PCOM HEAT,Porites,23
8/27/2023,17:30,PCOM HEAT,Porites,23.3
8/27/2023,17:45,PCOM HEAT,Porites,19.3
8/27/2023,18:00,PCOM HEAT,Porites,15.4
8/27/2023,18:15,PCOM HEAT,Porites,10.8
8/27/2023,18:30,PCOM HEAT,Porites,6
8/27/2023,18:45,PCOM HEAT,Porites,3.5
8/27/2023,19:00,PCOM HEAT,Porites,1.2
8/27/2023,19:15,PCOM HEAT,Porites,0.1
8/27/2023,19:30,PCOM HEAT,Porites,0
8/27/2023,19:45,PCOM HEAT,Porites,0
8/27/2023,20:00,PCOM HEAT,Porites,0
8/27/2023,20:15,PCOM HEAT,Porites,0
8/27/2023,20:30,PCOM HEAT,Porites,0
8/27/2023,20:45,PCOM HEAT,Porites,0
8/27/2023,21:00,PCOM HEAT,Porites,0
8/27/2023,21:15,PCOM HEAT,Porites,0
8/27/2023,21:30,PCOM HEAT,Porites,0
8/27/2023,21:45,PCOM HEAT,Porites,0
8/27/2023,22:00,PCOM HEAT,Porites,0
8/27/2023,22:15,PCOM HEAT,Porites,0
8/27/2023,22:30,PCOM HEAT,Porites,0
8/27/2023,22:45,PCOM HEAT,Porites,0
8/27/2023,23:00,PCOM HEAT,Porites,0
8/27/2023,23:15,PCOM HEAT,Porites,0
8/27/2023,23:30,PCOM HEAT,Porites,0
8/27/2023,23:45,PCOM HEAT,Porites,0
8/28/2023,0:00,PCOM HEAT,Porites,0
8/28/2023,0:15,PCOM HEAT,Porites,0
8/28/2023,0:30,PCOM HEAT,Porites,0
8/28/2023,0:45,PCOM HEAT,Porites,0
8/28/2023,1:00,PCOM HEAT,Porites,0
8/28/2023,1:15,PCOM HEAT,Porites,0
8/28/2023,1:30,PCOM HEAT,Porites,0
8/28/2023,1:45,PCOM HEAT,Porites,0
8/28/2023,2:00,PCOM HEAT,Porites,0
8/28/2023,2:15,PCOM HEAT,Porites,0
8/28/2023,2:30,PCOM HEAT,Porites,0
8/28/2023,2:45,PCOM HEAT,Porites,0
8/28/2023,3:00,PCOM HEAT,Porites,0
8/28/2023,3:15,PCOM HEAT,Porites,0
8/28/2023,3:30,PCOM HEAT,Porites,0
8/28/2023,3:45,PCOM HEAT,Porites,0
8/28/2023,4:00,PCOM HEAT,Porites,0
8/28/2023,4:15,PCOM HEAT,Porites,0
8/28/2023,4:30,PCOM HEAT,Porites,0
8/28/2023,4:45,PCOM HEAT,Porites,0
8/28/2023,5:00,PCOM HEAT,Porites,0
8/28/2023,5:15,PCOM HEAT,Porites,0
8/28/2023,5:30,PCOM HEAT,Porites,0
8/28/2023,5:45,PCOM HEAT,Porites,0
8/28/2023,6:00,PCOM HEAT,Porites,0
8/28/2023,6:15,PCOM HEAT,Porites,0.4
8/28/2023,6:30,PCOM HEAT,Porites,3.3
8/28/2023,6:45,PCOM HEAT,Porites,9.5
8/28/2023,7:00,PCOM HEAT,Porites,23.4
8/28/2023,7:15,PCOM HEAT,Porites,17
8/28/2023,7:30,PCOM HEAT,Porites,21.1
8/28/2023,7:45,PCOM HEAT,Porites,36.2
8/28/2023,8:00,PCOM HEAT,Porites,39.6
8/28/2023,8:15,PCOM HEAT,Porites,61.7
8/28/2023,8:30,PCOM HEAT,Porites,155.3
8/28/2023,8:45,PCOM HEAT,Porites,280.9
8/28/2023,9:00,PCOM HEAT,Porites,260.8
8/28/2023,9:15,PCOM HEAT,Porites,418.3
8/28/2023,9:30,PCOM HEAT,Porites,310.7
8/28/2023,9:45,PCOM HEAT,Porites,318
8/28/2023,10:00,PCOM HEAT,Porites,211.3
8/28/2023,10:15,PCOM HEAT,Porites,602.4
8/28/2023,10:30,PCOM HEAT,Porites,994.3
8/28/2023,10:45,PCOM HEAT,Porites,481.1
8/28/2023,11:00,PCOM HEAT,Porites,142.8
8/28/2023,11:15,PCOM HEAT,Porites,186.9
8/28/2023,11:30,PCOM HEAT,Porites,346.9
8/28/2023,11:45,PCOM HEAT,Porites,329.3
8/28/2023,12:00,PCOM HEAT,Porites,236.2
8/28/2023,12:15,PCOM HEAT,Porites,140.5
8/28/2023,12:30,PCOM HEAT,Porites,164.1
8/28/2023,12:45,PCOM HEAT,Porites,283.5
8/28/2023,13:00,PCOM HEAT,Porites,365.4
8/28/2023,13:15,PCOM HEAT,Porites,307.6
8/28/2023,13:30,PCOM HEAT,Porites,225
8/28/2023,13:45,PCOM HEAT,Porites,175.1
8/28/2023,14:00,PCOM HEAT,Porites,192.8
8/28/2023,14:15,PCOM HEAT,Porites,146.7
8/28/2023,14:30,PCOM HEAT,Porites,105.1
8/28/2023,14:45,PCOM HEAT,Porites,90.9
8/28/2023,15:00,PCOM HEAT,Porites,51.8
8/28/2023,15:15,PCOM HEAT,Porites,79.5
8/28/2023,15:30,PCOM HEAT,Porites,65.2
8/28/2023,15:45,PCOM HEAT,Porites,53.5
8/28/2023,16:00,PCOM HEAT,Porites,38.9
8/28/2023,16:15,PCOM HEAT,Porites,28.5
8/28/2023,16:30,PCOM HEAT,Porites,32.8
8/28/2023,16:45,PCOM HEAT,Porites,29.8
8/28/2023,17:00,PCOM HEAT,Porites,21
8/28/2023,17:15,PCOM HEAT,Porites,23.7
8/28/2023,17:30,PCOM HEAT,Porites,17
8/28/2023,17:45,PCOM HEAT,Porites,13.1
8/28/2023,18:00,PCOM HEAT,Porites,11.2
8/28/2023,18:15,PCOM HEAT,Porites,9.9
8/28/2023,18:30,PCOM HEAT,Porites,5.5
8/28/2023,18:45,PCOM HEAT,Porites,3
8/28/2023,19:00,PCOM HEAT,Porites,0.8
8/28/2023,19:15,PCOM HEAT,Porites,0
8/28/2023,19:30,PCOM HEAT,Porites,0
8/28/2023,19:45,PCOM HEAT,Porites,0
8/28/2023,20:00,PCOM HEAT,Porites,0
8/28/2023,20:15,PCOM HEAT,Porites,0
8/28/2023,20:30,PCOM HEAT,Porites,0
8/28/2023,20:45,PCOM HEAT,Porites,0
8/28/2023,21:00,PCOM HEAT,Porites,0
8/28/2023,21:15,PCOM HEAT,Porites,0
8/28/2023,21:30,PCOM HEAT,Porites,0
8/28/2023,21:45,PCOM HEAT,Porites,0
8/28/2023,22:00,PCOM HEAT,Porites,0
8/28/2023,22:15,PCOM HEAT,Porites,0
8/28/2023,22:30,PCOM HEAT,Porites,0
8/28/2023,22:45,PCOM HEAT,Porites,0
8/28/2023,23:00,PCOM HEAT,Porites,0
8/28/2023,23:15,PCOM HEAT,Porites,0
8/28/2023,23:30,PCOM HEAT,Porites,0
8/28/2023,23:45,PCOM HEAT,Porites,0
8/29/2023,0:00,PCOM HEAT,Porites,0
8/29/2023,0:15,PCOM HEAT,Porites,0
8/29/2023,0:30,PCOM HEAT,Porites,0
8/29/2023,0:45,PCOM HEAT,Porites,0
8/29/2023,1:00,PCOM HEAT,Porites,0
8/29/2023,1:15,PCOM HEAT,Porites,0
8/29/2023,1:30,PCOM HEAT,Porites,0
8/29/2023,1:45,PCOM HEAT,Porites,0
8/29/2023,2:00,PCOM HEAT,Porites,0
8/29/2023,2:15,PCOM HEAT,Porites,0
8/29/2023,2:30,PCOM HEAT,Porites,0
8/29/2023,2:45,PCOM HEAT,Porites,0
8/29/2023,3:00,PCOM HEAT,Porites,0
8/29/2023,3:15,PCOM HEAT,Porites,0
8/29/2023,3:30,PCOM HEAT,Porites,0
8/29/2023,3:45,PCOM HEAT,Porites,0
8/29/2023,4:00,PCOM HEAT,Porites,0
8/29/2023,4:15,PCOM HEAT,Porites,0
8/29/2023,4:30,PCOM HEAT,Porites,0
8/29/2023,4:45,PCOM HEAT,Porites,0
8/29/2023,5:00,PCOM HEAT,Porites,0
8/29/2023,5:15,PCOM HEAT,Porites,0
8/29/2023,5:30,PCOM HEAT,Porites,0
8/29/2023,5:45,PCOM HEAT,Porites,0
8/29/2023,6:00,PCOM HEAT,Porites,0
8/29/2023,6:15,PCOM HEAT,Porites,0.5
8/29/2023,6:30,PCOM HEAT,Porites,3.1
8/29/2023,6:45,PCOM HEAT,Porites,5.6
8/29/2023,7:00,PCOM HEAT,Porites,19.3
8/29/2023,7:15,PCOM HEAT,Porites,24.7
8/29/2023,7:30,PCOM HEAT,Porites,25.3
8/29/2023,7:45,PCOM HEAT,Porites,63.8
8/29/2023,8:00,PCOM HEAT,Porites,93.2
8/29/2023,8:15,PCOM HEAT,Porites,127.1
8/29/2023,8:30,PCOM HEAT,Porites,160
8/29/2023,8:45,PCOM HEAT,Porites,253.9
8/29/2023,9:00,PCOM HEAT,Porites,166.6
8/29/2023,9:15,PCOM HEAT,Porites,231.2
8/29/2023,9:30,PCOM HEAT,Porites,269.1
8/29/2023,9:45,PCOM HEAT,Porites,437
8/29/2023,10:00,PCOM HEAT,Porites,420.4
8/29/2023,10:15,PCOM HEAT,Porites,693
8/29/2023,10:30,PCOM HEAT,Porites,890.2
8/29/2023,10:45,PCOM HEAT,Porites,467.7
8/29/2023,11:00,PCOM HEAT,Porites,267.7
8/29/2023,11:15,PCOM HEAT,Porites,248.6
8/29/2023,11:30,PCOM HEAT,Porites,292.4
8/29/2023,11:45,PCOM HEAT,Porites,337.5
8/29/2023,12:00,PCOM HEAT,Porites,405.1
8/29/2023,12:15,PCOM HEAT,Porites,491.7
8/29/2023,12:30,PCOM HEAT,Porites,308.7
8/29/2023,12:45,PCOM HEAT,Porites,294
8/29/2023,13:00,PCOM HEAT,Porites,298.4
8/29/2023,13:15,PCOM HEAT,Porites,335.9
8/29/2023,13:30,PCOM HEAT,Porites,219
8/29/2023,13:45,PCOM HEAT,Porites,147.2
8/29/2023,14:00,PCOM HEAT,Porites,181.8
8/29/2023,14:15,PCOM HEAT,Porites,135.4
8/29/2023,14:30,PCOM HEAT,Porites,109.1
8/29/2023,14:45,PCOM HEAT,Porites,75.2
8/29/2023,15:00,PCOM HEAT,Porites,60
8/29/2023,15:15,PCOM HEAT,Porites,55.1
8/29/2023,15:30,PCOM HEAT,Porites,50.4
8/29/2023,15:45,PCOM HEAT,Porites,44.6
8/29/2023,16:00,PCOM HEAT,Porites,44.1
8/29/2023,16:15,PCOM HEAT,Porites,53.2
8/29/2023,16:30,PCOM HEAT,Porites,64.3
8/29/2023,16:45,PCOM HEAT,Porites,43.2
8/29/2023,17:00,PCOM HEAT,Porites,39.7
8/29/2023,17:15,PCOM HEAT,Porites,37.1
8/29/2023,17:30,PCOM HEAT,Porites,29.8
8/29/2023,17:45,PCOM HEAT,Porites,19.4
8/29/2023,18:00,PCOM HEAT,Porites,16.6
8/29/2023,18:15,PCOM HEAT,Porites,11.4
8/29/2023,18:30,PCOM HEAT,Porites,6.2
8/29/2023,18:45,PCOM HEAT,Porites,2.9
8/29/2023,19:00,PCOM HEAT,Porites,0.6
8/29/2023,19:15,PCOM HEAT,Porites,0
8/29/2023,19:30,PCOM HEAT,Porites,0
8/29/2023,19:45,PCOM HEAT,Porites,0
8/29/2023,20:00,PCOM HEAT,Porites,0
8/29/2023,20:15,PCOM HEAT,Porites,0
8/29/2023,20:30,PCOM HEAT,Porites,0
8/29/2023,20:45,PCOM HEAT,Porites,0
8/29/2023,21:00,PCOM HEAT,Porites,0
8/29/2023,21:15,PCOM HEAT,Porites,0
8/29/2023,21:30,PCOM HEAT,Porites,0
8/29/2023,21:45,PCOM HEAT,Porites,0
8/29/2023,22:00,PCOM HEAT,Porites,0
8/29/2023,22:15,PCOM HEAT,Porites,0
8/29/2023,22:30,PCOM HEAT,Porites,0
8/29/2023,22:45,PCOM HEAT,Porites,0
8/29/2023,23:00,PCOM HEAT,Porites,0
8/29/2023,23:15,PCOM HEAT,Porites,0
8/29/2023,23:30,PCOM HEAT,Porites,0
8/29/2023,23:45,PCOM HEAT,Porites,0
8/30/2023,0:00,PCOM HEAT,Porites,0
8/30/2023,0:15,PCOM HEAT,Porites,0
8/30/2023,0:30,PCOM HEAT,Porites,0
8/30/2023,0:45,PCOM HEAT,Porites,0
8/30/2023,1:00,PCOM HEAT,Porites,0
8/30/2023,1:15,PCOM HEAT,Porites,0
8/30/2023,1:30,PCOM HEAT,Porites,0
8/30/2023,1:45,PCOM HEAT,Porites,0
8/30/2023,2:00,PCOM HEAT,Porites,0
8/30/2023,2:15,PCOM HEAT,Porites,0
8/30/2023,2:30,PCOM HEAT,Porites,0
8/30/2023,2:45,PCOM HEAT,Porites,0
8/30/2023,3:00,PCOM HEAT,Porites,0
8/30/2023,3:15,PCOM HEAT,Porites,0
8/30/2023,3:30,PCOM HEAT,Porites,0
8/30/2023,3:45,PCOM HEAT,Porites,0
8/30/2023,4:00,PCOM HEAT,Porites,0
8/30/2023,4:15,PCOM HEAT,Porites,0
8/30/2023,4:30,PCOM HEAT,Porites,0
8/30/2023,4:45,PCOM HEAT,Porites,0
8/30/2023,5:00,PCOM HEAT,Porites,0
8/30/2023,5:15,PCOM HEAT,Porites,0
8/30/2023,5:30,PCOM HEAT,Porites,0
8/30/2023,5:45,PCOM HEAT,Porites,0
8/30/2023,6:00,PCOM HEAT,Porites,0
8/30/2023,6:15,PCOM HEAT,Porites,0.2
8/30/2023,6:30,PCOM HEAT,Porites,3.2
8/30/2023,6:45,PCOM HEAT,Porites,11.4
8/30/2023,7:00,PCOM HEAT,Porites,35.3
8/30/2023,7:15,PCOM HEAT,Porites,66.5
8/30/2023,7:30,PCOM HEAT,Porites,67
8/30/2023,7:45,PCOM HEAT,Porites,89.2
8/30/2023,8:00,PCOM HEAT,Porites,102.9
8/30/2023,8:15,PCOM HEAT,Porites,124.9
8/30/2023,8:30,PCOM HEAT,Porites,69.9
8/30/2023,8:45,PCOM HEAT,Porites,62.4
8/30/2023,9:00,PCOM HEAT,Porites,132.2
8/30/2023,9:15,PCOM HEAT,Porites,265.3
8/30/2023,9:30,PCOM HEAT,Porites,73.4
8/30/2023,9:45,PCOM HEAT,Porites,323.6
8/30/2023,10:00,PCOM HEAT,Porites,114
8/30/2023,10:15,PCOM HEAT,Porites,635
8/30/2023,10:30,PCOM HEAT,Porites,650.9
8/30/2023,10:45,PCOM HEAT,Porites,332.5
8/30/2023,11:00,PCOM HEAT,Porites,219.3
8/30/2023,11:15,PCOM HEAT,Porites,214
8/30/2023,11:30,PCOM HEAT,Porites,260.6
8/30/2023,11:45,PCOM HEAT,Porites,331.5
8/30/2023,12:00,PCOM HEAT,Porites,206.1
8/30/2023,12:15,PCOM HEAT,Porites,175.1
8/30/2023,12:30,PCOM HEAT,Porites,165.6
8/30/2023,12:45,PCOM HEAT,Porites,320.8
8/30/2023,13:00,PCOM HEAT,Porites,293.6
8/30/2023,13:15,PCOM HEAT,Porites,302.8
8/30/2023,13:30,PCOM HEAT,Porites,167.2
8/30/2023,13:45,PCOM HEAT,Porites,203.1
8/30/2023,14:00,PCOM HEAT,Porites,180.3
8/30/2023,14:15,PCOM HEAT,Porites,132.9
8/30/2023,14:30,PCOM HEAT,Porites,100.3
8/30/2023,14:45,PCOM HEAT,Porites,82
8/30/2023,15:00,PCOM HEAT,Porites,91
8/30/2023,15:15,PCOM HEAT,Porites,90.1
8/30/2023,15:30,PCOM HEAT,Porites,70.4
8/30/2023,15:45,PCOM HEAT,Porites,31.3
8/30/2023,16:00,PCOM HEAT,Porites,27.7
8/30/2023,16:15,PCOM HEAT,Porites,29.1
8/30/2023,16:30,PCOM HEAT,Porites,32.4
8/30/2023,16:45,PCOM HEAT,Porites,30.8
8/30/2023,17:00,PCOM HEAT,Porites,27.4
8/30/2023,17:15,PCOM HEAT,Porites,22.2
8/30/2023,17:30,PCOM HEAT,Porites,28
8/30/2023,17:45,PCOM HEAT,Porites,22.4
8/30/2023,18:00,PCOM HEAT,Porites,13.8
8/30/2023,18:15,PCOM HEAT,Porites,16.4
8/30/2023,18:30,PCOM HEAT,Porites,7.4
8/30/2023,18:45,PCOM HEAT,Porites,3.5
8/30/2023,19:00,PCOM HEAT,Porites,0.8
8/30/2023,19:15,PCOM HEAT,Porites,0
8/30/2023,19:30,PCOM HEAT,Porites,0
8/30/2023,19:45,PCOM HEAT,Porites,0
8/30/2023,20:00,PCOM HEAT,Porites,0
8/30/2023,20:15,PCOM HEAT,Porites,0
8/30/2023,20:30,PCOM HEAT,Porites,0
8/30/2023,20:45,PCOM HEAT,Porites,0
8/30/2023,21:00,PCOM HEAT,Porites,0
8/30/2023,21:15,PCOM HEAT,Porites,0
8/30/2023,21:30,PCOM HEAT,Porites,0
8/30/2023,21:45,PCOM HEAT,Porites,0
8/30/2023,22:00,PCOM HEAT,Porites,0
8/30/2023,22:15,PCOM HEAT,Porites,0
8/30/2023,22:30,PCOM HEAT,Porites,0
8/30/2023,22:45,PCOM HEAT,Porites,0
8/30/2023,23:00,PCOM HEAT,Porites,0
8/30/2023,23:15,PCOM HEAT,Porites,0
8/30/2023,23:30,PCOM HEAT,Porites,0
8/30/2023,23:45,PCOM HEAT,Porites,0
8/31/2023,0:00,PCOM HEAT,Porites,0
8/31/2023,0:15,PCOM HEAT,Porites,0
8/31/2023,0:30,PCOM HEAT,Porites,0
8/31/2023,0:45,PCOM HEAT,Porites,0
8/31/2023,1:00,PCOM HEAT,Porites,0
8/31/2023,1:15,PCOM HEAT,Porites,0
8/31/2023,1:30,PCOM HEAT,Porites,0
8/31/2023,1:45,PCOM HEAT,Porites,0
8/31/2023,2:00,PCOM HEAT,Porites,0
8/31/2023,2:15,PCOM HEAT,Porites,0
8/31/2023,2:30,PCOM HEAT,Porites,0
8/31/2023,2:45,PCOM HEAT,Porites,0
8/31/2023,3:00,PCOM HEAT,Porites,0
8/31/2023,3:15,PCOM HEAT,Porites,0
8/31/2023,3:30,PCOM HEAT,Porites,0
8/31/2023,3:45,PCOM HEAT,Porites,0
8/31/2023,4:00,PCOM HEAT,Porites,0
8/31/2023,4:15,PCOM HEAT,Porites,0
8/31/2023,4:30,PCOM HEAT,Porites,0
8/31/2023,4:45,PCOM HEAT,Porites,0
8/31/2023,5:00,PCOM HEAT,Porites,0
8/31/2023,5:15,PCOM HEAT,Porites,0
8/31/2023,5:30,PCOM HEAT,Porites,0
8/31/2023,5:45,PCOM HEAT,Porites,0
8/31/2023,6:00,PCOM HEAT,Porites,0
8/31/2023,6:15,PCOM HEAT,Porites,0.5
8/31/2023,6:30,PCOM HEAT,Porites,4.2
8/31/2023,6:45,PCOM HEAT,Porites,12.1
8/31/2023,7:00,PCOM HEAT,Porites,16.4
8/31/2023,7:15,PCOM HEAT,Porites,36.8
8/31/2023,7:30,PCOM HEAT,Porites,50.8
8/31/2023,7:45,PCOM HEAT,Porites,74.7
8/31/2023,8:00,PCOM HEAT,Porites,59.3
8/31/2023,8:15,PCOM HEAT,Porites,263.2
8/31/2023,8:30,PCOM HEAT,Porites,369.3
8/31/2023,8:45,PCOM HEAT,Porites,343.8
8/31/2023,9:00,PCOM HEAT,Porites,230.9
8/31/2023,9:15,PCOM HEAT,Porites,173.5
8/31/2023,9:30,PCOM HEAT,Porites,171.4
8/31/2023,9:45,PCOM HEAT,Porites,283.9
8/31/2023,10:00,PCOM HEAT,Porites,364.9
8/31/2023,10:15,PCOM HEAT,Porites,483.5
8/31/2023,10:30,PCOM HEAT,Porites,380.3
8/31/2023,10:45,PCOM HEAT,Porites,248.4
8/31/2023,11:00,PCOM HEAT,Porites,132
8/31/2023,11:15,PCOM HEAT,Porites,161.7
8/31/2023,11:30,PCOM HEAT,Porites,258.3
8/31/2023,11:45,PCOM HEAT,Porites,198.9
8/31/2023,12:00,PCOM HEAT,Porites,273.6
8/31/2023,12:15,PCOM HEAT,Porites,353.3
8/31/2023,12:30,PCOM HEAT,Porites,319.7
8/31/2023,12:45,PCOM HEAT,Porites,240.3
8/31/2023,13:00,PCOM HEAT,Porites,185.8
8/31/2023,13:15,PCOM HEAT,Porites,145.1
8/31/2023,13:30,PCOM HEAT,Porites,170.7
8/31/2023,13:45,PCOM HEAT,Porites,144.2
8/31/2023,14:00,PCOM HEAT,Porites,123.2
8/31/2023,14:15,PCOM HEAT,Porites,133.9
8/31/2023,14:30,PCOM HEAT,Porites,95.6
8/31/2023,14:45,PCOM HEAT,Porites,85
8/31/2023,15:00,PCOM HEAT,Porites,65
8/31/2023,15:15,PCOM HEAT,Porites,62.9
8/31/2023,15:30,PCOM HEAT,Porites,58.7
8/31/2023,15:45,PCOM HEAT,Porites,48.4
8/31/2023,16:00,PCOM HEAT,Porites,33.2
8/31/2023,16:15,PCOM HEAT,Porites,30.8
8/31/2023,16:30,PCOM HEAT,Porites,26.3
8/31/2023,16:45,PCOM HEAT,Porites,37
8/31/2023,17:00,PCOM HEAT,Porites,30.1
8/31/2023,17:15,PCOM HEAT,Porites,24.8
8/31/2023,17:30,PCOM HEAT,Porites,25
8/31/2023,17:45,PCOM HEAT,Porites,20.2
8/31/2023,18:00,PCOM HEAT,Porites,15.3
8/31/2023,18:15,PCOM HEAT,Porites,11
8/31/2023,18:30,PCOM HEAT,Porites,6.8
8/31/2023,18:45,PCOM HEAT,Porites,3
8/31/2023,19:00,PCOM HEAT,Porites,0.7
8/31/2023,19:15,PCOM HEAT,Porites,0
8/31/2023,19:30,PCOM HEAT,Porites,0
8/31/2023,19:45,PCOM HEAT,Porites,0
8/31/2023,20:00,PCOM HEAT,Porites,0
8/31/2023,20:15,PCOM HEAT,Porites,0
8/31/2023,20:30,PCOM HEAT,Porites,0
8/31/2023,20:45,PCOM HEAT,Porites,0
8/31/2023,21:00,PCOM HEAT,Porites,0
8/31/2023,21:15,PCOM HEAT,Porites,0
8/31/2023,21:30,PCOM HEAT,Porites,0
8/31/2023,21:45,PCOM HEAT,Porites,0
8/31/2023,22:00,PCOM HEAT,Porites,0
8/31/2023,22:15,PCOM HEAT,Porites,0
8/31/2023,22:30,PCOM HEAT,Porites,0
8/31/2023,22:45,PCOM HEAT,Porites,0
8/31/2023,23:00,PCOM HEAT,Porites,0
8/31/2023,23:15,PCOM HEAT,Porites,0
8/31/2023,23:30,PCOM HEAT,Porites,0
8/31/2023,23:45,PCOM HEAT,Porites,0
9/1/2023,0:00,PCOM HEAT,Porites,0
9/1/2023,0:15,PCOM HEAT,Porites,0
9/1/2023,0:30,PCOM HEAT,Porites,0
9/1/2023,0:45,PCOM HEAT,Porites,0
9/1/2023,1:00,PCOM HEAT,Porites,0
9/1/2023,1:15,PCOM HEAT,Porites,0
9/1/2023,1:30,PCOM HEAT,Porites,0
9/1/2023,1:45,PCOM HEAT,Porites,0
9/1/2023,2:00,PCOM HEAT,Porites,0
9/1/2023,2:15,PCOM HEAT,Porites,0
9/1/2023,2:30,PCOM HEAT,Porites,0
9/1/2023,2:45,PCOM HEAT,Porites,0
9/1/2023,3:00,PCOM HEAT,Porites,0
9/1/2023,3:15,PCOM HEAT,Porites,0
9/1/2023,3:30,PCOM HEAT,Porites,0
9/1/2023,3:45,PCOM HEAT,Porites,0
9/1/2023,4:00,PCOM HEAT,Porites,0
9/1/2023,4:15,PCOM HEAT,Porites,0
9/1/2023,4:30,PCOM HEAT,Porites,0
9/1/2023,4:45,PCOM HEAT,Porites,0
9/1/2023,5:00,PCOM HEAT,Porites,0
9/1/2023,5:15,PCOM HEAT,Porites,0
9/1/2023,5:30,PCOM HEAT,Porites,0
9/1/2023,5:45,PCOM HEAT,Porites,0
9/1/2023,6:00,PCOM HEAT,Porites,0
9/1/2023,6:15,PCOM HEAT,Porites,0.1
9/1/2023,6:30,PCOM HEAT,Porites,0.9
9/1/2023,6:45,PCOM HEAT,Porites,3
9/1/2023,7:00,PCOM HEAT,Porites,5.6
9/1/2023,7:15,PCOM HEAT,Porites,13.2
9/1/2023,7:30,PCOM HEAT,Porites,17.9
9/1/2023,7:45,PCOM HEAT,Porites,27.2
9/1/2023,8:00,PCOM HEAT,Porites,93.5
9/1/2023,8:15,PCOM HEAT,Porites,106.7
9/1/2023,8:30,PCOM HEAT,Porites,327.3
9/1/2023,8:45,PCOM HEAT,Porites,344.2
9/1/2023,9:00,PCOM HEAT,Porites,204.3
9/1/2023,9:15,PCOM HEAT,Porites,405.8
9/1/2023,9:30,PCOM HEAT,Porites,495.3
9/1/2023,9:45,PCOM HEAT,Porites,497.3
9/1/2023,10:00,PCOM HEAT,Porites,351
9/1/2023,10:15,PCOM HEAT,Porites,466
9/1/2023,10:30,PCOM HEAT,Porites,678.2
9/1/2023,10:45,PCOM HEAT,Porites,370.1
9/1/2023,11:00,PCOM HEAT,Porites,152.6
9/1/2023,11:15,PCOM HEAT,Porites,182.2
9/1/2023,11:30,PCOM HEAT,Porites,285.6
9/1/2023,11:45,PCOM HEAT,Porites,305.9
9/1/2023,12:00,PCOM HEAT,Porites,267.9
9/1/2023,12:15,PCOM HEAT,Porites,200
9/1/2023,12:30,PCOM HEAT,Porites,331.8
9/1/2023,12:45,PCOM HEAT,Porites,167.9
9/1/2023,13:00,PCOM HEAT,Porites,122.1
9/1/2023,13:15,PCOM HEAT,Porites,97.4
9/1/2023,13:30,PCOM HEAT,Porites,143.9
9/1/2023,13:45,PCOM HEAT,Porites,156.8
9/1/2023,14:00,PCOM HEAT,Porites,153.4
9/1/2023,14:15,PCOM HEAT,Porites,98.4
9/1/2023,14:30,PCOM HEAT,Porites,108.3
9/1/2023,14:45,PCOM HEAT,Porites,87.8
9/1/2023,15:00,PCOM HEAT,Porites,70.2
9/1/2023,15:15,PCOM HEAT,Porites,68.3
9/1/2023,15:30,PCOM HEAT,Porites,41.3
9/1/2023,15:45,PCOM HEAT,Porites,43.9
9/1/2023,16:00,PCOM HEAT,Porites,45.6
9/1/2023,16:15,PCOM HEAT,Porites,40.3
9/1/2023,16:30,PCOM HEAT,Porites,37.4
9/1/2023,16:45,PCOM HEAT,Porites,47.6
9/1/2023,17:00,PCOM HEAT,Porites,33.5
9/1/2023,17:15,PCOM HEAT,Porites,16.4
9/1/2023,17:30,PCOM HEAT,Porites,25
9/1/2023,17:45,PCOM HEAT,Porites,16.5
9/1/2023,18:00,PCOM HEAT,Porites,9.1
9/1/2023,18:15,PCOM HEAT,Porites,8.5
9/1/2023,18:30,PCOM HEAT,Porites,6.1
9/1/2023,18:45,PCOM HEAT,Porites,2.5
9/1/2023,19:00,PCOM HEAT,Porites,0.6
9/1/2023,19:15,PCOM HEAT,Porites,0
9/1/2023,19:30,PCOM HEAT,Porites,0
9/1/2023,19:45,PCOM HEAT,Porites,0
9/1/2023,20:00,PCOM HEAT,Porites,0
9/1/2023,20:15,PCOM HEAT,Porites,0
9/1/2023,20:30,PCOM HEAT,Porites,0
9/1/2023,20:45,PCOM HEAT,Porites,0
9/1/2023,21:00,PCOM HEAT,Porites,0
9/1/2023,21:15,PCOM HEAT,Porites,0
9/1/2023,21:30,PCOM HEAT,Porites,0
9/1/2023,21:45,PCOM HEAT,Porites,0
9/1/2023,22:00,PCOM HEAT,Porites,0
9/1/2023,22:15,PCOM HEAT,Porites,0
9/1/2023,22:30,PCOM HEAT,Porites,0
9/1/2023,22:45,PCOM HEAT,Porites,0
9/1/2023,23:00,PCOM HEAT,Porites,0
9/1/2023,23:15,PCOM HEAT,Porites,0
9/1/2023,23:30,PCOM HEAT,Porites,0
9/1/2023,23:45,PCOM HEAT,Porites,0
9/2/2023,0:00,PCOM HEAT,Porites,0
9/2/2023,0:15,PCOM HEAT,Porites,0
9/2/2023,0:30,PCOM HEAT,Porites,0
9/2/2023,0:45,PCOM HEAT,Porites,0
9/2/2023,1:00,PCOM HEAT,Porites,0
9/2/2023,1:15,PCOM HEAT,Porites,0
9/2/2023,1:30,PCOM HEAT,Porites,0
9/2/2023,1:45,PCOM HEAT,Porites,0
9/2/2023,2:00,PCOM HEAT,Porites,0
9/2/2023,2:15,PCOM HEAT,Porites,0
9/2/2023,2:30,PCOM HEAT,Porites,0
9/2/2023,2:45,PCOM HEAT,Porites,0
9/2/2023,3:00,PCOM HEAT,Porites,0
9/2/2023,3:15,PCOM HEAT,Porites,0
9/2/2023,3:30,PCOM HEAT,Porites,0
9/2/2023,3:45,PCOM HEAT,Porites,0
9/2/2023,4:00,PCOM HEAT,Porites,0
9/2/2023,4:15,PCOM HEAT,Porites,0
9/2/2023,4:30,PCOM HEAT,Porites,0
9/2/2023,4:45,PCOM HEAT,Porites,0
9/2/2023,5:00,PCOM HEAT,Porites,0
9/2/2023,5:15,PCOM HEAT,Porites,0
9/2/2023,5:30,PCOM HEAT,Porites,0
9/2/2023,5:45,PCOM HEAT,Porites,0
9/2/2023,6:00,PCOM HEAT,Porites,0
9/2/2023,6:15,PCOM HEAT,Porites,0.1
9/2/2023,6:30,PCOM HEAT,Porites,2
9/2/2023,6:45,PCOM HEAT,Porites,5.1
9/2/2023,7:00,PCOM HEAT,Porites,10.3
9/2/2023,7:15,PCOM HEAT,Porites,19
9/2/2023,7:30,PCOM HEAT,Porites,29.9
9/2/2023,7:45,PCOM HEAT,Porites,46.4
9/2/2023,8:00,PCOM HEAT,Porites,65.3
9/2/2023,8:15,PCOM HEAT,Porites,53.8
9/2/2023,8:30,PCOM HEAT,Porites,103.3
9/2/2023,8:45,PCOM HEAT,Porites,180.1
9/2/2023,9:00,PCOM HEAT,Porites,173.6
9/2/2023,9:15,PCOM HEAT,Porites,305.6
9/2/2023,9:30,PCOM HEAT,Porites,174.3
9/2/2023,9:45,PCOM HEAT,Porites,342.5
9/2/2023,10:00,PCOM HEAT,Porites,199.1
9/2/2023,10:15,PCOM HEAT,Porites,92.8
9/2/2023,10:30,PCOM HEAT,Porites,508.6
9/2/2023,10:45,PCOM HEAT,Porites,181.2
9/2/2023,11:00,PCOM HEAT,Porites,119
9/2/2023,11:15,PCOM HEAT,Porites,155.2
9/2/2023,11:30,PCOM HEAT,Porites,152.4
9/2/2023,11:45,PCOM HEAT,Porites,111.9
9/2/2023,12:00,PCOM HEAT,Porites,132.7
9/2/2023,12:15,PCOM HEAT,Porites,102.1
9/2/2023,12:30,PCOM HEAT,Porites,134
9/2/2023,12:45,PCOM HEAT,Porites,125.3
9/2/2023,13:00,PCOM HEAT,Porites,117.3
9/2/2023,13:15,PCOM HEAT,Porites,103.8
9/2/2023,13:30,PCOM HEAT,Porites,101.4
9/2/2023,13:45,PCOM HEAT,Porites,106.5
9/2/2023,14:00,PCOM HEAT,Porites,86.8
9/2/2023,14:15,PCOM HEAT,Porites,77.1
9/2/2023,14:30,PCOM HEAT,Porites,54.5
9/2/2023,14:45,PCOM HEAT,Porites,73.8
9/2/2023,15:00,PCOM HEAT,Porites,108.3
9/2/2023,15:15,PCOM HEAT,Porites,89
9/2/2023,15:30,PCOM HEAT,Porites,61.7
9/2/2023,15:45,PCOM HEAT,Porites,41
9/2/2023,16:00,PCOM HEAT,Porites,31.1
9/2/2023,16:15,PCOM HEAT,Porites,31.2
9/2/2023,16:30,PCOM HEAT,Porites,24.4
9/2/2023,16:45,PCOM HEAT,Porites,24.3
9/2/2023,17:00,PCOM HEAT,Porites,41.6
9/2/2023,17:15,PCOM HEAT,Porites,28.2
9/2/2023,17:30,PCOM HEAT,Porites,21.6
9/2/2023,17:45,PCOM HEAT,Porites,14.1
9/2/2023,18:00,PCOM HEAT,Porites,13.3
9/2/2023,18:15,PCOM HEAT,Porites,15.9
9/2/2023,18:30,PCOM HEAT,Porites,7.5
9/2/2023,18:45,PCOM HEAT,Porites,2.7
9/2/2023,19:00,PCOM HEAT,Porites,0.5
9/2/2023,19:15,PCOM HEAT,Porites,0
9/2/2023,19:30,PCOM HEAT,Porites,0
9/2/2023,19:45,PCOM HEAT,Porites,0
9/2/2023,20:00,PCOM HEAT,Porites,0
9/2/2023,20:15,PCOM HEAT,Porites,0
9/2/2023,20:30,PCOM HEAT,Porites,0
9/2/2023,20:45,PCOM HEAT,Porites,0
9/2/2023,21:00,PCOM HEAT,Porites,0
9/2/2023,21:15,PCOM HEAT,Porites,0
9/2/2023,21:30,PCOM HEAT,Porites,0
9/2/2023,21:45,PCOM HEAT,Porites,0
9/2/2023,22:00,PCOM HEAT,Porites,0
9/2/2023,22:15,PCOM HEAT,Porites,0
9/2/2023,22:30,PCOM HEAT,Porites,0
9/2/2023,22:45,PCOM HEAT,Porites,0
9/2/2023,23:00,PCOM HEAT,Porites,0
9/2/2023,23:15,PCOM HEAT,Porites,0
9/2/2023,23:30,PCOM HEAT,Porites,0
9/2/2023,23:45,PCOM HEAT,Porites,0
9/3/2023,0:00,PCOM HEAT,Porites,0
9/3/2023,0:15,PCOM HEAT,Porites,0
9/3/2023,0:30,PCOM HEAT,Porites,0
9/3/2023,0:45,PCOM HEAT,Porites,0
9/3/2023,1:00,PCOM HEAT,Porites,0
9/3/2023,1:15,PCOM HEAT,Porites,0
9/3/2023,1:30,PCOM HEAT,Porites,0
9/3/2023,1:45,PCOM HEAT,Porites,0
9/3/2023,2:00,PCOM HEAT,Porites,0
9/3/2023,2:15,PCOM HEAT,Porites,0
9/3/2023,2:30,PCOM HEAT,Porites,0
9/3/2023,2:45,PCOM HEAT,Porites,0
9/3/2023,3:00,PCOM HEAT,Porites,0
9/3/2023,3:15,PCOM HEAT,Porites,0
9/3/2023,3:30,PCOM HEAT,Porites,0
9/3/2023,3:45,PCOM HEAT,Porites,0
9/3/2023,4:00,PCOM HEAT,Porites,0
9/3/2023,4:15,PCOM HEAT,Porites,0
9/3/2023,4:30,PCOM HEAT,Porites,0
9/3/2023,4:45,PCOM HEAT,Porites,0
9/3/2023,5:00,PCOM HEAT,Porites,0
9/3/2023,5:15,PCOM HEAT,Porites,0
9/3/2023,5:30,PCOM HEAT,Porites,0
9/3/2023,5:45,PCOM HEAT,Porites,0
9/3/2023,6:00,PCOM HEAT,Porites,0
9/3/2023,6:15,PCOM HEAT,Porites,0.2
9/3/2023,6:30,PCOM HEAT,Porites,3.5
9/3/2023,6:45,PCOM HEAT,Porites,12.4
9/3/2023,7:00,PCOM HEAT,Porites,31.5
9/3/2023,7:15,PCOM HEAT,Porites,48.1
9/3/2023,7:30,PCOM HEAT,Porites,48.9
9/3/2023,7:45,PCOM HEAT,Porites,48.2
9/3/2023,8:00,PCOM HEAT,Porites,117.6
9/3/2023,8:15,PCOM HEAT,Porites,75.3
9/3/2023,8:30,PCOM HEAT,Porites,190.1
9/3/2023,8:45,PCOM HEAT,Porites,147.7
9/3/2023,9:00,PCOM HEAT,Porites,113.7
9/3/2023,9:15,PCOM HEAT,Porites,167.7
9/3/2023,9:30,PCOM HEAT,Porites,64.8
9/3/2023,9:45,PCOM HEAT,Porites,67.5
9/3/2023,10:00,PCOM HEAT,Porites,219.5
9/3/2023,10:15,PCOM HEAT,Porites,188.2
9/3/2023,10:30,PCOM HEAT,Porites,209.3
9/3/2023,10:45,PCOM HEAT,Porites,82.3
9/3/2023,11:00,PCOM HEAT,Porites,62.1
9/3/2023,11:15,PCOM HEAT,Porites,69.7
9/3/2023,11:30,PCOM HEAT,Porites,69.5
9/3/2023,11:45,PCOM HEAT,Porites,64.8
9/3/2023,12:00,PCOM HEAT,Porites,61.4
9/3/2023,12:15,PCOM HEAT,Porites,80.5
9/3/2023,12:30,PCOM HEAT,Porites,89.1
9/3/2023,12:45,PCOM HEAT,Porites,121.5
9/3/2023,13:00,PCOM HEAT,Porites,225.7
9/3/2023,13:15,PCOM HEAT,Porites,237.9
9/3/2023,13:30,PCOM HEAT,Porites,192.7
9/3/2023,13:45,PCOM HEAT,Porites,148.4
9/3/2023,14:00,PCOM HEAT,Porites,135.4
9/3/2023,14:15,PCOM HEAT,Porites,80
9/3/2023,14:30,PCOM HEAT,Porites,64.9
9/3/2023,14:45,PCOM HEAT,Porites,83.4
9/3/2023,15:00,PCOM HEAT,Porites,91.9
9/3/2023,15:15,PCOM HEAT,Porites,62
9/3/2023,15:30,PCOM HEAT,Porites,63.9
9/3/2023,15:45,PCOM HEAT,Porites,46
9/3/2023,16:00,PCOM HEAT,Porites,35.8
9/3/2023,16:15,PCOM HEAT,Porites,45.6
9/3/2023,16:30,PCOM HEAT,Porites,26.8
9/3/2023,16:45,PCOM HEAT,Porites,28.8
9/3/2023,17:00,PCOM HEAT,Porites,19.4
9/3/2023,17:15,PCOM HEAT,Porites,19.2
9/3/2023,17:30,PCOM HEAT,Porites,14.1
9/3/2023,17:45,PCOM HEAT,Porites,14.4
9/3/2023,18:00,PCOM HEAT,Porites,14.9
9/3/2023,18:15,PCOM HEAT,Porites,11.3
9/3/2023,18:30,PCOM HEAT,Porites,8.8
9/3/2023,18:45,PCOM HEAT,Porites,2.5
9/3/2023,19:00,PCOM HEAT,Porites,0.4
9/3/2023,19:15,PCOM HEAT,Porites,0
9/3/2023,19:30,PCOM HEAT,Porites,0
9/3/2023,19:45,PCOM HEAT,Porites,0
9/3/2023,20:00,PCOM HEAT,Porites,0
9/3/2023,20:15,PCOM HEAT,Porites,0
9/3/2023,20:30,PCOM HEAT,Porites,0
9/3/2023,20:45,PCOM HEAT,Porites,0
9/3/2023,21:00,PCOM HEAT,Porites,0
9/3/2023,21:15,PCOM HEAT,Porites,0
9/3/2023,21:30,PCOM HEAT,Porites,0
9/3/2023,21:45,PCOM HEAT,Porites,0
9/3/2023,22:00,PCOM HEAT,Porites,0
9/3/2023,22:15,PCOM HEAT,Porites,0
9/3/2023,22:30,PCOM HEAT,Porites,0
9/3/2023,22:45,PCOM HEAT,Porites,0
9/3/2023,23:00,PCOM HEAT,Porites,0
9/3/2023,23:15,PCOM HEAT,Porites,0
9/3/2023,23:30,PCOM HEAT,Porites,0
9/3/2023,23:45,PCOM HEAT,Porites,0
9/4/2023,0:00,PCOM HEAT,Porites,0
9/4/2023,0:15,PCOM HEAT,Porites,0
9/4/2023,0:30,PCOM HEAT,Porites,0
9/4/2023,0:45,PCOM HEAT,Porites,0
9/4/2023,1:00,PCOM HEAT,Porites,0
9/4/2023,1:15,PCOM HEAT,Porites,0
9/4/2023,1:30,PCOM HEAT,Porites,0
9/4/2023,1:45,PCOM HEAT,Porites,0
9/4/2023,2:00,PCOM HEAT,Porites,0
9/4/2023,2:15,PCOM HEAT,Porites,0
9/4/2023,2:30,PCOM HEAT,Porites,0
9/4/2023,2:45,PCOM HEAT,Porites,0
9/4/2023,3:00,PCOM HEAT,Porites,0
9/4/2023,3:15,PCOM HEAT,Porites,0
9/4/2023,3:30,PCOM HEAT,Porites,0
9/4/2023,3:45,PCOM HEAT,Porites,0
9/4/2023,4:00,PCOM HEAT,Porites,0
9/4/2023,4:15,PCOM HEAT,Porites,0
9/4/2023,4:30,PCOM HEAT,Porites,0
9/4/2023,4:45,PCOM HEAT,Porites,0
9/4/2023,5:00,PCOM HEAT,Porites,0
9/4/2023,5:15,PCOM HEAT,Porites,0
9/4/2023,5:30,PCOM HEAT,Porites,0
9/4/2023,5:45,PCOM HEAT,Porites,0
9/4/2023,6:00,PCOM HEAT,Porites,0
9/4/2023,6:15,PCOM HEAT,Porites,0.4
9/4/2023,6:30,PCOM HEAT,Porites,3.6
9/4/2023,6:45,PCOM HEAT,Porites,12.3
9/4/2023,7:00,PCOM HEAT,Porites,20
9/4/2023,7:15,PCOM HEAT,Porites,40.6
9/4/2023,7:30,PCOM HEAT,Porites,32.8
9/4/2023,7:45,PCOM HEAT,Porites,74.2
9/4/2023,8:00,PCOM HEAT,Porites,99.1
9/4/2023,8:15,PCOM HEAT,Porites,144.9
9/4/2023,8:30,PCOM HEAT,Porites,209.2
9/4/2023,8:45,PCOM HEAT,Porites,340.5
9/4/2023,9:00,PCOM HEAT,Porites,224.2
9/4/2023,9:15,PCOM HEAT,Porites,536.2
9/4/2023,9:30,PCOM HEAT,Porites,242.5
9/4/2023,9:45,PCOM HEAT,Porites,445.8
9/4/2023,10:00,PCOM HEAT,Porites,271.1
9/4/2023,10:15,PCOM HEAT,Porites,400.5
9/4/2023,10:30,PCOM HEAT,Porites,860.6
9/4/2023,10:45,PCOM HEAT,Porites,146.6
9/4/2023,11:00,PCOM HEAT,Porites,111.2
9/4/2023,11:15,PCOM HEAT,Porites,250
9/4/2023,11:30,PCOM HEAT,Porites,225.4
9/4/2023,11:45,PCOM HEAT,Porites,365.2
9/4/2023,12:00,PCOM HEAT,Porites,358.5
9/4/2023,12:15,PCOM HEAT,Porites,252.1
9/4/2023,12:30,PCOM HEAT,Porites,111.7
9/4/2023,12:45,PCOM HEAT,Porites,189.5
9/4/2023,13:00,PCOM HEAT,Porites,331.6
9/4/2023,13:15,PCOM HEAT,Porites,299.9
9/4/2023,13:30,PCOM HEAT,Porites,164.8
9/4/2023,13:45,PCOM HEAT,Porites,161
9/4/2023,14:00,PCOM HEAT,Porites,145.4
9/4/2023,14:15,PCOM HEAT,Porites,99.3
9/4/2023,14:30,PCOM HEAT,Porites,72.8
9/4/2023,14:45,PCOM HEAT,Porites,68.3
9/4/2023,15:00,PCOM HEAT,Porites,79.9
9/4/2023,15:15,PCOM HEAT,Porites,74.9
9/4/2023,15:30,PCOM HEAT,Porites,64
9/4/2023,15:45,PCOM HEAT,Porites,32.7
9/4/2023,16:00,PCOM HEAT,Porites,22.7
9/4/2023,16:15,PCOM HEAT,Porites,19
9/4/2023,16:30,PCOM HEAT,Porites,23.3
9/4/2023,16:45,PCOM HEAT,Porites,27.7
9/4/2023,17:00,PCOM HEAT,Porites,18.7
9/4/2023,17:15,PCOM HEAT,Porites,14.8
9/4/2023,17:30,PCOM HEAT,Porites,14.4
9/4/2023,17:45,PCOM HEAT,Porites,14.9
9/4/2023,18:00,PCOM HEAT,Porites,14.3
9/4/2023,18:15,PCOM HEAT,Porites,9.3
9/4/2023,18:30,PCOM HEAT,Porites,5.2
9/4/2023,18:45,PCOM HEAT,Porites,2.3
9/4/2023,19:00,PCOM HEAT,Porites,0.4
9/4/2023,19:15,PCOM HEAT,Porites,0
9/4/2023,19:30,PCOM HEAT,Porites,0
9/4/2023,19:45,PCOM HEAT,Porites,0
9/4/2023,20:00,PCOM HEAT,Porites,0
9/4/2023,20:15,PCOM HEAT,Porites,0
9/4/2023,20:30,PCOM HEAT,Porites,0
9/4/2023,20:45,PCOM HEAT,Porites,0
9/4/2023,21:00,PCOM HEAT,Porites,0
9/4/2023,21:15,PCOM HEAT,Porites,0
9/4/2023,21:30,PCOM HEAT,Porites,0
9/4/2023,21:45,PCOM HEAT,Porites,0
9/4/2023,22:00,PCOM HEAT,Porites,0
9/4/2023,22:15,PCOM HEAT,Porites,0
9/4/2023,22:30,PCOM HEAT,Porites,0
9/4/2023,22:45,PCOM HEAT,Porites,0
9/4/2023,23:00,PCOM HEAT,Porites,0
9/4/2023,23:15,PCOM HEAT,Porites,0
9/4/2023,23:30,PCOM HEAT,Porites,0
9/4/2023,23:45,PCOM HEAT,Porites,0
9/5/2023,0:00,PCOM HEAT,Porites,0
9/5/2023,0:15,PCOM HEAT,Porites,0
9/5/2023,0:30,PCOM HEAT,Porites,0
9/5/2023,0:45,PCOM HEAT,Porites,0
9/5/2023,1:00,PCOM HEAT,Porites,0
9/5/2023,1:15,PCOM HEAT,Porites,0
9/5/2023,1:30,PCOM HEAT,Porites,0
9/5/2023,1:45,PCOM HEAT,Porites,0
9/5/2023,2:00,PCOM HEAT,Porites,0
9/5/2023,2:15,PCOM HEAT,Porites,0
9/5/2023,2:30,PCOM HEAT,Porites,0
9/5/2023,2:45,PCOM HEAT,Porites,0
9/5/2023,3:00,PCOM HEAT,Porites,0
9/5/2023,3:15,PCOM HEAT,Porites,0
9/5/2023,3:30,PCOM HEAT,Porites,0
9/5/2023,3:45,PCOM HEAT,Porites,0
9/5/2023,4:00,PCOM HEAT,Porites,0
9/5/2023,4:15,PCOM HEAT,Porites,0
9/5/2023,4:30,PCOM HEAT,Porites,0
9/5/2023,4:45,PCOM HEAT,Porites,0
9/5/2023,5:00,PCOM HEAT,Porites,0
9/5/2023,5:15,PCOM HEAT,Porites,0
9/5/2023,5:30,PCOM HEAT,Porites,0
9/5/2023,5:45,PCOM HEAT,Porites,0
9/5/2023,6:00,PCOM HEAT,Porites,0
9/5/2023,6:15,PCOM HEAT,Porites,0.4
9/5/2023,6:30,PCOM HEAT,Porites,4.4
9/5/2023,6:45,PCOM HEAT,Porites,14.9
9/5/2023,7:00,PCOM HEAT,Porites,40.4
9/5/2023,7:15,PCOM HEAT,Porites,39.5
9/5/2023,7:30,PCOM HEAT,Porites,41.3
9/5/2023,7:45,PCOM HEAT,Porites,41.8
9/5/2023,8:00,PCOM HEAT,Porites,106.3
9/5/2023,8:15,PCOM HEAT,Porites,107.9
9/5/2023,8:30,PCOM HEAT,Porites,122.6
9/5/2023,8:45,PCOM HEAT,Porites,124.8
9/5/2023,10:15,PCOM HEAT,Porites,370.1
9/5/2023,10:30,PCOM HEAT,Porites,421.9
9/5/2023,10:45,PCOM HEAT,Porites,345
9/5/2023,11:00,PCOM HEAT,Porites,291.8
9/5/2023,11:15,PCOM HEAT,Porites,216.7
9/5/2023,11:30,PCOM HEAT,Porites,73.9
9/5/2023,11:45,PCOM HEAT,Porites,217
9/5/2023,12:00,PCOM HEAT,Porites,337.8
9/5/2023,12:15,PCOM HEAT,Porites,357.5
9/5/2023,12:30,PCOM HEAT,Porites,341
9/5/2023,12:45,PCOM HEAT,Porites,358.9
9/5/2023,13:00,PCOM HEAT,Porites,307.1
9/5/2023,13:15,PCOM HEAT,Porites,336.8
9/5/2023,13:30,PCOM HEAT,Porites,317.5
9/5/2023,13:45,PCOM HEAT,Porites,274
9/5/2023,14:00,PCOM HEAT,Porites,152.3
9/5/2023,14:15,PCOM HEAT,Porites,130.8
9/5/2023,14:30,PCOM HEAT,Porites,134.9
9/5/2023,14:45,PCOM HEAT,Porites,123.7
9/5/2023,15:00,PCOM HEAT,Porites,94.9
9/5/2023,15:15,PCOM HEAT,Porites,87.6
9/5/2023,15:30,PCOM HEAT,Porites,75.7
9/5/2023,15:45,PCOM HEAT,Porites,57.6
9/5/2023,16:00,PCOM HEAT,Porites,65.9
9/5/2023,16:15,PCOM HEAT,Porites,50.3
9/5/2023,16:30,PCOM HEAT,Porites,45.4
9/5/2023,16:45,PCOM HEAT,Porites,63.9
9/5/2023,17:00,PCOM HEAT,Porites,63.8
9/5/2023,17:15,PCOM HEAT,Porites,66.1
9/5/2023,17:30,PCOM HEAT,Porites,63.2
9/5/2023,17:45,PCOM HEAT,Porites,35.1
9/5/2023,18:00,PCOM HEAT,Porites,24.9
9/5/2023,18:15,PCOM HEAT,Porites,17.1
9/5/2023,18:30,PCOM HEAT,Porites,5.5
9/5/2023,18:45,PCOM HEAT,Porites,2.1
9/5/2023,19:00,PCOM HEAT,Porites,0.4
9/5/2023,19:15,PCOM HEAT,Porites,0
9/5/2023,19:30,PCOM HEAT,Porites,0
9/5/2023,19:45,PCOM HEAT,Porites,0
9/5/2023,20:00,PCOM HEAT,Porites,0
9/5/2023,20:15,PCOM HEAT,Porites,0
9/5/2023,20:30,PCOM HEAT,Porites,0
9/5/2023,20:45,PCOM HEAT,Porites,0
9/5/2023,21:00,PCOM HEAT,Porites,0
9/5/2023,21:15,PCOM HEAT,Porites,0
9/5/2023,21:30,PCOM HEAT,Porites,0
9/5/2023,21:45,PCOM HEAT,Porites,0
9/5/2023,22:00,PCOM HEAT,Porites,0
9/5/2023,22:15,PCOM HEAT,Porites,0
9/5/2023,22:30,PCOM HEAT,Porites,0
9/5/2023,22:45,PCOM HEAT,Porites,0
9/5/2023,23:00,PCOM HEAT,Porites,0
9/5/2023,23:15,PCOM HEAT,Porites,0
9/5/2023,23:30,PCOM HEAT,Porites,0
9/5/2023,23:45,PCOM HEAT,Porites,0
9/6/2023,0:00,PCOM HEAT,Porites,0
9/6/2023,0:15,PCOM HEAT,Porites,0
9/6/2023,0:30,PCOM HEAT,Porites,0
9/6/2023,0:45,PCOM HEAT,Porites,0
9/6/2023,1:00,PCOM HEAT,Porites,0
9/6/2023,1:15,PCOM HEAT,Porites,0
9/6/2023,1:30,PCOM HEAT,Porites,0
9/6/2023,1:45,PCOM HEAT,Porites,0
9/6/2023,2:00,PCOM HEAT,Porites,0
9/6/2023,2:15,PCOM HEAT,Porites,0
9/6/2023,2:30,PCOM HEAT,Porites,0
9/6/2023,2:45,PCOM HEAT,Porites,0
9/6/2023,3:00,PCOM HEAT,Porites,0
9/6/2023,3:15,PCOM HEAT,Porites,0
9/6/2023,3:30,PCOM HEAT,Porites,0
9/6/2023,3:45,PCOM HEAT,Porites,0
9/6/2023,4:00,PCOM HEAT,Porites,0
9/6/2023,4:15,PCOM HEAT,Porites,0
9/6/2023,4:30,PCOM HEAT,Porites,0
9/6/2023,4:45,PCOM HEAT,Porites,0
9/6/2023,5:00,PCOM HEAT,Porites,0
9/6/2023,5:15,PCOM HEAT,Porites,0
9/6/2023,5:30,PCOM HEAT,Porites,0
9/6/2023,5:45,PCOM HEAT,Porites,0
9/6/2023,6:00,PCOM HEAT,Porites,0
9/6/2023,6:15,PCOM HEAT,Porites,0.4
9/6/2023,6:30,PCOM HEAT,Porites,1.7
9/6/2023,6:45,PCOM HEAT,Porites,6.6
9/6/2023,7:00,PCOM HEAT,Porites,19
9/6/2023,7:15,PCOM HEAT,Porites,34.8
9/6/2023,7:30,PCOM HEAT,Porites,59.6
9/6/2023,7:45,PCOM HEAT,Porites,59.8
9/6/2023,8:00,PCOM HEAT,Porites,81.6
9/6/2023,8:15,PCOM HEAT,Porites,157.9
9/6/2023,8:30,PCOM HEAT,Porites,263.5
9/6/2023,8:45,PCOM HEAT,Porites,358.5
9/6/2023,9:00,PCOM HEAT,Porites,399.9
9/6/2023,9:15,PCOM HEAT,Porites,63.9
9/6/2023,9:30,PCOM HEAT,Porites,78.3
9/6/2023,9:45,PCOM HEAT,Porites,67.3
9/6/2023,10:00,PCOM HEAT,Porites,93.6
9/6/2023,10:15,PCOM HEAT,Porites,250.6
9/6/2023,10:30,PCOM HEAT,Porites,696.8
9/6/2023,10:45,PCOM HEAT,Porites,445.9
9/6/2023,11:00,PCOM HEAT,Porites,282.9
9/6/2023,11:15,PCOM HEAT,Porites,166.9
9/6/2023,11:30,PCOM HEAT,Porites,120.2
9/6/2023,11:45,PCOM HEAT,Porites,76.9
9/6/2023,12:00,PCOM HEAT,Porites,84.9
9/6/2023,12:15,PCOM HEAT,Porites,88.8
9/6/2023,12:30,PCOM HEAT,Porites,201.4
9/6/2023,12:45,PCOM HEAT,Porites,224.2
9/6/2023,13:00,PCOM HEAT,Porites,215.4
9/6/2023,13:15,PCOM HEAT,Porites,175
9/6/2023,13:30,PCOM HEAT,Porites,306
9/6/2023,13:45,PCOM HEAT,Porites,161.2
9/6/2023,14:00,PCOM HEAT,Porites,160.3
9/6/2023,14:15,PCOM HEAT,Porites,116.2
9/6/2023,14:30,PCOM HEAT,Porites,84.1
9/6/2023,14:45,PCOM HEAT,Porites,82.9
9/6/2023,15:00,PCOM HEAT,Porites,99.6
9/6/2023,15:15,PCOM HEAT,Porites,98.2
9/6/2023,15:30,PCOM HEAT,Porites,64.9
9/6/2023,15:45,PCOM HEAT,Porites,61.1
9/6/2023,16:00,PCOM HEAT,Porites,45.7
9/6/2023,16:15,PCOM HEAT,Porites,37.4
9/6/2023,16:30,PCOM HEAT,Porites,32.8
9/6/2023,16:45,PCOM HEAT,Porites,36.7
9/6/2023,17:00,PCOM HEAT,Porites,28.4
9/6/2023,17:15,PCOM HEAT,Porites,27.6
9/6/2023,17:30,PCOM HEAT,Porites,25
9/6/2023,17:45,PCOM HEAT,Porites,23
9/6/2023,18:00,PCOM HEAT,Porites,18
9/6/2023,18:15,PCOM HEAT,Porites,8.8
9/6/2023,18:30,PCOM HEAT,Porites,5.8
9/6/2023,18:45,PCOM HEAT,Porites,3
9/6/2023,19:00,PCOM HEAT,Porites,0.6
9/6/2023,19:15,PCOM HEAT,Porites,0
9/6/2023,19:30,PCOM HEAT,Porites,0
9/6/2023,19:45,PCOM HEAT,Porites,0
9/6/2023,20:00,PCOM HEAT,Porites,0
9/6/2023,20:15,PCOM HEAT,Porites,0
9/6/2023,20:30,PCOM HEAT,Porites,0
9/6/2023,20:45,PCOM HEAT,Porites,0
9/6/2023,21:00,PCOM HEAT,Porites,0
9/6/2023,21:15,PCOM HEAT,Porites,0
9/6/2023,21:30,PCOM HEAT,Porites,0
9/6/2023,21:45,PCOM HEAT,Porites,0
9/6/2023,22:00,PCOM HEAT,Porites,0
9/6/2023,22:15,PCOM HEAT,Porites,0
9/6/2023,22:30,PCOM HEAT,Porites,0
9/6/2023,22:45,PCOM HEAT,Porites,0
9/6/2023,23:00,PCOM HEAT,Porites,0
9/6/2023,23:15,PCOM HEAT,Porites,0
9/6/2023,23:30,PCOM HEAT,Porites,0
9/6/2023,23:45,PCOM HEAT,Porites,0
9/7/2023,0:00,PCOM HEAT,Porites,0
9/7/2023,0:15,PCOM HEAT,Porites,0
9/7/2023,0:30,PCOM HEAT,Porites,0
9/7/2023,0:45,PCOM HEAT,Porites,0
9/7/2023,1:00,PCOM HEAT,Porites,0
9/7/2023,1:15,PCOM HEAT,Porites,0
9/7/2023,1:30,PCOM HEAT,Porites,0
9/7/2023,1:45,PCOM HEAT,Porites,0
9/7/2023,2:00,PCOM HEAT,Porites,0
9/7/2023,2:15,PCOM HEAT,Porites,0
9/7/2023,2:30,PCOM HEAT,Porites,0
9/7/2023,2:45,PCOM HEAT,Porites,0
9/7/2023,3:00,PCOM HEAT,Porites,0
9/7/2023,3:15,PCOM HEAT,Porites,0
9/7/2023,3:30,PCOM HEAT,Porites,0
9/7/2023,3:45,PCOM HEAT,Porites,0
9/7/2023,4:00,PCOM HEAT,Porites,0
9/7/2023,4:15,PCOM HEAT,Porites,0
9/7/2023,4:30,PCOM HEAT,Porites,0
9/7/2023,4:45,PCOM HEAT,Porites,0
9/7/2023,5:00,PCOM HEAT,Porites,0
9/7/2023,5:15,PCOM HEAT,Porites,0
9/7/2023,5:30,PCOM HEAT,Porites,0
9/7/2023,5:45,PCOM HEAT,Porites,0
9/7/2023,6:00,PCOM HEAT,Porites,0
9/7/2023,6:15,PCOM HEAT,Porites,0.3
9/7/2023,6:30,PCOM HEAT,Porites,3.3
9/7/2023,6:45,PCOM HEAT,Porites,9.5
9/7/2023,7:00,PCOM HEAT,Porites,21.8
9/7/2023,7:15,PCOM HEAT,Porites,40.4
9/7/2023,7:30,PCOM HEAT,Porites,34.7
9/7/2023,7:45,PCOM HEAT,Porites,89.6
9/7/2023,8:00,PCOM HEAT,Porites,45.7
9/7/2023,8:15,PCOM HEAT,Porites,203.9
9/7/2023,8:30,PCOM HEAT,Porites,223.2
9/7/2023,8:45,PCOM HEAT,Porites,336.1
9/7/2023,9:00,PCOM HEAT,Porites,586.1
9/7/2023,9:15,PCOM HEAT,Porites,445.5
9/7/2023,9:30,PCOM HEAT,Porites,339.3
9/7/2023,9:45,PCOM HEAT,Porites,355.7
9/7/2023,10:00,PCOM HEAT,Porites,215
9/7/2023,10:15,PCOM HEAT,Porites,194.1
9/7/2023,10:30,PCOM HEAT,Porites,474.8
9/7/2023,10:45,PCOM HEAT,Porites,231.8
9/7/2023,11:00,PCOM HEAT,Porites,103
9/7/2023,11:15,PCOM HEAT,Porites,142.1
9/7/2023,11:30,PCOM HEAT,Porites,117.7
9/7/2023,11:45,PCOM HEAT,Porites,154.6
9/7/2023,12:00,PCOM HEAT,Porites,188.3
9/7/2023,12:15,PCOM HEAT,Porites,196.6
9/7/2023,12:30,PCOM HEAT,Porites,311.7
9/7/2023,12:45,PCOM HEAT,Porites,258.7
9/7/2023,13:00,PCOM HEAT,Porites,281.4
9/7/2023,13:15,PCOM HEAT,Porites,292
9/7/2023,13:30,PCOM HEAT,Porites,309.2
9/7/2023,13:45,PCOM HEAT,Porites,319.4
9/7/2023,14:00,PCOM HEAT,Porites,221.8
9/7/2023,14:15,PCOM HEAT,Porites,79.6
9/7/2023,14:30,PCOM HEAT,Porites,84.2
9/7/2023,14:45,PCOM HEAT,Porites,134.9
9/7/2023,15:00,PCOM HEAT,Porites,203.6
9/7/2023,15:15,PCOM HEAT,Porites,219.9
9/7/2023,15:30,PCOM HEAT,Porites,72
9/7/2023,15:45,PCOM HEAT,Porites,32.8
9/7/2023,16:00,PCOM HEAT,Porites,29.2
9/7/2023,16:15,PCOM HEAT,Porites,41.2
9/7/2023,16:30,PCOM HEAT,Porites,38.5
9/7/2023,16:45,PCOM HEAT,Porites,48.9
9/7/2023,17:00,PCOM HEAT,Porites,39.2
9/7/2023,17:15,PCOM HEAT,Porites,33.2
9/7/2023,17:30,PCOM HEAT,Porites,31
9/7/2023,17:45,PCOM HEAT,Porites,13.9
9/7/2023,18:00,PCOM HEAT,Porites,13.1
9/7/2023,18:15,PCOM HEAT,Porites,10.1
9/7/2023,18:30,PCOM HEAT,Porites,6.2
9/7/2023,18:45,PCOM HEAT,Porites,3
9/7/2023,19:00,PCOM HEAT,Porites,0.4
9/7/2023,19:15,PCOM HEAT,Porites,0
9/7/2023,19:30,PCOM HEAT,Porites,0
9/7/2023,19:45,PCOM HEAT,Porites,0
9/7/2023,20:00,PCOM HEAT,Porites,0
9/7/2023,20:15,PCOM HEAT,Porites,0
9/7/2023,20:30,PCOM HEAT,Porites,0
9/7/2023,20:45,PCOM HEAT,Porites,0
9/7/2023,21:00,PCOM HEAT,Porites,0
9/7/2023,21:15,PCOM HEAT,Porites,0
9/7/2023,21:30,PCOM HEAT,Porites,0
9/7/2023,21:45,PCOM HEAT,Porites,0
9/7/2023,22:00,PCOM HEAT,Porites,0
9/7/2023,22:15,PCOM HEAT,Porites,0
9/7/2023,22:30,PCOM HEAT,Porites,0
9/7/2023,22:45,PCOM HEAT,Porites,0
9/7/2023,23:00,PCOM HEAT,Porites,0
9/7/2023,23:15,PCOM HEAT,Porites,0
9/7/2023,23:30,PCOM HEAT,Porites,0
9/7/2023,23:45,PCOM HEAT,Porites,0
9/8/2023,0:00,PCOM HEAT,Porites,0
9/8/2023,0:15,PCOM HEAT,Porites,0
9/8/2023,0:30,PCOM HEAT,Porites,0
9/8/2023,0:45,PCOM HEAT,Porites,0
9/8/2023,1:00,PCOM HEAT,Porites,0
9/8/2023,1:15,PCOM HEAT,Porites,0
9/8/2023,1:30,PCOM HEAT,Porites,0
9/8/2023,1:45,PCOM HEAT,Porites,0
9/8/2023,2:00,PCOM HEAT,Porites,0
9/8/2023,2:15,PCOM HEAT,Porites,0
9/8/2023,2:30,PCOM HEAT,Porites,0
9/8/2023,2:45,PCOM HEAT,Porites,0
9/8/2023,3:00,PCOM HEAT,Porites,0
9/8/2023,3:15,PCOM HEAT,Porites,0
9/8/2023,3:30,PCOM HEAT,Porites,0
9/8/2023,3:45,PCOM HEAT,Porites,0
9/8/2023,4:00,PCOM HEAT,Porites,0
9/8/2023,4:15,PCOM HEAT,Porites,0
9/8/2023,4:30,PCOM HEAT,Porites,0
9/8/2023,4:45,PCOM HEAT,Porites,0
9/8/2023,5:00,PCOM HEAT,Porites,0
9/8/2023,5:15,PCOM HEAT,Porites,0
9/8/2023,5:30,PCOM HEAT,Porites,0
9/8/2023,5:45,PCOM HEAT,Porites,0
9/8/2023,6:00,PCOM HEAT,Porites,0
9/8/2023,6:15,PCOM HEAT,Porites,0.3
9/8/2023,6:30,PCOM HEAT,Porites,3.3
9/8/2023,6:45,PCOM HEAT,Porites,10.1
9/8/2023,7:00,PCOM HEAT,Porites,21.3
9/8/2023,7:15,PCOM HEAT,Porites,52.7
9/8/2023,7:30,PCOM HEAT,Porites,59
9/8/2023,7:45,PCOM HEAT,Porites,52.2
9/8/2023,8:00,PCOM HEAT,Porites,69.8
9/8/2023,8:15,PCOM HEAT,Porites,98
9/8/2023,8:30,PCOM HEAT,Porites,170
9/8/2023,8:45,PCOM HEAT,Porites,224.9
9/8/2023,9:00,PCOM HEAT,Porites,443.7
9/8/2023,9:15,PCOM HEAT,Porites,177
9/8/2023,9:30,PCOM HEAT,Porites,242.8
9/8/2023,9:45,PCOM HEAT,Porites,312.8
9/8/2023,10:00,PCOM HEAT,Porites,221.8
9/8/2023,10:15,PCOM HEAT,Porites,325.5
9/8/2023,10:30,PCOM HEAT,Porites,745.3
9/8/2023,10:45,PCOM HEAT,Porites,366.4
9/8/2023,11:00,PCOM HEAT,Porites,180.7
9/8/2023,11:15,PCOM HEAT,Porites,326.6
9/8/2023,11:30,PCOM HEAT,Porites,187.3
9/8/2023,11:45,PCOM HEAT,Porites,297
9/8/2023,12:00,PCOM HEAT,Porites,373
9/8/2023,12:15,PCOM HEAT,Porites,364.3
9/8/2023,12:30,PCOM HEAT,Porites,168.4
9/8/2023,12:45,PCOM HEAT,Porites,173.1
9/8/2023,13:00,PCOM HEAT,Porites,128.3
9/8/2023,13:15,PCOM HEAT,Porites,99.9
9/8/2023,13:30,PCOM HEAT,Porites,269.6
9/8/2023,13:45,PCOM HEAT,Porites,106.7
9/8/2023,14:00,PCOM HEAT,Porites,90.3
9/8/2023,14:15,PCOM HEAT,Porites,121
9/8/2023,14:30,PCOM HEAT,Porites,66.8
9/8/2023,14:45,PCOM HEAT,Porites,73.1
9/8/2023,15:00,PCOM HEAT,Porites,139.6
9/8/2023,15:15,PCOM HEAT,Porites,157.3
9/8/2023,15:30,PCOM HEAT,Porites,67.8
9/8/2023,15:45,PCOM HEAT,Porites,74.7
9/8/2023,16:00,PCOM HEAT,Porites,65
9/8/2023,16:15,PCOM HEAT,Porites,39.9
9/8/2023,16:30,PCOM HEAT,Porites,19.8
9/8/2023,16:45,PCOM HEAT,Porites,23.5
9/8/2023,17:00,PCOM HEAT,Porites,20.6
9/8/2023,17:15,PCOM HEAT,Porites,24
9/8/2023,17:30,PCOM HEAT,Porites,24.1
9/8/2023,17:45,PCOM HEAT,Porites,21.2
9/8/2023,18:00,PCOM HEAT,Porites,15.3
9/8/2023,18:15,PCOM HEAT,Porites,13.3
9/8/2023,18:30,PCOM HEAT,Porites,8.4
9/8/2023,18:45,PCOM HEAT,Porites,2.5
9/8/2023,19:00,PCOM HEAT,Porites,0.3
9/8/2023,19:15,PCOM HEAT,Porites,0
9/8/2023,19:30,PCOM HEAT,Porites,0
9/8/2023,19:45,PCOM HEAT,Porites,0
9/8/2023,20:00,PCOM HEAT,Porites,0
9/8/2023,20:15,PCOM HEAT,Porites,0
9/8/2023,20:30,PCOM HEAT,Porites,0
9/8/2023,20:45,PCOM HEAT,Porites,0
9/8/2023,21:00,PCOM HEAT,Porites,0
9/8/2023,21:15,PCOM HEAT,Porites,0
9/8/2023,21:30,PCOM HEAT,Porites,0
9/8/2023,21:45,PCOM HEAT,Porites,0
9/8/2023,22:00,PCOM HEAT,Porites,0
9/8/2023,22:15,PCOM HEAT,Porites,0
9/8/2023,22:30,PCOM HEAT,Porites,0
9/8/2023,22:45,PCOM HEAT,Porites,0
9/8/2023,23:00,PCOM HEAT,Porites,0
9/8/2023,23:15,PCOM HEAT,Porites,0
9/8/2023,23:30,PCOM HEAT,Porites,0
9/8/2023,23:45,PCOM HEAT,Porites,0
9/9/2023,0:00,PCOM HEAT,Porites,0
9/9/2023,0:15,PCOM HEAT,Porites,0
9/9/2023,0:30,PCOM HEAT,Porites,0
9/9/2023,0:45,PCOM HEAT,Porites,0
9/9/2023,1:00,PCOM HEAT,Porites,0
9/9/2023,1:15,PCOM HEAT,Porites,0
9/9/2023,1:30,PCOM HEAT,Porites,0
9/9/2023,1:45,PCOM HEAT,Porites,0
9/9/2023,2:00,PCOM HEAT,Porites,0
9/9/2023,2:15,PCOM HEAT,Porites,0
9/9/2023,2:30,PCOM HEAT,Porites,0
9/9/2023,2:45,PCOM HEAT,Porites,0
9/9/2023,3:00,PCOM HEAT,Porites,0
9/9/2023,3:15,PCOM HEAT,Porites,0
9/9/2023,3:30,PCOM HEAT,Porites,0
9/9/2023,3:45,PCOM HEAT,Porites,0
9/9/2023,4:00,PCOM HEAT,Porites,0
9/9/2023,4:15,PCOM HEAT,Porites,0
9/9/2023,4:30,PCOM HEAT,Porites,0
9/9/2023,4:45,PCOM HEAT,Porites,0
9/9/2023,5:00,PCOM HEAT,Porites,0
9/9/2023,5:15,PCOM HEAT,Porites,0
9/9/2023,5:30,PCOM HEAT,Porites,0
9/9/2023,5:45,PCOM HEAT,Porites,0
9/9/2023,6:00,PCOM HEAT,Porites,0
9/9/2023,6:15,PCOM HEAT,Porites,0.2
9/9/2023,6:30,PCOM HEAT,Porites,2.8
9/9/2023,6:45,PCOM HEAT,Porites,15.2
9/9/2023,7:00,PCOM HEAT,Porites,31.5
9/9/2023,7:15,PCOM HEAT,Porites,42.2
9/9/2023,7:30,PCOM HEAT,Porites,29.2
9/9/2023,7:45,PCOM HEAT,Porites,37.5
9/9/2023,8:00,PCOM HEAT,Porites,137.5
9/9/2023,8:15,PCOM HEAT,Porites,222.3
9/9/2023,8:30,PCOM HEAT,Porites,230
9/9/2023,8:45,PCOM HEAT,Porites,311.5
9/9/2023,9:00,PCOM HEAT,Porites,525.7
9/9/2023,9:15,PCOM HEAT,Porites,561.8
9/9/2023,9:30,PCOM HEAT,Porites,424.9
9/9/2023,9:45,PCOM HEAT,Porites,172.5
9/9/2023,10:00,PCOM HEAT,Porites,224.4
9/9/2023,10:15,PCOM HEAT,Porites,373.3
9/9/2023,10:30,PCOM HEAT,Porites,377.7
9/9/2023,10:45,PCOM HEAT,Porites,348.2
9/9/2023,11:00,PCOM HEAT,Porites,106.2
9/9/2023,11:15,PCOM HEAT,Porites,183.2
9/9/2023,11:30,PCOM HEAT,Porites,286.4
9/9/2023,11:45,PCOM HEAT,Porites,181
9/9/2023,12:00,PCOM HEAT,Porites,198.5
9/9/2023,12:15,PCOM HEAT,Porites,204.5
9/9/2023,12:30,PCOM HEAT,Porites,205.4
9/9/2023,12:45,PCOM HEAT,Porites,155.2
9/9/2023,13:00,PCOM HEAT,Porites,166.4
9/9/2023,13:15,PCOM HEAT,Porites,179.8
9/9/2023,13:30,PCOM HEAT,Porites,178.2
9/9/2023,13:45,PCOM HEAT,Porites,158.6
9/9/2023,14:00,PCOM HEAT,Porites,129.1
9/9/2023,14:15,PCOM HEAT,Porites,147.2
9/9/2023,14:30,PCOM HEAT,Porites,134.1
9/9/2023,14:45,PCOM HEAT,Porites,77.9
9/9/2023,15:00,PCOM HEAT,Porites,125
9/9/2023,15:15,PCOM HEAT,Porites,56.8
9/9/2023,15:30,PCOM HEAT,Porites,48.1
9/9/2023,15:45,PCOM HEAT,Porites,83.4
9/9/2023,16:00,PCOM HEAT,Porites,64.7
9/9/2023,16:15,PCOM HEAT,Porites,75.1
9/9/2023,16:30,PCOM HEAT,Porites,70.2
9/9/2023,16:45,PCOM HEAT,Porites,58.7
9/9/2023,17:00,PCOM HEAT,Porites,60
9/9/2023,17:15,PCOM HEAT,Porites,57.6
9/9/2023,17:30,PCOM HEAT,Porites,35.6
9/9/2023,17:45,PCOM HEAT,Porites,30.7
9/9/2023,18:00,PCOM HEAT,Porites,15.5
9/9/2023,18:15,PCOM HEAT,Porites,14.4
9/9/2023,18:30,PCOM HEAT,Porites,8.4
9/9/2023,18:45,PCOM HEAT,Porites,2.3
9/9/2023,19:00,PCOM HEAT,Porites,0.3
9/9/2023,19:15,PCOM HEAT,Porites,0
9/9/2023,19:30,PCOM HEAT,Porites,0
9/9/2023,19:45,PCOM HEAT,Porites,0
9/9/2023,20:00,PCOM HEAT,Porites,0
9/9/2023,20:15,PCOM HEAT,Porites,0
9/9/2023,20:30,PCOM HEAT,Porites,0
9/9/2023,20:45,PCOM HEAT,Porites,0
9/9/2023,21:00,PCOM HEAT,Porites,0
9/9/2023,21:15,PCOM HEAT,Porites,0
9/9/2023,21:30,PCOM HEAT,Porites,0
9/9/2023,21:45,PCOM HEAT,Porites,0
9/9/2023,22:00,PCOM HEAT,Porites,0
9/9/2023,22:15,PCOM HEAT,Porites,0
9/9/2023,22:30,PCOM HEAT,Porites,0
9/9/2023,22:45,PCOM HEAT,Porites,0
9/9/2023,23:00,PCOM HEAT,Porites,0
9/9/2023,23:15,PCOM HEAT,Porites,0
9/9/2023,23:30,PCOM HEAT,Porites,0
9/9/2023,23:45,PCOM HEAT,Porites,0
9/10/2023,0:00,PCOM HEAT,Porites,0
9/10/2023,0:15,PCOM HEAT,Porites,0
9/10/2023,0:30,PCOM HEAT,Porites,0
9/10/2023,0:45,PCOM HEAT,Porites,0
9/10/2023,1:00,PCOM HEAT,Porites,0
9/10/2023,1:15,PCOM HEAT,Porites,0
9/10/2023,1:30,PCOM HEAT,Porites,0
9/10/2023,1:45,PCOM HEAT,Porites,0
9/10/2023,2:00,PCOM HEAT,Porites,0
9/10/2023,2:15,PCOM HEAT,Porites,0
9/10/2023,2:30,PCOM HEAT,Porites,0
9/10/2023,2:45,PCOM HEAT,Porites,0
9/10/2023,3:00,PCOM HEAT,Porites,0
9/10/2023,3:15,PCOM HEAT,Porites,0
9/10/2023,3:30,PCOM HEAT,Porites,0
9/10/2023,3:45,PCOM HEAT,Porites,0
9/10/2023,4:00,PCOM HEAT,Porites,0
9/10/2023,4:15,PCOM HEAT,Porites,0
9/10/2023,4:30,PCOM HEAT,Porites,0
9/10/2023,4:45,PCOM HEAT,Porites,0
9/10/2023,5:00,PCOM HEAT,Porites,0
9/10/2023,5:15,PCOM HEAT,Porites,0
9/10/2023,5:30,PCOM HEAT,Porites,0
9/10/2023,5:45,PCOM HEAT,Porites,0
9/10/2023,6:00,PCOM HEAT,Porites,0
9/10/2023,6:15,PCOM HEAT,Porites,0.2
9/10/2023,6:30,PCOM HEAT,Porites,1.7
9/10/2023,6:45,PCOM HEAT,Porites,13.2
9/10/2023,7:00,PCOM HEAT,Porites,37.2
9/10/2023,7:15,PCOM HEAT,Porites,61.1
9/10/2023,7:30,PCOM HEAT,Porites,64.8
9/10/2023,7:45,PCOM HEAT,Porites,59.4
9/10/2023,8:00,PCOM HEAT,Porites,103.6
9/10/2023,8:15,PCOM HEAT,Porites,73.8
9/10/2023,8:30,PCOM HEAT,Porites,135.9
9/10/2023,8:45,PCOM HEAT,Porites,145.2
9/10/2023,9:00,PCOM HEAT,Porites,373.3
9/10/2023,9:15,PCOM HEAT,Porites,299
9/10/2023,9:30,PCOM HEAT,Porites,243.7
9/10/2023,9:45,PCOM HEAT,Porites,114.4
9/10/2023,10:00,PCOM HEAT,Porites,244.9
9/10/2023,10:15,PCOM HEAT,Porites,440
9/10/2023,10:30,PCOM HEAT,Porites,610.7
9/10/2023,10:45,PCOM HEAT,Porites,580.4
9/10/2023,11:00,PCOM HEAT,Porites,127
9/10/2023,11:15,PCOM HEAT,Porites,317
9/10/2023,11:30,PCOM HEAT,Porites,250.7
9/10/2023,11:45,PCOM HEAT,Porites,254.4
9/10/2023,12:00,PCOM HEAT,Porites,315
9/10/2023,12:15,PCOM HEAT,Porites,330.5
9/10/2023,12:30,PCOM HEAT,Porites,357.5
9/10/2023,12:45,PCOM HEAT,Porites,337.8
9/10/2023,13:00,PCOM HEAT,Porites,294.5
9/10/2023,13:15,PCOM HEAT,Porites,330.6
9/10/2023,13:30,PCOM HEAT,Porites,326.5
9/10/2023,13:45,PCOM HEAT,Porites,217.8
9/10/2023,14:00,PCOM HEAT,Porites,104
9/10/2023,14:15,PCOM HEAT,Porites,114.3
9/10/2023,14:30,PCOM HEAT,Porites,89.7
9/10/2023,14:45,PCOM HEAT,Porites,112.2
9/10/2023,15:00,PCOM HEAT,Porites,99.8
9/10/2023,15:15,PCOM HEAT,Porites,76.2
9/10/2023,15:30,PCOM HEAT,Porites,41.4
9/10/2023,15:45,PCOM HEAT,Porites,46.4
9/10/2023,16:00,PCOM HEAT,Porites,52.5
9/10/2023,16:15,PCOM HEAT,Porites,42.7
9/10/2023,16:30,PCOM HEAT,Porites,27.7
9/10/2023,16:45,PCOM HEAT,Porites,26.9
9/10/2023,17:00,PCOM HEAT,Porites,31.2
9/10/2023,17:15,PCOM HEAT,Porites,27.8
9/10/2023,17:30,PCOM HEAT,Porites,20.5
9/10/2023,17:45,PCOM HEAT,Porites,17
9/10/2023,18:00,PCOM HEAT,Porites,14.5
9/10/2023,18:15,PCOM HEAT,Porites,10.7
9/10/2023,18:30,PCOM HEAT,Porites,6
9/10/2023,18:45,PCOM HEAT,Porites,2
9/10/2023,19:00,PCOM HEAT,Porites,0.2
9/10/2023,19:15,PCOM HEAT,Porites,0
9/10/2023,19:30,PCOM HEAT,Porites,0
9/10/2023,19:45,PCOM HEAT,Porites,0
9/10/2023,20:00,PCOM HEAT,Porites,0
9/10/2023,20:15,PCOM HEAT,Porites,0
9/10/2023,20:30,PCOM HEAT,Porites,0
9/10/2023,20:45,PCOM HEAT,Porites,0
9/10/2023,21:00,PCOM HEAT,Porites,0
9/10/2023,21:15,PCOM HEAT,Porites,0
9/10/2023,21:30,PCOM HEAT,Porites,0
9/10/2023,21:45,PCOM HEAT,Porites,0
9/10/2023,22:00,PCOM HEAT,Porites,0
9/10/2023,22:15,PCOM HEAT,Porites,0
9/10/2023,22:30,PCOM HEAT,Porites,0
9/10/2023,22:45,PCOM HEAT,Porites,0
9/10/2023,23:00,PCOM HEAT,Porites,0
9/10/2023,23:15,PCOM HEAT,Porites,0
9/10/2023,23:30,PCOM HEAT,Porites,0
9/10/2023,23:45,PCOM HEAT,Porites,0
9/11/2023,0:00,PCOM HEAT,Porites,0
9/11/2023,0:15,PCOM HEAT,Porites,0
9/11/2023,0:30,PCOM HEAT,Porites,0
9/11/2023,0:45,PCOM HEAT,Porites,0
9/11/2023,1:00,PCOM HEAT,Porites,0
9/11/2023,1:15,PCOM HEAT,Porites,0
9/11/2023,1:30,PCOM HEAT,Porites,0
9/11/2023,1:45,PCOM HEAT,Porites,0
9/11/2023,2:00,PCOM HEAT,Porites,0
9/11/2023,2:15,PCOM HEAT,Porites,0
9/11/2023,2:30,PCOM HEAT,Porites,0
9/11/2023,2:45,PCOM HEAT,Porites,0
9/11/2023,3:00,PCOM HEAT,Porites,0
9/11/2023,3:15,PCOM HEAT,Porites,0
9/11/2023,3:30,PCOM HEAT,Porites,0
9/11/2023,3:45,PCOM HEAT,Porites,0
9/11/2023,4:00,PCOM HEAT,Porites,0
9/11/2023,4:15,PCOM HEAT,Porites,0
9/11/2023,4:30,PCOM HEAT,Porites,0
9/11/2023,4:45,PCOM HEAT,Porites,0
9/11/2023,5:00,PCOM HEAT,Porites,0
9/11/2023,5:15,PCOM HEAT,Porites,0
9/11/2023,5:30,PCOM HEAT,Porites,0
9/11/2023,5:45,PCOM HEAT,Porites,0
9/11/2023,6:00,PCOM HEAT,Porites,0
9/11/2023,6:15,PCOM HEAT,Porites,0.2
9/11/2023,6:30,PCOM HEAT,Porites,2.2
9/11/2023,6:45,PCOM HEAT,Porites,8.7
9/11/2023,7:00,PCOM HEAT,Porites,15.3
9/11/2023,7:15,PCOM HEAT,Porites,29.6
9/11/2023,7:30,PCOM HEAT,Porites,65
9/11/2023,7:45,PCOM HEAT,Porites,84.4
9/11/2023,8:00,PCOM HEAT,Porites,129.8
9/11/2023,8:15,PCOM HEAT,Porites,179.4
9/11/2023,8:30,PCOM HEAT,Porites,108.4
9/11/2023,8:45,PCOM HEAT,Porites,148.2
9/11/2023,9:00,PCOM HEAT,Porites,475.2
9/11/2023,9:15,PCOM HEAT,Porites,373.9
9/11/2023,9:30,PCOM HEAT,Porites,500.8
9/11/2023,9:45,PCOM HEAT,Porites,253.8
9/11/2023,10:00,PCOM HEAT,Porites,175.8
9/11/2023,10:15,PCOM HEAT,Porites,370.4
9/11/2023,10:30,PCOM HEAT,Porites,379.5
9/11/2023,10:45,PCOM HEAT,Porites,420.9
9/11/2023,11:00,PCOM HEAT,Porites,154.1
9/11/2023,11:15,PCOM HEAT,Porites,248
9/11/2023,11:30,PCOM HEAT,Porites,181.9
9/11/2023,11:45,PCOM HEAT,Porites,233.7
9/11/2023,12:00,PCOM HEAT,Porites,337.4
9/11/2023,12:15,PCOM HEAT,Porites,154.1
9/11/2023,12:30,PCOM HEAT,Porites,256.5
9/11/2023,12:45,PCOM HEAT,Porites,349.6
9/11/2023,13:00,PCOM HEAT,Porites,354.8
9/11/2023,13:15,PCOM HEAT,Porites,343
9/11/2023,13:30,PCOM HEAT,Porites,332.9
9/11/2023,13:45,PCOM HEAT,Porites,254
9/11/2023,14:00,PCOM HEAT,Porites,119.3
9/11/2023,14:15,PCOM HEAT,Porites,88.7
9/11/2023,14:30,PCOM HEAT,Porites,98.2
9/11/2023,14:45,PCOM HEAT,Porites,136.3
9/11/2023,15:00,PCOM HEAT,Porites,246.1
9/11/2023,15:15,PCOM HEAT,Porites,130.3
9/11/2023,15:30,PCOM HEAT,Porites,64.5
9/11/2023,15:45,PCOM HEAT,Porites,45.4
9/11/2023,16:00,PCOM HEAT,Porites,41.7
9/11/2023,16:15,PCOM HEAT,Porites,49.5
9/11/2023,16:30,PCOM HEAT,Porites,62.3
9/11/2023,16:45,PCOM HEAT,Porites,41.5
9/11/2023,17:00,PCOM HEAT,Porites,30.1
9/11/2023,17:15,PCOM HEAT,Porites,27.8
9/11/2023,17:30,PCOM HEAT,Porites,23.6
9/11/2023,17:45,PCOM HEAT,Porites,19.4
9/11/2023,18:00,PCOM HEAT,Porites,13.1
9/11/2023,18:15,PCOM HEAT,Porites,7.7
9/11/2023,18:30,PCOM HEAT,Porites,4.9
9/11/2023,18:45,PCOM HEAT,Porites,1.7
9/11/2023,19:00,PCOM HEAT,Porites,0.1
9/11/2023,19:15,PCOM HEAT,Porites,0
9/11/2023,19:30,PCOM HEAT,Porites,0
9/11/2023,19:45,PCOM HEAT,Porites,0
9/11/2023,20:00,PCOM HEAT,Porites,0
9/11/2023,20:15,PCOM HEAT,Porites,0
9/11/2023,20:30,PCOM HEAT,Porites,0
9/11/2023,20:45,PCOM HEAT,Porites,0
9/11/2023,21:00,PCOM HEAT,Porites,0
9/11/2023,21:15,PCOM HEAT,Porites,0
9/11/2023,21:30,PCOM HEAT,Porites,0
9/11/2023,21:45,PCOM HEAT,Porites,0
9/11/2023,22:00,PCOM HEAT,Porites,0
9/11/2023,22:15,PCOM HEAT,Porites,0
9/11/2023,22:30,PCOM HEAT,Porites,0
9/11/2023,22:45,PCOM HEAT,Porites,0
9/11/2023,23:00,PCOM HEAT,Porites,0
9/11/2023,23:15,PCOM HEAT,Porites,0
9/11/2023,23:30,PCOM HEAT,Porites,0
9/11/2023,23:45,PCOM HEAT,Porites,0
9/12/2023,0:00,PCOM HEAT,Porites,0
9/12/2023,0:15,PCOM HEAT,Porites,0
9/12/2023,0:30,PCOM HEAT,Porites,0
9/12/2023,0:45,PCOM HEAT,Porites,0
9/12/2023,1:00,PCOM HEAT,Porites,0
9/12/2023,1:15,PCOM HEAT,Porites,0
9/12/2023,1:30,PCOM HEAT,Porites,0
9/12/2023,1:45,PCOM HEAT,Porites,0
9/12/2023,2:00,PCOM HEAT,Porites,0
9/12/2023,2:15,PCOM HEAT,Porites,0
9/12/2023,2:30,PCOM HEAT,Porites,0
9/12/2023,2:45,PCOM HEAT,Porites,0
9/12/2023,3:00,PCOM HEAT,Porites,0
9/12/2023,3:15,PCOM HEAT,Porites,0
9/12/2023,3:30,PCOM HEAT,Porites,0
9/12/2023,3:45,PCOM HEAT,Porites,0
9/12/2023,4:00,PCOM HEAT,Porites,0
9/12/2023,4:15,PCOM HEAT,Porites,0
9/12/2023,4:30,PCOM HEAT,Porites,0
9/12/2023,4:45,PCOM HEAT,Porites,0
9/12/2023,5:00,PCOM HEAT,Porites,0
9/12/2023,5:15,PCOM HEAT,Porites,0
9/12/2023,5:30,PCOM HEAT,Porites,0
9/12/2023,5:45,PCOM HEAT,Porites,0
9/12/2023,6:00,PCOM HEAT,Porites,0
9/12/2023,6:15,PCOM HEAT,Porites,0
9/12/2023,6:30,PCOM HEAT,Porites,1
9/12/2023,6:45,PCOM HEAT,Porites,4.5
9/12/2023,7:00,PCOM HEAT,Porites,11.9
9/12/2023,7:15,PCOM HEAT,Porites,20
9/12/2023,7:30,PCOM HEAT,Porites,29.7
9/12/2023,7:45,PCOM HEAT,Porites,46.4
9/12/2023,8:00,PCOM HEAT,Porites,55.3
9/12/2023,8:15,PCOM HEAT,Porites,73.8
9/12/2023,8:30,PCOM HEAT,Porites,141.2
9/12/2023,8:45,PCOM HEAT,Porites,243.8
9/12/2023,9:00,PCOM HEAT,Porites,326.8
9/12/2023,9:15,PCOM HEAT,Porites,377.1
9/12/2023,9:30,PCOM HEAT,Porites,316
9/12/2023,9:45,PCOM HEAT,Porites,347.3
9/12/2023,10:00,PCOM HEAT,Porites,182.8
9/12/2023,10:15,PCOM HEAT,Porites,368.7
9/12/2023,10:30,PCOM HEAT,Porites,380.1
9/12/2023,10:45,PCOM HEAT,Porites,566.5
9/12/2023,11:00,PCOM HEAT,Porites,156
9/12/2023,11:15,PCOM HEAT,Porites,321.2
9/12/2023,11:30,PCOM HEAT,Porites,198.5
9/12/2023,11:45,PCOM HEAT,Porites,279.8
9/12/2023,12:00,PCOM HEAT,Porites,356.7
9/12/2023,12:15,PCOM HEAT,Porites,326.8
9/12/2023,12:30,PCOM HEAT,Porites,209.7
9/12/2023,12:45,PCOM HEAT,Porites,137.2
9/12/2023,13:00,PCOM HEAT,Porites,212.3
9/12/2023,13:15,PCOM HEAT,Porites,349.5
9/12/2023,13:30,PCOM HEAT,Porites,253
9/12/2023,13:45,PCOM HEAT,Porites,125.3
9/12/2023,14:00,PCOM HEAT,Porites,92.4
9/12/2023,14:15,PCOM HEAT,Porites,92.7
9/12/2023,14:30,PCOM HEAT,Porites,75.6
9/12/2023,14:45,PCOM HEAT,Porites,102.6
9/12/2023,15:00,PCOM HEAT,Porites,129.5
9/12/2023,15:15,PCOM HEAT,Porites,116.8
9/12/2023,15:30,PCOM HEAT,Porites,60.8
9/12/2023,15:45,PCOM HEAT,Porites,45.2
9/12/2023,16:00,PCOM HEAT,Porites,43.3
9/12/2023,16:15,PCOM HEAT,Porites,35.9
9/12/2023,16:30,PCOM HEAT,Porites,33.7
9/12/2023,16:45,PCOM HEAT,Porites,29.9
9/12/2023,17:00,PCOM HEAT,Porites,22.6
9/12/2023,17:15,PCOM HEAT,Porites,18
9/12/2023,17:30,PCOM HEAT,Porites,14.6
9/12/2023,17:45,PCOM HEAT,Porites,13.7
9/12/2023,18:00,PCOM HEAT,Porites,12.5
9/12/2023,18:15,PCOM HEAT,Porites,6.2
9/12/2023,18:30,PCOM HEAT,Porites,3.2
9/12/2023,18:45,PCOM HEAT,Porites,1.2
9/12/2023,19:00,PCOM HEAT,Porites,0.1
9/12/2023,19:15,PCOM HEAT,Porites,0
9/12/2023,19:30,PCOM HEAT,Porites,0
9/12/2023,19:45,PCOM HEAT,Porites,0
9/12/2023,20:00,PCOM HEAT,Porites,0
9/12/2023,20:15,PCOM HEAT,Porites,0
9/12/2023,20:30,PCOM HEAT,Porites,0
9/12/2023,20:45,PCOM HEAT,Porites,0
9/12/2023,21:00,PCOM HEAT,Porites,0
9/12/2023,21:15,PCOM HEAT,Porites,0
9/12/2023,21:30,PCOM HEAT,Porites,0
9/12/2023,21:45,PCOM HEAT,Porites,0
9/12/2023,22:00,PCOM HEAT,Porites,0
9/12/2023,22:15,PCOM HEAT,Porites,0
9/12/2023,22:30,PCOM HEAT,Porites,0
9/12/2023,22:45,PCOM HEAT,Porites,0
9/12/2023,23:00,PCOM HEAT,Porites,0
9/12/2023,23:15,PCOM HEAT,Porites,0
9/12/2023,23:30,PCOM HEAT,Porites,0
9/12/2023,23:45,PCOM HEAT,Porites,0
9/13/2023,0:00,PCOM HEAT,Porites,0
9/13/2023,0:15,PCOM HEAT,Porites,0
9/13/2023,0:30,PCOM HEAT,Porites,0
9/13/2023,0:45,PCOM HEAT,Porites,0
9/13/2023,1:00,PCOM HEAT,Porites,0
9/13/2023,1:15,PCOM HEAT,Porites,0
9/13/2023,1:30,PCOM HEAT,Porites,0
9/13/2023,1:45,PCOM HEAT,Porites,0
9/13/2023,2:00,PCOM HEAT,Porites,0
9/13/2023,2:15,PCOM HEAT,Porites,0
9/13/2023,2:30,PCOM HEAT,Porites,0
9/13/2023,2:45,PCOM HEAT,Porites,0
9/13/2023,3:00,PCOM HEAT,Porites,0
9/13/2023,3:15,PCOM HEAT,Porites,0
9/13/2023,3:30,PCOM HEAT,Porites,0
9/13/2023,3:45,PCOM HEAT,Porites,0
9/13/2023,4:00,PCOM HEAT,Porites,0
9/13/2023,4:15,PCOM HEAT,Porites,0
9/13/2023,4:30,PCOM HEAT,Porites,0
9/13/2023,4:45,PCOM HEAT,Porites,0
9/13/2023,5:00,PCOM HEAT,Porites,0
9/13/2023,5:15,PCOM HEAT,Porites,0
9/13/2023,5:30,PCOM HEAT,Porites,0
9/13/2023,5:45,PCOM HEAT,Porites,0
9/13/2023,6:00,PCOM HEAT,Porites,0
9/13/2023,6:15,PCOM HEAT,Porites,0
9/13/2023,6:30,PCOM HEAT,Porites,0.4
9/13/2023,6:45,PCOM HEAT,Porites,3.9
9/13/2023,7:00,PCOM HEAT,Porites,12.4
9/13/2023,7:15,PCOM HEAT,Porites,21.6
9/13/2023,7:30,PCOM HEAT,Porites,26.3
9/13/2023,7:45,PCOM HEAT,Porites,46.6
9/13/2023,8:00,PCOM HEAT,Porites,97.8
9/13/2023,8:15,PCOM HEAT,Porites,128.9
9/13/2023,8:30,PCOM HEAT,Porites,223.9
9/13/2023,8:45,PCOM HEAT,Porites,331.3
9/13/2023,9:00,PCOM HEAT,Porites,288.8
9/13/2023,9:15,PCOM HEAT,Porites,168.8
9/13/2023,9:30,PCOM HEAT,Porites,172.1
9/13/2023,9:45,PCOM HEAT,Porites,399.6
9/13/2023,10:00,PCOM HEAT,Porites,311.2
9/13/2023,10:15,PCOM HEAT,Porites,278.8
9/13/2023,10:30,PCOM HEAT,Porites,173.4
9/13/2023,10:45,PCOM HEAT,Porites,135.3
9/13/2023,11:00,PCOM HEAT,Porites,159.6
9/13/2023,11:15,PCOM HEAT,Porites,186.5
9/13/2023,11:30,PCOM HEAT,Porites,193.9
9/13/2023,11:45,PCOM HEAT,Porites,176.1
9/13/2023,12:00,PCOM HEAT,Porites,204.4
9/13/2023,12:15,PCOM HEAT,Porites,208.7
9/13/2023,12:30,PCOM HEAT,Porites,214.4
9/13/2023,12:45,PCOM HEAT,Porites,245.7
9/13/2023,13:00,PCOM HEAT,Porites,174
9/13/2023,13:15,PCOM HEAT,Porites,192.8
9/13/2023,13:30,PCOM HEAT,Porites,241.7
9/13/2023,13:45,PCOM HEAT,Porites,241.9
9/13/2023,14:00,PCOM HEAT,Porites,196.1
9/13/2023,14:15,PCOM HEAT,Porites,164
9/13/2023,14:30,PCOM HEAT,Porites,133.2
9/13/2023,14:45,PCOM HEAT,Porites,146
9/13/2023,15:00,PCOM HEAT,Porites,149.5
9/13/2023,15:15,PCOM HEAT,Porites,137.6
9/13/2023,15:30,PCOM HEAT,Porites,106.9
9/13/2023,15:45,PCOM HEAT,Porites,98.9
9/13/2023,16:00,PCOM HEAT,Porites,56.1
9/13/2023,16:15,PCOM HEAT,Porites,62.5
9/13/2023,16:30,PCOM HEAT,Porites,56
9/13/2023,16:45,PCOM HEAT,Porites,42.4
9/13/2023,17:00,PCOM HEAT,Porites,41.6
9/13/2023,17:15,PCOM HEAT,Porites,32
9/13/2023,17:30,PCOM HEAT,Porites,24.1
9/13/2023,17:45,PCOM HEAT,Porites,17.7
9/13/2023,18:00,PCOM HEAT,Porites,12.4
9/13/2023,18:15,PCOM HEAT,Porites,6
9/13/2023,18:30,PCOM HEAT,Porites,4.1
9/13/2023,18:45,PCOM HEAT,Porites,1.4
9/13/2023,19:00,PCOM HEAT,Porites,0.1
9/13/2023,19:15,PCOM HEAT,Porites,0
9/13/2023,19:30,PCOM HEAT,Porites,0
9/13/2023,19:45,PCOM HEAT,Porites,0
9/13/2023,20:00,PCOM HEAT,Porites,0
9/13/2023,20:15,PCOM HEAT,Porites,0
9/13/2023,20:30,PCOM HEAT,Porites,0
9/13/2023,20:45,PCOM HEAT,Porites,0
9/13/2023,21:00,PCOM HEAT,Porites,0
9/13/2023,21:15,PCOM HEAT,Porites,0
9/13/2023,21:30,PCOM HEAT,Porites,0
9/13/2023,21:45,PCOM HEAT,Porites,0
9/13/2023,22:00,PCOM HEAT,Porites,0
9/13/2023,22:15,PCOM HEAT,Porites,0
9/13/2023,22:30,PCOM HEAT,Porites,0
9/13/2023,22:45,PCOM HEAT,Porites,0
9/13/2023,23:00,PCOM HEAT,Porites,0
9/13/2023,23:15,PCOM HEAT,Porites,0
9/13/2023,23:30,PCOM HEAT,Porites,0
9/13/2023,23:45,PCOM HEAT,Porites,0
9/14/2023,0:00,PCOM HEAT,Porites,0
9/14/2023,0:15,PCOM HEAT,Porites,0
9/14/2023,0:30,PCOM HEAT,Porites,0
9/14/2023,0:45,PCOM HEAT,Porites,0
9/14/2023,1:00,PCOM HEAT,Porites,0
9/14/2023,1:15,PCOM HEAT,Porites,0
9/14/2023,1:30,PCOM HEAT,Porites,0
9/14/2023,1:45,PCOM HEAT,Porites,0
9/14/2023,2:00,PCOM HEAT,Porites,0
9/14/2023,2:15,PCOM HEAT,Porites,0
9/14/2023,2:30,PCOM HEAT,Porites,0
9/14/2023,2:45,PCOM HEAT,Porites,0
9/14/2023,3:00,PCOM HEAT,Porites,0
9/14/2023,3:15,PCOM HEAT,Porites,0
9/14/2023,3:30,PCOM HEAT,Porites,0
9/14/2023,3:45,PCOM HEAT,Porites,0
9/14/2023,4:00,PCOM HEAT,Porites,0
9/14/2023,4:15,PCOM HEAT,Porites,0
9/14/2023,4:30,PCOM HEAT,Porites,0
9/14/2023,4:45,PCOM HEAT,Porites,0
9/14/2023,5:00,PCOM HEAT,Porites,0
9/14/2023,5:15,PCOM HEAT,Porites,0
9/14/2023,5:30,PCOM HEAT,Porites,0
9/14/2023,5:45,PCOM HEAT,Porites,0
9/14/2023,6:00,PCOM HEAT,Porites,0
9/14/2023,6:15,PCOM HEAT,Porites,0
9/14/2023,6:30,PCOM HEAT,Porites,1.2
9/14/2023,6:45,PCOM HEAT,Porites,3.7
9/14/2023,7:00,PCOM HEAT,Porites,26.2
9/14/2023,7:15,PCOM HEAT,Porites,24.6
9/14/2023,7:30,PCOM HEAT,Porites,40.6
9/14/2023,7:45,PCOM HEAT,Porites,23
9/14/2023,8:00,PCOM HEAT,Porites,39.7
9/14/2023,8:15,PCOM HEAT,Porites,51.3
9/14/2023,8:30,PCOM HEAT,Porites,59.2
9/14/2023,8:45,PCOM HEAT,Porites,99.1
9/14/2023,9:00,PCOM HEAT,Porites,168.5
9/14/2023,9:15,PCOM HEAT,Porites,156.5
9/14/2023,9:30,PCOM HEAT,Porites,131.5
9/14/2023,9:45,PCOM HEAT,Porites,314.3
9/14/2023,10:00,PCOM HEAT,Porites,395.1
9/14/2023,10:15,PCOM HEAT,Porites,314.9
9/14/2023,10:30,PCOM HEAT,Porites,362.1
9/14/2023,10:45,PCOM HEAT,Porites,427.4
9/14/2023,11:00,PCOM HEAT,Porites,170.7
9/14/2023,11:15,PCOM HEAT,Porites,227.2
9/14/2023,11:30,PCOM HEAT,Porites,166.9
9/14/2023,11:45,PCOM HEAT,Porites,276.7
9/14/2023,12:00,PCOM HEAT,Porites,339.7
9/14/2023,12:15,PCOM HEAT,Porites,233.6
9/14/2023,12:30,PCOM HEAT,Porites,181.9
9/14/2023,12:45,PCOM HEAT,Porites,320.9
9/14/2023,13:00,PCOM HEAT,Porites,173.1
9/14/2023,13:15,PCOM HEAT,Porites,302.6
9/14/2023,13:30,PCOM HEAT,Porites,116.2
9/14/2023,13:45,PCOM HEAT,Porites,213
9/14/2023,14:00,PCOM HEAT,Porites,134.5
9/14/2023,14:15,PCOM HEAT,Porites,186.6
9/14/2023,14:30,PCOM HEAT,Porites,153
9/14/2023,14:45,PCOM HEAT,Porites,132.9
9/14/2023,15:00,PCOM HEAT,Porites,105.3
9/14/2023,15:15,PCOM HEAT,Porites,93.8
9/14/2023,15:30,PCOM HEAT,Porites,80
9/14/2023,15:45,PCOM HEAT,Porites,107.4
9/14/2023,16:00,PCOM HEAT,Porites,54.5
9/14/2023,16:15,PCOM HEAT,Porites,33.3
9/14/2023,16:30,PCOM HEAT,Porites,47.9
9/14/2023,16:45,PCOM HEAT,Porites,26.4
9/14/2023,17:00,PCOM HEAT,Porites,21.2
9/14/2023,17:15,PCOM HEAT,Porites,28.2
9/14/2023,17:30,PCOM HEAT,Porites,19.6
9/14/2023,17:45,PCOM HEAT,Porites,19.2
9/14/2023,18:00,PCOM HEAT,Porites,13
9/14/2023,18:15,PCOM HEAT,Porites,9.2
9/14/2023,18:30,PCOM HEAT,Porites,3.1
9/14/2023,18:45,PCOM HEAT,Porites,0.6
9/14/2023,19:00,PCOM HEAT,Porites,0
9/14/2023,19:15,PCOM HEAT,Porites,0
9/14/2023,19:30,PCOM HEAT,Porites,0
9/14/2023,19:45,PCOM HEAT,Porites,0
9/14/2023,20:00,PCOM HEAT,Porites,0
9/14/2023,20:15,PCOM HEAT,Porites,0
9/14/2023,20:30,PCOM HEAT,Porites,0
9/14/2023,20:45,PCOM HEAT,Porites,0
9/14/2023,21:00,PCOM HEAT,Porites,0
9/14/2023,21:15,PCOM HEAT,Porites,0
9/14/2023,21:30,PCOM HEAT,Porites,0
9/14/2023,21:45,PCOM HEAT,Porites,0
9/14/2023,22:00,PCOM HEAT,Porites,0
9/14/2023,22:15,PCOM HEAT,Porites,0
9/14/2023,22:30,PCOM HEAT,Porites,0
9/14/2023,22:45,PCOM HEAT,Porites,0
9/14/2023,23:00,PCOM HEAT,Porites,0
9/14/2023,23:15,PCOM HEAT,Porites,0
9/14/2023,23:30,PCOM HEAT,Porites,0
9/14/2023,23:45,PCOM HEAT,Porites,0
9/15/2023,0:00,PCOM HEAT,Porites,0
9/15/2023,0:15,PCOM HEAT,Porites,0
9/15/2023,0:30,PCOM HEAT,Porites,0
9/15/2023,0:45,PCOM HEAT,Porites,0
9/15/2023,1:00,PCOM HEAT,Porites,0
9/15/2023,1:15,PCOM HEAT,Porites,0
9/15/2023,1:30,PCOM HEAT,Porites,0
9/15/2023,1:45,PCOM HEAT,Porites,0
9/15/2023,2:00,PCOM HEAT,Porites,0
9/15/2023,2:15,PCOM HEAT,Porites,0
9/15/2023,2:30,PCOM HEAT,Porites,0
9/15/2023,2:45,PCOM HEAT,Porites,0
9/15/2023,3:00,PCOM HEAT,Porites,0
9/15/2023,3:15,PCOM HEAT,Porites,0
9/15/2023,3:30,PCOM HEAT,Porites,0
9/15/2023,3:45,PCOM HEAT,Porites,0
9/15/2023,4:00,PCOM HEAT,Porites,0
9/15/2023,4:15,PCOM HEAT,Porites,0
9/15/2023,4:30,PCOM HEAT,Porites,0
9/15/2023,4:45,PCOM HEAT,Porites,0
9/15/2023,5:00,PCOM HEAT,Porites,0
9/15/2023,5:15,PCOM HEAT,Porites,0
9/15/2023,5:30,PCOM HEAT,Porites,0
9/15/2023,5:45,PCOM HEAT,Porites,0
9/15/2023,6:00,PCOM HEAT,Porites,0
9/15/2023,6:15,PCOM HEAT,Porites,0.1
9/15/2023,6:30,PCOM HEAT,Porites,1.5
9/15/2023,6:45,PCOM HEAT,Porites,5.5
9/15/2023,7:00,PCOM HEAT,Porites,8.7
9/15/2023,7:15,PCOM HEAT,Porites,15.5
9/15/2023,7:30,PCOM HEAT,Porites,15.4
9/15/2023,7:45,PCOM HEAT,Porites,44.1
9/15/2023,8:00,PCOM HEAT,Porites,170
9/15/2023,8:15,PCOM HEAT,Porites,236.1
9/15/2023,8:30,PCOM HEAT,Porites,146.7
9/15/2023,8:45,PCOM HEAT,Porites,317.1
9/15/2023,9:00,PCOM HEAT,Porites,381.3
9/15/2023,9:15,PCOM HEAT,Porites,142.9
9/15/2023,9:30,PCOM HEAT,Porites,135.4
9/15/2023,9:45,PCOM HEAT,Porites,293.7
9/15/2023,10:00,PCOM HEAT,Porites,414.6
9/15/2023,10:15,PCOM HEAT,Porites,411.1
9/15/2023,10:30,PCOM HEAT,Porites,449.5
9/15/2023,10:45,PCOM HEAT,Porites,354.7
9/15/2023,11:00,PCOM HEAT,Porites,138.8
9/15/2023,11:15,PCOM HEAT,Porites,96.6
9/15/2023,11:30,PCOM HEAT,Porites,115.4
9/15/2023,11:45,PCOM HEAT,Porites,117.3
9/15/2023,12:00,PCOM HEAT,Porites,90.5
9/15/2023,12:15,PCOM HEAT,Porites,138.4
9/15/2023,12:30,PCOM HEAT,Porites,189.9
9/15/2023,12:45,PCOM HEAT,Porites,118
9/15/2023,13:00,PCOM HEAT,Porites,105.4
9/15/2023,13:15,PCOM HEAT,Porites,140.8
9/15/2023,13:30,PCOM HEAT,Porites,313.2
9/15/2023,13:45,PCOM HEAT,Porites,276.3
9/15/2023,14:00,PCOM HEAT,Porites,256.3
9/15/2023,14:15,PCOM HEAT,Porites,239.8
9/15/2023,14:30,PCOM HEAT,Porites,74.9
9/15/2023,14:45,PCOM HEAT,Porites,206.9
9/15/2023,15:00,PCOM HEAT,Porites,271.2
9/15/2023,15:15,PCOM HEAT,Porites,266
9/15/2023,15:30,PCOM HEAT,Porites,112.1
9/15/2023,15:45,PCOM HEAT,Porites,46
9/15/2023,16:00,PCOM HEAT,Porites,40.6
9/15/2023,16:15,PCOM HEAT,Porites,36.6
9/15/2023,16:30,PCOM HEAT,Porites,88.2
9/15/2023,16:45,PCOM HEAT,Porites,56.3
9/15/2023,17:00,PCOM HEAT,Porites,23.9
9/15/2023,17:15,PCOM HEAT,Porites,27.9
9/15/2023,17:30,PCOM HEAT,Porites,24.2
9/15/2023,17:45,PCOM HEAT,Porites,15.4
9/15/2023,18:00,PCOM HEAT,Porites,12.1
9/15/2023,18:15,PCOM HEAT,Porites,7.6
9/15/2023,18:30,PCOM HEAT,Porites,4.2
9/15/2023,18:45,PCOM HEAT,Porites,0.9
9/15/2023,19:00,PCOM HEAT,Porites,0
9/15/2023,19:15,PCOM HEAT,Porites,0
9/15/2023,19:30,PCOM HEAT,Porites,0
9/15/2023,19:45,PCOM HEAT,Porites,0
9/15/2023,20:00,PCOM HEAT,Porites,0
9/15/2023,20:15,PCOM HEAT,Porites,0
9/15/2023,20:30,PCOM HEAT,Porites,0
9/15/2023,20:45,PCOM HEAT,Porites,0
9/15/2023,21:00,PCOM HEAT,Porites,0
9/15/2023,21:15,PCOM HEAT,Porites,0
9/15/2023,21:30,PCOM HEAT,Porites,0
9/15/2023,21:45,PCOM HEAT,Porites,0
9/15/2023,22:00,PCOM HEAT,Porites,0
9/15/2023,22:15,PCOM HEAT,Porites,0
9/15/2023,22:30,PCOM HEAT,Porites,0
9/15/2023,22:45,PCOM HEAT,Porites,0
9/15/2023,23:00,PCOM HEAT,Porites,0
9/15/2023,23:15,PCOM HEAT,Porites,0
9/15/2023,23:30,PCOM HEAT,Porites,0
9/15/2023,23:45,PCOM HEAT,Porites,0
9/16/2023,0:00,PCOM HEAT,Porites,0
9/16/2023,0:15,PCOM HEAT,Porites,0
9/16/2023,0:30,PCOM HEAT,Porites,0
9/16/2023,0:45,PCOM HEAT,Porites,0
9/16/2023,1:00,PCOM HEAT,Porites,0
9/16/2023,1:15,PCOM HEAT,Porites,0
9/16/2023,1:30,PCOM HEAT,Porites,0
9/16/2023,1:45,PCOM HEAT,Porites,0
9/16/2023,2:00,PCOM HEAT,Porites,0
9/16/2023,2:15,PCOM HEAT,Porites,0
9/16/2023,2:30,PCOM HEAT,Porites,0
9/16/2023,2:45,PCOM HEAT,Porites,0
9/16/2023,3:00,PCOM HEAT,Porites,0
9/16/2023,3:15,PCOM HEAT,Porites,0
9/16/2023,3:30,PCOM HEAT,Porites,0
9/16/2023,3:45,PCOM HEAT,Porites,0
9/16/2023,4:00,PCOM HEAT,Porites,0
9/16/2023,4:15,PCOM HEAT,Porites,0
9/16/2023,4:30,PCOM HEAT,Porites,0
9/16/2023,4:45,PCOM HEAT,Porites,0
9/16/2023,5:00,PCOM HEAT,Porites,0
9/16/2023,5:15,PCOM HEAT,Porites,0
9/16/2023,5:30,PCOM HEAT,Porites,0
9/16/2023,5:45,PCOM HEAT,Porites,0
9/16/2023,6:00,PCOM HEAT,Porites,0
9/16/2023,6:15,PCOM HEAT,Porites,0.2
9/16/2023,6:30,PCOM HEAT,Porites,2.3
9/16/2023,6:45,PCOM HEAT,Porites,14.6
9/16/2023,7:00,PCOM HEAT,Porites,25.7
9/16/2023,7:15,PCOM HEAT,Porites,52.7
9/16/2023,7:30,PCOM HEAT,Porites,136.7
9/16/2023,7:45,PCOM HEAT,Porites,203.2
9/16/2023,8:00,PCOM HEAT,Porites,274.6
9/16/2023,8:15,PCOM HEAT,Porites,348.5
9/16/2023,8:30,PCOM HEAT,Porites,416.6
9/16/2023,8:45,PCOM HEAT,Porites,419
9/16/2023,9:00,PCOM HEAT,Porites,366.7
9/16/2023,9:15,PCOM HEAT,Porites,135.5
9/16/2023,9:30,PCOM HEAT,Porites,127.7
9/16/2023,9:45,PCOM HEAT,Porites,241.9
9/16/2023,10:00,PCOM HEAT,Porites,339.4
9/16/2023,10:15,PCOM HEAT,Porites,447.1
9/16/2023,10:30,PCOM HEAT,Porites,358.2
9/16/2023,10:45,PCOM HEAT,Porites,333.8
9/16/2023,11:00,PCOM HEAT,Porites,184.6
9/16/2023,11:15,PCOM HEAT,Porites,141.3
9/16/2023,11:30,PCOM HEAT,Porites,89.2
9/16/2023,11:45,PCOM HEAT,Porites,266
9/16/2023,12:00,PCOM HEAT,Porites,308.7
9/16/2023,12:15,PCOM HEAT,Porites,315
9/16/2023,12:30,PCOM HEAT,Porites,318.4
9/16/2023,12:45,PCOM HEAT,Porites,319.2
9/16/2023,13:00,PCOM HEAT,Porites,280.4
9/16/2023,13:15,PCOM HEAT,Porites,279.2
9/16/2023,13:30,PCOM HEAT,Porites,309.1
9/16/2023,13:45,PCOM HEAT,Porites,285.7
9/16/2023,14:00,PCOM HEAT,Porites,278.2
9/16/2023,14:15,PCOM HEAT,Porites,229.8
9/16/2023,14:30,PCOM HEAT,Porites,100.5
9/16/2023,14:45,PCOM HEAT,Porites,130.3
9/16/2023,15:00,PCOM HEAT,Porites,175.8
9/16/2023,15:15,PCOM HEAT,Porites,204.1
9/16/2023,15:30,PCOM HEAT,Porites,147.7
9/16/2023,15:45,PCOM HEAT,Porites,61.1
9/16/2023,16:00,PCOM HEAT,Porites,36.9
9/16/2023,16:15,PCOM HEAT,Porites,60.2
9/16/2023,16:30,PCOM HEAT,Porites,43.6
9/16/2023,16:45,PCOM HEAT,Porites,90.8
9/16/2023,17:00,PCOM HEAT,Porites,25.4
9/16/2023,17:15,PCOM HEAT,Porites,28
9/16/2023,17:30,PCOM HEAT,Porites,24.3
9/16/2023,17:45,PCOM HEAT,Porites,13
9/16/2023,18:00,PCOM HEAT,Porites,8.6
9/16/2023,18:15,PCOM HEAT,Porites,5.7
9/16/2023,18:30,PCOM HEAT,Porites,3.3
9/16/2023,18:45,PCOM HEAT,Porites,1.1
9/16/2023,19:00,PCOM HEAT,Porites,0
9/16/2023,19:15,PCOM HEAT,Porites,0
9/16/2023,19:30,PCOM HEAT,Porites,0
9/16/2023,19:45,PCOM HEAT,Porites,0
9/16/2023,20:00,PCOM HEAT,Porites,0
9/16/2023,20:15,PCOM HEAT,Porites,0
9/16/2023,20:30,PCOM HEAT,Porites,0
9/16/2023,20:45,PCOM HEAT,Porites,0
9/16/2023,21:00,PCOM HEAT,Porites,0
9/16/2023,21:15,PCOM HEAT,Porites,0
9/16/2023,21:30,PCOM HEAT,Porites,0
9/16/2023,21:45,PCOM HEAT,Porites,0
9/16/2023,22:00,PCOM HEAT,Porites,0
9/16/2023,22:15,PCOM HEAT,Porites,0
9/16/2023,22:30,PCOM HEAT,Porites,0
9/16/2023,22:45,PCOM HEAT,Porites,0
9/16/2023,23:00,PCOM HEAT,Porites,0
9/16/2023,23:15,PCOM HEAT,Porites,0
9/16/2023,23:30,PCOM HEAT,Porites,0
9/16/2023,23:45,PCOM HEAT,Porites,0
9/17/2023,0:00,PCOM HEAT,Porites,0
9/17/2023,0:15,PCOM HEAT,Porites,0
9/17/2023,0:30,PCOM HEAT,Porites,0
9/17/2023,0:45,PCOM HEAT,Porites,0
9/17/2023,1:00,PCOM HEAT,Porites,0
9/17/2023,1:15,PCOM HEAT,Porites,0
9/17/2023,1:30,PCOM HEAT,Porites,0
9/17/2023,1:45,PCOM HEAT,Porites,0
9/17/2023,2:00,PCOM HEAT,Porites,0
9/17/2023,2:15,PCOM HEAT,Porites,0
9/17/2023,2:30,PCOM HEAT,Porites,0
9/17/2023,2:45,PCOM HEAT,Porites,0
9/17/2023,3:00,PCOM HEAT,Porites,0
9/17/2023,3:15,PCOM HEAT,Porites,0
9/17/2023,3:30,PCOM HEAT,Porites,0
9/17/2023,3:45,PCOM HEAT,Porites,0
9/17/2023,4:00,PCOM HEAT,Porites,0
9/17/2023,4:15,PCOM HEAT,Porites,0
9/17/2023,4:30,PCOM HEAT,Porites,0
9/17/2023,4:45,PCOM HEAT,Porites,0
9/17/2023,5:00,PCOM HEAT,Porites,0
9/17/2023,5:15,PCOM HEAT,Porites,0
9/17/2023,5:30,PCOM HEAT,Porites,0
9/17/2023,5:45,PCOM HEAT,Porites,0
9/17/2023,6:00,PCOM HEAT,Porites,0
9/17/2023,6:15,PCOM HEAT,Porites,0.1
9/17/2023,6:30,PCOM HEAT,Porites,2.3
9/17/2023,6:45,PCOM HEAT,Porites,11.7
9/17/2023,7:00,PCOM HEAT,Porites,23.8
9/17/2023,7:15,PCOM HEAT,Porites,52.7
9/17/2023,7:30,PCOM HEAT,Porites,128.2
9/17/2023,7:45,PCOM HEAT,Porites,88.6
9/17/2023,8:00,PCOM HEAT,Porites,97.9
9/17/2023,8:15,PCOM HEAT,Porites,150.4
9/17/2023,8:30,PCOM HEAT,Porites,435.7
9/17/2023,8:45,PCOM HEAT,Porites,424.1
9/17/2023,9:00,PCOM HEAT,Porites,384.4
9/17/2023,9:15,PCOM HEAT,Porites,78.6
9/17/2023,9:30,PCOM HEAT,Porites,67.6
9/17/2023,9:45,PCOM HEAT,Porites,132.9
9/17/2023,10:00,PCOM HEAT,Porites,138.8
9/17/2023,10:15,PCOM HEAT,Porites,176.8
9/17/2023,10:30,PCOM HEAT,Porites,196
9/17/2023,10:45,PCOM HEAT,Porites,366.8
9/17/2023,11:00,PCOM HEAT,Porites,194.8
9/17/2023,11:15,PCOM HEAT,Porites,108.2
9/17/2023,11:30,PCOM HEAT,Porites,110.4
9/17/2023,11:45,PCOM HEAT,Porites,258.8
9/17/2023,12:00,PCOM HEAT,Porites,273.8
9/17/2023,12:15,PCOM HEAT,Porites,277.8
9/17/2023,12:30,PCOM HEAT,Porites,329.8
9/17/2023,12:45,PCOM HEAT,Porites,228.8
9/17/2023,13:00,PCOM HEAT,Porites,176.5
9/17/2023,13:15,PCOM HEAT,Porites,166.6
9/17/2023,13:30,PCOM HEAT,Porites,162.1
9/17/2023,13:45,PCOM HEAT,Porites,137.6
9/17/2023,14:00,PCOM HEAT,Porites,239.3
9/17/2023,14:15,PCOM HEAT,Porites,111.6
9/17/2023,14:30,PCOM HEAT,Porites,85.1
9/17/2023,14:45,PCOM HEAT,Porites,108.8
9/17/2023,15:00,PCOM HEAT,Porites,109.9
9/17/2023,15:15,PCOM HEAT,Porites,125.1
9/17/2023,15:30,PCOM HEAT,Porites,120.1
9/17/2023,15:45,PCOM HEAT,Porites,64.3
9/17/2023,16:00,PCOM HEAT,Porites,33.2
9/17/2023,16:15,PCOM HEAT,Porites,48.7
9/17/2023,16:30,PCOM HEAT,Porites,63.8
9/17/2023,16:45,PCOM HEAT,Porites,49.2
9/17/2023,17:00,PCOM HEAT,Porites,46.7
9/17/2023,17:15,PCOM HEAT,Porites,40.6
9/17/2023,17:30,PCOM HEAT,Porites,29.5
9/17/2023,17:45,PCOM HEAT,Porites,15.7
9/17/2023,18:00,PCOM HEAT,Porites,8
9/17/2023,18:15,PCOM HEAT,Porites,5.1
9/17/2023,18:30,PCOM HEAT,Porites,1.6
9/17/2023,18:45,PCOM HEAT,Porites,0.3
9/17/2023,19:00,PCOM HEAT,Porites,0
9/17/2023,19:15,PCOM HEAT,Porites,0
9/17/2023,19:30,PCOM HEAT,Porites,0
9/17/2023,19:45,PCOM HEAT,Porites,0
9/17/2023,20:00,PCOM HEAT,Porites,0
9/17/2023,20:15,PCOM HEAT,Porites,0
9/17/2023,20:30,PCOM HEAT,Porites,0
9/17/2023,20:45,PCOM HEAT,Porites,0
9/17/2023,21:00,PCOM HEAT,Porites,0
9/17/2023,21:15,PCOM HEAT,Porites,0
9/17/2023,21:30,PCOM HEAT,Porites,0
9/17/2023,21:45,PCOM HEAT,Porites,0
9/17/2023,22:00,PCOM HEAT,Porites,0
9/17/2023,22:15,PCOM HEAT,Porites,0
9/17/2023,22:30,PCOM HEAT,Porites,0
9/17/2023,22:45,PCOM HEAT,Porites,0
9/17/2023,23:00,PCOM HEAT,Porites,0
9/17/2023,23:15,PCOM HEAT,Porites,0
9/17/2023,23:30,PCOM HEAT,Porites,0
9/17/2023,23:45,PCOM HEAT,Porites,0
9/18/2023,0:00,PCOM HEAT,Porites,0
9/18/2023,0:15,PCOM HEAT,Porites,0
9/18/2023,0:30,PCOM HEAT,Porites,0
9/18/2023,0:45,PCOM HEAT,Porites,0
9/18/2023,1:00,PCOM HEAT,Porites,0
9/18/2023,1:15,PCOM HEAT,Porites,0
9/18/2023,1:30,PCOM HEAT,Porites,0
9/18/2023,1:45,PCOM HEAT,Porites,0
9/18/2023,2:00,PCOM HEAT,Porites,0
9/18/2023,2:15,PCOM HEAT,Porites,0
9/18/2023,2:30,PCOM HEAT,Porites,0
9/18/2023,2:45,PCOM HEAT,Porites,0
9/18/2023,3:00,PCOM HEAT,Porites,0
9/18/2023,3:15,PCOM HEAT,Porites,0
9/18/2023,3:30,PCOM HEAT,Porites,0
9/18/2023,3:45,PCOM HEAT,Porites,0
9/18/2023,4:00,PCOM HEAT,Porites,0
9/18/2023,4:15,PCOM HEAT,Porites,0
9/18/2023,4:30,PCOM HEAT,Porites,0
9/18/2023,4:45,PCOM HEAT,Porites,0
9/18/2023,5:00,PCOM HEAT,Porites,0
9/18/2023,5:15,PCOM HEAT,Porites,0
9/18/2023,5:30,PCOM HEAT,Porites,0
9/18/2023,5:45,PCOM HEAT,Porites,0
9/18/2023,6:00,PCOM HEAT,Porites,0
9/18/2023,6:15,PCOM HEAT,Porites,0.1
9/18/2023,6:30,PCOM HEAT,Porites,2.1
9/18/2023,6:45,PCOM HEAT,Porites,10.7
9/18/2023,7:00,PCOM HEAT,Porites,16.1
9/18/2023,7:15,PCOM HEAT,Porites,16.5
9/18/2023,7:30,PCOM HEAT,Porites,56.3
9/18/2023,7:45,PCOM HEAT,Porites,149.6
9/18/2023,8:00,PCOM HEAT,Porites,240.8
9/18/2023,8:15,PCOM HEAT,Porites,324.9
9/18/2023,8:30,PCOM HEAT,Porites,307.1
9/18/2023,8:45,PCOM HEAT,Porites,220.4
9/18/2023,9:00,PCOM HEAT,Porites,354
9/18/2023,9:15,PCOM HEAT,Porites,102.6
9/18/2023,9:30,PCOM HEAT,Porites,164.3
9/18/2023,9:45,PCOM HEAT,Porites,253.3
9/18/2023,10:00,PCOM HEAT,Porites,243.2
9/18/2023,10:15,PCOM HEAT,Porites,219.5
9/18/2023,10:30,PCOM HEAT,Porites,159.6
9/18/2023,10:45,PCOM HEAT,Porites,91.4
9/18/2023,11:00,PCOM HEAT,Porites,166.8
9/18/2023,11:15,PCOM HEAT,Porites,195.1
9/18/2023,11:30,PCOM HEAT,Porites,182.2
9/18/2023,11:45,PCOM HEAT,Porites,169.7
9/18/2023,12:00,PCOM HEAT,Porites,208.1
9/18/2023,12:15,PCOM HEAT,Porites,247.2
9/18/2023,12:30,PCOM HEAT,Porites,122.9
9/18/2023,12:45,PCOM HEAT,Porites,147.8
9/18/2023,13:00,PCOM HEAT,Porites,151
9/18/2023,13:15,PCOM HEAT,Porites,107.7
9/18/2023,13:30,PCOM HEAT,Porites,58
9/18/2023,13:45,PCOM HEAT,Porites,80.9
9/18/2023,14:00,PCOM HEAT,Porites,6.3
9/18/2023,14:15,PCOM HEAT,Porites,3.2
9/18/2023,14:30,PCOM HEAT,Porites,3
9/18/2023,14:45,PCOM HEAT,Porites,2.5
9/18/2023,15:00,PCOM HEAT,Porites,2.7
9/18/2023,15:15,PCOM HEAT,Porites,2.9
9/18/2023,15:30,PCOM HEAT,Porites,2.9
9/18/2023,15:45,PCOM HEAT,Porites,2.8
9/18/2023,16:00,PCOM HEAT,Porites,2.8
9/18/2023,16:15,PCOM HEAT,Porites,2.8
9/18/2023,16:30,PCOM HEAT,Porites,2.9
9/18/2023,16:45,PCOM HEAT,Porites,2.8
9/18/2023,17:00,PCOM HEAT,Porites,2.8
9/18/2023,17:15,PCOM HEAT,Porites,2.9
9/18/2023,17:30,PCOM HEAT,Porites,2.5
9/18/2023,17:45,PCOM HEAT,Porites,0.1
9/18/2023,18:00,PCOM HEAT,Porites,0
9/18/2023,18:15,PCOM HEAT,Porites,0
9/18/2023,18:30,PCOM HEAT,Porites,0
9/18/2023,18:45,PCOM HEAT,Porites,0
9/18/2023,19:00,PCOM HEAT,Porites,0
9/18/2023,19:15,PCOM HEAT,Porites,0
9/18/2023,19:30,PCOM HEAT,Porites,0
9/18/2023,19:45,PCOM HEAT,Porites,0
9/18/2023,20:00,PCOM HEAT,Porites,0
9/18/2023,20:15,PCOM HEAT,Porites,0
9/18/2023,20:30,PCOM HEAT,Porites,0
9/18/2023,20:45,PCOM HEAT,Porites,0
9/18/2023,21:00,PCOM HEAT,Porites,0
9/18/2023,21:15,PCOM HEAT,Porites,0
9/18/2023,21:30,PCOM HEAT,Porites,0
9/18/2023,21:45,PCOM HEAT,Porites,0
9/18/2023,22:00,PCOM HEAT,Porites,0
9/18/2023,22:15,PCOM HEAT,Porites,0
9/18/2023,22:30,PCOM HEAT,Porites,0
9/18/2023,22:45,PCOM HEAT,Porites,0
9/18/2023,23:00,PCOM HEAT,Porites,0
9/18/2023,23:15,PCOM HEAT,Porites,0
9/18/2023,23:30,PCOM HEAT,Porites,0
9/18/2023,23:45,PCOM HEAT,Porites,0
9/19/2023,0:00,PCOM HEAT,Porites,0
9/19/2023,0:15,PCOM HEAT,Porites,0
9/19/2023,0:30,PCOM HEAT,Porites,0
9/19/2023,0:45,PCOM HEAT,Porites,0
9/19/2023,1:00,PCOM HEAT,Porites,0
9/19/2023,1:15,PCOM HEAT,Porites,0
9/19/2023,1:30,PCOM HEAT,Porites,0
9/19/2023,1:45,PCOM HEAT,Porites,0
9/19/2023,2:00,PCOM HEAT,Porites,0
9/19/2023,2:15,PCOM HEAT,Porites,0
9/19/2023,2:30,PCOM HEAT,Porites,0
9/19/2023,2:45,PCOM HEAT,Porites,0
9/19/2023,3:00,PCOM HEAT,Porites,0
9/19/2023,3:15,PCOM HEAT,Porites,0
9/19/2023,3:30,PCOM HEAT,Porites,0
9/19/2023,3:45,PCOM HEAT,Porites,0
9/19/2023,4:00,PCOM HEAT,Porites,0
9/19/2023,4:15,PCOM HEAT,Porites,0
9/19/2023,4:30,PCOM HEAT,Porites,0
9/19/2023,4:45,PCOM HEAT,Porites,0
9/19/2023,5:00,PCOM HEAT,Porites,0
9/19/2023,5:15,PCOM HEAT,Porites,0
9/19/2023,5:30,PCOM HEAT,Porites,0
9/19/2023,5:45,PCOM HEAT,Porites,0
9/19/2023,6:00,PCOM HEAT,Porites,0
9/19/2023,6:15,PCOM HEAT,Porites,0
9/19/2023,6:30,PCOM HEAT,Porites,0
9/19/2023,6:45,PCOM HEAT,Porites,0.1
9/19/2023,7:00,PCOM HEAT,Porites,0.2
9/19/2023,7:15,PCOM HEAT,Porites,0.3
9/19/2023,7:30,PCOM HEAT,Porites,0.7
9/19/2023,7:45,PCOM HEAT,Porites,1.2
9/19/2023,8:00,PCOM HEAT,Porites,1.5
9/19/2023,8:15,PCOM HEAT,Porites,1.7
9/19/2023,8:30,PCOM HEAT,Porites,1.4
9/19/2023,8:45,PCOM HEAT,Porites,0.8
9/19/2023,9:00,PCOM HEAT,Porites,1.2
9/19/2023,9:15,PCOM HEAT,Porites,3.6
9/19/2023,9:30,PCOM HEAT,Porites,3.8
9/19/2023,9:45,PCOM HEAT,Porites,3.4
9/19/2023,10:00,PCOM HEAT,Porites,3.4
9/19/2023,10:15,PCOM HEAT,Porites,3.6
9/19/2023,10:30,PCOM HEAT,Porites,3.6
9/19/2023,10:45,PCOM HEAT,Porites,3.5
9/19/2023,11:00,PCOM HEAT,Porites,3.4
9/19/2023,11:15,PCOM HEAT,Porites,3.5
9/19/2023,11:30,PCOM HEAT,Porites,3.1
7/24/2023,0:15,MCAP HEAT,Montipora,0
7/24/2023,0:30,MCAP HEAT,Montipora,0
7/24/2023,0:45,MCAP HEAT,Montipora,0
7/24/2023,1:00,MCAP HEAT,Montipora,0
7/24/2023,1:15,MCAP HEAT,Montipora,0
7/24/2023,1:30,MCAP HEAT,Montipora,0
7/24/2023,1:45,MCAP HEAT,Montipora,0
7/24/2023,2:00,MCAP HEAT,Montipora,0
7/24/2023,2:15,MCAP HEAT,Montipora,0
7/24/2023,2:30,MCAP HEAT,Montipora,0
7/24/2023,2:45,MCAP HEAT,Montipora,0
7/24/2023,3:00,MCAP HEAT,Montipora,0
7/24/2023,3:15,MCAP HEAT,Montipora,0
7/24/2023,3:30,MCAP HEAT,Montipora,0
7/24/2023,3:45,MCAP HEAT,Montipora,0
7/24/2023,4:00,MCAP HEAT,Montipora,0
7/24/2023,4:15,MCAP HEAT,Montipora,0
7/24/2023,4:30,MCAP HEAT,Montipora,0
7/24/2023,4:45,MCAP HEAT,Montipora,0
7/24/2023,5:00,MCAP HEAT,Montipora,0
7/24/2023,5:15,MCAP HEAT,Montipora,0
7/24/2023,5:30,MCAP HEAT,Montipora,0
7/24/2023,5:45,MCAP HEAT,Montipora,0
7/24/2023,6:00,MCAP HEAT,Montipora,0.1
7/24/2023,6:15,MCAP HEAT,Montipora,1.5
7/24/2023,6:30,MCAP HEAT,Montipora,5
7/24/2023,6:45,MCAP HEAT,Montipora,9.2
7/24/2023,7:00,MCAP HEAT,Montipora,12.2
7/24/2023,7:15,MCAP HEAT,Montipora,17.9
7/24/2023,7:30,MCAP HEAT,Montipora,22.7
7/24/2023,7:45,MCAP HEAT,Montipora,104.2
7/24/2023,8:00,MCAP HEAT,Montipora,127
7/24/2023,8:15,MCAP HEAT,Montipora,125.3
7/24/2023,8:30,MCAP HEAT,Montipora,149.1
7/24/2023,8:45,MCAP HEAT,Montipora,220.4
7/24/2023,9:00,MCAP HEAT,Montipora,78.7
7/24/2023,9:15,MCAP HEAT,Montipora,83.2
7/24/2023,9:30,MCAP HEAT,Montipora,86.2
7/24/2023,9:45,MCAP HEAT,Montipora,148.6
7/24/2023,10:00,MCAP HEAT,Montipora,50.8
7/24/2023,10:15,MCAP HEAT,Montipora,164.8
7/24/2023,10:30,MCAP HEAT,Montipora,521.2
7/24/2023,10:45,MCAP HEAT,Montipora,106.2
7/24/2023,11:00,MCAP HEAT,Montipora,85.7
7/24/2023,11:15,MCAP HEAT,Montipora,93.1
7/24/2023,11:30,MCAP HEAT,Montipora,122.9
7/24/2023,11:45,MCAP HEAT,Montipora,79.2
7/24/2023,12:00,MCAP HEAT,Montipora,79.4
7/24/2023,12:15,MCAP HEAT,Montipora,90.3
7/24/2023,12:30,MCAP HEAT,Montipora,68.5
7/24/2023,12:45,MCAP HEAT,Montipora,66
7/24/2023,13:00,MCAP HEAT,Montipora,56.8
7/24/2023,13:15,MCAP HEAT,Montipora,65.4
7/24/2023,13:30,MCAP HEAT,Montipora,120.3
7/24/2023,13:45,MCAP HEAT,Montipora,126.4
7/24/2023,14:00,MCAP HEAT,Montipora,105.4
7/24/2023,14:15,MCAP HEAT,Montipora,116.1
7/24/2023,14:30,MCAP HEAT,Montipora,99.5
7/24/2023,14:45,MCAP HEAT,Montipora,132.5
7/24/2023,15:00,MCAP HEAT,Montipora,135.8
7/24/2023,15:15,MCAP HEAT,Montipora,124.5
7/24/2023,15:30,MCAP HEAT,Montipora,103.8
7/24/2023,15:45,MCAP HEAT,Montipora,117.6
7/24/2023,16:00,MCAP HEAT,Montipora,42.5
7/24/2023,16:15,MCAP HEAT,Montipora,56.4
7/24/2023,16:30,MCAP HEAT,Montipora,60.7
7/24/2023,16:45,MCAP HEAT,Montipora,59.8
7/24/2023,17:00,MCAP HEAT,Montipora,43.2
7/24/2023,17:15,MCAP HEAT,Montipora,41.7
7/24/2023,17:30,MCAP HEAT,Montipora,36.5
7/24/2023,17:45,MCAP HEAT,Montipora,22.3
7/24/2023,18:00,MCAP HEAT,Montipora,16
7/24/2023,18:15,MCAP HEAT,Montipora,11.2
7/24/2023,18:30,MCAP HEAT,Montipora,10.2
7/24/2023,18:45,MCAP HEAT,Montipora,9
7/24/2023,19:00,MCAP HEAT,Montipora,5.4
7/24/2023,19:15,MCAP HEAT,Montipora,1.8
7/24/2023,19:30,MCAP HEAT,Montipora,0.2
7/24/2023,19:45,MCAP HEAT,Montipora,0
7/24/2023,20:00,MCAP HEAT,Montipora,0
7/24/2023,20:15,MCAP HEAT,Montipora,0
7/24/2023,20:30,MCAP HEAT,Montipora,0
7/24/2023,20:45,MCAP HEAT,Montipora,0
7/24/2023,21:00,MCAP HEAT,Montipora,0
7/24/2023,21:15,MCAP HEAT,Montipora,0
7/24/2023,21:30,MCAP HEAT,Montipora,0
7/24/2023,21:45,MCAP HEAT,Montipora,0
7/24/2023,22:00,MCAP HEAT,Montipora,0
7/24/2023,22:15,MCAP HEAT,Montipora,0
7/24/2023,22:30,MCAP HEAT,Montipora,0
7/24/2023,22:45,MCAP HEAT,Montipora,0
7/24/2023,23:00,MCAP HEAT,Montipora,0
7/24/2023,23:15,MCAP HEAT,Montipora,0
7/24/2023,23:30,MCAP HEAT,Montipora,0
7/24/2023,23:45,MCAP HEAT,Montipora,0
7/25/2023,0:00,MCAP HEAT,Montipora,0
7/25/2023,0:15,MCAP HEAT,Montipora,0
7/25/2023,0:30,MCAP HEAT,Montipora,0
7/25/2023,0:45,MCAP HEAT,Montipora,0
7/25/2023,1:00,MCAP HEAT,Montipora,0
7/25/2023,1:15,MCAP HEAT,Montipora,0
7/25/2023,1:30,MCAP HEAT,Montipora,0
7/25/2023,1:45,MCAP HEAT,Montipora,0
7/25/2023,2:00,MCAP HEAT,Montipora,0
7/25/2023,2:15,MCAP HEAT,Montipora,0
7/25/2023,2:30,MCAP HEAT,Montipora,0
7/25/2023,2:45,MCAP HEAT,Montipora,0
7/25/2023,3:00,MCAP HEAT,Montipora,0
7/25/2023,3:15,MCAP HEAT,Montipora,0
7/25/2023,3:30,MCAP HEAT,Montipora,0
7/25/2023,3:45,MCAP HEAT,Montipora,0
7/25/2023,4:00,MCAP HEAT,Montipora,0
7/25/2023,4:15,MCAP HEAT,Montipora,0
7/25/2023,4:30,MCAP HEAT,Montipora,0
7/25/2023,4:45,MCAP HEAT,Montipora,0
7/25/2023,5:00,MCAP HEAT,Montipora,0
7/25/2023,5:15,MCAP HEAT,Montipora,0
7/25/2023,5:30,MCAP HEAT,Montipora,0
7/25/2023,5:45,MCAP HEAT,Montipora,0
7/25/2023,6:00,MCAP HEAT,Montipora,0.1
7/25/2023,6:15,MCAP HEAT,Montipora,1
7/25/2023,6:30,MCAP HEAT,Montipora,2.4
7/25/2023,6:45,MCAP HEAT,Montipora,4.3
7/25/2023,7:00,MCAP HEAT,Montipora,10
7/25/2023,7:15,MCAP HEAT,Montipora,16
7/25/2023,7:30,MCAP HEAT,Montipora,22
7/25/2023,7:45,MCAP HEAT,Montipora,26.2
7/25/2023,8:00,MCAP HEAT,Montipora,33.9
7/25/2023,8:15,MCAP HEAT,Montipora,44.5
7/25/2023,8:30,MCAP HEAT,Montipora,54.5
7/25/2023,8:45,MCAP HEAT,Montipora,82.7
7/25/2023,9:00,MCAP HEAT,Montipora,87.1
7/25/2023,9:15,MCAP HEAT,Montipora,80.4
7/25/2023,9:30,MCAP HEAT,Montipora,51.4
7/25/2023,9:45,MCAP HEAT,Montipora,125.6
7/25/2023,10:00,MCAP HEAT,Montipora,182.9
7/25/2023,10:15,MCAP HEAT,Montipora,267.3
7/25/2023,10:30,MCAP HEAT,Montipora,286.5
7/25/2023,10:45,MCAP HEAT,Montipora,293.7
7/25/2023,11:00,MCAP HEAT,Montipora,208.8
7/25/2023,11:15,MCAP HEAT,Montipora,185
7/25/2023,11:30,MCAP HEAT,Montipora,252.5
7/25/2023,11:45,MCAP HEAT,Montipora,188.7
7/25/2023,12:00,MCAP HEAT,Montipora,240.5
7/25/2023,12:15,MCAP HEAT,Montipora,252.4
7/25/2023,12:30,MCAP HEAT,Montipora,245
7/25/2023,12:45,MCAP HEAT,Montipora,193.3
7/25/2023,13:00,MCAP HEAT,Montipora,189.1
7/25/2023,13:15,MCAP HEAT,Montipora,121.6
7/25/2023,13:30,MCAP HEAT,Montipora,167.1
7/25/2023,13:45,MCAP HEAT,Montipora,251
7/25/2023,14:00,MCAP HEAT,Montipora,288.8
7/25/2023,14:15,MCAP HEAT,Montipora,248.2
7/25/2023,14:30,MCAP HEAT,Montipora,235.7
7/25/2023,14:45,MCAP HEAT,Montipora,123.9
7/25/2023,15:00,MCAP HEAT,Montipora,123.6
7/25/2023,15:15,MCAP HEAT,Montipora,51.6
7/25/2023,15:30,MCAP HEAT,Montipora,59
7/25/2023,15:45,MCAP HEAT,Montipora,62.1
7/25/2023,16:00,MCAP HEAT,Montipora,56.9
7/25/2023,16:15,MCAP HEAT,Montipora,59
7/25/2023,16:30,MCAP HEAT,Montipora,53.2
7/25/2023,16:45,MCAP HEAT,Montipora,50.4
7/25/2023,17:00,MCAP HEAT,Montipora,36.5
7/25/2023,17:15,MCAP HEAT,Montipora,35.4
7/25/2023,17:30,MCAP HEAT,Montipora,27.6
7/25/2023,17:45,MCAP HEAT,Montipora,23.2
7/25/2023,18:00,MCAP HEAT,Montipora,16.2
7/25/2023,18:15,MCAP HEAT,Montipora,16.7
7/25/2023,18:30,MCAP HEAT,Montipora,10.2
7/25/2023,18:45,MCAP HEAT,Montipora,6.7
7/25/2023,19:00,MCAP HEAT,Montipora,3.3
7/25/2023,19:15,MCAP HEAT,Montipora,1.1
7/25/2023,19:30,MCAP HEAT,Montipora,0.2
7/25/2023,19:45,MCAP HEAT,Montipora,0
7/25/2023,20:00,MCAP HEAT,Montipora,0
7/25/2023,20:15,MCAP HEAT,Montipora,0
7/25/2023,20:30,MCAP HEAT,Montipora,0
7/25/2023,20:45,MCAP HEAT,Montipora,0
7/25/2023,21:00,MCAP HEAT,Montipora,0
7/25/2023,21:15,MCAP HEAT,Montipora,0
7/25/2023,21:30,MCAP HEAT,Montipora,0
7/25/2023,21:45,MCAP HEAT,Montipora,0
7/25/2023,22:00,MCAP HEAT,Montipora,0
7/25/2023,22:15,MCAP HEAT,Montipora,0
7/25/2023,22:30,MCAP HEAT,Montipora,0
7/25/2023,22:45,MCAP HEAT,Montipora,0
7/25/2023,23:00,MCAP HEAT,Montipora,0
7/25/2023,23:15,MCAP HEAT,Montipora,0
7/25/2023,23:30,MCAP HEAT,Montipora,0
7/25/2023,23:45,MCAP HEAT,Montipora,0
7/26/2023,0:00,MCAP HEAT,Montipora,0
7/26/2023,0:15,MCAP HEAT,Montipora,0
7/26/2023,0:30,MCAP HEAT,Montipora,0
7/26/2023,0:45,MCAP HEAT,Montipora,0
7/26/2023,1:00,MCAP HEAT,Montipora,0
7/26/2023,1:15,MCAP HEAT,Montipora,0
7/26/2023,1:30,MCAP HEAT,Montipora,0
7/26/2023,1:45,MCAP HEAT,Montipora,0
7/26/2023,2:00,MCAP HEAT,Montipora,0
7/26/2023,2:15,MCAP HEAT,Montipora,0
7/26/2023,2:30,MCAP HEAT,Montipora,0
7/26/2023,2:45,MCAP HEAT,Montipora,0
7/26/2023,3:00,MCAP HEAT,Montipora,0
7/26/2023,3:15,MCAP HEAT,Montipora,0
7/26/2023,3:30,MCAP HEAT,Montipora,0
7/26/2023,3:45,MCAP HEAT,Montipora,0
7/26/2023,4:00,MCAP HEAT,Montipora,0
7/26/2023,4:15,MCAP HEAT,Montipora,0
7/26/2023,4:30,MCAP HEAT,Montipora,0
7/26/2023,4:45,MCAP HEAT,Montipora,0
7/26/2023,5:00,MCAP HEAT,Montipora,0
7/26/2023,5:15,MCAP HEAT,Montipora,0
7/26/2023,5:30,MCAP HEAT,Montipora,0
7/26/2023,5:45,MCAP HEAT,Montipora,0
7/26/2023,6:00,MCAP HEAT,Montipora,0.1
7/26/2023,6:15,MCAP HEAT,Montipora,0.8
7/26/2023,6:30,MCAP HEAT,Montipora,2.5
7/26/2023,6:45,MCAP HEAT,Montipora,7
7/26/2023,7:00,MCAP HEAT,Montipora,8.7
7/26/2023,7:15,MCAP HEAT,Montipora,15.6
7/26/2023,7:30,MCAP HEAT,Montipora,21.3
7/26/2023,7:45,MCAP HEAT,Montipora,32.4
7/26/2023,8:00,MCAP HEAT,Montipora,47.1
7/26/2023,8:15,MCAP HEAT,Montipora,40.5
7/26/2023,8:30,MCAP HEAT,Montipora,53.9
7/26/2023,8:45,MCAP HEAT,Montipora,58.5
7/26/2023,9:00,MCAP HEAT,Montipora,75.2
7/26/2023,9:15,MCAP HEAT,Montipora,81.6
7/26/2023,9:30,MCAP HEAT,Montipora,116.3
7/26/2023,9:45,MCAP HEAT,Montipora,185
7/26/2023,10:00,MCAP HEAT,Montipora,203.2
7/26/2023,10:15,MCAP HEAT,Montipora,224.7
7/26/2023,10:30,MCAP HEAT,Montipora,287.5
7/26/2023,10:45,MCAP HEAT,Montipora,308.5
7/26/2023,11:00,MCAP HEAT,Montipora,258
7/26/2023,11:15,MCAP HEAT,Montipora,302.6
7/26/2023,11:30,MCAP HEAT,Montipora,349.1
7/26/2023,11:45,MCAP HEAT,Montipora,319
7/26/2023,12:00,MCAP HEAT,Montipora,265.8
7/26/2023,12:15,MCAP HEAT,Montipora,285
7/26/2023,12:30,MCAP HEAT,Montipora,228
7/26/2023,12:45,MCAP HEAT,Montipora,198.5
7/26/2023,13:00,MCAP HEAT,Montipora,342.4
7/26/2023,13:15,MCAP HEAT,Montipora,285.2
7/26/2023,13:30,MCAP HEAT,Montipora,385
7/26/2023,13:45,MCAP HEAT,Montipora,504.8
7/26/2023,14:00,MCAP HEAT,Montipora,327.5
7/26/2023,14:15,MCAP HEAT,Montipora,220.2
7/26/2023,14:30,MCAP HEAT,Montipora,116.3
7/26/2023,14:45,MCAP HEAT,Montipora,130.1
7/26/2023,15:00,MCAP HEAT,Montipora,128
7/26/2023,15:15,MCAP HEAT,Montipora,60.9
7/26/2023,15:30,MCAP HEAT,Montipora,59.7
7/26/2023,15:45,MCAP HEAT,Montipora,55
7/26/2023,16:00,MCAP HEAT,Montipora,51.5
7/26/2023,16:15,MCAP HEAT,Montipora,67.3
7/26/2023,16:30,MCAP HEAT,Montipora,54.4
7/26/2023,16:45,MCAP HEAT,Montipora,47.3
7/26/2023,17:00,MCAP HEAT,Montipora,46.2
7/26/2023,17:15,MCAP HEAT,Montipora,36.8
7/26/2023,17:30,MCAP HEAT,Montipora,31
7/26/2023,17:45,MCAP HEAT,Montipora,31.5
7/26/2023,18:00,MCAP HEAT,Montipora,24.4
7/26/2023,18:15,MCAP HEAT,Montipora,17.2
7/26/2023,18:30,MCAP HEAT,Montipora,7.1
7/26/2023,18:45,MCAP HEAT,Montipora,5.5
7/26/2023,19:00,MCAP HEAT,Montipora,2.9
7/26/2023,19:15,MCAP HEAT,Montipora,1.1
7/26/2023,19:30,MCAP HEAT,Montipora,0.2
7/26/2023,19:45,MCAP HEAT,Montipora,0
7/26/2023,20:00,MCAP HEAT,Montipora,0
7/26/2023,20:15,MCAP HEAT,Montipora,0
7/26/2023,20:30,MCAP HEAT,Montipora,0
7/26/2023,20:45,MCAP HEAT,Montipora,0
7/26/2023,21:00,MCAP HEAT,Montipora,0
7/26/2023,21:15,MCAP HEAT,Montipora,0
7/26/2023,21:30,MCAP HEAT,Montipora,0
7/26/2023,21:45,MCAP HEAT,Montipora,0
7/26/2023,22:00,MCAP HEAT,Montipora,0
7/26/2023,22:15,MCAP HEAT,Montipora,0
7/26/2023,22:30,MCAP HEAT,Montipora,0
7/26/2023,22:45,MCAP HEAT,Montipora,0
7/26/2023,23:00,MCAP HEAT,Montipora,0
7/26/2023,23:15,MCAP HEAT,Montipora,0
7/26/2023,23:30,MCAP HEAT,Montipora,0
7/26/2023,23:45,MCAP HEAT,Montipora,0
7/27/2023,0:00,MCAP HEAT,Montipora,0
7/27/2023,0:15,MCAP HEAT,Montipora,0
7/27/2023,0:30,MCAP HEAT,Montipora,0
7/27/2023,0:45,MCAP HEAT,Montipora,0
7/27/2023,1:00,MCAP HEAT,Montipora,0
7/27/2023,1:15,MCAP HEAT,Montipora,0
7/27/2023,1:30,MCAP HEAT,Montipora,0
7/27/2023,1:45,MCAP HEAT,Montipora,0
7/27/2023,2:00,MCAP HEAT,Montipora,0
7/27/2023,2:15,MCAP HEAT,Montipora,0
7/27/2023,2:30,MCAP HEAT,Montipora,0
7/27/2023,2:45,MCAP HEAT,Montipora,0
7/27/2023,3:00,MCAP HEAT,Montipora,0
7/27/2023,3:15,MCAP HEAT,Montipora,0
7/27/2023,3:30,MCAP HEAT,Montipora,0
7/27/2023,3:45,MCAP HEAT,Montipora,0
7/27/2023,4:00,MCAP HEAT,Montipora,0
7/27/2023,4:15,MCAP HEAT,Montipora,0
7/27/2023,4:30,MCAP HEAT,Montipora,0
7/27/2023,4:45,MCAP HEAT,Montipora,0
7/27/2023,5:00,MCAP HEAT,Montipora,0
7/27/2023,5:15,MCAP HEAT,Montipora,0
7/27/2023,5:30,MCAP HEAT,Montipora,0
7/27/2023,5:45,MCAP HEAT,Montipora,0
7/27/2023,6:00,MCAP HEAT,Montipora,0.1
7/27/2023,6:15,MCAP HEAT,Montipora,1.3
7/27/2023,6:30,MCAP HEAT,Montipora,5
7/27/2023,6:45,MCAP HEAT,Montipora,11.7
7/27/2023,7:00,MCAP HEAT,Montipora,15.8
7/27/2023,7:15,MCAP HEAT,Montipora,22.5
7/27/2023,7:30,MCAP HEAT,Montipora,28.1
7/27/2023,7:45,MCAP HEAT,Montipora,105
7/27/2023,8:00,MCAP HEAT,Montipora,94.8
7/27/2023,8:15,MCAP HEAT,Montipora,102.2
7/27/2023,8:30,MCAP HEAT,Montipora,150.7
7/27/2023,8:45,MCAP HEAT,Montipora,174.4
7/27/2023,9:00,MCAP HEAT,Montipora,197.2
7/27/2023,9:15,MCAP HEAT,Montipora,198.3
7/27/2023,9:30,MCAP HEAT,Montipora,161.6
7/27/2023,9:45,MCAP HEAT,Montipora,172.2
7/27/2023,10:00,MCAP HEAT,Montipora,144.6
7/27/2023,10:15,MCAP HEAT,Montipora,219.5
7/27/2023,10:30,MCAP HEAT,Montipora,307.9
7/27/2023,10:45,MCAP HEAT,Montipora,305.9
7/27/2023,11:00,MCAP HEAT,Montipora,262.4
7/27/2023,11:15,MCAP HEAT,Montipora,310.6
7/27/2023,11:30,MCAP HEAT,Montipora,324.2
7/27/2023,11:45,MCAP HEAT,Montipora,235.6
7/27/2023,12:00,MCAP HEAT,Montipora,224
7/27/2023,12:15,MCAP HEAT,Montipora,313.4
7/27/2023,12:30,MCAP HEAT,Montipora,336.6
7/27/2023,12:45,MCAP HEAT,Montipora,357.6
7/27/2023,13:00,MCAP HEAT,Montipora,286.3
7/27/2023,13:15,MCAP HEAT,Montipora,155.9
7/27/2023,13:30,MCAP HEAT,Montipora,114.5
7/27/2023,13:45,MCAP HEAT,Montipora,169.3
7/27/2023,14:00,MCAP HEAT,Montipora,314.6
7/27/2023,14:15,MCAP HEAT,Montipora,310.5
7/27/2023,14:30,MCAP HEAT,Montipora,336.7
7/27/2023,14:45,MCAP HEAT,Montipora,225
7/27/2023,15:00,MCAP HEAT,Montipora,107.2
7/27/2023,15:15,MCAP HEAT,Montipora,64.9
7/27/2023,15:30,MCAP HEAT,Montipora,64.1
7/27/2023,15:45,MCAP HEAT,Montipora,66.2
7/27/2023,16:00,MCAP HEAT,Montipora,67.8
7/27/2023,16:15,MCAP HEAT,Montipora,53.5
7/27/2023,16:30,MCAP HEAT,Montipora,71.6
7/27/2023,16:45,MCAP HEAT,Montipora,82.4
7/27/2023,17:00,MCAP HEAT,Montipora,49.9
7/27/2023,17:15,MCAP HEAT,Montipora,31.4
7/27/2023,17:30,MCAP HEAT,Montipora,32.1
7/27/2023,17:45,MCAP HEAT,Montipora,32.1
7/27/2023,18:00,MCAP HEAT,Montipora,24.6
7/27/2023,18:15,MCAP HEAT,Montipora,23.4
7/27/2023,18:30,MCAP HEAT,Montipora,18.2
7/27/2023,18:45,MCAP HEAT,Montipora,8.5
7/27/2023,19:00,MCAP HEAT,Montipora,5
7/27/2023,19:15,MCAP HEAT,Montipora,2.1
7/27/2023,19:30,MCAP HEAT,Montipora,0.2
7/27/2023,19:45,MCAP HEAT,Montipora,0
7/27/2023,20:00,MCAP HEAT,Montipora,0
7/27/2023,20:15,MCAP HEAT,Montipora,0
7/27/2023,20:30,MCAP HEAT,Montipora,0
7/27/2023,20:45,MCAP HEAT,Montipora,0
7/27/2023,21:00,MCAP HEAT,Montipora,0
7/27/2023,21:15,MCAP HEAT,Montipora,0
7/27/2023,21:30,MCAP HEAT,Montipora,0
7/27/2023,21:45,MCAP HEAT,Montipora,0
7/27/2023,22:00,MCAP HEAT,Montipora,0
7/27/2023,22:15,MCAP HEAT,Montipora,0
7/27/2023,22:30,MCAP HEAT,Montipora,0
7/27/2023,22:45,MCAP HEAT,Montipora,0
7/27/2023,23:00,MCAP HEAT,Montipora,0
7/27/2023,23:15,MCAP HEAT,Montipora,0
7/27/2023,23:30,MCAP HEAT,Montipora,0
7/27/2023,23:45,MCAP HEAT,Montipora,0
7/28/2023,0:00,MCAP HEAT,Montipora,0
7/28/2023,0:15,MCAP HEAT,Montipora,0
7/28/2023,0:30,MCAP HEAT,Montipora,0
7/28/2023,0:45,MCAP HEAT,Montipora,0
7/28/2023,1:00,MCAP HEAT,Montipora,0
7/28/2023,1:15,MCAP HEAT,Montipora,0
7/28/2023,1:30,MCAP HEAT,Montipora,0
7/28/2023,1:45,MCAP HEAT,Montipora,0
7/28/2023,2:00,MCAP HEAT,Montipora,0
7/28/2023,2:15,MCAP HEAT,Montipora,0
7/28/2023,2:30,MCAP HEAT,Montipora,0
7/28/2023,2:45,MCAP HEAT,Montipora,0
7/28/2023,3:00,MCAP HEAT,Montipora,0
7/28/2023,3:15,MCAP HEAT,Montipora,0
7/28/2023,3:30,MCAP HEAT,Montipora,0
7/28/2023,3:45,MCAP HEAT,Montipora,0
7/28/2023,4:00,MCAP HEAT,Montipora,0
7/28/2023,4:15,MCAP HEAT,Montipora,0
7/28/2023,4:30,MCAP HEAT,Montipora,0
7/28/2023,4:45,MCAP HEAT,Montipora,0
7/28/2023,5:00,MCAP HEAT,Montipora,0
7/28/2023,5:15,MCAP HEAT,Montipora,0
7/28/2023,5:30,MCAP HEAT,Montipora,0
7/28/2023,5:45,MCAP HEAT,Montipora,0
7/28/2023,6:00,MCAP HEAT,Montipora,0
7/28/2023,6:15,MCAP HEAT,Montipora,1.1
7/28/2023,6:30,MCAP HEAT,Montipora,6.7
7/28/2023,6:45,MCAP HEAT,Montipora,15.6
7/28/2023,7:00,MCAP HEAT,Montipora,17.7
7/28/2023,7:15,MCAP HEAT,Montipora,17.1
7/28/2023,7:30,MCAP HEAT,Montipora,18.8
7/28/2023,7:45,MCAP HEAT,Montipora,26.6
7/28/2023,8:00,MCAP HEAT,Montipora,45.1
7/28/2023,8:15,MCAP HEAT,Montipora,120.9
7/28/2023,8:30,MCAP HEAT,Montipora,133.2
7/28/2023,8:45,MCAP HEAT,Montipora,149.4
7/28/2023,9:00,MCAP HEAT,Montipora,173.7
7/28/2023,9:15,MCAP HEAT,Montipora,202.2
7/28/2023,9:30,MCAP HEAT,Montipora,226.9
7/28/2023,9:45,MCAP HEAT,Montipora,238.8
7/28/2023,10:00,MCAP HEAT,Montipora,259.3
7/28/2023,10:15,MCAP HEAT,Montipora,284.7
7/28/2023,10:30,MCAP HEAT,Montipora,289.8
7/28/2023,10:45,MCAP HEAT,Montipora,300
7/28/2023,11:00,MCAP HEAT,Montipora,234.4
7/28/2023,11:15,MCAP HEAT,Montipora,316.6
7/28/2023,11:30,MCAP HEAT,Montipora,318.3
7/28/2023,11:45,MCAP HEAT,Montipora,326.5
7/28/2023,12:00,MCAP HEAT,Montipora,328.6
7/28/2023,12:15,MCAP HEAT,Montipora,243.4
7/28/2023,12:30,MCAP HEAT,Montipora,188.6
7/28/2023,12:45,MCAP HEAT,Montipora,202
7/28/2023,13:00,MCAP HEAT,Montipora,274.7
7/28/2023,13:15,MCAP HEAT,Montipora,157.7
7/28/2023,13:30,MCAP HEAT,Montipora,223
7/28/2023,13:45,MCAP HEAT,Montipora,94.4
7/28/2023,14:00,MCAP HEAT,Montipora,158.1
7/28/2023,14:15,MCAP HEAT,Montipora,136.9
7/28/2023,14:30,MCAP HEAT,Montipora,98.4
7/28/2023,14:45,MCAP HEAT,Montipora,75.6
7/28/2023,15:00,MCAP HEAT,Montipora,73.7
7/28/2023,15:15,MCAP HEAT,Montipora,52.9
7/28/2023,15:30,MCAP HEAT,Montipora,48.1
7/28/2023,15:45,MCAP HEAT,Montipora,36
7/28/2023,16:00,MCAP HEAT,Montipora,35.8
7/28/2023,16:15,MCAP HEAT,Montipora,42.5
7/28/2023,16:30,MCAP HEAT,Montipora,31.8
7/28/2023,16:45,MCAP HEAT,Montipora,31.8
7/28/2023,17:00,MCAP HEAT,Montipora,26.8
7/28/2023,17:15,MCAP HEAT,Montipora,20.3
7/28/2023,17:30,MCAP HEAT,Montipora,18.3
7/28/2023,17:45,MCAP HEAT,Montipora,14.9
7/28/2023,18:00,MCAP HEAT,Montipora,13.2
7/28/2023,18:15,MCAP HEAT,Montipora,11.5
7/28/2023,18:30,MCAP HEAT,Montipora,9.9
7/28/2023,18:45,MCAP HEAT,Montipora,8.2
7/28/2023,19:00,MCAP HEAT,Montipora,4.2
7/28/2023,19:15,MCAP HEAT,Montipora,1.9
7/28/2023,19:30,MCAP HEAT,Montipora,0.3
7/28/2023,19:45,MCAP HEAT,Montipora,0
7/28/2023,20:00,MCAP HEAT,Montipora,0
7/28/2023,20:15,MCAP HEAT,Montipora,0
7/28/2023,20:30,MCAP HEAT,Montipora,0
7/28/2023,20:45,MCAP HEAT,Montipora,0
7/28/2023,21:00,MCAP HEAT,Montipora,0
7/28/2023,21:15,MCAP HEAT,Montipora,0
7/28/2023,21:30,MCAP HEAT,Montipora,0
7/28/2023,21:45,MCAP HEAT,Montipora,0
7/28/2023,22:00,MCAP HEAT,Montipora,0
7/28/2023,22:15,MCAP HEAT,Montipora,0
7/28/2023,22:30,MCAP HEAT,Montipora,0
7/28/2023,22:45,MCAP HEAT,Montipora,0
7/28/2023,23:00,MCAP HEAT,Montipora,0
7/28/2023,23:15,MCAP HEAT,Montipora,0
7/28/2023,23:30,MCAP HEAT,Montipora,0
7/28/2023,23:45,MCAP HEAT,Montipora,0
7/29/2023,0:00,MCAP HEAT,Montipora,0
7/29/2023,0:15,MCAP HEAT,Montipora,0
7/29/2023,0:30,MCAP HEAT,Montipora,0
7/29/2023,0:45,MCAP HEAT,Montipora,0
7/29/2023,1:00,MCAP HEAT,Montipora,0
7/29/2023,1:15,MCAP HEAT,Montipora,0
7/29/2023,1:30,MCAP HEAT,Montipora,0
7/29/2023,1:45,MCAP HEAT,Montipora,0
7/29/2023,2:00,MCAP HEAT,Montipora,0
7/29/2023,2:15,MCAP HEAT,Montipora,0
7/29/2023,2:30,MCAP HEAT,Montipora,0
7/29/2023,2:45,MCAP HEAT,Montipora,0
7/29/2023,3:00,MCAP HEAT,Montipora,0
7/29/2023,3:15,MCAP HEAT,Montipora,0
7/29/2023,3:30,MCAP HEAT,Montipora,0
7/29/2023,3:45,MCAP HEAT,Montipora,0
7/29/2023,4:00,MCAP HEAT,Montipora,0
7/29/2023,4:15,MCAP HEAT,Montipora,0
7/29/2023,4:30,MCAP HEAT,Montipora,0
7/29/2023,4:45,MCAP HEAT,Montipora,0
7/29/2023,5:00,MCAP HEAT,Montipora,0
7/29/2023,5:15,MCAP HEAT,Montipora,0
7/29/2023,5:30,MCAP HEAT,Montipora,0
7/29/2023,5:45,MCAP HEAT,Montipora,0
7/29/2023,6:00,MCAP HEAT,Montipora,0
7/29/2023,6:15,MCAP HEAT,Montipora,0.6
7/29/2023,6:30,MCAP HEAT,Montipora,3.1
7/29/2023,6:45,MCAP HEAT,Montipora,13.5
7/29/2023,7:00,MCAP HEAT,Montipora,16.6
7/29/2023,7:15,MCAP HEAT,Montipora,18.8
7/29/2023,7:30,MCAP HEAT,Montipora,27.3
7/29/2023,7:45,MCAP HEAT,Montipora,44.8
7/29/2023,8:00,MCAP HEAT,Montipora,60.6
7/29/2023,8:15,MCAP HEAT,Montipora,57.5
7/29/2023,8:30,MCAP HEAT,Montipora,55.4
7/29/2023,8:45,MCAP HEAT,Montipora,74.6
7/29/2023,9:00,MCAP HEAT,Montipora,92.7
7/29/2023,9:15,MCAP HEAT,Montipora,109.9
7/29/2023,9:30,MCAP HEAT,Montipora,76
7/29/2023,9:45,MCAP HEAT,Montipora,103.8
7/29/2023,10:00,MCAP HEAT,Montipora,207.4
7/29/2023,10:15,MCAP HEAT,Montipora,233.9
7/29/2023,10:30,MCAP HEAT,Montipora,229.4
7/29/2023,10:45,MCAP HEAT,Montipora,181.8
7/29/2023,11:00,MCAP HEAT,Montipora,243.4
7/29/2023,11:15,MCAP HEAT,Montipora,285.2
7/29/2023,11:30,MCAP HEAT,Montipora,329.7
7/29/2023,11:45,MCAP HEAT,Montipora,323.2
7/29/2023,12:00,MCAP HEAT,Montipora,301.7
7/29/2023,12:15,MCAP HEAT,Montipora,298.8
7/29/2023,12:30,MCAP HEAT,Montipora,300.9
7/29/2023,12:45,MCAP HEAT,Montipora,235
7/29/2023,13:00,MCAP HEAT,Montipora,290.6
7/29/2023,13:15,MCAP HEAT,Montipora,311.7
7/29/2023,13:30,MCAP HEAT,Montipora,334.8
7/29/2023,13:45,MCAP HEAT,Montipora,259.6
7/29/2023,14:00,MCAP HEAT,Montipora,241.2
7/29/2023,14:15,MCAP HEAT,Montipora,219.5
7/29/2023,14:30,MCAP HEAT,Montipora,173.4
7/29/2023,14:45,MCAP HEAT,Montipora,86.9
7/29/2023,15:00,MCAP HEAT,Montipora,64.7
7/29/2023,15:15,MCAP HEAT,Montipora,65
7/29/2023,15:30,MCAP HEAT,Montipora,38.9
7/29/2023,15:45,MCAP HEAT,Montipora,51.8
7/29/2023,16:00,MCAP HEAT,Montipora,59.2
7/29/2023,16:15,MCAP HEAT,Montipora,53.9
7/29/2023,16:30,MCAP HEAT,Montipora,65.1
7/29/2023,16:45,MCAP HEAT,Montipora,50.8
7/29/2023,17:00,MCAP HEAT,Montipora,42.4
7/29/2023,17:15,MCAP HEAT,Montipora,30.6
7/29/2023,17:30,MCAP HEAT,Montipora,30.4
7/29/2023,17:45,MCAP HEAT,Montipora,13.5
7/29/2023,18:00,MCAP HEAT,Montipora,18.3
7/29/2023,18:15,MCAP HEAT,Montipora,14.4
7/29/2023,18:30,MCAP HEAT,Montipora,10.9
7/29/2023,18:45,MCAP HEAT,Montipora,7.2
7/29/2023,19:00,MCAP HEAT,Montipora,4
7/29/2023,19:15,MCAP HEAT,Montipora,1.7
7/29/2023,19:30,MCAP HEAT,Montipora,0.3
7/29/2023,19:45,MCAP HEAT,Montipora,0
7/29/2023,20:00,MCAP HEAT,Montipora,0
7/29/2023,20:15,MCAP HEAT,Montipora,0
7/29/2023,20:30,MCAP HEAT,Montipora,0
7/29/2023,20:45,MCAP HEAT,Montipora,0
7/29/2023,21:00,MCAP HEAT,Montipora,0
7/29/2023,21:15,MCAP HEAT,Montipora,0
7/29/2023,21:30,MCAP HEAT,Montipora,0
7/29/2023,21:45,MCAP HEAT,Montipora,0
7/29/2023,22:00,MCAP HEAT,Montipora,0
7/29/2023,22:15,MCAP HEAT,Montipora,0
7/29/2023,22:30,MCAP HEAT,Montipora,0
7/29/2023,22:45,MCAP HEAT,Montipora,0
7/29/2023,23:00,MCAP HEAT,Montipora,0
7/29/2023,23:15,MCAP HEAT,Montipora,0
7/29/2023,23:30,MCAP HEAT,Montipora,0
7/29/2023,23:45,MCAP HEAT,Montipora,0
7/30/2023,0:00,MCAP HEAT,Montipora,0
7/30/2023,0:15,MCAP HEAT,Montipora,0
7/30/2023,0:30,MCAP HEAT,Montipora,0
7/30/2023,0:45,MCAP HEAT,Montipora,0
7/30/2023,1:00,MCAP HEAT,Montipora,0
7/30/2023,1:15,MCAP HEAT,Montipora,0
7/30/2023,1:30,MCAP HEAT,Montipora,0
7/30/2023,1:45,MCAP HEAT,Montipora,0
7/30/2023,2:00,MCAP HEAT,Montipora,0
7/30/2023,2:15,MCAP HEAT,Montipora,0
7/30/2023,2:30,MCAP HEAT,Montipora,0
7/30/2023,2:45,MCAP HEAT,Montipora,0
7/30/2023,3:00,MCAP HEAT,Montipora,0
7/30/2023,3:15,MCAP HEAT,Montipora,0
7/30/2023,3:30,MCAP HEAT,Montipora,0
7/30/2023,3:45,MCAP HEAT,Montipora,0
7/30/2023,4:00,MCAP HEAT,Montipora,0
7/30/2023,4:15,MCAP HEAT,Montipora,0
7/30/2023,4:30,MCAP HEAT,Montipora,0
7/30/2023,4:45,MCAP HEAT,Montipora,0
7/30/2023,5:00,MCAP HEAT,Montipora,0
7/30/2023,5:15,MCAP HEAT,Montipora,0
7/30/2023,5:30,MCAP HEAT,Montipora,0
7/30/2023,5:45,MCAP HEAT,Montipora,0
7/30/2023,6:00,MCAP HEAT,Montipora,0.1
7/30/2023,6:15,MCAP HEAT,Montipora,1.3
7/30/2023,6:30,MCAP HEAT,Montipora,5.7
7/30/2023,6:45,MCAP HEAT,Montipora,9.5
7/30/2023,7:00,MCAP HEAT,Montipora,27
7/30/2023,7:15,MCAP HEAT,Montipora,43.8
7/30/2023,7:30,MCAP HEAT,Montipora,73.8
7/30/2023,7:45,MCAP HEAT,Montipora,47.8
7/30/2023,8:00,MCAP HEAT,Montipora,43.1
7/30/2023,8:15,MCAP HEAT,Montipora,57.8
7/30/2023,8:30,MCAP HEAT,Montipora,55.9
7/30/2023,8:45,MCAP HEAT,Montipora,59.6
7/30/2023,9:00,MCAP HEAT,Montipora,63.9
7/30/2023,9:15,MCAP HEAT,Montipora,89.4
7/30/2023,9:30,MCAP HEAT,Montipora,190.9
7/30/2023,9:45,MCAP HEAT,Montipora,223.7
7/30/2023,10:00,MCAP HEAT,Montipora,251
7/30/2023,10:15,MCAP HEAT,Montipora,261.3
7/30/2023,10:30,MCAP HEAT,Montipora,266.2
7/30/2023,10:45,MCAP HEAT,Montipora,290.2
7/30/2023,11:00,MCAP HEAT,Montipora,197.7
7/30/2023,11:15,MCAP HEAT,Montipora,282.7
7/30/2023,11:30,MCAP HEAT,Montipora,299.6
7/30/2023,11:45,MCAP HEAT,Montipora,302
7/30/2023,12:00,MCAP HEAT,Montipora,334.9
7/30/2023,12:15,MCAP HEAT,Montipora,290.2
7/30/2023,12:30,MCAP HEAT,Montipora,353.7
7/30/2023,12:45,MCAP HEAT,Montipora,231.1
7/30/2023,13:00,MCAP HEAT,Montipora,251.4
7/30/2023,13:15,MCAP HEAT,Montipora,285.5
7/30/2023,13:30,MCAP HEAT,Montipora,205.4
7/30/2023,13:45,MCAP HEAT,Montipora,154.2
7/30/2023,14:00,MCAP HEAT,Montipora,81.1
7/30/2023,14:15,MCAP HEAT,Montipora,94.8
7/30/2023,14:30,MCAP HEAT,Montipora,51.3
7/30/2023,14:45,MCAP HEAT,Montipora,64.6
7/30/2023,15:00,MCAP HEAT,Montipora,55
7/30/2023,15:15,MCAP HEAT,Montipora,49.1
7/30/2023,15:30,MCAP HEAT,Montipora,60.1
7/30/2023,15:45,MCAP HEAT,Montipora,47.8
7/30/2023,16:00,MCAP HEAT,Montipora,46.6
7/30/2023,16:15,MCAP HEAT,Montipora,37.7
7/30/2023,16:30,MCAP HEAT,Montipora,36.4
7/30/2023,16:45,MCAP HEAT,Montipora,42.8
7/30/2023,17:00,MCAP HEAT,Montipora,32.5
7/30/2023,17:15,MCAP HEAT,Montipora,29.4
7/30/2023,17:30,MCAP HEAT,Montipora,24.7
7/30/2023,17:45,MCAP HEAT,Montipora,27.3
7/30/2023,18:00,MCAP HEAT,Montipora,19.7
7/30/2023,18:15,MCAP HEAT,Montipora,14.2
7/30/2023,18:30,MCAP HEAT,Montipora,13.8
7/30/2023,18:45,MCAP HEAT,Montipora,6.1
7/30/2023,19:00,MCAP HEAT,Montipora,2
7/30/2023,19:15,MCAP HEAT,Montipora,0.8
7/30/2023,19:30,MCAP HEAT,Montipora,0.1
7/30/2023,19:45,MCAP HEAT,Montipora,0
7/30/2023,20:00,MCAP HEAT,Montipora,0
7/30/2023,20:15,MCAP HEAT,Montipora,0
7/30/2023,20:30,MCAP HEAT,Montipora,0
7/30/2023,20:45,MCAP HEAT,Montipora,0
7/30/2023,21:00,MCAP HEAT,Montipora,0
7/30/2023,21:15,MCAP HEAT,Montipora,0
7/30/2023,21:30,MCAP HEAT,Montipora,0
7/30/2023,21:45,MCAP HEAT,Montipora,0
7/30/2023,22:00,MCAP HEAT,Montipora,0
7/30/2023,22:15,MCAP HEAT,Montipora,0
7/30/2023,22:30,MCAP HEAT,Montipora,0
7/30/2023,22:45,MCAP HEAT,Montipora,0
7/30/2023,23:00,MCAP HEAT,Montipora,0
7/30/2023,23:15,MCAP HEAT,Montipora,0
7/30/2023,23:30,MCAP HEAT,Montipora,0
7/30/2023,23:45,MCAP HEAT,Montipora,0
7/31/2023,0:00,MCAP HEAT,Montipora,0
7/31/2023,0:15,MCAP HEAT,Montipora,0
7/31/2023,0:30,MCAP HEAT,Montipora,0
7/31/2023,0:45,MCAP HEAT,Montipora,0
7/31/2023,1:00,MCAP HEAT,Montipora,0
7/31/2023,1:15,MCAP HEAT,Montipora,0
7/31/2023,1:30,MCAP HEAT,Montipora,0
7/31/2023,1:45,MCAP HEAT,Montipora,0
7/31/2023,2:00,MCAP HEAT,Montipora,0
7/31/2023,2:15,MCAP HEAT,Montipora,0
7/31/2023,2:30,MCAP HEAT,Montipora,0
7/31/2023,2:45,MCAP HEAT,Montipora,0
7/31/2023,3:00,MCAP HEAT,Montipora,0
7/31/2023,3:15,MCAP HEAT,Montipora,0
7/31/2023,3:30,MCAP HEAT,Montipora,0
7/31/2023,3:45,MCAP HEAT,Montipora,0
7/31/2023,4:00,MCAP HEAT,Montipora,0
7/31/2023,4:15,MCAP HEAT,Montipora,0
7/31/2023,4:30,MCAP HEAT,Montipora,0
7/31/2023,4:45,MCAP HEAT,Montipora,0
7/31/2023,5:00,MCAP HEAT,Montipora,0
7/31/2023,5:15,MCAP HEAT,Montipora,0
7/31/2023,5:30,MCAP HEAT,Montipora,0
7/31/2023,5:45,MCAP HEAT,Montipora,0
7/31/2023,6:00,MCAP HEAT,Montipora,0.1
7/31/2023,6:15,MCAP HEAT,Montipora,1.6
7/31/2023,6:30,MCAP HEAT,Montipora,7.1
7/31/2023,6:45,MCAP HEAT,Montipora,18.3
7/31/2023,7:00,MCAP HEAT,Montipora,16.2
7/31/2023,7:15,MCAP HEAT,Montipora,16.4
7/31/2023,7:30,MCAP HEAT,Montipora,22
7/31/2023,7:45,MCAP HEAT,Montipora,33.1
7/31/2023,8:00,MCAP HEAT,Montipora,63.4
7/31/2023,8:15,MCAP HEAT,Montipora,48
7/31/2023,8:30,MCAP HEAT,Montipora,55.8
7/31/2023,8:45,MCAP HEAT,Montipora,52.1
7/31/2023,9:00,MCAP HEAT,Montipora,67.8
7/31/2023,9:15,MCAP HEAT,Montipora,70.6
7/31/2023,9:30,MCAP HEAT,Montipora,156.8
7/31/2023,9:45,MCAP HEAT,Montipora,179.3
7/31/2023,10:00,MCAP HEAT,Montipora,192.6
7/31/2023,10:15,MCAP HEAT,Montipora,159.7
7/31/2023,10:30,MCAP HEAT,Montipora,122.2
7/31/2023,10:45,MCAP HEAT,Montipora,75.5
7/31/2023,11:00,MCAP HEAT,Montipora,110.3
7/31/2023,11:15,MCAP HEAT,Montipora,113.2
7/31/2023,11:30,MCAP HEAT,Montipora,172.4
7/31/2023,11:45,MCAP HEAT,Montipora,202.1
7/31/2023,12:00,MCAP HEAT,Montipora,299.5
7/31/2023,12:15,MCAP HEAT,Montipora,315.6
7/31/2023,12:30,MCAP HEAT,Montipora,343.8
7/31/2023,12:45,MCAP HEAT,Montipora,340.8
7/31/2023,13:00,MCAP HEAT,Montipora,333.5
7/31/2023,13:15,MCAP HEAT,Montipora,339.7
7/31/2023,13:30,MCAP HEAT,Montipora,242.7
7/31/2023,13:45,MCAP HEAT,Montipora,255.1
7/31/2023,14:00,MCAP HEAT,Montipora,133.5
7/31/2023,14:15,MCAP HEAT,Montipora,259.5
7/31/2023,14:30,MCAP HEAT,Montipora,117.8
7/31/2023,14:45,MCAP HEAT,Montipora,97.9
7/31/2023,15:00,MCAP HEAT,Montipora,70.3
7/31/2023,15:15,MCAP HEAT,Montipora,45.8
7/31/2023,15:30,MCAP HEAT,Montipora,45.7
7/31/2023,15:45,MCAP HEAT,Montipora,47.1
7/31/2023,16:00,MCAP HEAT,Montipora,32
7/31/2023,16:15,MCAP HEAT,Montipora,42.3
7/31/2023,16:30,MCAP HEAT,Montipora,41.5
7/31/2023,16:45,MCAP HEAT,Montipora,36.8
7/31/2023,17:00,MCAP HEAT,Montipora,29
7/31/2023,17:15,MCAP HEAT,Montipora,28.2
7/31/2023,17:30,MCAP HEAT,Montipora,24.9
7/31/2023,17:45,MCAP HEAT,Montipora,24.7
7/31/2023,18:00,MCAP HEAT,Montipora,20.7
7/31/2023,18:15,MCAP HEAT,Montipora,21.9
7/31/2023,18:30,MCAP HEAT,Montipora,13.4
7/31/2023,18:45,MCAP HEAT,Montipora,9.2
7/31/2023,19:00,MCAP HEAT,Montipora,4.6
7/31/2023,19:15,MCAP HEAT,Montipora,1.7
7/31/2023,19:30,MCAP HEAT,Montipora,0.2
7/31/2023,19:45,MCAP HEAT,Montipora,0
7/31/2023,20:00,MCAP HEAT,Montipora,0
7/31/2023,20:15,MCAP HEAT,Montipora,0
7/31/2023,20:30,MCAP HEAT,Montipora,0
7/31/2023,20:45,MCAP HEAT,Montipora,0
7/31/2023,21:00,MCAP HEAT,Montipora,0
7/31/2023,21:15,MCAP HEAT,Montipora,0
7/31/2023,21:30,MCAP HEAT,Montipora,0
7/31/2023,21:45,MCAP HEAT,Montipora,0
7/31/2023,22:00,MCAP HEAT,Montipora,0
7/31/2023,22:15,MCAP HEAT,Montipora,0
7/31/2023,22:30,MCAP HEAT,Montipora,0
7/31/2023,22:45,MCAP HEAT,Montipora,0
7/31/2023,23:00,MCAP HEAT,Montipora,0
7/31/2023,23:15,MCAP HEAT,Montipora,0
7/31/2023,23:30,MCAP HEAT,Montipora,0
7/31/2023,23:45,MCAP HEAT,Montipora,0
8/1/2023,0:00,MCAP HEAT,Montipora,0
8/1/2023,0:15,MCAP HEAT,Montipora,0
8/1/2023,0:30,MCAP HEAT,Montipora,0
8/1/2023,0:45,MCAP HEAT,Montipora,0
8/1/2023,1:00,MCAP HEAT,Montipora,0
8/1/2023,1:15,MCAP HEAT,Montipora,0
8/1/2023,1:30,MCAP HEAT,Montipora,0
8/1/2023,1:45,MCAP HEAT,Montipora,0
8/1/2023,2:00,MCAP HEAT,Montipora,0
8/1/2023,2:15,MCAP HEAT,Montipora,0
8/1/2023,2:30,MCAP HEAT,Montipora,0
8/1/2023,2:45,MCAP HEAT,Montipora,0
8/1/2023,3:00,MCAP HEAT,Montipora,0
8/1/2023,3:15,MCAP HEAT,Montipora,0
8/1/2023,3:30,MCAP HEAT,Montipora,0
8/1/2023,3:45,MCAP HEAT,Montipora,0
8/1/2023,4:00,MCAP HEAT,Montipora,0
8/1/2023,4:15,MCAP HEAT,Montipora,0
8/1/2023,4:30,MCAP HEAT,Montipora,0
8/1/2023,4:45,MCAP HEAT,Montipora,0
8/1/2023,5:00,MCAP HEAT,Montipora,0
8/1/2023,5:15,MCAP HEAT,Montipora,0
8/1/2023,5:30,MCAP HEAT,Montipora,0
8/1/2023,5:45,MCAP HEAT,Montipora,0
8/1/2023,6:00,MCAP HEAT,Montipora,0.1
8/1/2023,6:15,MCAP HEAT,Montipora,1.7
8/1/2023,6:30,MCAP HEAT,Montipora,5
8/1/2023,6:45,MCAP HEAT,Montipora,9.7
8/1/2023,7:00,MCAP HEAT,Montipora,15.5
8/1/2023,7:15,MCAP HEAT,Montipora,24.4
8/1/2023,7:30,MCAP HEAT,Montipora,31.6
8/1/2023,7:45,MCAP HEAT,Montipora,78.2
8/1/2023,8:00,MCAP HEAT,Montipora,32.6
8/1/2023,8:15,MCAP HEAT,Montipora,61.4
8/1/2023,8:30,MCAP HEAT,Montipora,61.7
8/1/2023,8:45,MCAP HEAT,Montipora,177.9
8/1/2023,9:00,MCAP HEAT,Montipora,57
8/1/2023,9:15,MCAP HEAT,Montipora,83.3
8/1/2023,9:30,MCAP HEAT,Montipora,103.6
8/1/2023,9:45,MCAP HEAT,Montipora,221.1
8/1/2023,10:00,MCAP HEAT,Montipora,276.7
8/1/2023,10:15,MCAP HEAT,Montipora,220.8
8/1/2023,10:30,MCAP HEAT,Montipora,310.8
8/1/2023,10:45,MCAP HEAT,Montipora,293.3
8/1/2023,11:00,MCAP HEAT,Montipora,235.5
8/1/2023,11:15,MCAP HEAT,Montipora,327.4
8/1/2023,11:30,MCAP HEAT,Montipora,243.8
8/1/2023,11:45,MCAP HEAT,Montipora,274.1
8/1/2023,12:00,MCAP HEAT,Montipora,345.4
8/1/2023,12:15,MCAP HEAT,Montipora,278.4
8/1/2023,12:30,MCAP HEAT,Montipora,281
8/1/2023,12:45,MCAP HEAT,Montipora,379.4
8/1/2023,13:00,MCAP HEAT,Montipora,360.6
8/1/2023,13:15,MCAP HEAT,Montipora,344.3
8/1/2023,13:30,MCAP HEAT,Montipora,281.8
8/1/2023,13:45,MCAP HEAT,Montipora,340.1
8/1/2023,14:00,MCAP HEAT,Montipora,266.8
8/1/2023,14:15,MCAP HEAT,Montipora,139
8/1/2023,14:30,MCAP HEAT,Montipora,158.8
8/1/2023,14:45,MCAP HEAT,Montipora,256.2
8/1/2023,15:00,MCAP HEAT,Montipora,163.2
8/1/2023,15:15,MCAP HEAT,Montipora,31.6
8/1/2023,15:30,MCAP HEAT,Montipora,26.1
8/1/2023,15:45,MCAP HEAT,Montipora,29.5
8/1/2023,16:00,MCAP HEAT,Montipora,25.2
8/1/2023,16:15,MCAP HEAT,Montipora,68.3
8/1/2023,16:30,MCAP HEAT,Montipora,54.8
8/1/2023,16:45,MCAP HEAT,Montipora,40
8/1/2023,17:00,MCAP HEAT,Montipora,49.1
8/1/2023,17:15,MCAP HEAT,Montipora,34.4
8/1/2023,17:30,MCAP HEAT,Montipora,15.2
8/1/2023,17:45,MCAP HEAT,Montipora,21.6
8/1/2023,18:00,MCAP HEAT,Montipora,21.7
8/1/2023,18:15,MCAP HEAT,Montipora,9.5
8/1/2023,18:30,MCAP HEAT,Montipora,10.5
8/1/2023,18:45,MCAP HEAT,Montipora,7.1
8/1/2023,19:00,MCAP HEAT,Montipora,3.8
8/1/2023,19:15,MCAP HEAT,Montipora,1.4
8/1/2023,19:30,MCAP HEAT,Montipora,0.2
8/1/2023,19:45,MCAP HEAT,Montipora,0
8/1/2023,20:00,MCAP HEAT,Montipora,0
8/1/2023,20:15,MCAP HEAT,Montipora,0
8/1/2023,20:30,MCAP HEAT,Montipora,0
8/1/2023,20:45,MCAP HEAT,Montipora,0
8/1/2023,21:00,MCAP HEAT,Montipora,0
8/1/2023,21:15,MCAP HEAT,Montipora,0
8/1/2023,21:30,MCAP HEAT,Montipora,0
8/1/2023,21:45,MCAP HEAT,Montipora,0
8/1/2023,22:00,MCAP HEAT,Montipora,0
8/1/2023,22:15,MCAP HEAT,Montipora,0
8/1/2023,22:30,MCAP HEAT,Montipora,0
8/1/2023,22:45,MCAP HEAT,Montipora,0
8/1/2023,23:00,MCAP HEAT,Montipora,0
8/1/2023,23:15,MCAP HEAT,Montipora,0
8/1/2023,23:30,MCAP HEAT,Montipora,0
8/1/2023,23:45,MCAP HEAT,Montipora,0
8/2/2023,0:00,MCAP HEAT,Montipora,0
8/2/2023,0:15,MCAP HEAT,Montipora,0
8/2/2023,0:30,MCAP HEAT,Montipora,0
8/2/2023,0:45,MCAP HEAT,Montipora,0
8/2/2023,1:00,MCAP HEAT,Montipora,0
8/2/2023,1:15,MCAP HEAT,Montipora,0
8/2/2023,1:30,MCAP HEAT,Montipora,0
8/2/2023,1:45,MCAP HEAT,Montipora,0
8/2/2023,2:00,MCAP HEAT,Montipora,0
8/2/2023,2:15,MCAP HEAT,Montipora,0
8/2/2023,2:30,MCAP HEAT,Montipora,0
8/2/2023,2:45,MCAP HEAT,Montipora,0
8/2/2023,3:00,MCAP HEAT,Montipora,0
8/2/2023,3:15,MCAP HEAT,Montipora,0
8/2/2023,3:30,MCAP HEAT,Montipora,0
8/2/2023,3:45,MCAP HEAT,Montipora,0
8/2/2023,4:00,MCAP HEAT,Montipora,0
8/2/2023,4:15,MCAP HEAT,Montipora,0
8/2/2023,4:30,MCAP HEAT,Montipora,0
8/2/2023,4:45,MCAP HEAT,Montipora,0
8/2/2023,5:00,MCAP HEAT,Montipora,0
8/2/2023,5:15,MCAP HEAT,Montipora,0
8/2/2023,5:30,MCAP HEAT,Montipora,0
8/2/2023,5:45,MCAP HEAT,Montipora,0
8/2/2023,6:00,MCAP HEAT,Montipora,0.1
8/2/2023,6:15,MCAP HEAT,Montipora,1.5
8/2/2023,6:30,MCAP HEAT,Montipora,7.7
8/2/2023,6:45,MCAP HEAT,Montipora,15.9
8/2/2023,7:00,MCAP HEAT,Montipora,18.6
8/2/2023,7:15,MCAP HEAT,Montipora,35.1
8/2/2023,7:30,MCAP HEAT,Montipora,52.5
8/2/2023,7:45,MCAP HEAT,Montipora,63.8
8/2/2023,8:00,MCAP HEAT,Montipora,71.8
8/2/2023,8:15,MCAP HEAT,Montipora,71.5
8/2/2023,8:30,MCAP HEAT,Montipora,62
8/2/2023,8:45,MCAP HEAT,Montipora,115.8
8/2/2023,9:00,MCAP HEAT,Montipora,172.7
8/2/2023,9:15,MCAP HEAT,Montipora,172.6
8/2/2023,9:30,MCAP HEAT,Montipora,181.7
8/2/2023,9:45,MCAP HEAT,Montipora,159.2
8/2/2023,10:00,MCAP HEAT,Montipora,146.6
8/2/2023,10:15,MCAP HEAT,Montipora,228.5
8/2/2023,10:30,MCAP HEAT,Montipora,314.5
8/2/2023,10:45,MCAP HEAT,Montipora,253.5
8/2/2023,11:00,MCAP HEAT,Montipora,196.9
8/2/2023,11:15,MCAP HEAT,Montipora,140.8
8/2/2023,11:30,MCAP HEAT,Montipora,153.6
8/2/2023,11:45,MCAP HEAT,Montipora,89.3
8/2/2023,12:00,MCAP HEAT,Montipora,161.4
8/2/2023,12:15,MCAP HEAT,Montipora,149.5
8/2/2023,12:30,MCAP HEAT,Montipora,127
8/2/2023,12:45,MCAP HEAT,Montipora,171.2
8/2/2023,13:00,MCAP HEAT,Montipora,151.1
8/2/2023,13:15,MCAP HEAT,Montipora,83.5
8/2/2023,13:30,MCAP HEAT,Montipora,120.9
8/2/2023,13:45,MCAP HEAT,Montipora,148.7
8/2/2023,14:00,MCAP HEAT,Montipora,132.7
8/2/2023,14:15,MCAP HEAT,Montipora,100.9
8/2/2023,14:30,MCAP HEAT,Montipora,111
8/2/2023,14:45,MCAP HEAT,Montipora,98.2
8/2/2023,15:00,MCAP HEAT,Montipora,65.9
8/2/2023,15:15,MCAP HEAT,Montipora,52.6
8/2/2023,15:30,MCAP HEAT,Montipora,39
8/2/2023,15:45,MCAP HEAT,Montipora,40.9
8/2/2023,16:00,MCAP HEAT,Montipora,34.9
8/2/2023,16:15,MCAP HEAT,Montipora,60.5
8/2/2023,16:30,MCAP HEAT,Montipora,46.5
8/2/2023,16:45,MCAP HEAT,Montipora,40.1
8/2/2023,17:00,MCAP HEAT,Montipora,36.7
8/2/2023,17:15,MCAP HEAT,Montipora,26.6
8/2/2023,17:30,MCAP HEAT,Montipora,24.7
8/2/2023,17:45,MCAP HEAT,Montipora,22.9
8/2/2023,18:00,MCAP HEAT,Montipora,21.6
8/2/2023,18:15,MCAP HEAT,Montipora,14.1
8/2/2023,18:30,MCAP HEAT,Montipora,9.9
8/2/2023,18:45,MCAP HEAT,Montipora,6.5
8/2/2023,19:00,MCAP HEAT,Montipora,3.7
8/2/2023,19:15,MCAP HEAT,Montipora,1.4
8/2/2023,19:30,MCAP HEAT,Montipora,0.2
8/2/2023,19:45,MCAP HEAT,Montipora,0
8/2/2023,20:00,MCAP HEAT,Montipora,0
8/2/2023,20:15,MCAP HEAT,Montipora,0
8/2/2023,20:30,MCAP HEAT,Montipora,0
8/2/2023,20:45,MCAP HEAT,Montipora,0
8/2/2023,21:00,MCAP HEAT,Montipora,0
8/2/2023,21:15,MCAP HEAT,Montipora,0
8/2/2023,21:30,MCAP HEAT,Montipora,0
8/2/2023,21:45,MCAP HEAT,Montipora,0
8/2/2023,22:00,MCAP HEAT,Montipora,0
8/2/2023,22:15,MCAP HEAT,Montipora,0
8/2/2023,22:30,MCAP HEAT,Montipora,0
8/2/2023,22:45,MCAP HEAT,Montipora,0
8/2/2023,23:00,MCAP HEAT,Montipora,0
8/2/2023,23:15,MCAP HEAT,Montipora,0
8/2/2023,23:30,MCAP HEAT,Montipora,0
8/2/2023,23:45,MCAP HEAT,Montipora,0
8/3/2023,0:00,MCAP HEAT,Montipora,0
8/3/2023,0:15,MCAP HEAT,Montipora,0
8/3/2023,0:30,MCAP HEAT,Montipora,0
8/3/2023,0:45,MCAP HEAT,Montipora,0
8/3/2023,1:00,MCAP HEAT,Montipora,0
8/3/2023,1:15,MCAP HEAT,Montipora,0
8/3/2023,1:30,MCAP HEAT,Montipora,0
8/3/2023,1:45,MCAP HEAT,Montipora,0
8/3/2023,2:00,MCAP HEAT,Montipora,0
8/3/2023,2:15,MCAP HEAT,Montipora,0
8/3/2023,2:30,MCAP HEAT,Montipora,0
8/3/2023,2:45,MCAP HEAT,Montipora,0
8/3/2023,3:00,MCAP HEAT,Montipora,0
8/3/2023,3:15,MCAP HEAT,Montipora,0
8/3/2023,3:30,MCAP HEAT,Montipora,0
8/3/2023,3:45,MCAP HEAT,Montipora,0
8/3/2023,4:00,MCAP HEAT,Montipora,0
8/3/2023,4:15,MCAP HEAT,Montipora,0
8/3/2023,4:30,MCAP HEAT,Montipora,0
8/3/2023,4:45,MCAP HEAT,Montipora,0
8/3/2023,5:00,MCAP HEAT,Montipora,0
8/3/2023,5:15,MCAP HEAT,Montipora,0
8/3/2023,5:30,MCAP HEAT,Montipora,0
8/3/2023,5:45,MCAP HEAT,Montipora,0
8/3/2023,6:00,MCAP HEAT,Montipora,0.1
8/3/2023,6:15,MCAP HEAT,Montipora,1.3
8/3/2023,6:30,MCAP HEAT,Montipora,5.4
8/3/2023,6:45,MCAP HEAT,Montipora,11.1
8/3/2023,7:00,MCAP HEAT,Montipora,16.5
8/3/2023,7:15,MCAP HEAT,Montipora,29.7
8/3/2023,7:30,MCAP HEAT,Montipora,39.3
8/3/2023,7:45,MCAP HEAT,Montipora,50.5
8/3/2023,8:00,MCAP HEAT,Montipora,58.2
8/3/2023,8:15,MCAP HEAT,Montipora,66.1
8/3/2023,8:30,MCAP HEAT,Montipora,81.4
8/3/2023,8:45,MCAP HEAT,Montipora,120.9
8/3/2023,9:00,MCAP HEAT,Montipora,109.1
8/3/2023,9:15,MCAP HEAT,Montipora,197.4
8/3/2023,9:30,MCAP HEAT,Montipora,232.2
8/3/2023,9:45,MCAP HEAT,Montipora,246
8/3/2023,10:00,MCAP HEAT,Montipora,225.9
8/3/2023,10:15,MCAP HEAT,Montipora,289.3
8/3/2023,10:30,MCAP HEAT,Montipora,289.3
8/3/2023,10:45,MCAP HEAT,Montipora,278.6
8/3/2023,11:00,MCAP HEAT,Montipora,221.7
8/3/2023,11:15,MCAP HEAT,Montipora,156.8
8/3/2023,11:30,MCAP HEAT,Montipora,144.9
8/3/2023,11:45,MCAP HEAT,Montipora,101.3
8/3/2023,12:00,MCAP HEAT,Montipora,126.2
8/3/2023,12:15,MCAP HEAT,Montipora,142.3
8/3/2023,12:30,MCAP HEAT,Montipora,109.1
8/3/2023,12:45,MCAP HEAT,Montipora,61.1
8/3/2023,13:00,MCAP HEAT,Montipora,73.1
8/3/2023,13:15,MCAP HEAT,Montipora,81.1
8/3/2023,13:30,MCAP HEAT,Montipora,121.4
8/3/2023,13:45,MCAP HEAT,Montipora,64.4
8/3/2023,14:00,MCAP HEAT,Montipora,108.3
8/3/2023,14:15,MCAP HEAT,Montipora,113.6
8/3/2023,14:30,MCAP HEAT,Montipora,116.8
8/3/2023,14:45,MCAP HEAT,Montipora,78
8/3/2023,15:00,MCAP HEAT,Montipora,68.4
8/3/2023,15:15,MCAP HEAT,Montipora,59.6
8/3/2023,15:30,MCAP HEAT,Montipora,64.9
8/3/2023,15:45,MCAP HEAT,Montipora,72.7
8/3/2023,16:00,MCAP HEAT,Montipora,58.7
8/3/2023,16:15,MCAP HEAT,Montipora,66.8
8/3/2023,16:30,MCAP HEAT,Montipora,60.4
8/3/2023,16:45,MCAP HEAT,Montipora,54.7
8/3/2023,17:00,MCAP HEAT,Montipora,50.3
8/3/2023,17:15,MCAP HEAT,Montipora,32.8
8/3/2023,17:30,MCAP HEAT,Montipora,20.7
8/3/2023,17:45,MCAP HEAT,Montipora,20.7
8/3/2023,18:00,MCAP HEAT,Montipora,22.1
8/3/2023,18:15,MCAP HEAT,Montipora,12
8/3/2023,18:30,MCAP HEAT,Montipora,10.2
8/3/2023,18:45,MCAP HEAT,Montipora,5.6
8/3/2023,19:00,MCAP HEAT,Montipora,3.6
8/3/2023,19:15,MCAP HEAT,Montipora,1.4
8/3/2023,19:30,MCAP HEAT,Montipora,0.2
8/3/2023,19:45,MCAP HEAT,Montipora,0
8/3/2023,20:00,MCAP HEAT,Montipora,0
8/3/2023,20:15,MCAP HEAT,Montipora,0
8/3/2023,20:30,MCAP HEAT,Montipora,0
8/3/2023,20:45,MCAP HEAT,Montipora,0
8/3/2023,21:00,MCAP HEAT,Montipora,0
8/3/2023,21:15,MCAP HEAT,Montipora,0
8/3/2023,21:30,MCAP HEAT,Montipora,0
8/3/2023,21:45,MCAP HEAT,Montipora,0
8/3/2023,22:00,MCAP HEAT,Montipora,0
8/3/2023,22:15,MCAP HEAT,Montipora,0
8/3/2023,22:30,MCAP HEAT,Montipora,0
8/3/2023,22:45,MCAP HEAT,Montipora,0
8/3/2023,23:00,MCAP HEAT,Montipora,0
8/3/2023,23:15,MCAP HEAT,Montipora,0
8/3/2023,23:30,MCAP HEAT,Montipora,0
8/3/2023,23:45,MCAP HEAT,Montipora,0
8/4/2023,0:00,MCAP HEAT,Montipora,0
8/4/2023,0:15,MCAP HEAT,Montipora,0
8/4/2023,0:30,MCAP HEAT,Montipora,0
8/4/2023,0:45,MCAP HEAT,Montipora,0
8/4/2023,1:00,MCAP HEAT,Montipora,0
8/4/2023,1:15,MCAP HEAT,Montipora,0
8/4/2023,1:30,MCAP HEAT,Montipora,0
8/4/2023,1:45,MCAP HEAT,Montipora,0
8/4/2023,2:00,MCAP HEAT,Montipora,0
8/4/2023,2:15,MCAP HEAT,Montipora,0
8/4/2023,2:30,MCAP HEAT,Montipora,0
8/4/2023,2:45,MCAP HEAT,Montipora,0
8/4/2023,3:00,MCAP HEAT,Montipora,0
8/4/2023,3:15,MCAP HEAT,Montipora,0
8/4/2023,3:30,MCAP HEAT,Montipora,0
8/4/2023,3:45,MCAP HEAT,Montipora,0
8/4/2023,4:00,MCAP HEAT,Montipora,0
8/4/2023,4:15,MCAP HEAT,Montipora,0
8/4/2023,4:30,MCAP HEAT,Montipora,0
8/4/2023,4:45,MCAP HEAT,Montipora,0
8/4/2023,5:00,MCAP HEAT,Montipora,0
8/4/2023,5:15,MCAP HEAT,Montipora,0
8/4/2023,5:30,MCAP HEAT,Montipora,0
8/4/2023,5:45,MCAP HEAT,Montipora,0
8/4/2023,6:00,MCAP HEAT,Montipora,0
8/4/2023,6:15,MCAP HEAT,Montipora,1.5
8/4/2023,6:30,MCAP HEAT,Montipora,5.8
8/4/2023,6:45,MCAP HEAT,Montipora,18.4
8/4/2023,7:00,MCAP HEAT,Montipora,37.5
8/4/2023,7:15,MCAP HEAT,Montipora,51.4
8/4/2023,7:30,MCAP HEAT,Montipora,133.7
8/4/2023,7:45,MCAP HEAT,Montipora,180.7
8/4/2023,8:00,MCAP HEAT,Montipora,42.1
8/4/2023,8:15,MCAP HEAT,Montipora,95.5
8/4/2023,8:30,MCAP HEAT,Montipora,134.7
8/4/2023,8:45,MCAP HEAT,Montipora,102.8
8/4/2023,9:00,MCAP HEAT,Montipora,140.7
8/4/2023,9:15,MCAP HEAT,Montipora,158.4
8/4/2023,9:30,MCAP HEAT,Montipora,215.1
8/4/2023,9:45,MCAP HEAT,Montipora,139.3
8/4/2023,10:00,MCAP HEAT,Montipora,146.2
8/4/2023,10:15,MCAP HEAT,Montipora,130
8/4/2023,10:30,MCAP HEAT,Montipora,81.3
8/4/2023,10:45,MCAP HEAT,Montipora,129.9
8/4/2023,11:00,MCAP HEAT,Montipora,129.8
8/4/2023,11:15,MCAP HEAT,Montipora,101.8
8/4/2023,11:30,MCAP HEAT,Montipora,76.4
8/4/2023,11:45,MCAP HEAT,Montipora,70.9
8/4/2023,12:00,MCAP HEAT,Montipora,64.5
8/4/2023,12:15,MCAP HEAT,Montipora,135.1
8/4/2023,12:30,MCAP HEAT,Montipora,98
8/4/2023,12:45,MCAP HEAT,Montipora,354.8
8/4/2023,13:00,MCAP HEAT,Montipora,219.8
8/4/2023,13:15,MCAP HEAT,Montipora,178.5
8/4/2023,13:30,MCAP HEAT,Montipora,147.5
8/4/2023,13:45,MCAP HEAT,Montipora,173.9
8/4/2023,14:00,MCAP HEAT,Montipora,130.7
8/4/2023,14:15,MCAP HEAT,Montipora,129.4
8/4/2023,14:30,MCAP HEAT,Montipora,160.2
8/4/2023,14:45,MCAP HEAT,Montipora,121.8
8/4/2023,15:00,MCAP HEAT,Montipora,94
8/4/2023,15:15,MCAP HEAT,Montipora,48.5
8/4/2023,15:30,MCAP HEAT,Montipora,54.4
8/4/2023,15:45,MCAP HEAT,Montipora,55.7
8/4/2023,16:00,MCAP HEAT,Montipora,24.7
8/4/2023,16:15,MCAP HEAT,Montipora,44.8
8/4/2023,16:30,MCAP HEAT,Montipora,61.3
8/4/2023,16:45,MCAP HEAT,Montipora,39.3
8/4/2023,17:00,MCAP HEAT,Montipora,36.9
8/4/2023,17:15,MCAP HEAT,Montipora,44.1
8/4/2023,17:30,MCAP HEAT,Montipora,35.5
8/4/2023,17:45,MCAP HEAT,Montipora,14.4
8/4/2023,18:00,MCAP HEAT,Montipora,17.2
8/4/2023,18:15,MCAP HEAT,Montipora,9.8
8/4/2023,18:30,MCAP HEAT,Montipora,13
8/4/2023,18:45,MCAP HEAT,Montipora,9.5
8/4/2023,19:00,MCAP HEAT,Montipora,3.8
8/4/2023,19:15,MCAP HEAT,Montipora,1.3
8/4/2023,19:30,MCAP HEAT,Montipora,0.1
8/4/2023,19:45,MCAP HEAT,Montipora,0
8/4/2023,20:00,MCAP HEAT,Montipora,0
8/4/2023,20:15,MCAP HEAT,Montipora,0
8/4/2023,20:30,MCAP HEAT,Montipora,0
8/4/2023,20:45,MCAP HEAT,Montipora,0
8/4/2023,21:00,MCAP HEAT,Montipora,0
8/4/2023,21:15,MCAP HEAT,Montipora,0
8/4/2023,21:30,MCAP HEAT,Montipora,0
8/4/2023,21:45,MCAP HEAT,Montipora,0
8/4/2023,22:00,MCAP HEAT,Montipora,0
8/4/2023,22:15,MCAP HEAT,Montipora,0
8/4/2023,22:30,MCAP HEAT,Montipora,0
8/4/2023,22:45,MCAP HEAT,Montipora,0
8/4/2023,23:00,MCAP HEAT,Montipora,0
8/4/2023,23:15,MCAP HEAT,Montipora,0
8/4/2023,23:30,MCAP HEAT,Montipora,0
8/4/2023,23:45,MCAP HEAT,Montipora,0
8/5/2023,0:00,MCAP HEAT,Montipora,0
8/5/2023,0:15,MCAP HEAT,Montipora,0
8/5/2023,0:30,MCAP HEAT,Montipora,0
8/5/2023,0:45,MCAP HEAT,Montipora,0
8/5/2023,1:00,MCAP HEAT,Montipora,0
8/5/2023,1:15,MCAP HEAT,Montipora,0
8/5/2023,1:30,MCAP HEAT,Montipora,0
8/5/2023,1:45,MCAP HEAT,Montipora,0
8/5/2023,2:00,MCAP HEAT,Montipora,0
8/5/2023,2:15,MCAP HEAT,Montipora,0
8/5/2023,2:30,MCAP HEAT,Montipora,0
8/5/2023,2:45,MCAP HEAT,Montipora,0
8/5/2023,3:00,MCAP HEAT,Montipora,0
8/5/2023,3:15,MCAP HEAT,Montipora,0
8/5/2023,3:30,MCAP HEAT,Montipora,0
8/5/2023,3:45,MCAP HEAT,Montipora,0
8/5/2023,4:00,MCAP HEAT,Montipora,0
8/5/2023,4:15,MCAP HEAT,Montipora,0
8/5/2023,4:30,MCAP HEAT,Montipora,0
8/5/2023,4:45,MCAP HEAT,Montipora,0
8/5/2023,5:00,MCAP HEAT,Montipora,0
8/5/2023,5:15,MCAP HEAT,Montipora,0
8/5/2023,5:30,MCAP HEAT,Montipora,0
8/5/2023,5:45,MCAP HEAT,Montipora,0
8/5/2023,6:00,MCAP HEAT,Montipora,0
8/5/2023,6:15,MCAP HEAT,Montipora,1
8/5/2023,6:30,MCAP HEAT,Montipora,6.7
8/5/2023,6:45,MCAP HEAT,Montipora,20
8/5/2023,7:00,MCAP HEAT,Montipora,24.9
8/5/2023,7:15,MCAP HEAT,Montipora,62.8
8/5/2023,7:30,MCAP HEAT,Montipora,136.5
8/5/2023,7:45,MCAP HEAT,Montipora,38.7
8/5/2023,8:00,MCAP HEAT,Montipora,95.1
8/5/2023,8:15,MCAP HEAT,Montipora,54.8
8/5/2023,8:30,MCAP HEAT,Montipora,35.3
8/5/2023,8:45,MCAP HEAT,Montipora,42.9
8/5/2023,9:00,MCAP HEAT,Montipora,83.2
8/5/2023,9:15,MCAP HEAT,Montipora,115.7
8/5/2023,9:30,MCAP HEAT,Montipora,140.8
8/5/2023,9:45,MCAP HEAT,Montipora,150
8/5/2023,10:00,MCAP HEAT,Montipora,170.3
8/5/2023,10:15,MCAP HEAT,Montipora,174.7
8/5/2023,10:30,MCAP HEAT,Montipora,296
8/5/2023,10:45,MCAP HEAT,Montipora,249.4
8/5/2023,11:00,MCAP HEAT,Montipora,208.5
8/5/2023,11:15,MCAP HEAT,Montipora,101.7
8/5/2023,11:30,MCAP HEAT,Montipora,158.7
8/5/2023,11:45,MCAP HEAT,Montipora,139.1
8/5/2023,12:00,MCAP HEAT,Montipora,158.4
8/5/2023,12:15,MCAP HEAT,Montipora,103.9
8/5/2023,12:30,MCAP HEAT,Montipora,65
8/5/2023,12:45,MCAP HEAT,Montipora,180.3
8/5/2023,13:00,MCAP HEAT,Montipora,105.8
8/5/2023,13:15,MCAP HEAT,Montipora,109.3
8/5/2023,13:30,MCAP HEAT,Montipora,62.2
8/5/2023,13:45,MCAP HEAT,Montipora,92.3
8/5/2023,14:00,MCAP HEAT,Montipora,214.8
8/5/2023,14:15,MCAP HEAT,Montipora,120
8/5/2023,14:30,MCAP HEAT,Montipora,266.7
8/5/2023,14:45,MCAP HEAT,Montipora,316.8
8/5/2023,15:00,MCAP HEAT,Montipora,59.9
8/5/2023,15:15,MCAP HEAT,Montipora,32
8/5/2023,15:30,MCAP HEAT,Montipora,45.4
8/5/2023,15:45,MCAP HEAT,Montipora,43.8
8/5/2023,16:00,MCAP HEAT,Montipora,47.6
8/5/2023,16:15,MCAP HEAT,Montipora,54.9
8/5/2023,16:30,MCAP HEAT,Montipora,69.9
8/5/2023,16:45,MCAP HEAT,Montipora,42.1
8/5/2023,17:00,MCAP HEAT,Montipora,29.7
8/5/2023,17:15,MCAP HEAT,Montipora,42.8
8/5/2023,17:30,MCAP HEAT,Montipora,38.4
8/5/2023,17:45,MCAP HEAT,Montipora,24
8/5/2023,18:00,MCAP HEAT,Montipora,17.8
8/5/2023,18:15,MCAP HEAT,Montipora,22.1
8/5/2023,18:30,MCAP HEAT,Montipora,7.4
8/5/2023,18:45,MCAP HEAT,Montipora,4.8
8/5/2023,19:00,MCAP HEAT,Montipora,3.2
8/5/2023,19:15,MCAP HEAT,Montipora,1.2
8/5/2023,19:30,MCAP HEAT,Montipora,0.1
8/5/2023,19:45,MCAP HEAT,Montipora,0
8/5/2023,20:00,MCAP HEAT,Montipora,0
8/5/2023,20:15,MCAP HEAT,Montipora,0
8/5/2023,20:30,MCAP HEAT,Montipora,0
8/5/2023,20:45,MCAP HEAT,Montipora,0
8/5/2023,21:00,MCAP HEAT,Montipora,0
8/5/2023,21:15,MCAP HEAT,Montipora,0
8/5/2023,21:30,MCAP HEAT,Montipora,0
8/5/2023,21:45,MCAP HEAT,Montipora,0
8/5/2023,22:00,MCAP HEAT,Montipora,0
8/5/2023,22:15,MCAP HEAT,Montipora,0
8/5/2023,22:30,MCAP HEAT,Montipora,0
8/5/2023,22:45,MCAP HEAT,Montipora,0
8/5/2023,23:00,MCAP HEAT,Montipora,0
8/5/2023,23:15,MCAP HEAT,Montipora,0
8/5/2023,23:30,MCAP HEAT,Montipora,0
8/5/2023,23:45,MCAP HEAT,Montipora,0
8/6/2023,0:00,MCAP HEAT,Montipora,0
8/6/2023,0:15,MCAP HEAT,Montipora,0
8/6/2023,0:30,MCAP HEAT,Montipora,0
8/6/2023,0:45,MCAP HEAT,Montipora,0
8/6/2023,1:00,MCAP HEAT,Montipora,0
8/6/2023,1:15,MCAP HEAT,Montipora,0
8/6/2023,1:30,MCAP HEAT,Montipora,0
8/6/2023,1:45,MCAP HEAT,Montipora,0
8/6/2023,2:00,MCAP HEAT,Montipora,0
8/6/2023,2:15,MCAP HEAT,Montipora,0
8/6/2023,2:30,MCAP HEAT,Montipora,0
8/6/2023,2:45,MCAP HEAT,Montipora,0
8/6/2023,3:00,MCAP HEAT,Montipora,0
8/6/2023,3:15,MCAP HEAT,Montipora,0
8/6/2023,3:30,MCAP HEAT,Montipora,0
8/6/2023,3:45,MCAP HEAT,Montipora,0
8/6/2023,4:00,MCAP HEAT,Montipora,0
8/6/2023,4:15,MCAP HEAT,Montipora,0
8/6/2023,4:30,MCAP HEAT,Montipora,0
8/6/2023,4:45,MCAP HEAT,Montipora,0
8/6/2023,5:00,MCAP HEAT,Montipora,0
8/6/2023,5:15,MCAP HEAT,Montipora,0
8/6/2023,5:30,MCAP HEAT,Montipora,0
8/6/2023,5:45,MCAP HEAT,Montipora,0
8/6/2023,6:00,MCAP HEAT,Montipora,0
8/6/2023,6:15,MCAP HEAT,Montipora,1.3
8/6/2023,6:30,MCAP HEAT,Montipora,8.1
8/6/2023,6:45,MCAP HEAT,Montipora,10.5
8/6/2023,7:00,MCAP HEAT,Montipora,8.2
8/6/2023,7:15,MCAP HEAT,Montipora,46
8/6/2023,7:30,MCAP HEAT,Montipora,138.9
8/6/2023,7:45,MCAP HEAT,Montipora,137
8/6/2023,8:00,MCAP HEAT,Montipora,234.7
8/6/2023,8:15,MCAP HEAT,Montipora,89.9
8/6/2023,8:30,MCAP HEAT,Montipora,124
8/6/2023,8:45,MCAP HEAT,Montipora,136.4
8/6/2023,9:00,MCAP HEAT,Montipora,141.7
8/6/2023,9:15,MCAP HEAT,Montipora,164.1
8/6/2023,9:30,MCAP HEAT,Montipora,162.7
8/6/2023,9:45,MCAP HEAT,Montipora,215.3
8/6/2023,10:00,MCAP HEAT,Montipora,231.1
8/6/2023,10:15,MCAP HEAT,Montipora,248.2
8/6/2023,10:30,MCAP HEAT,Montipora,272
8/6/2023,10:45,MCAP HEAT,Montipora,261.9
8/6/2023,11:00,MCAP HEAT,Montipora,196.3
8/6/2023,11:15,MCAP HEAT,Montipora,267.2
8/6/2023,11:30,MCAP HEAT,Montipora,285.1
8/6/2023,11:45,MCAP HEAT,Montipora,314
8/6/2023,12:00,MCAP HEAT,Montipora,307.4
8/6/2023,12:15,MCAP HEAT,Montipora,359.1
8/6/2023,12:30,MCAP HEAT,Montipora,306.4
8/6/2023,12:45,MCAP HEAT,Montipora,192.9
8/6/2023,13:00,MCAP HEAT,Montipora,149.1
8/6/2023,13:15,MCAP HEAT,Montipora,294.2
8/6/2023,13:30,MCAP HEAT,Montipora,328.8
8/6/2023,13:45,MCAP HEAT,Montipora,352.1
8/6/2023,14:00,MCAP HEAT,Montipora,289.3
8/6/2023,14:15,MCAP HEAT,Montipora,127.7
8/6/2023,14:30,MCAP HEAT,Montipora,224.6
8/6/2023,14:45,MCAP HEAT,Montipora,279.3
8/6/2023,15:00,MCAP HEAT,Montipora,90.4
8/6/2023,15:15,MCAP HEAT,Montipora,69.8
8/6/2023,15:30,MCAP HEAT,Montipora,69.9
8/6/2023,15:45,MCAP HEAT,Montipora,53.8
8/6/2023,16:00,MCAP HEAT,Montipora,48.1
8/6/2023,16:15,MCAP HEAT,Montipora,42.8
8/6/2023,16:30,MCAP HEAT,Montipora,51.3
8/6/2023,16:45,MCAP HEAT,Montipora,53.9
8/6/2023,17:00,MCAP HEAT,Montipora,40.4
8/6/2023,17:15,MCAP HEAT,Montipora,27.8
8/6/2023,17:30,MCAP HEAT,Montipora,28.1
8/6/2023,17:45,MCAP HEAT,Montipora,27
8/6/2023,18:00,MCAP HEAT,Montipora,21.5
8/6/2023,18:15,MCAP HEAT,Montipora,14.6
8/6/2023,18:30,MCAP HEAT,Montipora,8.8
8/6/2023,18:45,MCAP HEAT,Montipora,4.5
8/6/2023,19:00,MCAP HEAT,Montipora,1.9
8/6/2023,19:15,MCAP HEAT,Montipora,0.4
8/6/2023,19:30,MCAP HEAT,Montipora,0
8/6/2023,19:45,MCAP HEAT,Montipora,0
8/6/2023,20:00,MCAP HEAT,Montipora,0
8/6/2023,20:15,MCAP HEAT,Montipora,0
8/6/2023,20:30,MCAP HEAT,Montipora,0
8/6/2023,20:45,MCAP HEAT,Montipora,0
8/6/2023,21:00,MCAP HEAT,Montipora,0
8/6/2023,21:15,MCAP HEAT,Montipora,0
8/6/2023,21:30,MCAP HEAT,Montipora,0
8/6/2023,21:45,MCAP HEAT,Montipora,0
8/6/2023,22:00,MCAP HEAT,Montipora,0
8/6/2023,22:15,MCAP HEAT,Montipora,0
8/6/2023,22:30,MCAP HEAT,Montipora,0
8/6/2023,22:45,MCAP HEAT,Montipora,0
8/6/2023,23:00,MCAP HEAT,Montipora,0
8/6/2023,23:15,MCAP HEAT,Montipora,0
8/6/2023,23:30,MCAP HEAT,Montipora,0
8/6/2023,23:45,MCAP HEAT,Montipora,0
8/7/2023,0:00,MCAP HEAT,Montipora,0
8/7/2023,0:15,MCAP HEAT,Montipora,0
8/7/2023,0:30,MCAP HEAT,Montipora,0
8/7/2023,0:45,MCAP HEAT,Montipora,0
8/7/2023,1:00,MCAP HEAT,Montipora,0
8/7/2023,1:15,MCAP HEAT,Montipora,0
8/7/2023,1:30,MCAP HEAT,Montipora,0
8/7/2023,1:45,MCAP HEAT,Montipora,0
8/7/2023,2:00,MCAP HEAT,Montipora,0
8/7/2023,2:15,MCAP HEAT,Montipora,0
8/7/2023,2:30,MCAP HEAT,Montipora,0
8/7/2023,2:45,MCAP HEAT,Montipora,0
8/7/2023,3:00,MCAP HEAT,Montipora,0
8/7/2023,3:15,MCAP HEAT,Montipora,0
8/7/2023,3:30,MCAP HEAT,Montipora,0
8/7/2023,3:45,MCAP HEAT,Montipora,0
8/7/2023,4:00,MCAP HEAT,Montipora,0
8/7/2023,4:15,MCAP HEAT,Montipora,0
8/7/2023,4:30,MCAP HEAT,Montipora,0
8/7/2023,4:45,MCAP HEAT,Montipora,0
8/7/2023,5:00,MCAP HEAT,Montipora,0
8/7/2023,5:15,MCAP HEAT,Montipora,0
8/7/2023,5:30,MCAP HEAT,Montipora,0
8/7/2023,5:45,MCAP HEAT,Montipora,0
8/7/2023,6:00,MCAP HEAT,Montipora,0
8/7/2023,6:15,MCAP HEAT,Montipora,0.9
8/7/2023,6:30,MCAP HEAT,Montipora,4
8/7/2023,6:45,MCAP HEAT,Montipora,4.7
8/7/2023,7:00,MCAP HEAT,Montipora,7.1
8/7/2023,7:15,MCAP HEAT,Montipora,12.2
8/7/2023,7:30,MCAP HEAT,Montipora,19.9
8/7/2023,7:45,MCAP HEAT,Montipora,24.7
8/7/2023,8:00,MCAP HEAT,Montipora,36.7
8/7/2023,8:15,MCAP HEAT,Montipora,39.6
8/7/2023,8:30,MCAP HEAT,Montipora,58.3
8/7/2023,8:45,MCAP HEAT,Montipora,61.6
8/7/2023,9:00,MCAP HEAT,Montipora,87.9
8/7/2023,9:15,MCAP HEAT,Montipora,61.1
8/7/2023,9:30,MCAP HEAT,Montipora,61.7
8/7/2023,9:45,MCAP HEAT,Montipora,46.2
8/7/2023,10:00,MCAP HEAT,Montipora,55.9
8/7/2023,10:15,MCAP HEAT,Montipora,132.1
8/7/2023,10:30,MCAP HEAT,Montipora,141.8
8/7/2023,10:45,MCAP HEAT,Montipora,223.9
8/7/2023,11:00,MCAP HEAT,Montipora,210
8/7/2023,11:15,MCAP HEAT,Montipora,139.9
8/7/2023,11:30,MCAP HEAT,Montipora,104
8/7/2023,11:45,MCAP HEAT,Montipora,85.4
8/7/2023,12:00,MCAP HEAT,Montipora,63.2
8/7/2023,12:15,MCAP HEAT,Montipora,138.2
8/7/2023,12:30,MCAP HEAT,Montipora,283.5
8/7/2023,12:45,MCAP HEAT,Montipora,284.5
8/7/2023,13:00,MCAP HEAT,Montipora,296.9
8/7/2023,13:15,MCAP HEAT,Montipora,301
8/7/2023,13:30,MCAP HEAT,Montipora,273.6
8/7/2023,13:45,MCAP HEAT,Montipora,262.3
8/7/2023,14:00,MCAP HEAT,Montipora,211.7
8/7/2023,14:15,MCAP HEAT,Montipora,139.2
8/7/2023,14:30,MCAP HEAT,Montipora,243.3
8/7/2023,14:45,MCAP HEAT,Montipora,102.9
8/7/2023,15:00,MCAP HEAT,Montipora,81
8/7/2023,15:15,MCAP HEAT,Montipora,98.6
8/7/2023,15:30,MCAP HEAT,Montipora,67.5
8/7/2023,15:45,MCAP HEAT,Montipora,74.6
8/7/2023,16:00,MCAP HEAT,Montipora,50.8
8/7/2023,16:15,MCAP HEAT,Montipora,43.5
8/7/2023,16:30,MCAP HEAT,Montipora,64.2
8/7/2023,16:45,MCAP HEAT,Montipora,45.2
8/7/2023,17:00,MCAP HEAT,Montipora,46
8/7/2023,17:15,MCAP HEAT,Montipora,45.1
8/7/2023,17:30,MCAP HEAT,Montipora,39.4
8/7/2023,17:45,MCAP HEAT,Montipora,31.4
8/7/2023,18:00,MCAP HEAT,Montipora,30.3
8/7/2023,18:15,MCAP HEAT,Montipora,19.9
8/7/2023,18:30,MCAP HEAT,Montipora,14.8
8/7/2023,18:45,MCAP HEAT,Montipora,8.8
8/7/2023,19:00,MCAP HEAT,Montipora,3.1
8/7/2023,19:15,MCAP HEAT,Montipora,1.2
8/7/2023,19:30,MCAP HEAT,Montipora,0.1
8/7/2023,19:45,MCAP HEAT,Montipora,0
8/7/2023,20:00,MCAP HEAT,Montipora,0
8/7/2023,20:15,MCAP HEAT,Montipora,0
8/7/2023,20:30,MCAP HEAT,Montipora,0
8/7/2023,20:45,MCAP HEAT,Montipora,0
8/7/2023,21:00,MCAP HEAT,Montipora,0
8/7/2023,21:15,MCAP HEAT,Montipora,0
8/7/2023,21:30,MCAP HEAT,Montipora,0
8/7/2023,21:45,MCAP HEAT,Montipora,0
8/7/2023,22:00,MCAP HEAT,Montipora,0
8/7/2023,22:15,MCAP HEAT,Montipora,0
8/7/2023,22:30,MCAP HEAT,Montipora,0
8/7/2023,22:45,MCAP HEAT,Montipora,0
8/7/2023,23:00,MCAP HEAT,Montipora,0
8/7/2023,23:15,MCAP HEAT,Montipora,0
8/7/2023,23:30,MCAP HEAT,Montipora,0
8/7/2023,23:45,MCAP HEAT,Montipora,0
8/8/2023,0:00,MCAP HEAT,Montipora,0
8/8/2023,0:15,MCAP HEAT,Montipora,0
8/8/2023,0:30,MCAP HEAT,Montipora,0
8/8/2023,0:45,MCAP HEAT,Montipora,0
8/8/2023,1:00,MCAP HEAT,Montipora,0
8/8/2023,1:15,MCAP HEAT,Montipora,0
8/8/2023,1:30,MCAP HEAT,Montipora,0
8/8/2023,1:45,MCAP HEAT,Montipora,0
8/8/2023,2:00,MCAP HEAT,Montipora,0
8/8/2023,2:15,MCAP HEAT,Montipora,0
8/8/2023,2:30,MCAP HEAT,Montipora,0
8/8/2023,2:45,MCAP HEAT,Montipora,0
8/8/2023,3:00,MCAP HEAT,Montipora,0
8/8/2023,3:15,MCAP HEAT,Montipora,0
8/8/2023,3:30,MCAP HEAT,Montipora,0
8/8/2023,3:45,MCAP HEAT,Montipora,0
8/8/2023,4:00,MCAP HEAT,Montipora,0
8/8/2023,4:15,MCAP HEAT,Montipora,0
8/8/2023,4:30,MCAP HEAT,Montipora,0
8/8/2023,4:45,MCAP HEAT,Montipora,0
8/8/2023,5:00,MCAP HEAT,Montipora,0
8/8/2023,5:15,MCAP HEAT,Montipora,0
8/8/2023,5:30,MCAP HEAT,Montipora,0
8/8/2023,5:45,MCAP HEAT,Montipora,0
8/8/2023,6:00,MCAP HEAT,Montipora,0
8/8/2023,6:15,MCAP HEAT,Montipora,1.1
8/8/2023,6:30,MCAP HEAT,Montipora,5
8/8/2023,6:45,MCAP HEAT,Montipora,10.4
8/8/2023,7:00,MCAP HEAT,Montipora,22.9
8/8/2023,7:15,MCAP HEAT,Montipora,46.6
8/8/2023,7:30,MCAP HEAT,Montipora,79.9
8/8/2023,7:45,MCAP HEAT,Montipora,49.8
8/8/2023,8:00,MCAP HEAT,Montipora,86.3
8/8/2023,8:15,MCAP HEAT,Montipora,65.8
8/8/2023,8:30,MCAP HEAT,Montipora,98.3
8/8/2023,8:45,MCAP HEAT,Montipora,82.7
8/8/2023,9:00,MCAP HEAT,Montipora,90.7
8/8/2023,9:15,MCAP HEAT,Montipora,134.2
8/8/2023,9:30,MCAP HEAT,Montipora,165.3
8/8/2023,9:45,MCAP HEAT,Montipora,217.5
8/8/2023,10:00,MCAP HEAT,Montipora,218
8/8/2023,10:15,MCAP HEAT,Montipora,241.5
8/8/2023,10:30,MCAP HEAT,Montipora,226.8
8/8/2023,10:45,MCAP HEAT,Montipora,225.9
8/8/2023,11:00,MCAP HEAT,Montipora,221.7
8/8/2023,11:15,MCAP HEAT,Montipora,198
8/8/2023,11:30,MCAP HEAT,Montipora,216.2
8/8/2023,11:45,MCAP HEAT,Montipora,273.4
8/8/2023,12:00,MCAP HEAT,Montipora,237.7
8/8/2023,12:15,MCAP HEAT,Montipora,265.1
8/8/2023,12:30,MCAP HEAT,Montipora,218.3
8/8/2023,12:45,MCAP HEAT,Montipora,273.5
8/8/2023,13:00,MCAP HEAT,Montipora,186.5
8/8/2023,13:15,MCAP HEAT,Montipora,194.5
8/8/2023,13:30,MCAP HEAT,Montipora,189.4
8/8/2023,13:45,MCAP HEAT,Montipora,164
8/8/2023,14:00,MCAP HEAT,Montipora,104.3
8/8/2023,14:15,MCAP HEAT,Montipora,96.2
8/8/2023,14:30,MCAP HEAT,Montipora,142.4
8/8/2023,14:45,MCAP HEAT,Montipora,107.1
8/8/2023,15:00,MCAP HEAT,Montipora,96.3
8/8/2023,15:15,MCAP HEAT,Montipora,134.8
8/8/2023,15:30,MCAP HEAT,Montipora,66.4
8/8/2023,15:45,MCAP HEAT,Montipora,76.8
8/8/2023,16:00,MCAP HEAT,Montipora,55.7
8/8/2023,16:15,MCAP HEAT,Montipora,63.7
8/8/2023,16:30,MCAP HEAT,Montipora,123.5
8/8/2023,16:45,MCAP HEAT,Montipora,58.6
8/8/2023,17:00,MCAP HEAT,Montipora,55.9
8/8/2023,17:15,MCAP HEAT,Montipora,46.2
8/8/2023,17:30,MCAP HEAT,Montipora,38.3
8/8/2023,17:45,MCAP HEAT,Montipora,29.5
8/8/2023,18:00,MCAP HEAT,Montipora,22.5
8/8/2023,18:15,MCAP HEAT,Montipora,17.8
8/8/2023,18:30,MCAP HEAT,Montipora,13
8/8/2023,18:45,MCAP HEAT,Montipora,7.5
8/8/2023,19:00,MCAP HEAT,Montipora,3.3
8/8/2023,19:15,MCAP HEAT,Montipora,1
8/8/2023,19:30,MCAP HEAT,Montipora,0
8/8/2023,19:45,MCAP HEAT,Montipora,0
8/8/2023,20:00,MCAP HEAT,Montipora,0
8/8/2023,20:15,MCAP HEAT,Montipora,0
8/8/2023,20:30,MCAP HEAT,Montipora,0
8/8/2023,20:45,MCAP HEAT,Montipora,0
8/8/2023,21:00,MCAP HEAT,Montipora,0
8/8/2023,21:15,MCAP HEAT,Montipora,0
8/8/2023,21:30,MCAP HEAT,Montipora,0
8/8/2023,21:45,MCAP HEAT,Montipora,0
8/8/2023,22:00,MCAP HEAT,Montipora,0
8/8/2023,22:15,MCAP HEAT,Montipora,0
8/8/2023,22:30,MCAP HEAT,Montipora,0
8/8/2023,22:45,MCAP HEAT,Montipora,0
8/8/2023,23:00,MCAP HEAT,Montipora,0
8/8/2023,23:15,MCAP HEAT,Montipora,0
8/8/2023,23:30,MCAP HEAT,Montipora,0
8/8/2023,23:45,MCAP HEAT,Montipora,0
8/9/2023,0:00,MCAP HEAT,Montipora,0
8/9/2023,0:15,MCAP HEAT,Montipora,0
8/9/2023,0:30,MCAP HEAT,Montipora,0
8/9/2023,0:45,MCAP HEAT,Montipora,0
8/9/2023,1:00,MCAP HEAT,Montipora,0
8/9/2023,1:15,MCAP HEAT,Montipora,0
8/9/2023,1:30,MCAP HEAT,Montipora,0
8/9/2023,1:45,MCAP HEAT,Montipora,0
8/9/2023,2:00,MCAP HEAT,Montipora,0
8/9/2023,2:15,MCAP HEAT,Montipora,0
8/9/2023,2:30,MCAP HEAT,Montipora,0
8/9/2023,2:45,MCAP HEAT,Montipora,0
8/9/2023,3:00,MCAP HEAT,Montipora,0
8/9/2023,3:15,MCAP HEAT,Montipora,0
8/9/2023,3:30,MCAP HEAT,Montipora,0
8/9/2023,3:45,MCAP HEAT,Montipora,0
8/9/2023,4:00,MCAP HEAT,Montipora,0
8/9/2023,4:15,MCAP HEAT,Montipora,0
8/9/2023,4:30,MCAP HEAT,Montipora,0
8/9/2023,4:45,MCAP HEAT,Montipora,0
8/9/2023,5:00,MCAP HEAT,Montipora,0
8/9/2023,5:15,MCAP HEAT,Montipora,0
8/9/2023,5:30,MCAP HEAT,Montipora,0
8/9/2023,5:45,MCAP HEAT,Montipora,0
8/9/2023,6:00,MCAP HEAT,Montipora,0
8/9/2023,6:15,MCAP HEAT,Montipora,1.1
8/9/2023,6:30,MCAP HEAT,Montipora,3.9
8/9/2023,6:45,MCAP HEAT,Montipora,10.1
8/9/2023,7:00,MCAP HEAT,Montipora,20.1
8/9/2023,7:15,MCAP HEAT,Montipora,28
8/9/2023,7:30,MCAP HEAT,Montipora,54.8
8/9/2023,7:45,MCAP HEAT,Montipora,49
8/9/2023,8:00,MCAP HEAT,Montipora,69.5
8/9/2023,8:15,MCAP HEAT,Montipora,73.1
8/9/2023,8:30,MCAP HEAT,Montipora,77.7
8/9/2023,8:45,MCAP HEAT,Montipora,88.8
8/9/2023,9:00,MCAP HEAT,Montipora,91.1
8/9/2023,9:15,MCAP HEAT,Montipora,178.1
8/9/2023,9:30,MCAP HEAT,Montipora,220.7
8/9/2023,9:45,MCAP HEAT,Montipora,196.5
8/9/2023,10:00,MCAP HEAT,Montipora,168.8
8/9/2023,10:15,MCAP HEAT,Montipora,167.3
8/9/2023,10:30,MCAP HEAT,Montipora,113.5
8/9/2023,10:45,MCAP HEAT,Montipora,115.7
8/9/2023,11:00,MCAP HEAT,Montipora,166.1
8/9/2023,11:15,MCAP HEAT,Montipora,138.3
8/9/2023,11:30,MCAP HEAT,Montipora,106.3
8/9/2023,11:45,MCAP HEAT,Montipora,130.1
8/9/2023,12:00,MCAP HEAT,Montipora,170.5
8/9/2023,12:15,MCAP HEAT,Montipora,193
8/9/2023,12:30,MCAP HEAT,Montipora,197.8
8/9/2023,12:45,MCAP HEAT,Montipora,300.1
8/9/2023,13:00,MCAP HEAT,Montipora,261.5
8/9/2023,13:15,MCAP HEAT,Montipora,197.2
8/9/2023,13:30,MCAP HEAT,Montipora,221.6
8/9/2023,13:45,MCAP HEAT,Montipora,191.7
8/9/2023,14:00,MCAP HEAT,Montipora,106.8
8/9/2023,14:15,MCAP HEAT,Montipora,132.9
8/9/2023,14:30,MCAP HEAT,Montipora,232.7
8/9/2023,14:45,MCAP HEAT,Montipora,114.6
8/9/2023,15:00,MCAP HEAT,Montipora,83.8
8/9/2023,15:15,MCAP HEAT,Montipora,71.9
8/9/2023,15:30,MCAP HEAT,Montipora,64.7
8/9/2023,15:45,MCAP HEAT,Montipora,74.1
8/9/2023,16:00,MCAP HEAT,Montipora,57.8
8/9/2023,16:15,MCAP HEAT,Montipora,89.4
8/9/2023,16:30,MCAP HEAT,Montipora,37.5
8/9/2023,16:45,MCAP HEAT,Montipora,39.7
8/9/2023,17:00,MCAP HEAT,Montipora,27.8
8/9/2023,17:15,MCAP HEAT,Montipora,51.3
8/9/2023,17:30,MCAP HEAT,Montipora,26.5
8/9/2023,17:45,MCAP HEAT,Montipora,17.6
8/9/2023,18:00,MCAP HEAT,Montipora,13.5
8/9/2023,18:15,MCAP HEAT,Montipora,11.3
8/9/2023,18:30,MCAP HEAT,Montipora,9.3
8/9/2023,18:45,MCAP HEAT,Montipora,8
8/9/2023,19:00,MCAP HEAT,Montipora,3.3
8/9/2023,19:15,MCAP HEAT,Montipora,1.1
8/9/2023,19:30,MCAP HEAT,Montipora,0.1
8/9/2023,19:45,MCAP HEAT,Montipora,0
8/9/2023,20:00,MCAP HEAT,Montipora,0
8/9/2023,20:15,MCAP HEAT,Montipora,0
8/9/2023,20:30,MCAP HEAT,Montipora,0
8/9/2023,20:45,MCAP HEAT,Montipora,0
8/9/2023,21:00,MCAP HEAT,Montipora,0
8/9/2023,21:15,MCAP HEAT,Montipora,0
8/9/2023,21:30,MCAP HEAT,Montipora,0
8/9/2023,21:45,MCAP HEAT,Montipora,0
8/9/2023,22:00,MCAP HEAT,Montipora,0
8/9/2023,22:15,MCAP HEAT,Montipora,0
8/9/2023,22:30,MCAP HEAT,Montipora,0
8/9/2023,22:45,MCAP HEAT,Montipora,0
8/9/2023,23:00,MCAP HEAT,Montipora,0
8/9/2023,23:15,MCAP HEAT,Montipora,0
8/9/2023,23:30,MCAP HEAT,Montipora,0
8/9/2023,23:45,MCAP HEAT,Montipora,0
8/10/2023,0:00,MCAP HEAT,Montipora,0
8/10/2023,0:15,MCAP HEAT,Montipora,0
8/10/2023,0:30,MCAP HEAT,Montipora,0
8/10/2023,0:45,MCAP HEAT,Montipora,0
8/10/2023,1:00,MCAP HEAT,Montipora,0
8/10/2023,1:15,MCAP HEAT,Montipora,0
8/10/2023,1:30,MCAP HEAT,Montipora,0
8/10/2023,1:45,MCAP HEAT,Montipora,0
8/10/2023,2:00,MCAP HEAT,Montipora,0
8/10/2023,2:15,MCAP HEAT,Montipora,0
8/10/2023,2:30,MCAP HEAT,Montipora,0
8/10/2023,2:45,MCAP HEAT,Montipora,0
8/10/2023,3:00,MCAP HEAT,Montipora,0
8/10/2023,3:15,MCAP HEAT,Montipora,0
8/10/2023,3:30,MCAP HEAT,Montipora,0
8/10/2023,3:45,MCAP HEAT,Montipora,0
8/10/2023,4:00,MCAP HEAT,Montipora,0
8/10/2023,4:15,MCAP HEAT,Montipora,0
8/10/2023,4:30,MCAP HEAT,Montipora,0
8/10/2023,4:45,MCAP HEAT,Montipora,0
8/10/2023,5:00,MCAP HEAT,Montipora,0
8/10/2023,5:15,MCAP HEAT,Montipora,0
8/10/2023,5:30,MCAP HEAT,Montipora,0
8/10/2023,5:45,MCAP HEAT,Montipora,0
8/10/2023,6:00,MCAP HEAT,Montipora,0
8/10/2023,6:15,MCAP HEAT,Montipora,1.1
8/10/2023,6:30,MCAP HEAT,Montipora,5.5
8/10/2023,6:45,MCAP HEAT,Montipora,12.1
8/10/2023,7:00,MCAP HEAT,Montipora,32.6
8/10/2023,7:15,MCAP HEAT,Montipora,41.7
8/10/2023,7:30,MCAP HEAT,Montipora,77.8
8/10/2023,7:45,MCAP HEAT,Montipora,137.6
8/10/2023,8:00,MCAP HEAT,Montipora,185.8
8/10/2023,8:15,MCAP HEAT,Montipora,62.4
8/10/2023,8:30,MCAP HEAT,Montipora,58.9
8/10/2023,8:45,MCAP HEAT,Montipora,88
8/10/2023,9:00,MCAP HEAT,Montipora,144.5
8/10/2023,9:15,MCAP HEAT,Montipora,193.5
8/10/2023,9:30,MCAP HEAT,Montipora,242.6
8/10/2023,9:45,MCAP HEAT,Montipora,113.8
8/10/2023,10:00,MCAP HEAT,Montipora,172.4
8/10/2023,10:15,MCAP HEAT,Montipora,288.9
8/10/2023,10:30,MCAP HEAT,Montipora,306.7
8/10/2023,10:45,MCAP HEAT,Montipora,243.4
8/10/2023,11:00,MCAP HEAT,Montipora,233.5
8/10/2023,11:15,MCAP HEAT,Montipora,206.6
8/10/2023,11:30,MCAP HEAT,Montipora,300.5
8/10/2023,11:45,MCAP HEAT,Montipora,235.5
8/10/2023,12:00,MCAP HEAT,Montipora,354.6
8/10/2023,12:15,MCAP HEAT,Montipora,337.6
8/10/2023,12:30,MCAP HEAT,Montipora,276.2
8/10/2023,12:45,MCAP HEAT,Montipora,204.2
8/10/2023,13:00,MCAP HEAT,Montipora,174.8
8/10/2023,13:15,MCAP HEAT,Montipora,98.8
8/10/2023,13:30,MCAP HEAT,Montipora,64.6
8/10/2023,13:45,MCAP HEAT,Montipora,47.6
8/10/2023,14:00,MCAP HEAT,Montipora,54.9
8/10/2023,14:15,MCAP HEAT,Montipora,80.2
8/10/2023,14:30,MCAP HEAT,Montipora,100.4
8/10/2023,14:45,MCAP HEAT,Montipora,57.8
8/10/2023,15:00,MCAP HEAT,Montipora,51.1
8/10/2023,15:15,MCAP HEAT,Montipora,63.7
8/10/2023,15:30,MCAP HEAT,Montipora,48
8/10/2023,15:45,MCAP HEAT,Montipora,40
8/10/2023,16:00,MCAP HEAT,Montipora,40.1
8/10/2023,16:15,MCAP HEAT,Montipora,84.7
8/10/2023,16:30,MCAP HEAT,Montipora,98.8
8/10/2023,16:45,MCAP HEAT,Montipora,34.6
8/10/2023,17:00,MCAP HEAT,Montipora,23.3
8/10/2023,17:15,MCAP HEAT,Montipora,19.8
8/10/2023,17:30,MCAP HEAT,Montipora,16
8/10/2023,17:45,MCAP HEAT,Montipora,15.6
8/10/2023,18:00,MCAP HEAT,Montipora,13.6
8/10/2023,18:15,MCAP HEAT,Montipora,12.1
8/10/2023,18:30,MCAP HEAT,Montipora,9.1
8/10/2023,18:45,MCAP HEAT,Montipora,5.5
8/10/2023,19:00,MCAP HEAT,Montipora,3
8/10/2023,19:15,MCAP HEAT,Montipora,0.9
8/10/2023,19:30,MCAP HEAT,Montipora,0
8/10/2023,19:45,MCAP HEAT,Montipora,0
8/10/2023,20:00,MCAP HEAT,Montipora,0
8/10/2023,20:15,MCAP HEAT,Montipora,0
8/10/2023,20:30,MCAP HEAT,Montipora,0
8/10/2023,20:45,MCAP HEAT,Montipora,0
8/10/2023,21:00,MCAP HEAT,Montipora,0
8/10/2023,21:15,MCAP HEAT,Montipora,0
8/10/2023,21:30,MCAP HEAT,Montipora,0
8/10/2023,21:45,MCAP HEAT,Montipora,0
8/10/2023,22:00,MCAP HEAT,Montipora,0
8/10/2023,22:15,MCAP HEAT,Montipora,0
8/10/2023,22:30,MCAP HEAT,Montipora,0
8/10/2023,22:45,MCAP HEAT,Montipora,0
8/10/2023,23:00,MCAP HEAT,Montipora,0
8/10/2023,23:15,MCAP HEAT,Montipora,0
8/10/2023,23:30,MCAP HEAT,Montipora,0
8/10/2023,23:45,MCAP HEAT,Montipora,0
8/11/2023,0:00,MCAP HEAT,Montipora,0
8/11/2023,0:15,MCAP HEAT,Montipora,0
8/11/2023,0:30,MCAP HEAT,Montipora,0
8/11/2023,0:45,MCAP HEAT,Montipora,0
8/11/2023,1:00,MCAP HEAT,Montipora,0
8/11/2023,1:15,MCAP HEAT,Montipora,0
8/11/2023,1:30,MCAP HEAT,Montipora,0
8/11/2023,1:45,MCAP HEAT,Montipora,0
8/11/2023,2:00,MCAP HEAT,Montipora,0
8/11/2023,2:15,MCAP HEAT,Montipora,0
8/11/2023,2:30,MCAP HEAT,Montipora,0
8/11/2023,2:45,MCAP HEAT,Montipora,0
8/11/2023,3:00,MCAP HEAT,Montipora,0
8/11/2023,3:15,MCAP HEAT,Montipora,0
8/11/2023,3:30,MCAP HEAT,Montipora,0
8/11/2023,3:45,MCAP HEAT,Montipora,0
8/11/2023,4:00,MCAP HEAT,Montipora,0
8/11/2023,4:15,MCAP HEAT,Montipora,0
8/11/2023,4:30,MCAP HEAT,Montipora,0
8/11/2023,4:45,MCAP HEAT,Montipora,0
8/11/2023,5:00,MCAP HEAT,Montipora,0
8/11/2023,5:15,MCAP HEAT,Montipora,0
8/11/2023,5:30,MCAP HEAT,Montipora,0
8/11/2023,5:45,MCAP HEAT,Montipora,0
8/11/2023,6:00,MCAP HEAT,Montipora,0
8/11/2023,6:15,MCAP HEAT,Montipora,1
8/11/2023,6:30,MCAP HEAT,Montipora,5.3
8/11/2023,6:45,MCAP HEAT,Montipora,12.3
8/11/2023,7:00,MCAP HEAT,Montipora,26.4
8/11/2023,7:15,MCAP HEAT,Montipora,45.1
8/11/2023,7:30,MCAP HEAT,Montipora,96.3
8/11/2023,7:45,MCAP HEAT,Montipora,123.6
8/11/2023,8:00,MCAP HEAT,Montipora,119.9
8/11/2023,8:15,MCAP HEAT,Montipora,48.7
8/11/2023,8:30,MCAP HEAT,Montipora,54.2
8/11/2023,8:45,MCAP HEAT,Montipora,132.3
8/11/2023,9:00,MCAP HEAT,Montipora,176.8
8/11/2023,9:15,MCAP HEAT,Montipora,195.8
8/11/2023,9:30,MCAP HEAT,Montipora,215.7
8/11/2023,9:45,MCAP HEAT,Montipora,230.2
8/11/2023,10:00,MCAP HEAT,Montipora,247.7
8/11/2023,10:15,MCAP HEAT,Montipora,265.1
8/11/2023,10:30,MCAP HEAT,Montipora,284.4
8/11/2023,10:45,MCAP HEAT,Montipora,285.7
8/11/2023,11:00,MCAP HEAT,Montipora,239.8
8/11/2023,11:15,MCAP HEAT,Montipora,298.6
8/11/2023,11:30,MCAP HEAT,Montipora,315.7
8/11/2023,11:45,MCAP HEAT,Montipora,322.3
8/11/2023,12:00,MCAP HEAT,Montipora,327.6
8/11/2023,12:15,MCAP HEAT,Montipora,346.7
8/11/2023,12:30,MCAP HEAT,Montipora,346
8/11/2023,12:45,MCAP HEAT,Montipora,362.9
8/11/2023,13:00,MCAP HEAT,Montipora,353.7
8/11/2023,13:15,MCAP HEAT,Montipora,350.1
8/11/2023,13:30,MCAP HEAT,Montipora,343.7
8/11/2023,13:45,MCAP HEAT,Montipora,174.8
8/11/2023,14:00,MCAP HEAT,Montipora,90.3
8/11/2023,14:15,MCAP HEAT,Montipora,106.9
8/11/2023,14:30,MCAP HEAT,Montipora,208.7
8/11/2023,14:45,MCAP HEAT,Montipora,95.9
8/11/2023,15:00,MCAP HEAT,Montipora,87.3
8/11/2023,15:15,MCAP HEAT,Montipora,72.7
8/11/2023,15:30,MCAP HEAT,Montipora,53.2
8/11/2023,15:45,MCAP HEAT,Montipora,50.5
8/11/2023,16:00,MCAP HEAT,Montipora,49.9
8/11/2023,16:15,MCAP HEAT,Montipora,70.1
8/11/2023,16:30,MCAP HEAT,Montipora,95.2
8/11/2023,16:45,MCAP HEAT,Montipora,37.9
8/11/2023,17:00,MCAP HEAT,Montipora,27.3
8/11/2023,17:15,MCAP HEAT,Montipora,24.5
8/11/2023,17:30,MCAP HEAT,Montipora,19.7
8/11/2023,17:45,MCAP HEAT,Montipora,14.7
8/11/2023,18:00,MCAP HEAT,Montipora,13
8/11/2023,18:15,MCAP HEAT,Montipora,10.7
8/11/2023,18:30,MCAP HEAT,Montipora,8
8/11/2023,18:45,MCAP HEAT,Montipora,5.4
8/11/2023,19:00,MCAP HEAT,Montipora,2.8
8/11/2023,19:15,MCAP HEAT,Montipora,0.9
8/11/2023,19:30,MCAP HEAT,Montipora,0
8/11/2023,19:45,MCAP HEAT,Montipora,0
8/11/2023,20:00,MCAP HEAT,Montipora,0
8/11/2023,20:15,MCAP HEAT,Montipora,0
8/11/2023,20:30,MCAP HEAT,Montipora,0
8/11/2023,20:45,MCAP HEAT,Montipora,0
8/11/2023,21:00,MCAP HEAT,Montipora,0
8/11/2023,21:15,MCAP HEAT,Montipora,0
8/11/2023,21:30,MCAP HEAT,Montipora,0
8/11/2023,21:45,MCAP HEAT,Montipora,0
8/11/2023,22:00,MCAP HEAT,Montipora,0
8/11/2023,22:15,MCAP HEAT,Montipora,0
8/11/2023,22:30,MCAP HEAT,Montipora,0
8/11/2023,22:45,MCAP HEAT,Montipora,0
8/11/2023,23:00,MCAP HEAT,Montipora,0
8/11/2023,23:15,MCAP HEAT,Montipora,0
8/11/2023,23:30,MCAP HEAT,Montipora,0
8/11/2023,23:45,MCAP HEAT,Montipora,0
8/12/2023,0:00,MCAP HEAT,Montipora,0
8/12/2023,0:15,MCAP HEAT,Montipora,0
8/12/2023,0:30,MCAP HEAT,Montipora,0
8/12/2023,0:45,MCAP HEAT,Montipora,0
8/12/2023,1:00,MCAP HEAT,Montipora,0
8/12/2023,1:15,MCAP HEAT,Montipora,0
8/12/2023,1:30,MCAP HEAT,Montipora,0
8/12/2023,1:45,MCAP HEAT,Montipora,0
8/12/2023,2:00,MCAP HEAT,Montipora,0
8/12/2023,2:15,MCAP HEAT,Montipora,0
8/12/2023,2:30,MCAP HEAT,Montipora,0
8/12/2023,2:45,MCAP HEAT,Montipora,0
8/12/2023,3:00,MCAP HEAT,Montipora,0
8/12/2023,3:15,MCAP HEAT,Montipora,0
8/12/2023,3:30,MCAP HEAT,Montipora,0
8/12/2023,3:45,MCAP HEAT,Montipora,0
8/12/2023,4:00,MCAP HEAT,Montipora,0
8/12/2023,4:15,MCAP HEAT,Montipora,0
8/12/2023,4:30,MCAP HEAT,Montipora,0
8/12/2023,4:45,MCAP HEAT,Montipora,0
8/12/2023,5:00,MCAP HEAT,Montipora,0
8/12/2023,5:15,MCAP HEAT,Montipora,0
8/12/2023,5:30,MCAP HEAT,Montipora,0
8/12/2023,5:45,MCAP HEAT,Montipora,0
8/12/2023,6:00,MCAP HEAT,Montipora,0
8/12/2023,6:15,MCAP HEAT,Montipora,0.8
8/12/2023,6:30,MCAP HEAT,Montipora,3.9
8/12/2023,6:45,MCAP HEAT,Montipora,11.5
8/12/2023,7:00,MCAP HEAT,Montipora,19
8/12/2023,7:15,MCAP HEAT,Montipora,28.4
8/12/2023,7:30,MCAP HEAT,Montipora,39.2
8/12/2023,7:45,MCAP HEAT,Montipora,54
8/12/2023,8:00,MCAP HEAT,Montipora,49.5
8/12/2023,8:15,MCAP HEAT,Montipora,50.4
8/12/2023,8:30,MCAP HEAT,Montipora,82.5
8/12/2023,8:45,MCAP HEAT,Montipora,148.2
8/12/2023,9:00,MCAP HEAT,Montipora,180.5
8/12/2023,9:15,MCAP HEAT,Montipora,200.9
8/12/2023,9:30,MCAP HEAT,Montipora,221.6
8/12/2023,9:45,MCAP HEAT,Montipora,163.8
8/12/2023,10:00,MCAP HEAT,Montipora,248.1
8/12/2023,10:15,MCAP HEAT,Montipora,283.4
8/12/2023,10:30,MCAP HEAT,Montipora,292
8/12/2023,10:45,MCAP HEAT,Montipora,291.9
8/12/2023,11:00,MCAP HEAT,Montipora,247.1
8/12/2023,11:15,MCAP HEAT,Montipora,307.3
8/12/2023,11:30,MCAP HEAT,Montipora,287
8/12/2023,11:45,MCAP HEAT,Montipora,334.9
8/12/2023,12:00,MCAP HEAT,Montipora,284.1
8/12/2023,12:15,MCAP HEAT,Montipora,354.1
8/12/2023,12:30,MCAP HEAT,Montipora,366.2
8/12/2023,12:45,MCAP HEAT,Montipora,344.6
8/12/2023,13:00,MCAP HEAT,Montipora,372.4
8/12/2023,13:15,MCAP HEAT,Montipora,278.3
8/12/2023,13:30,MCAP HEAT,Montipora,225
8/12/2023,13:45,MCAP HEAT,Montipora,112.1
8/12/2023,14:00,MCAP HEAT,Montipora,82.4
8/12/2023,14:15,MCAP HEAT,Montipora,117.8
8/12/2023,14:30,MCAP HEAT,Montipora,178.5
8/12/2023,14:45,MCAP HEAT,Montipora,105.8
8/12/2023,15:00,MCAP HEAT,Montipora,108.5
8/12/2023,15:15,MCAP HEAT,Montipora,36.5
8/12/2023,15:30,MCAP HEAT,Montipora,37.7
8/12/2023,15:45,MCAP HEAT,Montipora,40.2
8/12/2023,16:00,MCAP HEAT,Montipora,38.7
8/12/2023,16:15,MCAP HEAT,Montipora,35.9
8/12/2023,16:30,MCAP HEAT,Montipora,51.7
8/12/2023,16:45,MCAP HEAT,Montipora,23.9
8/12/2023,17:00,MCAP HEAT,Montipora,16.8
8/12/2023,17:15,MCAP HEAT,Montipora,14.9
8/12/2023,17:30,MCAP HEAT,Montipora,17.2
8/12/2023,17:45,MCAP HEAT,Montipora,12.3
8/12/2023,18:00,MCAP HEAT,Montipora,17
8/12/2023,18:15,MCAP HEAT,Montipora,16.4
8/12/2023,18:30,MCAP HEAT,Montipora,8.5
8/12/2023,18:45,MCAP HEAT,Montipora,4.3
8/12/2023,19:00,MCAP HEAT,Montipora,2.6
8/12/2023,19:15,MCAP HEAT,Montipora,0.7
8/12/2023,19:30,MCAP HEAT,Montipora,0
8/12/2023,19:45,MCAP HEAT,Montipora,0
8/12/2023,20:00,MCAP HEAT,Montipora,0
8/12/2023,20:15,MCAP HEAT,Montipora,0
8/12/2023,20:30,MCAP HEAT,Montipora,0
8/12/2023,20:45,MCAP HEAT,Montipora,0
8/12/2023,21:00,MCAP HEAT,Montipora,0
8/12/2023,21:15,MCAP HEAT,Montipora,0
8/12/2023,21:30,MCAP HEAT,Montipora,0
8/12/2023,21:45,MCAP HEAT,Montipora,0
8/12/2023,22:00,MCAP HEAT,Montipora,0
8/12/2023,22:15,MCAP HEAT,Montipora,0
8/12/2023,22:30,MCAP HEAT,Montipora,0
8/12/2023,22:45,MCAP HEAT,Montipora,0
8/12/2023,23:00,MCAP HEAT,Montipora,0
8/12/2023,23:15,MCAP HEAT,Montipora,0
8/12/2023,23:30,MCAP HEAT,Montipora,0
8/12/2023,23:45,MCAP HEAT,Montipora,0
8/13/2023,0:00,MCAP HEAT,Montipora,0
8/13/2023,0:15,MCAP HEAT,Montipora,0
8/13/2023,0:30,MCAP HEAT,Montipora,0
8/13/2023,0:45,MCAP HEAT,Montipora,0
8/13/2023,1:00,MCAP HEAT,Montipora,0
8/13/2023,1:15,MCAP HEAT,Montipora,0
8/13/2023,1:30,MCAP HEAT,Montipora,0
8/13/2023,1:45,MCAP HEAT,Montipora,0
8/13/2023,2:00,MCAP HEAT,Montipora,0
8/13/2023,2:15,MCAP HEAT,Montipora,0
8/13/2023,2:30,MCAP HEAT,Montipora,0
8/13/2023,2:45,MCAP HEAT,Montipora,0
8/13/2023,3:00,MCAP HEAT,Montipora,0
8/13/2023,3:15,MCAP HEAT,Montipora,0
8/13/2023,3:30,MCAP HEAT,Montipora,0
8/13/2023,3:45,MCAP HEAT,Montipora,0
8/13/2023,4:00,MCAP HEAT,Montipora,0
8/13/2023,4:15,MCAP HEAT,Montipora,0
8/13/2023,4:30,MCAP HEAT,Montipora,0
8/13/2023,4:45,MCAP HEAT,Montipora,0
8/13/2023,5:00,MCAP HEAT,Montipora,0
8/13/2023,5:15,MCAP HEAT,Montipora,0
8/13/2023,5:30,MCAP HEAT,Montipora,0
8/13/2023,5:45,MCAP HEAT,Montipora,0
8/13/2023,6:00,MCAP HEAT,Montipora,0
8/13/2023,6:15,MCAP HEAT,Montipora,0.8
8/13/2023,6:30,MCAP HEAT,Montipora,3.7
8/13/2023,6:45,MCAP HEAT,Montipora,10.6
8/13/2023,7:00,MCAP HEAT,Montipora,22.9
8/13/2023,7:15,MCAP HEAT,Montipora,39
8/13/2023,7:30,MCAP HEAT,Montipora,18.7
8/13/2023,7:45,MCAP HEAT,Montipora,91.2
8/13/2023,8:00,MCAP HEAT,Montipora,64.1
8/13/2023,8:15,MCAP HEAT,Montipora,41
8/13/2023,8:30,MCAP HEAT,Montipora,75.6
8/13/2023,8:45,MCAP HEAT,Montipora,133.4
8/13/2023,9:00,MCAP HEAT,Montipora,120
8/13/2023,9:15,MCAP HEAT,Montipora,167.2
8/13/2023,9:30,MCAP HEAT,Montipora,156.4
8/13/2023,9:45,MCAP HEAT,Montipora,205.9
8/13/2023,10:00,MCAP HEAT,Montipora,220.8
8/13/2023,10:15,MCAP HEAT,Montipora,245.5
8/13/2023,10:30,MCAP HEAT,Montipora,260.6
8/13/2023,10:45,MCAP HEAT,Montipora,260.3
8/13/2023,11:00,MCAP HEAT,Montipora,215.6
8/13/2023,11:15,MCAP HEAT,Montipora,239.9
8/13/2023,11:30,MCAP HEAT,Montipora,283.6
8/13/2023,11:45,MCAP HEAT,Montipora,148.4
8/13/2023,12:00,MCAP HEAT,Montipora,110.5
8/13/2023,12:15,MCAP HEAT,Montipora,75.5
8/13/2023,12:30,MCAP HEAT,Montipora,143.9
8/13/2023,12:45,MCAP HEAT,Montipora,120
8/13/2023,13:00,MCAP HEAT,Montipora,143.3
8/13/2023,13:15,MCAP HEAT,Montipora,93.9
8/13/2023,13:30,MCAP HEAT,Montipora,101.6
8/13/2023,13:45,MCAP HEAT,Montipora,185.6
8/13/2023,14:00,MCAP HEAT,Montipora,145.9
8/13/2023,14:15,MCAP HEAT,Montipora,260.9
8/13/2023,14:30,MCAP HEAT,Montipora,271
8/13/2023,14:45,MCAP HEAT,Montipora,142.5
8/13/2023,15:00,MCAP HEAT,Montipora,105.3
8/13/2023,15:15,MCAP HEAT,Montipora,64.3
8/13/2023,15:30,MCAP HEAT,Montipora,60.7
8/13/2023,15:45,MCAP HEAT,Montipora,61.4
8/13/2023,16:00,MCAP HEAT,Montipora,53.2
8/13/2023,16:15,MCAP HEAT,Montipora,62
8/13/2023,16:30,MCAP HEAT,Montipora,48.1
8/13/2023,16:45,MCAP HEAT,Montipora,35.4
8/13/2023,17:00,MCAP HEAT,Montipora,36
8/13/2023,17:15,MCAP HEAT,Montipora,29.6
8/13/2023,17:30,MCAP HEAT,Montipora,32.2
8/13/2023,17:45,MCAP HEAT,Montipora,21.7
8/13/2023,18:00,MCAP HEAT,Montipora,20.5
8/13/2023,18:15,MCAP HEAT,Montipora,19.1
8/13/2023,18:30,MCAP HEAT,Montipora,7.6
8/13/2023,18:45,MCAP HEAT,Montipora,4.4
8/13/2023,19:00,MCAP HEAT,Montipora,2.3
8/13/2023,19:15,MCAP HEAT,Montipora,0.6
8/13/2023,19:30,MCAP HEAT,Montipora,0
8/13/2023,19:45,MCAP HEAT,Montipora,0
8/13/2023,20:00,MCAP HEAT,Montipora,0
8/13/2023,20:15,MCAP HEAT,Montipora,0
8/13/2023,20:30,MCAP HEAT,Montipora,0
8/13/2023,20:45,MCAP HEAT,Montipora,0
8/13/2023,21:00,MCAP HEAT,Montipora,0
8/13/2023,21:15,MCAP HEAT,Montipora,0
8/13/2023,21:30,MCAP HEAT,Montipora,0
8/13/2023,21:45,MCAP HEAT,Montipora,0
8/13/2023,22:00,MCAP HEAT,Montipora,0
8/13/2023,22:15,MCAP HEAT,Montipora,0
8/13/2023,22:30,MCAP HEAT,Montipora,0
8/13/2023,22:45,MCAP HEAT,Montipora,0
8/13/2023,23:00,MCAP HEAT,Montipora,0
8/13/2023,23:15,MCAP HEAT,Montipora,0
8/13/2023,23:30,MCAP HEAT,Montipora,0
8/13/2023,23:45,MCAP HEAT,Montipora,0
8/14/2023,0:00,MCAP HEAT,Montipora,0
8/14/2023,0:15,MCAP HEAT,Montipora,0
8/14/2023,0:30,MCAP HEAT,Montipora,0
8/14/2023,0:45,MCAP HEAT,Montipora,0
8/14/2023,1:00,MCAP HEAT,Montipora,0
8/14/2023,1:15,MCAP HEAT,Montipora,0
8/14/2023,1:30,MCAP HEAT,Montipora,0
8/14/2023,1:45,MCAP HEAT,Montipora,0
8/14/2023,2:00,MCAP HEAT,Montipora,0
8/14/2023,2:15,MCAP HEAT,Montipora,0
8/14/2023,2:30,MCAP HEAT,Montipora,0
8/14/2023,2:45,MCAP HEAT,Montipora,0
8/14/2023,3:00,MCAP HEAT,Montipora,0
8/14/2023,3:15,MCAP HEAT,Montipora,0
8/14/2023,3:30,MCAP HEAT,Montipora,0
8/14/2023,3:45,MCAP HEAT,Montipora,0
8/14/2023,4:00,MCAP HEAT,Montipora,0
8/14/2023,4:15,MCAP HEAT,Montipora,0
8/14/2023,4:30,MCAP HEAT,Montipora,0
8/14/2023,4:45,MCAP HEAT,Montipora,0
8/14/2023,5:00,MCAP HEAT,Montipora,0
8/14/2023,5:15,MCAP HEAT,Montipora,0
8/14/2023,5:30,MCAP HEAT,Montipora,0
8/14/2023,5:45,MCAP HEAT,Montipora,0
8/14/2023,6:00,MCAP HEAT,Montipora,0
8/14/2023,6:15,MCAP HEAT,Montipora,0.6
8/14/2023,6:30,MCAP HEAT,Montipora,8.3
8/14/2023,6:45,MCAP HEAT,Montipora,13.1
8/14/2023,7:00,MCAP HEAT,Montipora,32.8
8/14/2023,7:15,MCAP HEAT,Montipora,28.4
8/14/2023,7:30,MCAP HEAT,Montipora,70.6
8/14/2023,7:45,MCAP HEAT,Montipora,117.2
8/14/2023,8:00,MCAP HEAT,Montipora,131
8/14/2023,8:15,MCAP HEAT,Montipora,50.2
8/14/2023,8:30,MCAP HEAT,Montipora,82.7
8/14/2023,8:45,MCAP HEAT,Montipora,153.2
8/14/2023,9:00,MCAP HEAT,Montipora,169.8
8/14/2023,9:15,MCAP HEAT,Montipora,118.7
8/14/2023,9:30,MCAP HEAT,Montipora,102.7
8/14/2023,9:45,MCAP HEAT,Montipora,110.9
8/14/2023,10:00,MCAP HEAT,Montipora,256.6
8/14/2023,10:15,MCAP HEAT,Montipora,259.5
8/14/2023,10:30,MCAP HEAT,Montipora,143.7
8/14/2023,10:45,MCAP HEAT,Montipora,237.3
8/14/2023,11:00,MCAP HEAT,Montipora,251.8
8/14/2023,11:15,MCAP HEAT,Montipora,128.5
8/14/2023,11:30,MCAP HEAT,Montipora,116.4
8/14/2023,11:45,MCAP HEAT,Montipora,83.5
8/14/2023,12:00,MCAP HEAT,Montipora,286.8
8/14/2023,12:15,MCAP HEAT,Montipora,275.4
8/14/2023,12:30,MCAP HEAT,Montipora,120.3
8/14/2023,12:45,MCAP HEAT,Montipora,61.6
8/14/2023,13:00,MCAP HEAT,Montipora,96.9
8/14/2023,13:15,MCAP HEAT,Montipora,63.5
8/14/2023,13:30,MCAP HEAT,Montipora,50.9
8/14/2023,13:45,MCAP HEAT,Montipora,60.5
8/14/2023,14:00,MCAP HEAT,Montipora,62.2
8/14/2023,14:15,MCAP HEAT,Montipora,50.9
8/14/2023,14:30,MCAP HEAT,Montipora,65.2
8/14/2023,14:45,MCAP HEAT,Montipora,101.1
8/14/2023,15:00,MCAP HEAT,Montipora,87.2
8/14/2023,15:15,MCAP HEAT,Montipora,82
8/14/2023,15:30,MCAP HEAT,Montipora,49
8/14/2023,15:45,MCAP HEAT,Montipora,51.8
8/14/2023,16:00,MCAP HEAT,Montipora,31.2
8/14/2023,16:15,MCAP HEAT,Montipora,39.7
8/14/2023,16:30,MCAP HEAT,Montipora,33.7
8/14/2023,16:45,MCAP HEAT,Montipora,28.5
8/14/2023,17:00,MCAP HEAT,Montipora,31.8
8/14/2023,17:15,MCAP HEAT,Montipora,38.6
8/14/2023,17:30,MCAP HEAT,Montipora,17.2
8/14/2023,17:45,MCAP HEAT,Montipora,11.1
8/14/2023,18:00,MCAP HEAT,Montipora,8
8/14/2023,18:15,MCAP HEAT,Montipora,10.5
8/14/2023,18:30,MCAP HEAT,Montipora,11
8/14/2023,18:45,MCAP HEAT,Montipora,5.6
8/14/2023,19:00,MCAP HEAT,Montipora,2.3
8/14/2023,19:15,MCAP HEAT,Montipora,0.5
8/14/2023,19:30,MCAP HEAT,Montipora,0
8/14/2023,19:45,MCAP HEAT,Montipora,0
8/14/2023,20:00,MCAP HEAT,Montipora,0
8/14/2023,20:15,MCAP HEAT,Montipora,0
8/14/2023,20:30,MCAP HEAT,Montipora,0
8/14/2023,20:45,MCAP HEAT,Montipora,0
8/14/2023,21:00,MCAP HEAT,Montipora,0
8/14/2023,21:15,MCAP HEAT,Montipora,0
8/14/2023,21:30,MCAP HEAT,Montipora,0
8/14/2023,21:45,MCAP HEAT,Montipora,0
8/14/2023,22:00,MCAP HEAT,Montipora,0
8/14/2023,22:15,MCAP HEAT,Montipora,0
8/14/2023,22:30,MCAP HEAT,Montipora,0
8/14/2023,22:45,MCAP HEAT,Montipora,0
8/14/2023,23:00,MCAP HEAT,Montipora,0
8/14/2023,23:15,MCAP HEAT,Montipora,0
8/14/2023,23:30,MCAP HEAT,Montipora,0
8/14/2023,23:45,MCAP HEAT,Montipora,0
8/15/2023,0:00,MCAP HEAT,Montipora,0
8/15/2023,0:15,MCAP HEAT,Montipora,0
8/15/2023,0:30,MCAP HEAT,Montipora,0
8/15/2023,0:45,MCAP HEAT,Montipora,0
8/15/2023,1:00,MCAP HEAT,Montipora,0
8/15/2023,1:15,MCAP HEAT,Montipora,0
8/15/2023,1:30,MCAP HEAT,Montipora,0
8/15/2023,1:45,MCAP HEAT,Montipora,0
8/15/2023,2:00,MCAP HEAT,Montipora,0
8/15/2023,2:15,MCAP HEAT,Montipora,0
8/15/2023,2:30,MCAP HEAT,Montipora,0
8/15/2023,2:45,MCAP HEAT,Montipora,0
8/15/2023,3:00,MCAP HEAT,Montipora,0
8/15/2023,3:15,MCAP HEAT,Montipora,0
8/15/2023,3:30,MCAP HEAT,Montipora,0
8/15/2023,3:45,MCAP HEAT,Montipora,0
8/15/2023,4:00,MCAP HEAT,Montipora,0
8/15/2023,4:15,MCAP HEAT,Montipora,0
8/15/2023,4:30,MCAP HEAT,Montipora,0
8/15/2023,4:45,MCAP HEAT,Montipora,0
8/15/2023,5:00,MCAP HEAT,Montipora,0
8/15/2023,5:15,MCAP HEAT,Montipora,0
8/15/2023,5:30,MCAP HEAT,Montipora,0
8/15/2023,5:45,MCAP HEAT,Montipora,0
8/15/2023,6:00,MCAP HEAT,Montipora,0
8/15/2023,6:15,MCAP HEAT,Montipora,0.7
8/15/2023,6:30,MCAP HEAT,Montipora,3.9
8/15/2023,6:45,MCAP HEAT,Montipora,15.6
8/15/2023,7:00,MCAP HEAT,Montipora,36.4
8/15/2023,7:15,MCAP HEAT,Montipora,45.2
8/15/2023,7:30,MCAP HEAT,Montipora,54.7
8/15/2023,7:45,MCAP HEAT,Montipora,84.1
8/15/2023,8:00,MCAP HEAT,Montipora,63.6
8/15/2023,8:15,MCAP HEAT,Montipora,73.4
8/15/2023,8:30,MCAP HEAT,Montipora,85.2
8/15/2023,8:45,MCAP HEAT,Montipora,147.6
8/15/2023,9:00,MCAP HEAT,Montipora,149.8
8/15/2023,9:15,MCAP HEAT,Montipora,188
8/15/2023,9:30,MCAP HEAT,Montipora,124.6
8/15/2023,9:45,MCAP HEAT,Montipora,192.3
8/15/2023,10:00,MCAP HEAT,Montipora,260
8/15/2023,10:15,MCAP HEAT,Montipora,262.5
8/15/2023,10:30,MCAP HEAT,Montipora,258.5
8/15/2023,10:45,MCAP HEAT,Montipora,278
8/15/2023,11:00,MCAP HEAT,Montipora,209.9
8/15/2023,11:15,MCAP HEAT,Montipora,351.6
8/15/2023,11:30,MCAP HEAT,Montipora,352.2
8/15/2023,11:45,MCAP HEAT,Montipora,394.7
8/15/2023,12:00,MCAP HEAT,Montipora,149.1
8/15/2023,12:15,MCAP HEAT,Montipora,196.3
8/15/2023,12:30,MCAP HEAT,Montipora,84
8/15/2023,12:45,MCAP HEAT,Montipora,142.8
8/15/2023,13:00,MCAP HEAT,Montipora,74.3
8/15/2023,13:15,MCAP HEAT,Montipora,81.2
8/15/2023,13:30,MCAP HEAT,Montipora,70
8/15/2023,13:45,MCAP HEAT,Montipora,50.2
8/15/2023,14:00,MCAP HEAT,Montipora,165.2
8/15/2023,14:15,MCAP HEAT,Montipora,135.8
8/15/2023,14:30,MCAP HEAT,Montipora,56.9
8/15/2023,14:45,MCAP HEAT,Montipora,60.3
8/15/2023,15:00,MCAP HEAT,Montipora,59.1
8/15/2023,15:15,MCAP HEAT,Montipora,58.7
8/15/2023,15:30,MCAP HEAT,Montipora,60.3
8/15/2023,15:45,MCAP HEAT,Montipora,47.9
8/15/2023,16:00,MCAP HEAT,Montipora,37.6
8/15/2023,16:15,MCAP HEAT,Montipora,40.3
8/15/2023,16:30,MCAP HEAT,Montipora,40.8
8/15/2023,16:45,MCAP HEAT,Montipora,38.1
8/15/2023,17:00,MCAP HEAT,Montipora,34
8/15/2023,17:15,MCAP HEAT,Montipora,28
8/15/2023,17:30,MCAP HEAT,Montipora,21.7
8/15/2023,17:45,MCAP HEAT,Montipora,16.4
8/15/2023,18:00,MCAP HEAT,Montipora,17.7
8/15/2023,18:15,MCAP HEAT,Montipora,11.1
8/15/2023,18:30,MCAP HEAT,Montipora,11.1
8/15/2023,18:45,MCAP HEAT,Montipora,7.1
8/15/2023,19:00,MCAP HEAT,Montipora,2.4
8/15/2023,19:15,MCAP HEAT,Montipora,0.5
8/15/2023,19:30,MCAP HEAT,Montipora,0
8/15/2023,19:45,MCAP HEAT,Montipora,0
8/15/2023,20:00,MCAP HEAT,Montipora,0
8/15/2023,20:15,MCAP HEAT,Montipora,0
8/15/2023,20:30,MCAP HEAT,Montipora,0
8/15/2023,20:45,MCAP HEAT,Montipora,0
8/15/2023,21:00,MCAP HEAT,Montipora,0
8/15/2023,21:15,MCAP HEAT,Montipora,0
8/15/2023,21:30,MCAP HEAT,Montipora,0
8/15/2023,21:45,MCAP HEAT,Montipora,0
8/15/2023,22:00,MCAP HEAT,Montipora,0
8/15/2023,22:15,MCAP HEAT,Montipora,0
8/15/2023,22:30,MCAP HEAT,Montipora,0
8/15/2023,22:45,MCAP HEAT,Montipora,0
8/15/2023,23:00,MCAP HEAT,Montipora,0
8/15/2023,23:15,MCAP HEAT,Montipora,0
8/15/2023,23:30,MCAP HEAT,Montipora,0
8/15/2023,23:45,MCAP HEAT,Montipora,0
8/16/2023,0:00,MCAP HEAT,Montipora,0
8/16/2023,0:15,MCAP HEAT,Montipora,0
8/16/2023,0:30,MCAP HEAT,Montipora,0
8/16/2023,0:45,MCAP HEAT,Montipora,0
8/16/2023,1:00,MCAP HEAT,Montipora,0
8/16/2023,1:15,MCAP HEAT,Montipora,0
8/16/2023,1:30,MCAP HEAT,Montipora,0
8/16/2023,1:45,MCAP HEAT,Montipora,0
8/16/2023,2:00,MCAP HEAT,Montipora,0
8/16/2023,2:15,MCAP HEAT,Montipora,0
8/16/2023,2:30,MCAP HEAT,Montipora,0
8/16/2023,2:45,MCAP HEAT,Montipora,0
8/16/2023,3:00,MCAP HEAT,Montipora,0
8/16/2023,3:15,MCAP HEAT,Montipora,0
8/16/2023,3:30,MCAP HEAT,Montipora,0
8/16/2023,3:45,MCAP HEAT,Montipora,0
8/16/2023,4:00,MCAP HEAT,Montipora,0
8/16/2023,4:15,MCAP HEAT,Montipora,0
8/16/2023,4:30,MCAP HEAT,Montipora,0
8/16/2023,4:45,MCAP HEAT,Montipora,0
8/16/2023,5:00,MCAP HEAT,Montipora,0
8/16/2023,5:15,MCAP HEAT,Montipora,0
8/16/2023,5:30,MCAP HEAT,Montipora,0
8/16/2023,5:45,MCAP HEAT,Montipora,0
8/16/2023,6:00,MCAP HEAT,Montipora,0
8/16/2023,6:15,MCAP HEAT,Montipora,0.2
8/16/2023,6:30,MCAP HEAT,Montipora,2.4
8/16/2023,6:45,MCAP HEAT,Montipora,5
8/16/2023,7:00,MCAP HEAT,Montipora,7.4
8/16/2023,7:15,MCAP HEAT,Montipora,15.4
8/16/2023,7:30,MCAP HEAT,Montipora,18.2
8/16/2023,7:45,MCAP HEAT,Montipora,29.7
8/16/2023,8:00,MCAP HEAT,Montipora,39.8
8/16/2023,8:15,MCAP HEAT,Montipora,32.1
8/16/2023,8:30,MCAP HEAT,Montipora,64
8/16/2023,8:45,MCAP HEAT,Montipora,60.1
8/16/2023,9:00,MCAP HEAT,Montipora,53
8/16/2023,9:15,MCAP HEAT,Montipora,72.9
8/16/2023,9:30,MCAP HEAT,Montipora,106.9
8/16/2023,9:45,MCAP HEAT,Montipora,118.8
8/16/2023,10:00,MCAP HEAT,Montipora,147.7
8/16/2023,10:15,MCAP HEAT,Montipora,162
8/16/2023,10:30,MCAP HEAT,Montipora,168.5
8/16/2023,10:45,MCAP HEAT,Montipora,128
8/16/2023,11:00,MCAP HEAT,Montipora,101.4
8/16/2023,11:15,MCAP HEAT,Montipora,124.9
8/16/2023,11:30,MCAP HEAT,Montipora,163.3
8/16/2023,11:45,MCAP HEAT,Montipora,168.1
8/16/2023,12:00,MCAP HEAT,Montipora,137.8
8/16/2023,12:15,MCAP HEAT,Montipora,144.4
8/16/2023,12:30,MCAP HEAT,Montipora,111.7
8/16/2023,12:45,MCAP HEAT,Montipora,136.1
8/16/2023,13:00,MCAP HEAT,Montipora,92.5
8/16/2023,13:15,MCAP HEAT,Montipora,137.4
8/16/2023,13:30,MCAP HEAT,Montipora,234.5
8/16/2023,13:45,MCAP HEAT,Montipora,255.5
8/16/2023,14:00,MCAP HEAT,Montipora,192.4
8/16/2023,14:15,MCAP HEAT,Montipora,203.1
8/16/2023,14:30,MCAP HEAT,Montipora,187.3
8/16/2023,14:45,MCAP HEAT,Montipora,96
8/16/2023,15:00,MCAP HEAT,Montipora,59.7
8/16/2023,15:15,MCAP HEAT,Montipora,57.2
8/16/2023,15:30,MCAP HEAT,Montipora,52.9
8/16/2023,15:45,MCAP HEAT,Montipora,40.3
8/16/2023,16:00,MCAP HEAT,Montipora,39.4
8/16/2023,16:15,MCAP HEAT,Montipora,38.5
8/16/2023,16:30,MCAP HEAT,Montipora,31.1
8/16/2023,16:45,MCAP HEAT,Montipora,23.8
8/16/2023,17:00,MCAP HEAT,Montipora,21.2
8/16/2023,17:15,MCAP HEAT,Montipora,17.7
8/16/2023,17:30,MCAP HEAT,Montipora,17.8
8/16/2023,17:45,MCAP HEAT,Montipora,17.2
8/16/2023,18:00,MCAP HEAT,Montipora,15.9
8/16/2023,18:15,MCAP HEAT,Montipora,12.9
8/16/2023,18:30,MCAP HEAT,Montipora,10.7
8/16/2023,18:45,MCAP HEAT,Montipora,6.6
8/16/2023,19:00,MCAP HEAT,Montipora,2.6
8/16/2023,19:15,MCAP HEAT,Montipora,0.5
8/16/2023,19:30,MCAP HEAT,Montipora,0
8/16/2023,19:45,MCAP HEAT,Montipora,0
8/16/2023,20:00,MCAP HEAT,Montipora,0
8/16/2023,20:15,MCAP HEAT,Montipora,0
8/16/2023,20:30,MCAP HEAT,Montipora,0
8/16/2023,20:45,MCAP HEAT,Montipora,0
8/16/2023,21:00,MCAP HEAT,Montipora,0
8/16/2023,21:15,MCAP HEAT,Montipora,0
8/16/2023,21:30,MCAP HEAT,Montipora,0
8/16/2023,21:45,MCAP HEAT,Montipora,0
8/16/2023,22:00,MCAP HEAT,Montipora,0
8/16/2023,22:15,MCAP HEAT,Montipora,0
8/16/2023,22:30,MCAP HEAT,Montipora,0
8/16/2023,22:45,MCAP HEAT,Montipora,0
8/16/2023,23:00,MCAP HEAT,Montipora,0
8/16/2023,23:15,MCAP HEAT,Montipora,0
8/16/2023,23:30,MCAP HEAT,Montipora,0
8/16/2023,23:45,MCAP HEAT,Montipora,0
8/17/2023,0:00,MCAP HEAT,Montipora,0
8/17/2023,0:15,MCAP HEAT,Montipora,0
8/17/2023,0:30,MCAP HEAT,Montipora,0
8/17/2023,0:45,MCAP HEAT,Montipora,0
8/17/2023,1:00,MCAP HEAT,Montipora,0
8/17/2023,1:15,MCAP HEAT,Montipora,0
8/17/2023,1:30,MCAP HEAT,Montipora,0
8/17/2023,1:45,MCAP HEAT,Montipora,0
8/17/2023,2:00,MCAP HEAT,Montipora,0
8/17/2023,2:15,MCAP HEAT,Montipora,0
8/17/2023,2:30,MCAP HEAT,Montipora,0
8/17/2023,2:45,MCAP HEAT,Montipora,0
8/17/2023,3:00,MCAP HEAT,Montipora,0
8/17/2023,3:15,MCAP HEAT,Montipora,0
8/17/2023,3:30,MCAP HEAT,Montipora,0
8/17/2023,3:45,MCAP HEAT,Montipora,0
8/17/2023,4:00,MCAP HEAT,Montipora,0
8/17/2023,4:15,MCAP HEAT,Montipora,0
8/17/2023,4:30,MCAP HEAT,Montipora,0
8/17/2023,4:45,MCAP HEAT,Montipora,0
8/17/2023,5:00,MCAP HEAT,Montipora,0
8/17/2023,5:15,MCAP HEAT,Montipora,0
8/17/2023,5:30,MCAP HEAT,Montipora,0
8/17/2023,5:45,MCAP HEAT,Montipora,0
8/17/2023,6:00,MCAP HEAT,Montipora,0
8/17/2023,6:15,MCAP HEAT,Montipora,0.4
8/17/2023,6:30,MCAP HEAT,Montipora,3.4
8/17/2023,6:45,MCAP HEAT,Montipora,7.2
8/17/2023,7:00,MCAP HEAT,Montipora,13
8/17/2023,7:15,MCAP HEAT,Montipora,28.7
8/17/2023,7:30,MCAP HEAT,Montipora,28.6
8/17/2023,7:45,MCAP HEAT,Montipora,28.5
8/17/2023,8:00,MCAP HEAT,Montipora,53.6
8/17/2023,8:15,MCAP HEAT,Montipora,112
8/17/2023,8:30,MCAP HEAT,Montipora,115.7
8/17/2023,8:45,MCAP HEAT,Montipora,73.7
8/17/2023,9:00,MCAP HEAT,Montipora,90.3
8/17/2023,9:15,MCAP HEAT,Montipora,157.2
8/17/2023,9:30,MCAP HEAT,Montipora,102.7
8/17/2023,9:45,MCAP HEAT,Montipora,113.4
8/17/2023,10:00,MCAP HEAT,Montipora,150.3
8/17/2023,10:15,MCAP HEAT,Montipora,297.5
8/17/2023,10:30,MCAP HEAT,Montipora,167.5
8/17/2023,10:45,MCAP HEAT,Montipora,118.3
8/17/2023,11:00,MCAP HEAT,Montipora,107.8
8/17/2023,11:15,MCAP HEAT,Montipora,126.3
8/17/2023,11:30,MCAP HEAT,Montipora,77.4
8/17/2023,11:45,MCAP HEAT,Montipora,86.4
8/17/2023,12:00,MCAP HEAT,Montipora,93.6
8/17/2023,12:15,MCAP HEAT,Montipora,87.2
8/17/2023,12:30,MCAP HEAT,Montipora,94.8
8/17/2023,12:45,MCAP HEAT,Montipora,113.8
8/17/2023,13:00,MCAP HEAT,Montipora,125.1
8/17/2023,13:15,MCAP HEAT,Montipora,99.4
8/17/2023,13:30,MCAP HEAT,Montipora,92.8
8/17/2023,13:45,MCAP HEAT,Montipora,60
8/17/2023,14:00,MCAP HEAT,Montipora,71.3
8/17/2023,14:15,MCAP HEAT,Montipora,84
8/17/2023,14:30,MCAP HEAT,Montipora,46.6
8/17/2023,14:45,MCAP HEAT,Montipora,57.7
8/17/2023,15:00,MCAP HEAT,Montipora,53.8
8/17/2023,15:15,MCAP HEAT,Montipora,50
8/17/2023,15:30,MCAP HEAT,Montipora,45.9
8/17/2023,15:45,MCAP HEAT,Montipora,40.6
8/17/2023,16:00,MCAP HEAT,Montipora,37.7
8/17/2023,16:15,MCAP HEAT,Montipora,51.8
8/17/2023,16:30,MCAP HEAT,Montipora,35.7
8/17/2023,16:45,MCAP HEAT,Montipora,25.5
8/17/2023,17:00,MCAP HEAT,Montipora,22.3
8/17/2023,17:15,MCAP HEAT,Montipora,19.5
8/17/2023,17:30,MCAP HEAT,Montipora,18
8/17/2023,17:45,MCAP HEAT,Montipora,17.8
8/17/2023,18:00,MCAP HEAT,Montipora,16.6
8/17/2023,18:15,MCAP HEAT,Montipora,15.2
8/17/2023,18:30,MCAP HEAT,Montipora,10.1
8/17/2023,18:45,MCAP HEAT,Montipora,4.3
8/17/2023,19:00,MCAP HEAT,Montipora,2.2
8/17/2023,19:15,MCAP HEAT,Montipora,0.5
8/17/2023,19:30,MCAP HEAT,Montipora,0
8/17/2023,19:45,MCAP HEAT,Montipora,0
8/17/2023,20:00,MCAP HEAT,Montipora,0
8/17/2023,20:15,MCAP HEAT,Montipora,0
8/17/2023,20:30,MCAP HEAT,Montipora,0
8/17/2023,20:45,MCAP HEAT,Montipora,0
8/17/2023,21:00,MCAP HEAT,Montipora,0
8/17/2023,21:15,MCAP HEAT,Montipora,0
8/17/2023,21:30,MCAP HEAT,Montipora,0
8/17/2023,21:45,MCAP HEAT,Montipora,0
8/17/2023,22:00,MCAP HEAT,Montipora,0
8/17/2023,22:15,MCAP HEAT,Montipora,0
8/17/2023,22:30,MCAP HEAT,Montipora,0
8/17/2023,22:45,MCAP HEAT,Montipora,0
8/17/2023,23:00,MCAP HEAT,Montipora,0
8/17/2023,23:15,MCAP HEAT,Montipora,0
8/17/2023,23:30,MCAP HEAT,Montipora,0
8/17/2023,23:45,MCAP HEAT,Montipora,0
8/18/2023,0:00,MCAP HEAT,Montipora,0
8/18/2023,0:15,MCAP HEAT,Montipora,0
8/18/2023,0:30,MCAP HEAT,Montipora,0
8/18/2023,0:45,MCAP HEAT,Montipora,0
8/18/2023,1:00,MCAP HEAT,Montipora,0
8/18/2023,1:15,MCAP HEAT,Montipora,0
8/18/2023,1:30,MCAP HEAT,Montipora,0
8/18/2023,1:45,MCAP HEAT,Montipora,0
8/18/2023,2:00,MCAP HEAT,Montipora,0
8/18/2023,2:15,MCAP HEAT,Montipora,0
8/18/2023,2:30,MCAP HEAT,Montipora,0
8/18/2023,2:45,MCAP HEAT,Montipora,0
8/18/2023,3:00,MCAP HEAT,Montipora,0
8/18/2023,3:15,MCAP HEAT,Montipora,0
8/18/2023,3:30,MCAP HEAT,Montipora,0
8/18/2023,3:45,MCAP HEAT,Montipora,0
8/18/2023,4:00,MCAP HEAT,Montipora,0
8/18/2023,4:15,MCAP HEAT,Montipora,0
8/18/2023,4:30,MCAP HEAT,Montipora,0
8/18/2023,4:45,MCAP HEAT,Montipora,0
8/18/2023,5:00,MCAP HEAT,Montipora,0
8/18/2023,5:15,MCAP HEAT,Montipora,0
8/18/2023,5:30,MCAP HEAT,Montipora,0
8/18/2023,5:45,MCAP HEAT,Montipora,0
8/18/2023,6:00,MCAP HEAT,Montipora,0
8/18/2023,6:15,MCAP HEAT,Montipora,0.7
8/18/2023,6:30,MCAP HEAT,Montipora,2.9
8/18/2023,6:45,MCAP HEAT,Montipora,7.1
8/18/2023,7:00,MCAP HEAT,Montipora,46.8
8/18/2023,7:15,MCAP HEAT,Montipora,58.9
8/18/2023,7:30,MCAP HEAT,Montipora,53.7
8/18/2023,7:45,MCAP HEAT,Montipora,66.3
8/18/2023,8:00,MCAP HEAT,Montipora,121.9
8/18/2023,8:15,MCAP HEAT,Montipora,106.4
8/18/2023,8:30,MCAP HEAT,Montipora,53.4
8/18/2023,8:45,MCAP HEAT,Montipora,73.5
8/18/2023,9:00,MCAP HEAT,Montipora,82.9
8/18/2023,9:15,MCAP HEAT,Montipora,97.4
8/18/2023,9:30,MCAP HEAT,Montipora,41.8
8/18/2023,9:45,MCAP HEAT,Montipora,37.8
8/18/2023,10:00,MCAP HEAT,Montipora,89.4
8/18/2023,10:15,MCAP HEAT,Montipora,117.3
8/18/2023,10:30,MCAP HEAT,Montipora,215.7
8/18/2023,10:45,MCAP HEAT,Montipora,284.5
8/18/2023,11:00,MCAP HEAT,Montipora,213
8/18/2023,11:15,MCAP HEAT,Montipora,246.7
8/18/2023,11:30,MCAP HEAT,Montipora,117.2
8/18/2023,11:45,MCAP HEAT,Montipora,78.6
8/18/2023,12:00,MCAP HEAT,Montipora,83.4
8/18/2023,12:15,MCAP HEAT,Montipora,82.8
8/18/2023,12:30,MCAP HEAT,Montipora,82.4
8/18/2023,12:45,MCAP HEAT,Montipora,100.6
8/18/2023,13:00,MCAP HEAT,Montipora,94
8/18/2023,13:15,MCAP HEAT,Montipora,111.4
8/18/2023,13:30,MCAP HEAT,Montipora,159.1
8/18/2023,13:45,MCAP HEAT,Montipora,159.9
8/18/2023,14:00,MCAP HEAT,Montipora,167.6
8/18/2023,14:15,MCAP HEAT,Montipora,156.8
8/18/2023,14:30,MCAP HEAT,Montipora,126.3
8/18/2023,14:45,MCAP HEAT,Montipora,65.2
8/18/2023,15:00,MCAP HEAT,Montipora,46.8
8/18/2023,15:15,MCAP HEAT,Montipora,32.8
8/18/2023,15:30,MCAP HEAT,Montipora,31.4
8/18/2023,15:45,MCAP HEAT,Montipora,29.9
8/18/2023,16:00,MCAP HEAT,Montipora,36
8/18/2023,16:15,MCAP HEAT,Montipora,48.7
8/18/2023,16:30,MCAP HEAT,Montipora,30.4
8/18/2023,16:45,MCAP HEAT,Montipora,23.3
8/18/2023,17:00,MCAP HEAT,Montipora,21.6
8/18/2023,17:15,MCAP HEAT,Montipora,21
8/18/2023,17:30,MCAP HEAT,Montipora,20.7
8/18/2023,17:45,MCAP HEAT,Montipora,13.8
8/18/2023,18:00,MCAP HEAT,Montipora,9.3
8/18/2023,18:15,MCAP HEAT,Montipora,7.9
8/18/2023,18:30,MCAP HEAT,Montipora,6.4
8/18/2023,18:45,MCAP HEAT,Montipora,5.8
8/18/2023,19:00,MCAP HEAT,Montipora,2.1
8/18/2023,19:15,MCAP HEAT,Montipora,0.4
8/18/2023,19:30,MCAP HEAT,Montipora,0
8/18/2023,19:45,MCAP HEAT,Montipora,0
8/18/2023,20:00,MCAP HEAT,Montipora,0
8/18/2023,20:15,MCAP HEAT,Montipora,0
8/18/2023,20:30,MCAP HEAT,Montipora,0
8/18/2023,20:45,MCAP HEAT,Montipora,0
8/18/2023,21:00,MCAP HEAT,Montipora,0
8/18/2023,21:15,MCAP HEAT,Montipora,0
8/18/2023,21:30,MCAP HEAT,Montipora,0
8/18/2023,21:45,MCAP HEAT,Montipora,0
8/18/2023,22:00,MCAP HEAT,Montipora,0
8/18/2023,22:15,MCAP HEAT,Montipora,0
8/18/2023,22:30,MCAP HEAT,Montipora,0
8/18/2023,22:45,MCAP HEAT,Montipora,0
8/18/2023,23:00,MCAP HEAT,Montipora,0
8/18/2023,23:15,MCAP HEAT,Montipora,0
8/18/2023,23:30,MCAP HEAT,Montipora,0
8/18/2023,23:45,MCAP HEAT,Montipora,0
8/19/2023,0:00,MCAP HEAT,Montipora,0
8/19/2023,0:15,MCAP HEAT,Montipora,0
8/19/2023,0:30,MCAP HEAT,Montipora,0
8/19/2023,0:45,MCAP HEAT,Montipora,0
8/19/2023,1:00,MCAP HEAT,Montipora,0
8/19/2023,1:15,MCAP HEAT,Montipora,0
8/19/2023,1:30,MCAP HEAT,Montipora,0
8/19/2023,1:45,MCAP HEAT,Montipora,0
8/19/2023,2:00,MCAP HEAT,Montipora,0
8/19/2023,2:15,MCAP HEAT,Montipora,0
8/19/2023,2:30,MCAP HEAT,Montipora,0
8/19/2023,2:45,MCAP HEAT,Montipora,0
8/19/2023,3:00,MCAP HEAT,Montipora,0
8/19/2023,3:15,MCAP HEAT,Montipora,0
8/19/2023,3:30,MCAP HEAT,Montipora,0
8/19/2023,3:45,MCAP HEAT,Montipora,0
8/19/2023,4:00,MCAP HEAT,Montipora,0
8/19/2023,4:15,MCAP HEAT,Montipora,0
8/19/2023,4:30,MCAP HEAT,Montipora,0
8/19/2023,4:45,MCAP HEAT,Montipora,0
8/19/2023,5:00,MCAP HEAT,Montipora,0
8/19/2023,5:15,MCAP HEAT,Montipora,0
8/19/2023,5:30,MCAP HEAT,Montipora,0
8/19/2023,5:45,MCAP HEAT,Montipora,0
8/19/2023,6:00,MCAP HEAT,Montipora,0
8/19/2023,6:15,MCAP HEAT,Montipora,0.7
8/19/2023,6:30,MCAP HEAT,Montipora,4
8/19/2023,6:45,MCAP HEAT,Montipora,10.7
8/19/2023,7:00,MCAP HEAT,Montipora,37.7
8/19/2023,7:15,MCAP HEAT,Montipora,28.9
8/19/2023,7:30,MCAP HEAT,Montipora,45
8/19/2023,7:45,MCAP HEAT,Montipora,39.4
8/19/2023,8:00,MCAP HEAT,Montipora,70.9
8/19/2023,8:15,MCAP HEAT,Montipora,63
8/19/2023,8:30,MCAP HEAT,Montipora,46.1
8/19/2023,8:45,MCAP HEAT,Montipora,49.3
8/19/2023,9:00,MCAP HEAT,Montipora,60.4
8/19/2023,9:15,MCAP HEAT,Montipora,49.7
8/19/2023,9:30,MCAP HEAT,Montipora,60
8/19/2023,9:45,MCAP HEAT,Montipora,99.2
8/19/2023,10:00,MCAP HEAT,Montipora,145.2
8/19/2023,10:15,MCAP HEAT,Montipora,278.8
8/19/2023,10:30,MCAP HEAT,Montipora,311.5
8/19/2023,10:45,MCAP HEAT,Montipora,232.6
8/19/2023,11:00,MCAP HEAT,Montipora,74.2
8/19/2023,11:15,MCAP HEAT,Montipora,229.4
8/19/2023,11:30,MCAP HEAT,Montipora,123.8
8/19/2023,11:45,MCAP HEAT,Montipora,80.5
8/19/2023,12:00,MCAP HEAT,Montipora,91.7
8/19/2023,12:15,MCAP HEAT,Montipora,85.9
8/19/2023,12:30,MCAP HEAT,Montipora,84.3
8/19/2023,12:45,MCAP HEAT,Montipora,113.8
8/19/2023,13:00,MCAP HEAT,Montipora,139.8
8/19/2023,13:15,MCAP HEAT,Montipora,148.5
8/19/2023,13:30,MCAP HEAT,Montipora,108.1
8/19/2023,13:45,MCAP HEAT,Montipora,146.7
8/19/2023,14:00,MCAP HEAT,Montipora,148
8/19/2023,14:15,MCAP HEAT,Montipora,146.1
8/19/2023,14:30,MCAP HEAT,Montipora,102.2
8/19/2023,14:45,MCAP HEAT,Montipora,66.5
8/19/2023,15:00,MCAP HEAT,Montipora,43.1
8/19/2023,15:15,MCAP HEAT,Montipora,36.7
8/19/2023,15:30,MCAP HEAT,Montipora,35.9
8/19/2023,15:45,MCAP HEAT,Montipora,37.5
8/19/2023,16:00,MCAP HEAT,Montipora,30.7
8/19/2023,16:15,MCAP HEAT,Montipora,32.4
8/19/2023,16:30,MCAP HEAT,Montipora,24.8
8/19/2023,16:45,MCAP HEAT,Montipora,18.6
8/19/2023,17:00,MCAP HEAT,Montipora,14.9
8/19/2023,17:15,MCAP HEAT,Montipora,12.9
8/19/2023,17:30,MCAP HEAT,Montipora,11.7
8/19/2023,17:45,MCAP HEAT,Montipora,11.2
8/19/2023,18:00,MCAP HEAT,Montipora,9.5
8/19/2023,18:15,MCAP HEAT,Montipora,8.2
8/19/2023,18:30,MCAP HEAT,Montipora,6.4
8/19/2023,18:45,MCAP HEAT,Montipora,4.3
8/19/2023,19:00,MCAP HEAT,Montipora,2
8/19/2023,19:15,MCAP HEAT,Montipora,0.3
8/19/2023,19:30,MCAP HEAT,Montipora,0
8/19/2023,19:45,MCAP HEAT,Montipora,0
8/19/2023,20:00,MCAP HEAT,Montipora,0
8/19/2023,20:15,MCAP HEAT,Montipora,0
8/19/2023,20:30,MCAP HEAT,Montipora,0
8/19/2023,20:45,MCAP HEAT,Montipora,0
8/19/2023,21:00,MCAP HEAT,Montipora,0
8/19/2023,21:15,MCAP HEAT,Montipora,0
8/19/2023,21:30,MCAP HEAT,Montipora,0
8/19/2023,21:45,MCAP HEAT,Montipora,0
8/19/2023,22:00,MCAP HEAT,Montipora,0
8/19/2023,22:15,MCAP HEAT,Montipora,0
8/19/2023,22:30,MCAP HEAT,Montipora,0
8/19/2023,22:45,MCAP HEAT,Montipora,0
8/19/2023,23:00,MCAP HEAT,Montipora,0
8/19/2023,23:15,MCAP HEAT,Montipora,0
8/19/2023,23:30,MCAP HEAT,Montipora,0
8/19/2023,23:45,MCAP HEAT,Montipora,0
8/20/2023,0:00,MCAP HEAT,Montipora,0
8/20/2023,0:15,MCAP HEAT,Montipora,0
8/20/2023,0:30,MCAP HEAT,Montipora,0
8/20/2023,0:45,MCAP HEAT,Montipora,0
8/20/2023,1:00,MCAP HEAT,Montipora,0
8/20/2023,1:15,MCAP HEAT,Montipora,0
8/20/2023,1:30,MCAP HEAT,Montipora,0
8/20/2023,1:45,MCAP HEAT,Montipora,0
8/20/2023,2:00,MCAP HEAT,Montipora,0
8/20/2023,2:15,MCAP HEAT,Montipora,0
8/20/2023,2:30,MCAP HEAT,Montipora,0
8/20/2023,2:45,MCAP HEAT,Montipora,0
8/20/2023,3:00,MCAP HEAT,Montipora,0
8/20/2023,3:15,MCAP HEAT,Montipora,0
8/20/2023,3:30,MCAP HEAT,Montipora,0
8/20/2023,3:45,MCAP HEAT,Montipora,0
8/20/2023,4:00,MCAP HEAT,Montipora,0
8/20/2023,4:15,MCAP HEAT,Montipora,0
8/20/2023,4:30,MCAP HEAT,Montipora,0
8/20/2023,4:45,MCAP HEAT,Montipora,0
8/20/2023,5:00,MCAP HEAT,Montipora,0
8/20/2023,5:15,MCAP HEAT,Montipora,0
8/20/2023,5:30,MCAP HEAT,Montipora,0
8/20/2023,5:45,MCAP HEAT,Montipora,0
8/20/2023,6:00,MCAP HEAT,Montipora,0
8/20/2023,6:15,MCAP HEAT,Montipora,0.6
8/20/2023,6:30,MCAP HEAT,Montipora,3.6
8/20/2023,6:45,MCAP HEAT,Montipora,8.5
8/20/2023,7:00,MCAP HEAT,Montipora,10.3
8/20/2023,7:15,MCAP HEAT,Montipora,18.3
8/20/2023,7:30,MCAP HEAT,Montipora,34
8/20/2023,7:45,MCAP HEAT,Montipora,66.2
8/20/2023,8:00,MCAP HEAT,Montipora,58.6
8/20/2023,8:15,MCAP HEAT,Montipora,52.9
8/20/2023,8:30,MCAP HEAT,Montipora,72.1
8/20/2023,8:45,MCAP HEAT,Montipora,65.3
8/20/2023,9:00,MCAP HEAT,Montipora,93.2
8/20/2023,9:15,MCAP HEAT,Montipora,69.7
8/20/2023,9:30,MCAP HEAT,Montipora,74.6
8/20/2023,9:45,MCAP HEAT,Montipora,47.9
8/20/2023,10:00,MCAP HEAT,Montipora,40.4
8/20/2023,10:15,MCAP HEAT,Montipora,86.8
8/20/2023,10:30,MCAP HEAT,Montipora,80.9
8/20/2023,10:45,MCAP HEAT,Montipora,139.5
8/20/2023,11:00,MCAP HEAT,Montipora,146
8/20/2023,11:15,MCAP HEAT,Montipora,214.1
8/20/2023,11:30,MCAP HEAT,Montipora,116.4
8/20/2023,11:45,MCAP HEAT,Montipora,77.8
8/20/2023,12:00,MCAP HEAT,Montipora,72.6
8/20/2023,12:15,MCAP HEAT,Montipora,75.5
8/20/2023,12:30,MCAP HEAT,Montipora,69.8
8/20/2023,12:45,MCAP HEAT,Montipora,95.1
8/20/2023,13:00,MCAP HEAT,Montipora,121.1
8/20/2023,13:15,MCAP HEAT,Montipora,98.5
8/20/2023,13:30,MCAP HEAT,Montipora,39.1
8/20/2023,13:45,MCAP HEAT,Montipora,35.6
8/20/2023,14:00,MCAP HEAT,Montipora,47.6
8/20/2023,14:15,MCAP HEAT,Montipora,64.9
8/20/2023,14:30,MCAP HEAT,Montipora,80.1
8/20/2023,14:45,MCAP HEAT,Montipora,53.5
8/20/2023,15:00,MCAP HEAT,Montipora,43.1
8/20/2023,15:15,MCAP HEAT,Montipora,79.6
8/20/2023,15:30,MCAP HEAT,Montipora,71.7
8/20/2023,15:45,MCAP HEAT,Montipora,57.8
8/20/2023,16:00,MCAP HEAT,Montipora,57.8
8/20/2023,16:15,MCAP HEAT,Montipora,44.6
8/20/2023,16:30,MCAP HEAT,Montipora,39.4
8/20/2023,16:45,MCAP HEAT,Montipora,48.9
8/20/2023,17:00,MCAP HEAT,Montipora,43.9
8/20/2023,17:15,MCAP HEAT,Montipora,35.2
8/20/2023,17:30,MCAP HEAT,Montipora,22.1
8/20/2023,17:45,MCAP HEAT,Montipora,18.5
8/20/2023,18:00,MCAP HEAT,Montipora,13.2
8/20/2023,18:15,MCAP HEAT,Montipora,14
8/20/2023,18:30,MCAP HEAT,Montipora,10.3
8/20/2023,18:45,MCAP HEAT,Montipora,6.5
8/20/2023,19:00,MCAP HEAT,Montipora,2.3
8/20/2023,19:15,MCAP HEAT,Montipora,0.1
8/20/2023,19:30,MCAP HEAT,Montipora,0
8/20/2023,19:45,MCAP HEAT,Montipora,0
8/20/2023,20:00,MCAP HEAT,Montipora,0
8/20/2023,20:15,MCAP HEAT,Montipora,0
8/20/2023,20:30,MCAP HEAT,Montipora,0
8/20/2023,20:45,MCAP HEAT,Montipora,0
8/20/2023,21:00,MCAP HEAT,Montipora,0
8/20/2023,21:15,MCAP HEAT,Montipora,0
8/20/2023,21:30,MCAP HEAT,Montipora,0
8/20/2023,21:45,MCAP HEAT,Montipora,0
8/20/2023,22:00,MCAP HEAT,Montipora,0
8/20/2023,22:15,MCAP HEAT,Montipora,0
8/20/2023,22:30,MCAP HEAT,Montipora,0
8/20/2023,22:45,MCAP HEAT,Montipora,0
8/20/2023,23:00,MCAP HEAT,Montipora,0
8/20/2023,23:15,MCAP HEAT,Montipora,0
8/20/2023,23:30,MCAP HEAT,Montipora,0
8/20/2023,23:45,MCAP HEAT,Montipora,0
8/21/2023,0:00,MCAP HEAT,Montipora,0
8/21/2023,0:15,MCAP HEAT,Montipora,0
8/21/2023,0:30,MCAP HEAT,Montipora,0
8/21/2023,0:45,MCAP HEAT,Montipora,0
8/21/2023,1:00,MCAP HEAT,Montipora,0
8/21/2023,1:15,MCAP HEAT,Montipora,0
8/21/2023,1:30,MCAP HEAT,Montipora,0
8/21/2023,1:45,MCAP HEAT,Montipora,0
8/21/2023,2:00,MCAP HEAT,Montipora,0
8/21/2023,2:15,MCAP HEAT,Montipora,0
8/21/2023,2:30,MCAP HEAT,Montipora,0
8/21/2023,2:45,MCAP HEAT,Montipora,0
8/21/2023,3:00,MCAP HEAT,Montipora,0
8/21/2023,3:15,MCAP HEAT,Montipora,0
8/21/2023,3:30,MCAP HEAT,Montipora,0
8/21/2023,3:45,MCAP HEAT,Montipora,0
8/21/2023,4:00,MCAP HEAT,Montipora,0
8/21/2023,4:15,MCAP HEAT,Montipora,0
8/21/2023,4:30,MCAP HEAT,Montipora,0
8/21/2023,4:45,MCAP HEAT,Montipora,0
8/21/2023,5:00,MCAP HEAT,Montipora,0
8/21/2023,5:15,MCAP HEAT,Montipora,0
8/21/2023,5:30,MCAP HEAT,Montipora,0
8/21/2023,5:45,MCAP HEAT,Montipora,0
8/21/2023,6:00,MCAP HEAT,Montipora,0
8/21/2023,6:15,MCAP HEAT,Montipora,0.3
8/21/2023,6:30,MCAP HEAT,Montipora,1.7
8/21/2023,6:45,MCAP HEAT,Montipora,3.2
8/21/2023,7:00,MCAP HEAT,Montipora,4.4
8/21/2023,7:15,MCAP HEAT,Montipora,9.4
8/21/2023,7:30,MCAP HEAT,Montipora,15.4
8/21/2023,7:45,MCAP HEAT,Montipora,22.7
8/21/2023,8:00,MCAP HEAT,Montipora,31.5
8/21/2023,8:15,MCAP HEAT,Montipora,35.6
8/21/2023,8:30,MCAP HEAT,Montipora,48.1
8/21/2023,8:45,MCAP HEAT,Montipora,33.7
8/21/2023,9:00,MCAP HEAT,Montipora,74.7
8/21/2023,9:15,MCAP HEAT,Montipora,92.8
8/21/2023,9:30,MCAP HEAT,Montipora,145.9
8/21/2023,9:45,MCAP HEAT,Montipora,154.9
8/21/2023,10:00,MCAP HEAT,Montipora,158.4
8/21/2023,10:15,MCAP HEAT,Montipora,288.3
8/21/2023,10:30,MCAP HEAT,Montipora,276.7
8/21/2023,10:45,MCAP HEAT,Montipora,339.9
8/21/2023,11:00,MCAP HEAT,Montipora,258
8/21/2023,11:15,MCAP HEAT,Montipora,227.8
8/21/2023,11:30,MCAP HEAT,Montipora,118.1
8/21/2023,11:45,MCAP HEAT,Montipora,87.2
8/21/2023,12:00,MCAP HEAT,Montipora,91.9
8/21/2023,12:15,MCAP HEAT,Montipora,94.4
8/21/2023,12:30,MCAP HEAT,Montipora,68.9
8/21/2023,12:45,MCAP HEAT,Montipora,128
8/21/2023,13:00,MCAP HEAT,Montipora,165.3
8/21/2023,13:15,MCAP HEAT,Montipora,97.2
8/21/2023,13:30,MCAP HEAT,Montipora,55.8
8/21/2023,13:45,MCAP HEAT,Montipora,53.5
8/21/2023,14:00,MCAP HEAT,Montipora,112.2
8/21/2023,14:15,MCAP HEAT,Montipora,99.9
8/21/2023,14:30,MCAP HEAT,Montipora,83.9
8/21/2023,14:45,MCAP HEAT,Montipora,83.4
8/21/2023,15:00,MCAP HEAT,Montipora,75.1
8/21/2023,15:15,MCAP HEAT,Montipora,74
8/21/2023,15:30,MCAP HEAT,Montipora,61.7
8/21/2023,15:45,MCAP HEAT,Montipora,67.5
8/21/2023,16:00,MCAP HEAT,Montipora,80
8/21/2023,16:15,MCAP HEAT,Montipora,64.5
8/21/2023,16:30,MCAP HEAT,Montipora,64.5
8/21/2023,16:45,MCAP HEAT,Montipora,31.7
8/21/2023,17:00,MCAP HEAT,Montipora,47
8/21/2023,17:15,MCAP HEAT,Montipora,35
8/21/2023,17:30,MCAP HEAT,Montipora,23.3
8/21/2023,17:45,MCAP HEAT,Montipora,19.7
8/21/2023,18:00,MCAP HEAT,Montipora,15.3
8/21/2023,18:15,MCAP HEAT,Montipora,12.4
8/21/2023,18:30,MCAP HEAT,Montipora,8.8
8/21/2023,18:45,MCAP HEAT,Montipora,5.5
8/21/2023,19:00,MCAP HEAT,Montipora,2
8/21/2023,19:15,MCAP HEAT,Montipora,0.3
8/21/2023,19:30,MCAP HEAT,Montipora,0
8/21/2023,19:45,MCAP HEAT,Montipora,0
8/21/2023,20:00,MCAP HEAT,Montipora,0
8/21/2023,20:15,MCAP HEAT,Montipora,0
8/21/2023,20:30,MCAP HEAT,Montipora,0
8/21/2023,20:45,MCAP HEAT,Montipora,0
8/21/2023,21:00,MCAP HEAT,Montipora,0
8/21/2023,21:15,MCAP HEAT,Montipora,0
8/21/2023,21:30,MCAP HEAT,Montipora,0
8/21/2023,21:45,MCAP HEAT,Montipora,0
8/21/2023,22:00,MCAP HEAT,Montipora,0
8/21/2023,22:15,MCAP HEAT,Montipora,0
8/21/2023,22:30,MCAP HEAT,Montipora,0
8/21/2023,22:45,MCAP HEAT,Montipora,0
8/21/2023,23:00,MCAP HEAT,Montipora,0
8/21/2023,23:15,MCAP HEAT,Montipora,0
8/21/2023,23:30,MCAP HEAT,Montipora,0
8/21/2023,23:45,MCAP HEAT,Montipora,0
8/22/2023,0:00,MCAP HEAT,Montipora,0
8/22/2023,0:15,MCAP HEAT,Montipora,0
8/22/2023,0:30,MCAP HEAT,Montipora,0
8/22/2023,0:45,MCAP HEAT,Montipora,0
8/22/2023,1:00,MCAP HEAT,Montipora,0
8/22/2023,1:15,MCAP HEAT,Montipora,0
8/22/2023,1:30,MCAP HEAT,Montipora,0
8/22/2023,1:45,MCAP HEAT,Montipora,0
8/22/2023,2:00,MCAP HEAT,Montipora,0
8/22/2023,2:15,MCAP HEAT,Montipora,0
8/22/2023,2:30,MCAP HEAT,Montipora,0
8/22/2023,2:45,MCAP HEAT,Montipora,0
8/22/2023,3:00,MCAP HEAT,Montipora,0
8/22/2023,3:15,MCAP HEAT,Montipora,0
8/22/2023,3:30,MCAP HEAT,Montipora,0
8/22/2023,3:45,MCAP HEAT,Montipora,0
8/22/2023,4:00,MCAP HEAT,Montipora,0
8/22/2023,4:15,MCAP HEAT,Montipora,0
8/22/2023,4:30,MCAP HEAT,Montipora,0
8/22/2023,4:45,MCAP HEAT,Montipora,0
8/22/2023,5:00,MCAP HEAT,Montipora,0
8/22/2023,5:15,MCAP HEAT,Montipora,0
8/22/2023,5:30,MCAP HEAT,Montipora,0
8/22/2023,5:45,MCAP HEAT,Montipora,0
8/22/2023,6:00,MCAP HEAT,Montipora,0
8/22/2023,6:15,MCAP HEAT,Montipora,0.7
8/22/2023,6:30,MCAP HEAT,Montipora,3.6
8/22/2023,6:45,MCAP HEAT,Montipora,7.3
8/22/2023,7:00,MCAP HEAT,Montipora,13.5
8/22/2023,7:15,MCAP HEAT,Montipora,68.3
8/22/2023,7:30,MCAP HEAT,Montipora,171.9
8/22/2023,7:45,MCAP HEAT,Montipora,214.3
8/22/2023,8:00,MCAP HEAT,Montipora,244.5
8/22/2023,8:15,MCAP HEAT,Montipora,122.5
8/22/2023,8:30,MCAP HEAT,Montipora,102.7
8/22/2023,8:45,MCAP HEAT,Montipora,116.4
8/22/2023,9:00,MCAP HEAT,Montipora,86.2
8/22/2023,9:15,MCAP HEAT,Montipora,84.6
8/22/2023,9:30,MCAP HEAT,Montipora,88.4
8/22/2023,9:45,MCAP HEAT,Montipora,84
8/22/2023,10:00,MCAP HEAT,Montipora,143.4
8/22/2023,10:15,MCAP HEAT,Montipora,271.4
8/22/2023,10:30,MCAP HEAT,Montipora,349
8/22/2023,10:45,MCAP HEAT,Montipora,347
8/22/2023,11:00,MCAP HEAT,Montipora,280.5
8/22/2023,11:15,MCAP HEAT,Montipora,348.4
8/22/2023,11:30,MCAP HEAT,Montipora,259.9
8/22/2023,11:45,MCAP HEAT,Montipora,135.8
8/22/2023,12:00,MCAP HEAT,Montipora,177.5
8/22/2023,12:15,MCAP HEAT,Montipora,322.4
8/22/2023,12:30,MCAP HEAT,Montipora,364
8/22/2023,12:45,MCAP HEAT,Montipora,339.6
8/22/2023,13:00,MCAP HEAT,Montipora,343.4
8/22/2023,13:15,MCAP HEAT,Montipora,278.8
8/22/2023,13:30,MCAP HEAT,Montipora,269.5
8/22/2023,13:45,MCAP HEAT,Montipora,251.4
8/22/2023,14:00,MCAP HEAT,Montipora,199.4
8/22/2023,14:15,MCAP HEAT,Montipora,273.4
8/22/2023,14:30,MCAP HEAT,Montipora,249
8/22/2023,14:45,MCAP HEAT,Montipora,214.9
8/22/2023,15:00,MCAP HEAT,Montipora,130.1
8/22/2023,15:15,MCAP HEAT,Montipora,108.8
8/22/2023,15:30,MCAP HEAT,Montipora,95.1
8/22/2023,15:45,MCAP HEAT,Montipora,57
8/22/2023,16:00,MCAP HEAT,Montipora,42
8/22/2023,16:15,MCAP HEAT,Montipora,45.8
8/22/2023,16:30,MCAP HEAT,Montipora,37.5
8/22/2023,16:45,MCAP HEAT,Montipora,26.3
8/22/2023,17:00,MCAP HEAT,Montipora,21
8/22/2023,17:15,MCAP HEAT,Montipora,17.8
8/22/2023,17:30,MCAP HEAT,Montipora,18.7
8/22/2023,17:45,MCAP HEAT,Montipora,16.2
8/22/2023,18:00,MCAP HEAT,Montipora,13.4
8/22/2023,18:15,MCAP HEAT,Montipora,10
8/22/2023,18:30,MCAP HEAT,Montipora,7.9
8/22/2023,18:45,MCAP HEAT,Montipora,4.8
8/22/2023,19:00,MCAP HEAT,Montipora,1.8
8/22/2023,19:15,MCAP HEAT,Montipora,0.2
8/22/2023,19:30,MCAP HEAT,Montipora,0
8/22/2023,19:45,MCAP HEAT,Montipora,0
8/22/2023,20:00,MCAP HEAT,Montipora,0
8/22/2023,20:15,MCAP HEAT,Montipora,0
8/22/2023,20:30,MCAP HEAT,Montipora,0
8/22/2023,20:45,MCAP HEAT,Montipora,0
8/22/2023,21:00,MCAP HEAT,Montipora,0
8/22/2023,21:15,MCAP HEAT,Montipora,0
8/22/2023,21:30,MCAP HEAT,Montipora,0
8/22/2023,21:45,MCAP HEAT,Montipora,0
8/22/2023,22:00,MCAP HEAT,Montipora,0
8/22/2023,22:15,MCAP HEAT,Montipora,0
8/22/2023,22:30,MCAP HEAT,Montipora,0
8/22/2023,22:45,MCAP HEAT,Montipora,0
8/22/2023,23:00,MCAP HEAT,Montipora,0
8/22/2023,23:15,MCAP HEAT,Montipora,0
8/22/2023,23:30,MCAP HEAT,Montipora,0
8/22/2023,23:45,MCAP HEAT,Montipora,0
8/23/2023,0:00,MCAP HEAT,Montipora,0
8/23/2023,0:15,MCAP HEAT,Montipora,0
8/23/2023,0:30,MCAP HEAT,Montipora,0
8/23/2023,0:45,MCAP HEAT,Montipora,0
8/23/2023,1:00,MCAP HEAT,Montipora,0
8/23/2023,1:15,MCAP HEAT,Montipora,0
8/23/2023,1:30,MCAP HEAT,Montipora,0
8/23/2023,1:45,MCAP HEAT,Montipora,0
8/23/2023,2:00,MCAP HEAT,Montipora,0
8/23/2023,2:15,MCAP HEAT,Montipora,0
8/23/2023,2:30,MCAP HEAT,Montipora,0
8/23/2023,2:45,MCAP HEAT,Montipora,0
8/23/2023,3:00,MCAP HEAT,Montipora,0
8/23/2023,3:15,MCAP HEAT,Montipora,0
8/23/2023,3:30,MCAP HEAT,Montipora,0
8/23/2023,3:45,MCAP HEAT,Montipora,0
8/23/2023,4:00,MCAP HEAT,Montipora,0
8/23/2023,4:15,MCAP HEAT,Montipora,0
8/23/2023,4:30,MCAP HEAT,Montipora,0
8/23/2023,4:45,MCAP HEAT,Montipora,0
8/23/2023,5:00,MCAP HEAT,Montipora,0
8/23/2023,5:15,MCAP HEAT,Montipora,0
8/23/2023,5:30,MCAP HEAT,Montipora,0
8/23/2023,5:45,MCAP HEAT,Montipora,0
8/23/2023,6:00,MCAP HEAT,Montipora,0
8/23/2023,6:15,MCAP HEAT,Montipora,0.6
8/23/2023,6:30,MCAP HEAT,Montipora,3.5
8/23/2023,6:45,MCAP HEAT,Montipora,7.9
8/23/2023,7:00,MCAP HEAT,Montipora,12.6
8/23/2023,7:15,MCAP HEAT,Montipora,42.2
8/23/2023,7:30,MCAP HEAT,Montipora,115.6
8/23/2023,7:45,MCAP HEAT,Montipora,123.1
8/23/2023,8:00,MCAP HEAT,Montipora,143.8
8/23/2023,8:15,MCAP HEAT,Montipora,89.6
8/23/2023,8:30,MCAP HEAT,Montipora,94.5
8/23/2023,8:45,MCAP HEAT,Montipora,100.9
8/23/2023,9:00,MCAP HEAT,Montipora,165.9
8/23/2023,9:15,MCAP HEAT,Montipora,264.3
8/23/2023,9:30,MCAP HEAT,Montipora,286.9
8/23/2023,9:45,MCAP HEAT,Montipora,283.7
8/23/2023,10:00,MCAP HEAT,Montipora,291.8
8/23/2023,10:15,MCAP HEAT,Montipora,219.4
8/23/2023,10:30,MCAP HEAT,Montipora,130.3
8/23/2023,10:45,MCAP HEAT,Montipora,158.5
8/23/2023,11:00,MCAP HEAT,Montipora,245.4
8/23/2023,11:15,MCAP HEAT,Montipora,313
8/23/2023,11:30,MCAP HEAT,Montipora,334.3
8/23/2023,11:45,MCAP HEAT,Montipora,177.9
8/23/2023,12:00,MCAP HEAT,Montipora,387.5
8/23/2023,12:15,MCAP HEAT,Montipora,388.8
8/23/2023,12:30,MCAP HEAT,Montipora,368.2
8/23/2023,12:45,MCAP HEAT,Montipora,358.1
8/23/2023,13:00,MCAP HEAT,Montipora,205.1
8/23/2023,13:15,MCAP HEAT,Montipora,307.4
8/23/2023,13:30,MCAP HEAT,Montipora,337.3
8/23/2023,13:45,MCAP HEAT,Montipora,345.3
8/23/2023,14:00,MCAP HEAT,Montipora,337.9
8/23/2023,14:15,MCAP HEAT,Montipora,295.1
8/23/2023,14:30,MCAP HEAT,Montipora,303.7
8/23/2023,14:45,MCAP HEAT,Montipora,162.6
8/23/2023,15:00,MCAP HEAT,Montipora,69.2
8/23/2023,15:15,MCAP HEAT,Montipora,44.4
8/23/2023,15:30,MCAP HEAT,Montipora,40.5
8/23/2023,15:45,MCAP HEAT,Montipora,36.9
8/23/2023,16:00,MCAP HEAT,Montipora,32.7
8/23/2023,16:15,MCAP HEAT,Montipora,45.3
8/23/2023,16:30,MCAP HEAT,Montipora,33.2
8/23/2023,16:45,MCAP HEAT,Montipora,21.8
8/23/2023,17:00,MCAP HEAT,Montipora,19.2
8/23/2023,17:15,MCAP HEAT,Montipora,17.3
8/23/2023,17:30,MCAP HEAT,Montipora,24.8
8/23/2023,17:45,MCAP HEAT,Montipora,20.1
8/23/2023,18:00,MCAP HEAT,Montipora,12.6
8/23/2023,18:15,MCAP HEAT,Montipora,10.9
8/23/2023,18:30,MCAP HEAT,Montipora,7.2
8/23/2023,18:45,MCAP HEAT,Montipora,3.8
8/23/2023,19:00,MCAP HEAT,Montipora,1.5
8/23/2023,19:15,MCAP HEAT,Montipora,0.2
8/23/2023,19:30,MCAP HEAT,Montipora,0
8/23/2023,19:45,MCAP HEAT,Montipora,0
8/23/2023,20:00,MCAP HEAT,Montipora,0
8/23/2023,20:15,MCAP HEAT,Montipora,0
8/23/2023,20:30,MCAP HEAT,Montipora,0
8/23/2023,20:45,MCAP HEAT,Montipora,0
8/23/2023,21:00,MCAP HEAT,Montipora,0
8/23/2023,21:15,MCAP HEAT,Montipora,0
8/23/2023,21:30,MCAP HEAT,Montipora,0
8/23/2023,21:45,MCAP HEAT,Montipora,0
8/23/2023,22:00,MCAP HEAT,Montipora,0
8/23/2023,22:15,MCAP HEAT,Montipora,0
8/23/2023,22:30,MCAP HEAT,Montipora,0
8/23/2023,22:45,MCAP HEAT,Montipora,0
8/23/2023,23:00,MCAP HEAT,Montipora,0
8/23/2023,23:15,MCAP HEAT,Montipora,0
8/23/2023,23:30,MCAP HEAT,Montipora,0
8/23/2023,23:45,MCAP HEAT,Montipora,0
8/24/2023,0:00,MCAP HEAT,Montipora,0
8/24/2023,0:15,MCAP HEAT,Montipora,0
8/24/2023,0:30,MCAP HEAT,Montipora,0
8/24/2023,0:45,MCAP HEAT,Montipora,0
8/24/2023,1:00,MCAP HEAT,Montipora,0
8/24/2023,1:15,MCAP HEAT,Montipora,0
8/24/2023,1:30,MCAP HEAT,Montipora,0
8/24/2023,1:45,MCAP HEAT,Montipora,0
8/24/2023,2:00,MCAP HEAT,Montipora,0
8/24/2023,2:15,MCAP HEAT,Montipora,0
8/24/2023,2:30,MCAP HEAT,Montipora,0
8/24/2023,2:45,MCAP HEAT,Montipora,0
8/24/2023,3:00,MCAP HEAT,Montipora,0
8/24/2023,3:15,MCAP HEAT,Montipora,0
8/24/2023,3:30,MCAP HEAT,Montipora,0
8/24/2023,3:45,MCAP HEAT,Montipora,0
8/24/2023,4:00,MCAP HEAT,Montipora,0
8/24/2023,4:15,MCAP HEAT,Montipora,0
8/24/2023,4:30,MCAP HEAT,Montipora,0
8/24/2023,4:45,MCAP HEAT,Montipora,0
8/24/2023,5:00,MCAP HEAT,Montipora,0
8/24/2023,5:15,MCAP HEAT,Montipora,0
8/24/2023,5:30,MCAP HEAT,Montipora,0
8/24/2023,5:45,MCAP HEAT,Montipora,0
8/24/2023,6:00,MCAP HEAT,Montipora,0
8/24/2023,6:15,MCAP HEAT,Montipora,0.5
8/24/2023,6:30,MCAP HEAT,Montipora,3.8
8/24/2023,6:45,MCAP HEAT,Montipora,8.4
8/24/2023,7:00,MCAP HEAT,Montipora,23.2
8/24/2023,7:15,MCAP HEAT,Montipora,61
8/24/2023,7:30,MCAP HEAT,Montipora,71.5
8/24/2023,7:45,MCAP HEAT,Montipora,113.6
8/24/2023,8:00,MCAP HEAT,Montipora,116.6
8/24/2023,8:15,MCAP HEAT,Montipora,117.2
8/24/2023,8:30,MCAP HEAT,Montipora,79.4
8/24/2023,8:45,MCAP HEAT,Montipora,147.9
8/24/2023,9:00,MCAP HEAT,Montipora,210.4
8/24/2023,9:15,MCAP HEAT,Montipora,253.7
8/24/2023,9:30,MCAP HEAT,Montipora,274.7
8/24/2023,9:45,MCAP HEAT,Montipora,267.3
8/24/2023,10:00,MCAP HEAT,Montipora,155.7
8/24/2023,10:15,MCAP HEAT,Montipora,123.4
8/24/2023,10:30,MCAP HEAT,Montipora,154.5
8/24/2023,10:45,MCAP HEAT,Montipora,249.7
8/24/2023,11:00,MCAP HEAT,Montipora,280.6
8/24/2023,11:15,MCAP HEAT,Montipora,336
8/24/2023,11:30,MCAP HEAT,Montipora,357.5
8/24/2023,11:45,MCAP HEAT,Montipora,337.8
8/24/2023,12:00,MCAP HEAT,Montipora,236.2
8/24/2023,12:15,MCAP HEAT,Montipora,288.4
8/24/2023,12:30,MCAP HEAT,Montipora,295.6
8/24/2023,12:45,MCAP HEAT,Montipora,256.3
8/24/2023,13:00,MCAP HEAT,Montipora,353.2
8/24/2023,13:15,MCAP HEAT,Montipora,353.6
8/24/2023,13:30,MCAP HEAT,Montipora,332.9
8/24/2023,13:45,MCAP HEAT,Montipora,311.4
8/24/2023,14:00,MCAP HEAT,Montipora,270.7
8/24/2023,14:15,MCAP HEAT,Montipora,171.1
8/24/2023,14:30,MCAP HEAT,Montipora,122.9
8/24/2023,14:45,MCAP HEAT,Montipora,75.6
8/24/2023,15:00,MCAP HEAT,Montipora,57.2
8/24/2023,15:15,MCAP HEAT,Montipora,35.2
8/24/2023,15:30,MCAP HEAT,Montipora,45.3
8/24/2023,15:45,MCAP HEAT,Montipora,40.8
8/24/2023,16:00,MCAP HEAT,Montipora,43.2
8/24/2023,16:15,MCAP HEAT,Montipora,39.6
8/24/2023,16:30,MCAP HEAT,Montipora,33.4
8/24/2023,16:45,MCAP HEAT,Montipora,31.9
8/24/2023,17:00,MCAP HEAT,Montipora,27
8/24/2023,17:15,MCAP HEAT,Montipora,27.5
8/24/2023,17:30,MCAP HEAT,Montipora,23.2
8/24/2023,17:45,MCAP HEAT,Montipora,20
8/24/2023,18:00,MCAP HEAT,Montipora,11.7
8/24/2023,18:15,MCAP HEAT,Montipora,7.4
8/24/2023,18:30,MCAP HEAT,Montipora,5.2
8/24/2023,18:45,MCAP HEAT,Montipora,3.2
8/24/2023,19:00,MCAP HEAT,Montipora,1.3
8/24/2023,19:15,MCAP HEAT,Montipora,0.1
8/24/2023,19:30,MCAP HEAT,Montipora,0
8/24/2023,19:45,MCAP HEAT,Montipora,0
8/24/2023,20:00,MCAP HEAT,Montipora,0
8/24/2023,20:15,MCAP HEAT,Montipora,0
8/24/2023,20:30,MCAP HEAT,Montipora,0
8/24/2023,20:45,MCAP HEAT,Montipora,0
8/24/2023,21:00,MCAP HEAT,Montipora,0
8/24/2023,21:15,MCAP HEAT,Montipora,0
8/24/2023,21:30,MCAP HEAT,Montipora,0
8/24/2023,21:45,MCAP HEAT,Montipora,0
8/24/2023,22:00,MCAP HEAT,Montipora,0
8/24/2023,22:15,MCAP HEAT,Montipora,0
8/24/2023,22:30,MCAP HEAT,Montipora,0
8/24/2023,22:45,MCAP HEAT,Montipora,0
8/24/2023,23:00,MCAP HEAT,Montipora,0
8/24/2023,23:15,MCAP HEAT,Montipora,0
8/24/2023,23:30,MCAP HEAT,Montipora,0
8/24/2023,23:45,MCAP HEAT,Montipora,0
8/25/2023,0:00,MCAP HEAT,Montipora,0
8/25/2023,0:15,MCAP HEAT,Montipora,0
8/25/2023,0:30,MCAP HEAT,Montipora,0
8/25/2023,0:45,MCAP HEAT,Montipora,0
8/25/2023,1:00,MCAP HEAT,Montipora,0
8/25/2023,1:15,MCAP HEAT,Montipora,0
8/25/2023,1:30,MCAP HEAT,Montipora,0
8/25/2023,1:45,MCAP HEAT,Montipora,0
8/25/2023,2:00,MCAP HEAT,Montipora,0
8/25/2023,2:15,MCAP HEAT,Montipora,0
8/25/2023,2:30,MCAP HEAT,Montipora,0
8/25/2023,2:45,MCAP HEAT,Montipora,0
8/25/2023,3:00,MCAP HEAT,Montipora,0
8/25/2023,3:15,MCAP HEAT,Montipora,0
8/25/2023,3:30,MCAP HEAT,Montipora,0
8/25/2023,3:45,MCAP HEAT,Montipora,0
8/25/2023,4:00,MCAP HEAT,Montipora,0
8/25/2023,4:15,MCAP HEAT,Montipora,0
8/25/2023,4:30,MCAP HEAT,Montipora,0
8/25/2023,4:45,MCAP HEAT,Montipora,0
8/25/2023,5:00,MCAP HEAT,Montipora,0
8/25/2023,5:15,MCAP HEAT,Montipora,0
8/25/2023,5:30,MCAP HEAT,Montipora,0
8/25/2023,5:45,MCAP HEAT,Montipora,0
8/25/2023,6:00,MCAP HEAT,Montipora,0
8/25/2023,6:15,MCAP HEAT,Montipora,0.3
8/25/2023,6:30,MCAP HEAT,Montipora,2
8/25/2023,6:45,MCAP HEAT,Montipora,4.9
8/25/2023,7:00,MCAP HEAT,Montipora,8.9
8/25/2023,7:15,MCAP HEAT,Montipora,17.8
8/25/2023,7:30,MCAP HEAT,Montipora,24.8
8/25/2023,7:45,MCAP HEAT,Montipora,63.8
8/25/2023,8:00,MCAP HEAT,Montipora,139.3
8/25/2023,8:15,MCAP HEAT,Montipora,145.7
8/25/2023,8:30,MCAP HEAT,Montipora,76
8/25/2023,8:45,MCAP HEAT,Montipora,82.1
8/25/2023,9:00,MCAP HEAT,Montipora,173
8/25/2023,9:15,MCAP HEAT,Montipora,253.7
8/25/2023,9:30,MCAP HEAT,Montipora,245.7
8/25/2023,9:45,MCAP HEAT,Montipora,235.2
8/25/2023,10:00,MCAP HEAT,Montipora,171.5
8/25/2023,10:15,MCAP HEAT,Montipora,148.5
8/25/2023,10:30,MCAP HEAT,Montipora,156.5
8/25/2023,10:45,MCAP HEAT,Montipora,238.8
8/25/2023,11:00,MCAP HEAT,Montipora,273.4
8/25/2023,11:15,MCAP HEAT,Montipora,338.9
8/25/2023,11:30,MCAP HEAT,Montipora,357.2
8/25/2023,11:45,MCAP HEAT,Montipora,346.8
8/25/2023,12:00,MCAP HEAT,Montipora,292.8
8/25/2023,12:15,MCAP HEAT,Montipora,109.1
8/25/2023,12:30,MCAP HEAT,Montipora,99.9
8/25/2023,12:45,MCAP HEAT,Montipora,144.5
8/25/2023,13:00,MCAP HEAT,Montipora,163.2
8/25/2023,13:15,MCAP HEAT,Montipora,191.1
8/25/2023,13:30,MCAP HEAT,Montipora,127.2
8/25/2023,13:45,MCAP HEAT,Montipora,140.3
8/25/2023,14:00,MCAP HEAT,Montipora,157.7
8/25/2023,14:15,MCAP HEAT,Montipora,221.7
8/25/2023,14:30,MCAP HEAT,Montipora,200.3
8/25/2023,14:45,MCAP HEAT,Montipora,138.2
8/25/2023,15:00,MCAP HEAT,Montipora,99.7
8/25/2023,15:15,MCAP HEAT,Montipora,78.4
8/25/2023,15:30,MCAP HEAT,Montipora,79.8
8/25/2023,15:45,MCAP HEAT,Montipora,89.5
8/25/2023,16:00,MCAP HEAT,Montipora,77.6
8/25/2023,16:15,MCAP HEAT,Montipora,69.3
8/25/2023,16:30,MCAP HEAT,Montipora,57.5
8/25/2023,16:45,MCAP HEAT,Montipora,45.8
8/25/2023,17:00,MCAP HEAT,Montipora,29.8
8/25/2023,17:15,MCAP HEAT,Montipora,32.2
8/25/2023,17:30,MCAP HEAT,Montipora,17.9
8/25/2023,17:45,MCAP HEAT,Montipora,19.4
8/25/2023,18:00,MCAP HEAT,Montipora,9.5
8/25/2023,18:15,MCAP HEAT,Montipora,12
8/25/2023,18:30,MCAP HEAT,Montipora,5.6
8/25/2023,18:45,MCAP HEAT,Montipora,2.9
8/25/2023,19:00,MCAP HEAT,Montipora,1.2
8/25/2023,19:15,MCAP HEAT,Montipora,0.1
8/25/2023,19:30,MCAP HEAT,Montipora,0
8/25/2023,19:45,MCAP HEAT,Montipora,0
8/25/2023,20:00,MCAP HEAT,Montipora,0
8/25/2023,20:15,MCAP HEAT,Montipora,0
8/25/2023,20:30,MCAP HEAT,Montipora,0
8/25/2023,20:45,MCAP HEAT,Montipora,0
8/25/2023,21:00,MCAP HEAT,Montipora,0
8/25/2023,21:15,MCAP HEAT,Montipora,0
8/25/2023,21:30,MCAP HEAT,Montipora,0
8/25/2023,21:45,MCAP HEAT,Montipora,0
8/25/2023,22:00,MCAP HEAT,Montipora,0
8/25/2023,22:15,MCAP HEAT,Montipora,0
8/25/2023,22:30,MCAP HEAT,Montipora,0
8/25/2023,22:45,MCAP HEAT,Montipora,0
8/25/2023,23:00,MCAP HEAT,Montipora,0
8/25/2023,23:15,MCAP HEAT,Montipora,0
8/25/2023,23:30,MCAP HEAT,Montipora,0
8/25/2023,23:45,MCAP HEAT,Montipora,0
8/26/2023,0:00,MCAP HEAT,Montipora,0
8/26/2023,0:15,MCAP HEAT,Montipora,0
8/26/2023,0:30,MCAP HEAT,Montipora,0
8/26/2023,0:45,MCAP HEAT,Montipora,0
8/26/2023,1:00,MCAP HEAT,Montipora,0
8/26/2023,1:15,MCAP HEAT,Montipora,0
8/26/2023,1:30,MCAP HEAT,Montipora,0
8/26/2023,1:45,MCAP HEAT,Montipora,0
8/26/2023,2:00,MCAP HEAT,Montipora,0
8/26/2023,2:15,MCAP HEAT,Montipora,0
8/26/2023,2:30,MCAP HEAT,Montipora,0
8/26/2023,2:45,MCAP HEAT,Montipora,0
8/26/2023,3:00,MCAP HEAT,Montipora,0
8/26/2023,3:15,MCAP HEAT,Montipora,0
8/26/2023,3:30,MCAP HEAT,Montipora,0
8/26/2023,3:45,MCAP HEAT,Montipora,0
8/26/2023,4:00,MCAP HEAT,Montipora,0
8/26/2023,4:15,MCAP HEAT,Montipora,0
8/26/2023,4:30,MCAP HEAT,Montipora,0
8/26/2023,4:45,MCAP HEAT,Montipora,0
8/26/2023,5:00,MCAP HEAT,Montipora,0
8/26/2023,5:15,MCAP HEAT,Montipora,0
8/26/2023,5:30,MCAP HEAT,Montipora,0
8/26/2023,5:45,MCAP HEAT,Montipora,0
8/26/2023,6:00,MCAP HEAT,Montipora,0
8/26/2023,6:15,MCAP HEAT,Montipora,0.3
8/26/2023,6:30,MCAP HEAT,Montipora,1.8
8/26/2023,6:45,MCAP HEAT,Montipora,6.2
8/26/2023,7:00,MCAP HEAT,Montipora,12.4
8/26/2023,7:15,MCAP HEAT,Montipora,43.4
8/26/2023,7:30,MCAP HEAT,Montipora,34.9
8/26/2023,7:45,MCAP HEAT,Montipora,92.9
8/26/2023,8:00,MCAP HEAT,Montipora,32
8/26/2023,8:15,MCAP HEAT,Montipora,101.4
8/26/2023,8:30,MCAP HEAT,Montipora,65.7
8/26/2023,8:45,MCAP HEAT,Montipora,128.1
8/26/2023,9:00,MCAP HEAT,Montipora,182.6
8/26/2023,9:15,MCAP HEAT,Montipora,239.2
8/26/2023,9:30,MCAP HEAT,Montipora,187.9
8/26/2023,9:45,MCAP HEAT,Montipora,179.7
8/26/2023,10:00,MCAP HEAT,Montipora,140
8/26/2023,10:15,MCAP HEAT,Montipora,130
8/26/2023,10:30,MCAP HEAT,Montipora,188.8
8/26/2023,10:45,MCAP HEAT,Montipora,254.1
8/26/2023,11:00,MCAP HEAT,Montipora,173.3
8/26/2023,11:15,MCAP HEAT,Montipora,217.7
8/26/2023,11:30,MCAP HEAT,Montipora,250.1
8/26/2023,11:45,MCAP HEAT,Montipora,250.2
8/26/2023,12:00,MCAP HEAT,Montipora,309.7
8/26/2023,12:15,MCAP HEAT,Montipora,257.3
8/26/2023,12:30,MCAP HEAT,Montipora,236.9
8/26/2023,12:45,MCAP HEAT,Montipora,219.4
8/26/2023,13:00,MCAP HEAT,Montipora,88.4
8/26/2023,13:15,MCAP HEAT,Montipora,92.9
8/26/2023,13:30,MCAP HEAT,Montipora,121.9
8/26/2023,13:45,MCAP HEAT,Montipora,59.5
8/26/2023,14:00,MCAP HEAT,Montipora,72.5
8/26/2023,14:15,MCAP HEAT,Montipora,174
8/26/2023,14:30,MCAP HEAT,Montipora,152.3
8/26/2023,14:45,MCAP HEAT,Montipora,95.7
8/26/2023,15:00,MCAP HEAT,Montipora,70.1
8/26/2023,15:15,MCAP HEAT,Montipora,70.2
8/26/2023,15:30,MCAP HEAT,Montipora,50.5
8/26/2023,15:45,MCAP HEAT,Montipora,61
8/26/2023,16:00,MCAP HEAT,Montipora,66.4
8/26/2023,16:15,MCAP HEAT,Montipora,40.5
8/26/2023,16:30,MCAP HEAT,Montipora,15.1
8/26/2023,16:45,MCAP HEAT,Montipora,14.7
8/26/2023,17:00,MCAP HEAT,Montipora,21.1
8/26/2023,17:15,MCAP HEAT,Montipora,15.5
8/26/2023,17:30,MCAP HEAT,Montipora,19.4
8/26/2023,17:45,MCAP HEAT,Montipora,14.8
8/26/2023,18:00,MCAP HEAT,Montipora,11.4
8/26/2023,18:15,MCAP HEAT,Montipora,11.3
8/26/2023,18:30,MCAP HEAT,Montipora,6.4
8/26/2023,18:45,MCAP HEAT,Montipora,2.4
8/26/2023,19:00,MCAP HEAT,Montipora,0.9
8/26/2023,19:15,MCAP HEAT,Montipora,0.1
8/26/2023,19:30,MCAP HEAT,Montipora,0
8/26/2023,19:45,MCAP HEAT,Montipora,0
8/26/2023,20:00,MCAP HEAT,Montipora,0
8/26/2023,20:15,MCAP HEAT,Montipora,0
8/26/2023,20:30,MCAP HEAT,Montipora,0
8/26/2023,20:45,MCAP HEAT,Montipora,0
8/26/2023,21:00,MCAP HEAT,Montipora,0
8/26/2023,21:15,MCAP HEAT,Montipora,0
8/26/2023,21:30,MCAP HEAT,Montipora,0
8/26/2023,21:45,MCAP HEAT,Montipora,0
8/26/2023,22:00,MCAP HEAT,Montipora,0
8/26/2023,22:15,MCAP HEAT,Montipora,0
8/26/2023,22:30,MCAP HEAT,Montipora,0
8/26/2023,22:45,MCAP HEAT,Montipora,0
8/26/2023,23:00,MCAP HEAT,Montipora,0
8/26/2023,23:15,MCAP HEAT,Montipora,0
8/26/2023,23:30,MCAP HEAT,Montipora,0
8/26/2023,23:45,MCAP HEAT,Montipora,0
8/27/2023,0:00,MCAP HEAT,Montipora,0
8/27/2023,0:15,MCAP HEAT,Montipora,0
8/27/2023,0:30,MCAP HEAT,Montipora,0
8/27/2023,0:45,MCAP HEAT,Montipora,0
8/27/2023,1:00,MCAP HEAT,Montipora,0
8/27/2023,1:15,MCAP HEAT,Montipora,0
8/27/2023,1:30,MCAP HEAT,Montipora,0
8/27/2023,1:45,MCAP HEAT,Montipora,0
8/27/2023,2:00,MCAP HEAT,Montipora,0
8/27/2023,2:15,MCAP HEAT,Montipora,0
8/27/2023,2:30,MCAP HEAT,Montipora,0
8/27/2023,2:45,MCAP HEAT,Montipora,0
8/27/2023,3:00,MCAP HEAT,Montipora,0
8/27/2023,3:15,MCAP HEAT,Montipora,0
8/27/2023,3:30,MCAP HEAT,Montipora,0
8/27/2023,3:45,MCAP HEAT,Montipora,0
8/27/2023,4:00,MCAP HEAT,Montipora,0
8/27/2023,4:15,MCAP HEAT,Montipora,0
8/27/2023,4:30,MCAP HEAT,Montipora,0
8/27/2023,4:45,MCAP HEAT,Montipora,0
8/27/2023,5:00,MCAP HEAT,Montipora,0
8/27/2023,5:15,MCAP HEAT,Montipora,0
8/27/2023,5:30,MCAP HEAT,Montipora,0
8/27/2023,5:45,MCAP HEAT,Montipora,0
8/27/2023,6:00,MCAP HEAT,Montipora,0
8/27/2023,6:15,MCAP HEAT,Montipora,0.1
8/27/2023,6:30,MCAP HEAT,Montipora,2.1
8/27/2023,6:45,MCAP HEAT,Montipora,8.6
8/27/2023,7:00,MCAP HEAT,Montipora,31.9
8/27/2023,7:15,MCAP HEAT,Montipora,67.4
8/27/2023,7:30,MCAP HEAT,Montipora,81.8
8/27/2023,7:45,MCAP HEAT,Montipora,83
8/27/2023,8:00,MCAP HEAT,Montipora,25.9
8/27/2023,8:15,MCAP HEAT,Montipora,63.8
8/27/2023,8:30,MCAP HEAT,Montipora,37.4
8/27/2023,8:45,MCAP HEAT,Montipora,149.9
8/27/2023,9:00,MCAP HEAT,Montipora,97.7
8/27/2023,9:15,MCAP HEAT,Montipora,93.7
8/27/2023,9:30,MCAP HEAT,Montipora,82.2
8/27/2023,9:45,MCAP HEAT,Montipora,70.1
8/27/2023,10:00,MCAP HEAT,Montipora,87.7
8/27/2023,10:15,MCAP HEAT,Montipora,83.6
8/27/2023,10:30,MCAP HEAT,Montipora,103.6
8/27/2023,10:45,MCAP HEAT,Montipora,144.8
8/27/2023,11:00,MCAP HEAT,Montipora,164.6
8/27/2023,11:15,MCAP HEAT,Montipora,182
8/27/2023,11:30,MCAP HEAT,Montipora,206.8
8/27/2023,11:45,MCAP HEAT,Montipora,255.6
8/27/2023,12:00,MCAP HEAT,Montipora,257.2
8/27/2023,12:15,MCAP HEAT,Montipora,233.5
8/27/2023,12:30,MCAP HEAT,Montipora,119.1
8/27/2023,12:45,MCAP HEAT,Montipora,146.6
8/27/2023,13:00,MCAP HEAT,Montipora,154.2
8/27/2023,13:15,MCAP HEAT,Montipora,211.6
8/27/2023,13:30,MCAP HEAT,Montipora,272.7
8/27/2023,13:45,MCAP HEAT,Montipora,163.9
8/27/2023,14:00,MCAP HEAT,Montipora,143.1
8/27/2023,14:15,MCAP HEAT,Montipora,112.7
8/27/2023,14:30,MCAP HEAT,Montipora,69.3
8/27/2023,14:45,MCAP HEAT,Montipora,99.8
8/27/2023,15:00,MCAP HEAT,Montipora,68.5
8/27/2023,15:15,MCAP HEAT,Montipora,39.7
8/27/2023,15:30,MCAP HEAT,Montipora,39.8
8/27/2023,15:45,MCAP HEAT,Montipora,26.6
8/27/2023,16:00,MCAP HEAT,Montipora,18.6
8/27/2023,16:15,MCAP HEAT,Montipora,25.7
8/27/2023,16:30,MCAP HEAT,Montipora,34
8/27/2023,16:45,MCAP HEAT,Montipora,26.7
8/27/2023,17:00,MCAP HEAT,Montipora,20.7
8/27/2023,17:15,MCAP HEAT,Montipora,16.5
8/27/2023,17:30,MCAP HEAT,Montipora,16.5
8/27/2023,17:45,MCAP HEAT,Montipora,13.4
8/27/2023,18:00,MCAP HEAT,Montipora,11.1
8/27/2023,18:15,MCAP HEAT,Montipora,8.1
8/27/2023,18:30,MCAP HEAT,Montipora,3.9
8/27/2023,18:45,MCAP HEAT,Montipora,2.2
8/27/2023,19:00,MCAP HEAT,Montipora,0.8
8/27/2023,19:15,MCAP HEAT,Montipora,0
8/27/2023,19:30,MCAP HEAT,Montipora,0
8/27/2023,19:45,MCAP HEAT,Montipora,0
8/27/2023,20:00,MCAP HEAT,Montipora,0
8/27/2023,20:15,MCAP HEAT,Montipora,0
8/27/2023,20:30,MCAP HEAT,Montipora,0
8/27/2023,20:45,MCAP HEAT,Montipora,0
8/27/2023,21:00,MCAP HEAT,Montipora,0
8/27/2023,21:15,MCAP HEAT,Montipora,0
8/27/2023,21:30,MCAP HEAT,Montipora,0
8/27/2023,21:45,MCAP HEAT,Montipora,0
8/27/2023,22:00,MCAP HEAT,Montipora,0
8/27/2023,22:15,MCAP HEAT,Montipora,0
8/27/2023,22:30,MCAP HEAT,Montipora,0
8/27/2023,22:45,MCAP HEAT,Montipora,0
8/27/2023,23:00,MCAP HEAT,Montipora,0
8/27/2023,23:15,MCAP HEAT,Montipora,0
8/27/2023,23:30,MCAP HEAT,Montipora,0
8/27/2023,23:45,MCAP HEAT,Montipora,0
8/28/2023,0:00,MCAP HEAT,Montipora,0
8/28/2023,0:15,MCAP HEAT,Montipora,0
8/28/2023,0:30,MCAP HEAT,Montipora,0
8/28/2023,0:45,MCAP HEAT,Montipora,0
8/28/2023,1:00,MCAP HEAT,Montipora,0
8/28/2023,1:15,MCAP HEAT,Montipora,0
8/28/2023,1:30,MCAP HEAT,Montipora,0
8/28/2023,1:45,MCAP HEAT,Montipora,0
8/28/2023,2:00,MCAP HEAT,Montipora,0
8/28/2023,2:15,MCAP HEAT,Montipora,0
8/28/2023,2:30,MCAP HEAT,Montipora,0
8/28/2023,2:45,MCAP HEAT,Montipora,0
8/28/2023,3:00,MCAP HEAT,Montipora,0
8/28/2023,3:15,MCAP HEAT,Montipora,0
8/28/2023,3:30,MCAP HEAT,Montipora,0
8/28/2023,3:45,MCAP HEAT,Montipora,0
8/28/2023,4:00,MCAP HEAT,Montipora,0
8/28/2023,4:15,MCAP HEAT,Montipora,0
8/28/2023,4:30,MCAP HEAT,Montipora,0
8/28/2023,4:45,MCAP HEAT,Montipora,0
8/28/2023,5:00,MCAP HEAT,Montipora,0
8/28/2023,5:15,MCAP HEAT,Montipora,0
8/28/2023,5:30,MCAP HEAT,Montipora,0
8/28/2023,5:45,MCAP HEAT,Montipora,0
8/28/2023,6:00,MCAP HEAT,Montipora,0
8/28/2023,6:15,MCAP HEAT,Montipora,0.2
8/28/2023,6:30,MCAP HEAT,Montipora,1.9
8/28/2023,6:45,MCAP HEAT,Montipora,4.9
8/28/2023,7:00,MCAP HEAT,Montipora,16.8
8/28/2023,7:15,MCAP HEAT,Montipora,10
8/28/2023,7:30,MCAP HEAT,Montipora,10.1
8/28/2023,7:45,MCAP HEAT,Montipora,17.5
8/28/2023,8:00,MCAP HEAT,Montipora,19.7
8/28/2023,8:15,MCAP HEAT,Montipora,34.3
8/28/2023,8:30,MCAP HEAT,Montipora,59.4
8/28/2023,8:45,MCAP HEAT,Montipora,136.1
8/28/2023,9:00,MCAP HEAT,Montipora,168.2
8/28/2023,9:15,MCAP HEAT,Montipora,181.3
8/28/2023,9:30,MCAP HEAT,Montipora,160.5
8/28/2023,9:45,MCAP HEAT,Montipora,126.9
8/28/2023,10:00,MCAP HEAT,Montipora,92.8
8/28/2023,10:15,MCAP HEAT,Montipora,100.4
8/28/2023,10:30,MCAP HEAT,Montipora,156.7
8/28/2023,10:45,MCAP HEAT,Montipora,272.1
8/28/2023,11:00,MCAP HEAT,Montipora,234.7
8/28/2023,11:15,MCAP HEAT,Montipora,299.7
8/28/2023,11:30,MCAP HEAT,Montipora,302.8
8/28/2023,11:45,MCAP HEAT,Montipora,307.4
8/28/2023,12:00,MCAP HEAT,Montipora,287.7
8/28/2023,12:15,MCAP HEAT,Montipora,261.4
8/28/2023,12:30,MCAP HEAT,Montipora,248.3
8/28/2023,12:45,MCAP HEAT,Montipora,285.4
8/28/2023,13:00,MCAP HEAT,Montipora,299.7
8/28/2023,13:15,MCAP HEAT,Montipora,274
8/28/2023,13:30,MCAP HEAT,Montipora,228.6
8/28/2023,13:45,MCAP HEAT,Montipora,195.8
8/28/2023,14:00,MCAP HEAT,Montipora,197.1
8/28/2023,14:15,MCAP HEAT,Montipora,165.4
8/28/2023,14:30,MCAP HEAT,Montipora,122.1
8/28/2023,14:45,MCAP HEAT,Montipora,101.3
8/28/2023,15:00,MCAP HEAT,Montipora,45
8/28/2023,15:15,MCAP HEAT,Montipora,59.4
8/28/2023,15:30,MCAP HEAT,Montipora,62.3
8/28/2023,15:45,MCAP HEAT,Montipora,51.6
8/28/2023,16:00,MCAP HEAT,Montipora,36.8
8/28/2023,16:15,MCAP HEAT,Montipora,26.6
8/28/2023,16:30,MCAP HEAT,Montipora,29
8/28/2023,16:45,MCAP HEAT,Montipora,27.7
8/28/2023,17:00,MCAP HEAT,Montipora,19.2
8/28/2023,17:15,MCAP HEAT,Montipora,20.3
8/28/2023,17:30,MCAP HEAT,Montipora,14.8
8/28/2023,17:45,MCAP HEAT,Montipora,11.5
8/28/2023,18:00,MCAP HEAT,Montipora,9.4
8/28/2023,18:15,MCAP HEAT,Montipora,8.3
8/28/2023,18:30,MCAP HEAT,Montipora,4.6
8/28/2023,18:45,MCAP HEAT,Montipora,2.4
8/28/2023,19:00,MCAP HEAT,Montipora,0.6
8/28/2023,19:15,MCAP HEAT,Montipora,0
8/28/2023,19:30,MCAP HEAT,Montipora,0
8/28/2023,19:45,MCAP HEAT,Montipora,0
8/28/2023,20:00,MCAP HEAT,Montipora,0
8/28/2023,20:15,MCAP HEAT,Montipora,0
8/28/2023,20:30,MCAP HEAT,Montipora,0
8/28/2023,20:45,MCAP HEAT,Montipora,0
8/28/2023,21:00,MCAP HEAT,Montipora,0
8/28/2023,21:15,MCAP HEAT,Montipora,0
8/28/2023,21:30,MCAP HEAT,Montipora,0
8/28/2023,21:45,MCAP HEAT,Montipora,0
8/28/2023,22:00,MCAP HEAT,Montipora,0
8/28/2023,22:15,MCAP HEAT,Montipora,0
8/28/2023,22:30,MCAP HEAT,Montipora,0
8/28/2023,22:45,MCAP HEAT,Montipora,0
8/28/2023,23:00,MCAP HEAT,Montipora,0
8/28/2023,23:15,MCAP HEAT,Montipora,0
8/28/2023,23:30,MCAP HEAT,Montipora,0
8/28/2023,23:45,MCAP HEAT,Montipora,0
8/29/2023,0:00,MCAP HEAT,Montipora,0
8/29/2023,0:15,MCAP HEAT,Montipora,0
8/29/2023,0:30,MCAP HEAT,Montipora,0
8/29/2023,0:45,MCAP HEAT,Montipora,0
8/29/2023,1:00,MCAP HEAT,Montipora,0
8/29/2023,1:15,MCAP HEAT,Montipora,0
8/29/2023,1:30,MCAP HEAT,Montipora,0
8/29/2023,1:45,MCAP HEAT,Montipora,0
8/29/2023,2:00,MCAP HEAT,Montipora,0
8/29/2023,2:15,MCAP HEAT,Montipora,0
8/29/2023,2:30,MCAP HEAT,Montipora,0
8/29/2023,2:45,MCAP HEAT,Montipora,0
8/29/2023,3:00,MCAP HEAT,Montipora,0
8/29/2023,3:15,MCAP HEAT,Montipora,0
8/29/2023,3:30,MCAP HEAT,Montipora,0
8/29/2023,3:45,MCAP HEAT,Montipora,0
8/29/2023,4:00,MCAP HEAT,Montipora,0
8/29/2023,4:15,MCAP HEAT,Montipora,0
8/29/2023,4:30,MCAP HEAT,Montipora,0
8/29/2023,4:45,MCAP HEAT,Montipora,0
8/29/2023,5:00,MCAP HEAT,Montipora,0
8/29/2023,5:15,MCAP HEAT,Montipora,0
8/29/2023,5:30,MCAP HEAT,Montipora,0
8/29/2023,5:45,MCAP HEAT,Montipora,0
8/29/2023,6:00,MCAP HEAT,Montipora,0
8/29/2023,6:15,MCAP HEAT,Montipora,0.4
8/29/2023,6:30,MCAP HEAT,Montipora,2.3
8/29/2023,6:45,MCAP HEAT,Montipora,4.1
8/29/2023,7:00,MCAP HEAT,Montipora,13
8/29/2023,7:15,MCAP HEAT,Montipora,17
8/29/2023,7:30,MCAP HEAT,Montipora,18.1
8/29/2023,7:45,MCAP HEAT,Montipora,54.7
8/29/2023,8:00,MCAP HEAT,Montipora,102.8
8/29/2023,8:15,MCAP HEAT,Montipora,111.1
8/29/2023,8:30,MCAP HEAT,Montipora,101.9
8/29/2023,8:45,MCAP HEAT,Montipora,91.8
8/29/2023,9:00,MCAP HEAT,Montipora,71.2
8/29/2023,9:15,MCAP HEAT,Montipora,118.3
8/29/2023,9:30,MCAP HEAT,Montipora,197.9
8/29/2023,9:45,MCAP HEAT,Montipora,229
8/29/2023,10:00,MCAP HEAT,Montipora,250.2
8/29/2023,10:15,MCAP HEAT,Montipora,262.3
8/29/2023,10:30,MCAP HEAT,Montipora,251.3
8/29/2023,10:45,MCAP HEAT,Montipora,236
8/29/2023,11:00,MCAP HEAT,Montipora,198.7
8/29/2023,11:15,MCAP HEAT,Montipora,230.2
8/29/2023,11:30,MCAP HEAT,Montipora,216.7
8/29/2023,11:45,MCAP HEAT,Montipora,240.9
8/29/2023,12:00,MCAP HEAT,Montipora,228.7
8/29/2023,12:15,MCAP HEAT,Montipora,216
8/29/2023,12:30,MCAP HEAT,Montipora,204
8/29/2023,12:45,MCAP HEAT,Montipora,199.8
8/29/2023,13:00,MCAP HEAT,Montipora,212.1
8/29/2023,13:15,MCAP HEAT,Montipora,251.7
8/29/2023,13:30,MCAP HEAT,Montipora,234
8/29/2023,13:45,MCAP HEAT,Montipora,170.8
8/29/2023,14:00,MCAP HEAT,Montipora,251.7
8/29/2023,14:15,MCAP HEAT,Montipora,269.2
8/29/2023,14:30,MCAP HEAT,Montipora,115.7
8/29/2023,14:45,MCAP HEAT,Montipora,82.9
8/29/2023,15:00,MCAP HEAT,Montipora,65.3
8/29/2023,15:15,MCAP HEAT,Montipora,43.7
8/29/2023,15:30,MCAP HEAT,Montipora,42.2
8/29/2023,15:45,MCAP HEAT,Montipora,38.9
8/29/2023,16:00,MCAP HEAT,Montipora,78.5
8/29/2023,16:15,MCAP HEAT,Montipora,55.4
8/29/2023,16:30,MCAP HEAT,Montipora,55.8
8/29/2023,16:45,MCAP HEAT,Montipora,35.9
8/29/2023,17:00,MCAP HEAT,Montipora,32.1
8/29/2023,17:15,MCAP HEAT,Montipora,32.2
8/29/2023,17:30,MCAP HEAT,Montipora,25.9
8/29/2023,17:45,MCAP HEAT,Montipora,20.5
8/29/2023,18:00,MCAP HEAT,Montipora,16.8
8/29/2023,18:15,MCAP HEAT,Montipora,9.1
8/29/2023,18:30,MCAP HEAT,Montipora,4.5
8/29/2023,18:45,MCAP HEAT,Montipora,2.2
8/29/2023,19:00,MCAP HEAT,Montipora,0.5
8/29/2023,19:15,MCAP HEAT,Montipora,0
8/29/2023,19:30,MCAP HEAT,Montipora,0
8/29/2023,19:45,MCAP HEAT,Montipora,0
8/29/2023,20:00,MCAP HEAT,Montipora,0
8/29/2023,20:15,MCAP HEAT,Montipora,0
8/29/2023,20:30,MCAP HEAT,Montipora,0
8/29/2023,20:45,MCAP HEAT,Montipora,0
8/29/2023,21:00,MCAP HEAT,Montipora,0
8/29/2023,21:15,MCAP HEAT,Montipora,0
8/29/2023,21:30,MCAP HEAT,Montipora,0
8/29/2023,21:45,MCAP HEAT,Montipora,0
8/29/2023,22:00,MCAP HEAT,Montipora,0
8/29/2023,22:15,MCAP HEAT,Montipora,0
8/29/2023,22:30,MCAP HEAT,Montipora,0
8/29/2023,22:45,MCAP HEAT,Montipora,0
8/29/2023,23:00,MCAP HEAT,Montipora,0
8/29/2023,23:15,MCAP HEAT,Montipora,0
8/29/2023,23:30,MCAP HEAT,Montipora,0
8/29/2023,23:45,MCAP HEAT,Montipora,0
8/30/2023,0:00,MCAP HEAT,Montipora,0
8/30/2023,0:15,MCAP HEAT,Montipora,0
8/30/2023,0:30,MCAP HEAT,Montipora,0
8/30/2023,0:45,MCAP HEAT,Montipora,0
8/30/2023,1:00,MCAP HEAT,Montipora,0
8/30/2023,1:15,MCAP HEAT,Montipora,0
8/30/2023,1:30,MCAP HEAT,Montipora,0
8/30/2023,1:45,MCAP HEAT,Montipora,0
8/30/2023,2:00,MCAP HEAT,Montipora,0
8/30/2023,2:15,MCAP HEAT,Montipora,0
8/30/2023,2:30,MCAP HEAT,Montipora,0
8/30/2023,2:45,MCAP HEAT,Montipora,0
8/30/2023,3:00,MCAP HEAT,Montipora,0
8/30/2023,3:15,MCAP HEAT,Montipora,0
8/30/2023,3:30,MCAP HEAT,Montipora,0
8/30/2023,3:45,MCAP HEAT,Montipora,0
8/30/2023,4:00,MCAP HEAT,Montipora,0
8/30/2023,4:15,MCAP HEAT,Montipora,0
8/30/2023,4:30,MCAP HEAT,Montipora,0
8/30/2023,4:45,MCAP HEAT,Montipora,0
8/30/2023,5:00,MCAP HEAT,Montipora,0
8/30/2023,5:15,MCAP HEAT,Montipora,0
8/30/2023,5:30,MCAP HEAT,Montipora,0
8/30/2023,5:45,MCAP HEAT,Montipora,0
8/30/2023,6:00,MCAP HEAT,Montipora,0
8/30/2023,6:15,MCAP HEAT,Montipora,0.1
8/30/2023,6:30,MCAP HEAT,Montipora,2.3
8/30/2023,6:45,MCAP HEAT,Montipora,7.7
8/30/2023,7:00,MCAP HEAT,Montipora,23.3
8/30/2023,7:15,MCAP HEAT,Montipora,72.5
8/30/2023,7:30,MCAP HEAT,Montipora,67.6
8/30/2023,7:45,MCAP HEAT,Montipora,78.7
8/30/2023,8:00,MCAP HEAT,Montipora,64.6
8/30/2023,8:15,MCAP HEAT,Montipora,66.2
8/30/2023,8:30,MCAP HEAT,Montipora,40.8
8/30/2023,8:45,MCAP HEAT,Montipora,44.2
8/30/2023,9:00,MCAP HEAT,Montipora,77.5
8/30/2023,9:15,MCAP HEAT,Montipora,84.8
8/30/2023,9:30,MCAP HEAT,Montipora,50.9
8/30/2023,9:45,MCAP HEAT,Montipora,139.1
8/30/2023,10:00,MCAP HEAT,Montipora,81.6
8/30/2023,10:15,MCAP HEAT,Montipora,228.9
8/30/2023,10:30,MCAP HEAT,Montipora,220.5
8/30/2023,10:45,MCAP HEAT,Montipora,183.7
8/30/2023,11:00,MCAP HEAT,Montipora,176.2
8/30/2023,11:15,MCAP HEAT,Montipora,182.4
8/30/2023,11:30,MCAP HEAT,Montipora,214.4
8/30/2023,11:45,MCAP HEAT,Montipora,286.1
8/30/2023,12:00,MCAP HEAT,Montipora,194.7
8/30/2023,12:15,MCAP HEAT,Montipora,263.6
8/30/2023,12:30,MCAP HEAT,Montipora,155.4
8/30/2023,12:45,MCAP HEAT,Montipora,144.1
8/30/2023,13:00,MCAP HEAT,Montipora,136.7
8/30/2023,13:15,MCAP HEAT,Montipora,142.8
8/30/2023,13:30,MCAP HEAT,Montipora,103.7
8/30/2023,13:45,MCAP HEAT,Montipora,104.1
8/30/2023,14:00,MCAP HEAT,Montipora,93.6
8/30/2023,14:15,MCAP HEAT,Montipora,92.2
8/30/2023,14:30,MCAP HEAT,Montipora,96.8
8/30/2023,14:45,MCAP HEAT,Montipora,74.1
8/30/2023,15:00,MCAP HEAT,Montipora,41.8
8/30/2023,15:15,MCAP HEAT,Montipora,33.6
8/30/2023,15:30,MCAP HEAT,Montipora,35.9
8/30/2023,15:45,MCAP HEAT,Montipora,34.3
8/30/2023,16:00,MCAP HEAT,Montipora,37.8
8/30/2023,16:15,MCAP HEAT,Montipora,50.1
8/30/2023,16:30,MCAP HEAT,Montipora,32.2
8/30/2023,16:45,MCAP HEAT,Montipora,27.9
8/30/2023,17:00,MCAP HEAT,Montipora,23.8
8/30/2023,17:15,MCAP HEAT,Montipora,19.8
8/30/2023,17:30,MCAP HEAT,Montipora,22.9
8/30/2023,17:45,MCAP HEAT,Montipora,19.7
8/30/2023,18:00,MCAP HEAT,Montipora,11.4
8/30/2023,18:15,MCAP HEAT,Montipora,13.7
8/30/2023,18:30,MCAP HEAT,Montipora,6.1
8/30/2023,18:45,MCAP HEAT,Montipora,3
8/30/2023,19:00,MCAP HEAT,Montipora,0.7
8/30/2023,19:15,MCAP HEAT,Montipora,0
8/30/2023,19:30,MCAP HEAT,Montipora,0
8/30/2023,19:45,MCAP HEAT,Montipora,0
8/30/2023,20:00,MCAP HEAT,Montipora,0
8/30/2023,20:15,MCAP HEAT,Montipora,0
8/30/2023,20:30,MCAP HEAT,Montipora,0
8/30/2023,20:45,MCAP HEAT,Montipora,0
8/30/2023,21:00,MCAP HEAT,Montipora,0
8/30/2023,21:15,MCAP HEAT,Montipora,0
8/30/2023,21:30,MCAP HEAT,Montipora,0
8/30/2023,21:45,MCAP HEAT,Montipora,0
8/30/2023,22:00,MCAP HEAT,Montipora,0
8/30/2023,22:15,MCAP HEAT,Montipora,0
8/30/2023,22:30,MCAP HEAT,Montipora,0
8/30/2023,22:45,MCAP HEAT,Montipora,0
8/30/2023,23:00,MCAP HEAT,Montipora,0
8/30/2023,23:15,MCAP HEAT,Montipora,0
8/30/2023,23:30,MCAP HEAT,Montipora,0
8/30/2023,23:45,MCAP HEAT,Montipora,0
8/31/2023,0:00,MCAP HEAT,Montipora,0
8/31/2023,0:15,MCAP HEAT,Montipora,0
8/31/2023,0:30,MCAP HEAT,Montipora,0
8/31/2023,0:45,MCAP HEAT,Montipora,0
8/31/2023,1:00,MCAP HEAT,Montipora,0
8/31/2023,1:15,MCAP HEAT,Montipora,0
8/31/2023,1:30,MCAP HEAT,Montipora,0
8/31/2023,1:45,MCAP HEAT,Montipora,0
8/31/2023,2:00,MCAP HEAT,Montipora,0
8/31/2023,2:15,MCAP HEAT,Montipora,0
8/31/2023,2:30,MCAP HEAT,Montipora,0
8/31/2023,2:45,MCAP HEAT,Montipora,0
8/31/2023,3:00,MCAP HEAT,Montipora,0
8/31/2023,3:15,MCAP HEAT,Montipora,0
8/31/2023,3:30,MCAP HEAT,Montipora,0
8/31/2023,3:45,MCAP HEAT,Montipora,0
8/31/2023,4:00,MCAP HEAT,Montipora,0
8/31/2023,4:15,MCAP HEAT,Montipora,0
8/31/2023,4:30,MCAP HEAT,Montipora,0
8/31/2023,4:45,MCAP HEAT,Montipora,0
8/31/2023,5:00,MCAP HEAT,Montipora,0
8/31/2023,5:15,MCAP HEAT,Montipora,0
8/31/2023,5:30,MCAP HEAT,Montipora,0
8/31/2023,5:45,MCAP HEAT,Montipora,0
8/31/2023,6:00,MCAP HEAT,Montipora,0
8/31/2023,6:15,MCAP HEAT,Montipora,0.3
8/31/2023,6:30,MCAP HEAT,Montipora,2.6
8/31/2023,6:45,MCAP HEAT,Montipora,7.9
8/31/2023,7:00,MCAP HEAT,Montipora,9.9
8/31/2023,7:15,MCAP HEAT,Montipora,30.9
8/31/2023,7:30,MCAP HEAT,Montipora,53.1
8/31/2023,7:45,MCAP HEAT,Montipora,59.6
8/31/2023,8:00,MCAP HEAT,Montipora,34.4
8/31/2023,8:15,MCAP HEAT,Montipora,107.9
8/31/2023,8:30,MCAP HEAT,Montipora,104.7
8/31/2023,8:45,MCAP HEAT,Montipora,58.6
8/31/2023,9:00,MCAP HEAT,Montipora,87.8
8/31/2023,9:15,MCAP HEAT,Montipora,86.2
8/31/2023,9:30,MCAP HEAT,Montipora,92.4
8/31/2023,9:45,MCAP HEAT,Montipora,148.8
8/31/2023,10:00,MCAP HEAT,Montipora,217.5
8/31/2023,10:15,MCAP HEAT,Montipora,167.4
8/31/2023,10:30,MCAP HEAT,Montipora,124.8
8/31/2023,10:45,MCAP HEAT,Montipora,123.2
8/31/2023,11:00,MCAP HEAT,Montipora,181.1
8/31/2023,11:15,MCAP HEAT,Montipora,224.9
8/31/2023,11:30,MCAP HEAT,Montipora,225.3
8/31/2023,11:45,MCAP HEAT,Montipora,157.6
8/31/2023,12:00,MCAP HEAT,Montipora,224.1
8/31/2023,12:15,MCAP HEAT,Montipora,254.7
8/31/2023,12:30,MCAP HEAT,Montipora,147.1
8/31/2023,12:45,MCAP HEAT,Montipora,137.4
8/31/2023,13:00,MCAP HEAT,Montipora,142.2
8/31/2023,13:15,MCAP HEAT,Montipora,113.4
8/31/2023,13:30,MCAP HEAT,Montipora,133.7
8/31/2023,13:45,MCAP HEAT,Montipora,111.9
8/31/2023,14:00,MCAP HEAT,Montipora,85.5
8/31/2023,14:15,MCAP HEAT,Montipora,93
8/31/2023,14:30,MCAP HEAT,Montipora,82.2
8/31/2023,14:45,MCAP HEAT,Montipora,63.6
8/31/2023,15:00,MCAP HEAT,Montipora,59.1
8/31/2023,15:15,MCAP HEAT,Montipora,66.2
8/31/2023,15:30,MCAP HEAT,Montipora,58
8/31/2023,15:45,MCAP HEAT,Montipora,49.7
8/31/2023,16:00,MCAP HEAT,Montipora,36.9
8/31/2023,16:15,MCAP HEAT,Montipora,38.8
8/31/2023,16:30,MCAP HEAT,Montipora,58.2
8/31/2023,16:45,MCAP HEAT,Montipora,29.6
8/31/2023,17:00,MCAP HEAT,Montipora,28.6
8/31/2023,17:15,MCAP HEAT,Montipora,28
8/31/2023,17:30,MCAP HEAT,Montipora,23.8
8/31/2023,17:45,MCAP HEAT,Montipora,19.8
8/31/2023,18:00,MCAP HEAT,Montipora,13.6
8/31/2023,18:15,MCAP HEAT,Montipora,9.6
8/31/2023,18:30,MCAP HEAT,Montipora,5.7
8/31/2023,18:45,MCAP HEAT,Montipora,2.3
8/31/2023,19:00,MCAP HEAT,Montipora,0.6
8/31/2023,19:15,MCAP HEAT,Montipora,0
8/31/2023,19:30,MCAP HEAT,Montipora,0
8/31/2023,19:45,MCAP HEAT,Montipora,0
8/31/2023,20:00,MCAP HEAT,Montipora,0
8/31/2023,20:15,MCAP HEAT,Montipora,0
8/31/2023,20:30,MCAP HEAT,Montipora,0
8/31/2023,20:45,MCAP HEAT,Montipora,0
8/31/2023,21:00,MCAP HEAT,Montipora,0
8/31/2023,21:15,MCAP HEAT,Montipora,0
8/31/2023,21:30,MCAP HEAT,Montipora,0
8/31/2023,21:45,MCAP HEAT,Montipora,0
8/31/2023,22:00,MCAP HEAT,Montipora,0
8/31/2023,22:15,MCAP HEAT,Montipora,0
8/31/2023,22:30,MCAP HEAT,Montipora,0
8/31/2023,22:45,MCAP HEAT,Montipora,0
8/31/2023,23:00,MCAP HEAT,Montipora,0
8/31/2023,23:15,MCAP HEAT,Montipora,0
8/31/2023,23:30,MCAP HEAT,Montipora,0
8/31/2023,23:45,MCAP HEAT,Montipora,0
9/1/2023,0:00,MCAP HEAT,Montipora,0
9/1/2023,0:15,MCAP HEAT,Montipora,0
9/1/2023,0:30,MCAP HEAT,Montipora,0
9/1/2023,0:45,MCAP HEAT,Montipora,0
9/1/2023,1:00,MCAP HEAT,Montipora,0
9/1/2023,1:15,MCAP HEAT,Montipora,0
9/1/2023,1:30,MCAP HEAT,Montipora,0
9/1/2023,1:45,MCAP HEAT,Montipora,0
9/1/2023,2:00,MCAP HEAT,Montipora,0
9/1/2023,2:15,MCAP HEAT,Montipora,0
9/1/2023,2:30,MCAP HEAT,Montipora,0
9/1/2023,2:45,MCAP HEAT,Montipora,0
9/1/2023,3:00,MCAP HEAT,Montipora,0
9/1/2023,3:15,MCAP HEAT,Montipora,0
9/1/2023,3:30,MCAP HEAT,Montipora,0
9/1/2023,3:45,MCAP HEAT,Montipora,0
9/1/2023,4:00,MCAP HEAT,Montipora,0
9/1/2023,4:15,MCAP HEAT,Montipora,0
9/1/2023,4:30,MCAP HEAT,Montipora,0
9/1/2023,4:45,MCAP HEAT,Montipora,0
9/1/2023,5:00,MCAP HEAT,Montipora,0
9/1/2023,5:15,MCAP HEAT,Montipora,0
9/1/2023,5:30,MCAP HEAT,Montipora,0
9/1/2023,5:45,MCAP HEAT,Montipora,0
9/1/2023,6:00,MCAP HEAT,Montipora,0
9/1/2023,6:15,MCAP HEAT,Montipora,0
9/1/2023,6:30,MCAP HEAT,Montipora,0.7
9/1/2023,6:45,MCAP HEAT,Montipora,2.3
9/1/2023,7:00,MCAP HEAT,Montipora,4.2
9/1/2023,7:15,MCAP HEAT,Montipora,9.8
9/1/2023,7:30,MCAP HEAT,Montipora,13
9/1/2023,7:45,MCAP HEAT,Montipora,19.4
9/1/2023,8:00,MCAP HEAT,Montipora,64.5
9/1/2023,8:15,MCAP HEAT,Montipora,47.6
9/1/2023,8:30,MCAP HEAT,Montipora,99.8
9/1/2023,8:45,MCAP HEAT,Montipora,69.6
9/1/2023,9:00,MCAP HEAT,Montipora,103.7
9/1/2023,9:15,MCAP HEAT,Montipora,140.5
9/1/2023,9:30,MCAP HEAT,Montipora,198.2
9/1/2023,9:45,MCAP HEAT,Montipora,221.5
9/1/2023,10:00,MCAP HEAT,Montipora,189.7
9/1/2023,10:15,MCAP HEAT,Montipora,214.2
9/1/2023,10:30,MCAP HEAT,Montipora,196.4
9/1/2023,10:45,MCAP HEAT,Montipora,194.8
9/1/2023,11:00,MCAP HEAT,Montipora,201.2
9/1/2023,11:15,MCAP HEAT,Montipora,221.1
9/1/2023,11:30,MCAP HEAT,Montipora,265.2
9/1/2023,11:45,MCAP HEAT,Montipora,274
9/1/2023,12:00,MCAP HEAT,Montipora,231.7
9/1/2023,12:15,MCAP HEAT,Montipora,143.6
9/1/2023,12:30,MCAP HEAT,Montipora,149
9/1/2023,12:45,MCAP HEAT,Montipora,95.1
9/1/2023,13:00,MCAP HEAT,Montipora,103.4
9/1/2023,13:15,MCAP HEAT,Montipora,91
9/1/2023,13:30,MCAP HEAT,Montipora,100.4
9/1/2023,13:45,MCAP HEAT,Montipora,101.6
9/1/2023,14:00,MCAP HEAT,Montipora,104.1
9/1/2023,14:15,MCAP HEAT,Montipora,92.7
9/1/2023,14:30,MCAP HEAT,Montipora,112.2
9/1/2023,14:45,MCAP HEAT,Montipora,87.7
9/1/2023,15:00,MCAP HEAT,Montipora,58.7
9/1/2023,15:15,MCAP HEAT,Montipora,46.9
9/1/2023,15:30,MCAP HEAT,Montipora,37.3
9/1/2023,15:45,MCAP HEAT,Montipora,41.2
9/1/2023,16:00,MCAP HEAT,Montipora,39.8
9/1/2023,16:15,MCAP HEAT,Montipora,34.9
9/1/2023,16:30,MCAP HEAT,Montipora,29.9
9/1/2023,16:45,MCAP HEAT,Montipora,42.8
9/1/2023,17:00,MCAP HEAT,Montipora,27.7
9/1/2023,17:15,MCAP HEAT,Montipora,14.3
9/1/2023,17:30,MCAP HEAT,Montipora,19.5
9/1/2023,17:45,MCAP HEAT,Montipora,14
9/1/2023,18:00,MCAP HEAT,Montipora,8.3
9/1/2023,18:15,MCAP HEAT,Montipora,7.4
9/1/2023,18:30,MCAP HEAT,Montipora,5.5
9/1/2023,18:45,MCAP HEAT,Montipora,2.1
9/1/2023,19:00,MCAP HEAT,Montipora,0.4
9/1/2023,19:15,MCAP HEAT,Montipora,0
9/1/2023,19:30,MCAP HEAT,Montipora,0
9/1/2023,19:45,MCAP HEAT,Montipora,0
9/1/2023,20:00,MCAP HEAT,Montipora,0
9/1/2023,20:15,MCAP HEAT,Montipora,0
9/1/2023,20:30,MCAP HEAT,Montipora,0
9/1/2023,20:45,MCAP HEAT,Montipora,0
9/1/2023,21:00,MCAP HEAT,Montipora,0
9/1/2023,21:15,MCAP HEAT,Montipora,0
9/1/2023,21:30,MCAP HEAT,Montipora,0
9/1/2023,21:45,MCAP HEAT,Montipora,0
9/1/2023,22:00,MCAP HEAT,Montipora,0
9/1/2023,22:15,MCAP HEAT,Montipora,0
9/1/2023,22:30,MCAP HEAT,Montipora,0
9/1/2023,22:45,MCAP HEAT,Montipora,0
9/1/2023,23:00,MCAP HEAT,Montipora,0
9/1/2023,23:15,MCAP HEAT,Montipora,0
9/1/2023,23:30,MCAP HEAT,Montipora,0
9/1/2023,23:45,MCAP HEAT,Montipora,0
9/2/2023,0:00,MCAP HEAT,Montipora,0
9/2/2023,0:15,MCAP HEAT,Montipora,0
9/2/2023,0:30,MCAP HEAT,Montipora,0
9/2/2023,0:45,MCAP HEAT,Montipora,0
9/2/2023,1:00,MCAP HEAT,Montipora,0
9/2/2023,1:15,MCAP HEAT,Montipora,0
9/2/2023,1:30,MCAP HEAT,Montipora,0
9/2/2023,1:45,MCAP HEAT,Montipora,0
9/2/2023,2:00,MCAP HEAT,Montipora,0
9/2/2023,2:15,MCAP HEAT,Montipora,0
9/2/2023,2:30,MCAP HEAT,Montipora,0
9/2/2023,2:45,MCAP HEAT,Montipora,0
9/2/2023,3:00,MCAP HEAT,Montipora,0
9/2/2023,3:15,MCAP HEAT,Montipora,0
9/2/2023,3:30,MCAP HEAT,Montipora,0
9/2/2023,3:45,MCAP HEAT,Montipora,0
9/2/2023,4:00,MCAP HEAT,Montipora,0
9/2/2023,4:15,MCAP HEAT,Montipora,0
9/2/2023,4:30,MCAP HEAT,Montipora,0
9/2/2023,4:45,MCAP HEAT,Montipora,0
9/2/2023,5:00,MCAP HEAT,Montipora,0
9/2/2023,5:15,MCAP HEAT,Montipora,0
9/2/2023,5:30,MCAP HEAT,Montipora,0
9/2/2023,5:45,MCAP HEAT,Montipora,0
9/2/2023,6:00,MCAP HEAT,Montipora,0
9/2/2023,6:15,MCAP HEAT,Montipora,0.1
9/2/2023,6:30,MCAP HEAT,Montipora,1.4
9/2/2023,6:45,MCAP HEAT,Montipora,4.1
9/2/2023,7:00,MCAP HEAT,Montipora,7.7
9/2/2023,7:15,MCAP HEAT,Montipora,13.4
9/2/2023,7:30,MCAP HEAT,Montipora,21
9/2/2023,7:45,MCAP HEAT,Montipora,35
9/2/2023,8:00,MCAP HEAT,Montipora,44.1
9/2/2023,8:15,MCAP HEAT,Montipora,38.1
9/2/2023,8:30,MCAP HEAT,Montipora,57.4
9/2/2023,8:45,MCAP HEAT,Montipora,93.1
9/2/2023,9:00,MCAP HEAT,Montipora,111.3
9/2/2023,9:15,MCAP HEAT,Montipora,119.1
9/2/2023,9:30,MCAP HEAT,Montipora,79.9
9/2/2023,9:45,MCAP HEAT,Montipora,146.5
9/2/2023,10:00,MCAP HEAT,Montipora,106
9/2/2023,10:15,MCAP HEAT,Montipora,54.2
9/2/2023,10:30,MCAP HEAT,Montipora,219.6
9/2/2023,10:45,MCAP HEAT,Montipora,166
9/2/2023,11:00,MCAP HEAT,Montipora,157.3
9/2/2023,11:15,MCAP HEAT,Montipora,127
9/2/2023,11:30,MCAP HEAT,Montipora,122.5
9/2/2023,11:45,MCAP HEAT,Montipora,80.7
9/2/2023,12:00,MCAP HEAT,Montipora,103.2
9/2/2023,12:15,MCAP HEAT,Montipora,85.8
9/2/2023,12:30,MCAP HEAT,Montipora,105.9
9/2/2023,12:45,MCAP HEAT,Montipora,92.9
9/2/2023,13:00,MCAP HEAT,Montipora,91.5
9/2/2023,13:15,MCAP HEAT,Montipora,69.3
9/2/2023,13:30,MCAP HEAT,Montipora,80.7
9/2/2023,13:45,MCAP HEAT,Montipora,92.3
9/2/2023,14:00,MCAP HEAT,Montipora,81.9
9/2/2023,14:15,MCAP HEAT,Montipora,79.2
9/2/2023,14:30,MCAP HEAT,Montipora,52.1
9/2/2023,14:45,MCAP HEAT,Montipora,62.2
9/2/2023,15:00,MCAP HEAT,Montipora,75.8
9/2/2023,15:15,MCAP HEAT,Montipora,72.9
9/2/2023,15:30,MCAP HEAT,Montipora,55.4
9/2/2023,15:45,MCAP HEAT,Montipora,44.2
9/2/2023,16:00,MCAP HEAT,Montipora,104.3
9/2/2023,16:15,MCAP HEAT,Montipora,56.6
9/2/2023,16:30,MCAP HEAT,Montipora,48.9
9/2/2023,16:45,MCAP HEAT,Montipora,34.1
9/2/2023,17:00,MCAP HEAT,Montipora,33.2
9/2/2023,17:15,MCAP HEAT,Montipora,25.6
9/2/2023,17:30,MCAP HEAT,Montipora,17.2
9/2/2023,17:45,MCAP HEAT,Montipora,13.6
9/2/2023,18:00,MCAP HEAT,Montipora,11.2
9/2/2023,18:15,MCAP HEAT,Montipora,14.4
9/2/2023,18:30,MCAP HEAT,Montipora,6.2
9/2/2023,18:45,MCAP HEAT,Montipora,2.2
9/2/2023,19:00,MCAP HEAT,Montipora,0.5
9/2/2023,19:15,MCAP HEAT,Montipora,0
9/2/2023,19:30,MCAP HEAT,Montipora,0
9/2/2023,19:45,MCAP HEAT,Montipora,0
9/2/2023,20:00,MCAP HEAT,Montipora,0
9/2/2023,20:15,MCAP HEAT,Montipora,0
9/2/2023,20:30,MCAP HEAT,Montipora,0
9/2/2023,20:45,MCAP HEAT,Montipora,0
9/2/2023,21:00,MCAP HEAT,Montipora,0
9/2/2023,21:15,MCAP HEAT,Montipora,0
9/2/2023,21:30,MCAP HEAT,Montipora,0
9/2/2023,21:45,MCAP HEAT,Montipora,0
9/2/2023,22:00,MCAP HEAT,Montipora,0
9/2/2023,22:15,MCAP HEAT,Montipora,0
9/2/2023,22:30,MCAP HEAT,Montipora,0
9/2/2023,22:45,MCAP HEAT,Montipora,0
9/2/2023,23:00,MCAP HEAT,Montipora,0
9/2/2023,23:15,MCAP HEAT,Montipora,0
9/2/2023,23:30,MCAP HEAT,Montipora,0
9/2/2023,23:45,MCAP HEAT,Montipora,0
9/3/2023,0:00,MCAP HEAT,Montipora,0
9/3/2023,0:15,MCAP HEAT,Montipora,0
9/3/2023,0:30,MCAP HEAT,Montipora,0
9/3/2023,0:45,MCAP HEAT,Montipora,0
9/3/2023,1:00,MCAP HEAT,Montipora,0
9/3/2023,1:15,MCAP HEAT,Montipora,0
9/3/2023,1:30,MCAP HEAT,Montipora,0
9/3/2023,1:45,MCAP HEAT,Montipora,0
9/3/2023,2:00,MCAP HEAT,Montipora,0
9/3/2023,2:15,MCAP HEAT,Montipora,0
9/3/2023,2:30,MCAP HEAT,Montipora,0
9/3/2023,2:45,MCAP HEAT,Montipora,0
9/3/2023,3:00,MCAP HEAT,Montipora,0
9/3/2023,3:15,MCAP HEAT,Montipora,0
9/3/2023,3:30,MCAP HEAT,Montipora,0
9/3/2023,3:45,MCAP HEAT,Montipora,0
9/3/2023,4:00,MCAP HEAT,Montipora,0
9/3/2023,4:15,MCAP HEAT,Montipora,0
9/3/2023,4:30,MCAP HEAT,Montipora,0
9/3/2023,4:45,MCAP HEAT,Montipora,0
9/3/2023,5:00,MCAP HEAT,Montipora,0
9/3/2023,5:15,MCAP HEAT,Montipora,0
9/3/2023,5:30,MCAP HEAT,Montipora,0
9/3/2023,5:45,MCAP HEAT,Montipora,0
9/3/2023,6:00,MCAP HEAT,Montipora,0
9/3/2023,6:15,MCAP HEAT,Montipora,0.1
9/3/2023,6:30,MCAP HEAT,Montipora,2.4
9/3/2023,6:45,MCAP HEAT,Montipora,8.5
9/3/2023,7:00,MCAP HEAT,Montipora,24.9
9/3/2023,7:15,MCAP HEAT,Montipora,52.8
9/3/2023,7:30,MCAP HEAT,Montipora,49.2
9/3/2023,7:45,MCAP HEAT,Montipora,40
9/3/2023,8:00,MCAP HEAT,Montipora,76.7
9/3/2023,8:15,MCAP HEAT,Montipora,41.8
9/3/2023,8:30,MCAP HEAT,Montipora,47.4
9/3/2023,8:45,MCAP HEAT,Montipora,53
9/3/2023,9:00,MCAP HEAT,Montipora,78
9/3/2023,9:15,MCAP HEAT,Montipora,65.2
9/3/2023,9:30,MCAP HEAT,Montipora,43.4
9/3/2023,9:45,MCAP HEAT,Montipora,40.8
9/3/2023,10:00,MCAP HEAT,Montipora,131.5
9/3/2023,10:15,MCAP HEAT,Montipora,94.5
9/3/2023,10:30,MCAP HEAT,Montipora,92.3
9/3/2023,10:45,MCAP HEAT,Montipora,63.2
9/3/2023,11:00,MCAP HEAT,Montipora,42.1
9/3/2023,11:15,MCAP HEAT,Montipora,47.4
9/3/2023,11:30,MCAP HEAT,Montipora,46.3
9/3/2023,11:45,MCAP HEAT,Montipora,46.8
9/3/2023,12:00,MCAP HEAT,Montipora,43.9
9/3/2023,12:15,MCAP HEAT,Montipora,61.3
9/3/2023,12:30,MCAP HEAT,Montipora,61.7
9/3/2023,12:45,MCAP HEAT,Montipora,86.9
9/3/2023,13:00,MCAP HEAT,Montipora,102.5
9/3/2023,13:15,MCAP HEAT,Montipora,101.6
9/3/2023,13:30,MCAP HEAT,Montipora,91.4
9/3/2023,13:45,MCAP HEAT,Montipora,87.3
9/3/2023,14:00,MCAP HEAT,Montipora,95
9/3/2023,14:15,MCAP HEAT,Montipora,71.3
9/3/2023,14:30,MCAP HEAT,Montipora,61.4
9/3/2023,14:45,MCAP HEAT,Montipora,63.9
9/3/2023,15:00,MCAP HEAT,Montipora,63.7
9/3/2023,15:15,MCAP HEAT,Montipora,43.4
9/3/2023,15:30,MCAP HEAT,Montipora,40.2
9/3/2023,15:45,MCAP HEAT,Montipora,42.9
9/3/2023,16:00,MCAP HEAT,Montipora,57.6
9/3/2023,16:15,MCAP HEAT,Montipora,68
9/3/2023,16:30,MCAP HEAT,Montipora,87.1
9/3/2023,16:45,MCAP HEAT,Montipora,54.4
9/3/2023,17:00,MCAP HEAT,Montipora,17
9/3/2023,17:15,MCAP HEAT,Montipora,18.2
9/3/2023,17:30,MCAP HEAT,Montipora,13
9/3/2023,17:45,MCAP HEAT,Montipora,12.7
9/3/2023,18:00,MCAP HEAT,Montipora,11.9
9/3/2023,18:15,MCAP HEAT,Montipora,8
9/3/2023,18:30,MCAP HEAT,Montipora,5.9
9/3/2023,18:45,MCAP HEAT,Montipora,2
9/3/2023,19:00,MCAP HEAT,Montipora,0.3
9/3/2023,19:15,MCAP HEAT,Montipora,0
9/3/2023,19:30,MCAP HEAT,Montipora,0
9/3/2023,19:45,MCAP HEAT,Montipora,0
9/3/2023,20:00,MCAP HEAT,Montipora,0
9/3/2023,20:15,MCAP HEAT,Montipora,0
9/3/2023,20:30,MCAP HEAT,Montipora,0
9/3/2023,20:45,MCAP HEAT,Montipora,0
9/3/2023,21:00,MCAP HEAT,Montipora,0
9/3/2023,21:15,MCAP HEAT,Montipora,0
9/3/2023,21:30,MCAP HEAT,Montipora,0
9/3/2023,21:45,MCAP HEAT,Montipora,0
9/3/2023,22:00,MCAP HEAT,Montipora,0
9/3/2023,22:15,MCAP HEAT,Montipora,0
9/3/2023,22:30,MCAP HEAT,Montipora,0
9/3/2023,22:45,MCAP HEAT,Montipora,0
9/3/2023,23:00,MCAP HEAT,Montipora,0
9/3/2023,23:15,MCAP HEAT,Montipora,0
9/3/2023,23:30,MCAP HEAT,Montipora,0
9/3/2023,23:45,MCAP HEAT,Montipora,0
9/4/2023,0:00,MCAP HEAT,Montipora,0
9/4/2023,0:15,MCAP HEAT,Montipora,0
9/4/2023,0:30,MCAP HEAT,Montipora,0
9/4/2023,0:45,MCAP HEAT,Montipora,0
9/4/2023,1:00,MCAP HEAT,Montipora,0
9/4/2023,1:15,MCAP HEAT,Montipora,0
9/4/2023,1:30,MCAP HEAT,Montipora,0
9/4/2023,1:45,MCAP HEAT,Montipora,0
9/4/2023,2:00,MCAP HEAT,Montipora,0
9/4/2023,2:15,MCAP HEAT,Montipora,0
9/4/2023,2:30,MCAP HEAT,Montipora,0
9/4/2023,2:45,MCAP HEAT,Montipora,0
9/4/2023,3:00,MCAP HEAT,Montipora,0
9/4/2023,3:15,MCAP HEAT,Montipora,0
9/4/2023,3:30,MCAP HEAT,Montipora,0
9/4/2023,3:45,MCAP HEAT,Montipora,0
9/4/2023,4:00,MCAP HEAT,Montipora,0
9/4/2023,4:15,MCAP HEAT,Montipora,0
9/4/2023,4:30,MCAP HEAT,Montipora,0
9/4/2023,4:45,MCAP HEAT,Montipora,0
9/4/2023,5:00,MCAP HEAT,Montipora,0
9/4/2023,5:15,MCAP HEAT,Montipora,0
9/4/2023,5:30,MCAP HEAT,Montipora,0
9/4/2023,5:45,MCAP HEAT,Montipora,0
9/4/2023,6:00,MCAP HEAT,Montipora,0
9/4/2023,6:15,MCAP HEAT,Montipora,0.2
9/4/2023,6:30,MCAP HEAT,Montipora,2.7
9/4/2023,6:45,MCAP HEAT,Montipora,8.5
9/4/2023,7:00,MCAP HEAT,Montipora,15.7
9/4/2023,7:15,MCAP HEAT,Montipora,46.8
9/4/2023,7:30,MCAP HEAT,Montipora,31.7
9/4/2023,7:45,MCAP HEAT,Montipora,77.3
9/4/2023,8:00,MCAP HEAT,Montipora,62
9/4/2023,8:15,MCAP HEAT,Montipora,83.9
9/4/2023,8:30,MCAP HEAT,Montipora,48.4
9/4/2023,8:45,MCAP HEAT,Montipora,76.8
9/4/2023,9:00,MCAP HEAT,Montipora,145.5
9/4/2023,9:15,MCAP HEAT,Montipora,158
9/4/2023,9:30,MCAP HEAT,Montipora,164.4
9/4/2023,9:45,MCAP HEAT,Montipora,214.4
9/4/2023,10:00,MCAP HEAT,Montipora,215.6
9/4/2023,10:15,MCAP HEAT,Montipora,240
9/4/2023,10:30,MCAP HEAT,Montipora,260.3
9/4/2023,10:45,MCAP HEAT,Montipora,211.6
9/4/2023,11:00,MCAP HEAT,Montipora,225
9/4/2023,11:15,MCAP HEAT,Montipora,292.3
9/4/2023,11:30,MCAP HEAT,Montipora,312
9/4/2023,11:45,MCAP HEAT,Montipora,317.9
9/4/2023,12:00,MCAP HEAT,Montipora,280.9
9/4/2023,12:15,MCAP HEAT,Montipora,164.4
9/4/2023,12:30,MCAP HEAT,Montipora,91.5
9/4/2023,12:45,MCAP HEAT,Montipora,104.1
9/4/2023,13:00,MCAP HEAT,Montipora,117.7
9/4/2023,13:15,MCAP HEAT,Montipora,104.7
9/4/2023,13:30,MCAP HEAT,Montipora,75.9
9/4/2023,13:45,MCAP HEAT,Montipora,95
9/4/2023,14:00,MCAP HEAT,Montipora,116.5
9/4/2023,14:15,MCAP HEAT,Montipora,121.1
9/4/2023,14:30,MCAP HEAT,Montipora,108.7
9/4/2023,14:45,MCAP HEAT,Montipora,65.4
9/4/2023,15:00,MCAP HEAT,Montipora,67.4
9/4/2023,15:15,MCAP HEAT,Montipora,17.3
9/4/2023,15:30,MCAP HEAT,Montipora,23.9
9/4/2023,15:45,MCAP HEAT,Montipora,35.4
9/4/2023,16:00,MCAP HEAT,Montipora,88.9
9/4/2023,16:15,MCAP HEAT,Montipora,67.1
9/4/2023,16:30,MCAP HEAT,Montipora,52.6
9/4/2023,16:45,MCAP HEAT,Montipora,110.3
9/4/2023,17:00,MCAP HEAT,Montipora,17.6
9/4/2023,17:15,MCAP HEAT,Montipora,13.1
9/4/2023,17:30,MCAP HEAT,Montipora,12.2
9/4/2023,17:45,MCAP HEAT,Montipora,11.9
9/4/2023,18:00,MCAP HEAT,Montipora,15.2
9/4/2023,18:15,MCAP HEAT,Montipora,9.6
9/4/2023,18:30,MCAP HEAT,Montipora,4.6
9/4/2023,18:45,MCAP HEAT,Montipora,1.8
9/4/2023,19:00,MCAP HEAT,Montipora,0.3
9/4/2023,19:15,MCAP HEAT,Montipora,0
9/4/2023,19:30,MCAP HEAT,Montipora,0
9/4/2023,19:45,MCAP HEAT,Montipora,0
9/4/2023,20:00,MCAP HEAT,Montipora,0
9/4/2023,20:15,MCAP HEAT,Montipora,0
9/4/2023,20:30,MCAP HEAT,Montipora,0
9/4/2023,20:45,MCAP HEAT,Montipora,0
9/4/2023,21:00,MCAP HEAT,Montipora,0
9/4/2023,21:15,MCAP HEAT,Montipora,0
9/4/2023,21:30,MCAP HEAT,Montipora,0
9/4/2023,21:45,MCAP HEAT,Montipora,0
9/4/2023,22:00,MCAP HEAT,Montipora,0
9/4/2023,22:15,MCAP HEAT,Montipora,0
9/4/2023,22:30,MCAP HEAT,Montipora,0
9/4/2023,22:45,MCAP HEAT,Montipora,0
9/4/2023,23:00,MCAP HEAT,Montipora,0
9/4/2023,23:15,MCAP HEAT,Montipora,0
9/4/2023,23:30,MCAP HEAT,Montipora,0
9/4/2023,23:45,MCAP HEAT,Montipora,0
9/5/2023,0:00,MCAP HEAT,Montipora,0
9/5/2023,0:15,MCAP HEAT,Montipora,0
9/5/2023,0:30,MCAP HEAT,Montipora,0
9/5/2023,0:45,MCAP HEAT,Montipora,0
9/5/2023,1:00,MCAP HEAT,Montipora,0
9/5/2023,1:15,MCAP HEAT,Montipora,0
9/5/2023,1:30,MCAP HEAT,Montipora,0
9/5/2023,1:45,MCAP HEAT,Montipora,0
9/5/2023,2:00,MCAP HEAT,Montipora,0
9/5/2023,2:15,MCAP HEAT,Montipora,0
9/5/2023,2:30,MCAP HEAT,Montipora,0
9/5/2023,2:45,MCAP HEAT,Montipora,0
9/5/2023,3:00,MCAP HEAT,Montipora,0
9/5/2023,3:15,MCAP HEAT,Montipora,0
9/5/2023,3:30,MCAP HEAT,Montipora,0
9/5/2023,3:45,MCAP HEAT,Montipora,0
9/5/2023,4:00,MCAP HEAT,Montipora,0
9/5/2023,4:15,MCAP HEAT,Montipora,0
9/5/2023,4:30,MCAP HEAT,Montipora,0
9/5/2023,4:45,MCAP HEAT,Montipora,0
9/5/2023,5:00,MCAP HEAT,Montipora,0
9/5/2023,5:15,MCAP HEAT,Montipora,0
9/5/2023,5:30,MCAP HEAT,Montipora,0
9/5/2023,5:45,MCAP HEAT,Montipora,0
9/5/2023,6:00,MCAP HEAT,Montipora,0
9/5/2023,6:15,MCAP HEAT,Montipora,0.2
9/5/2023,6:30,MCAP HEAT,Montipora,2.9
9/5/2023,6:45,MCAP HEAT,Montipora,10.5
9/5/2023,7:00,MCAP HEAT,Montipora,25.7
9/5/2023,7:15,MCAP HEAT,Montipora,36.9
9/5/2023,7:30,MCAP HEAT,Montipora,33.1
9/5/2023,7:45,MCAP HEAT,Montipora,25.7
9/5/2023,8:00,MCAP HEAT,Montipora,58.9
9/5/2023,8:15,MCAP HEAT,Montipora,65.8
9/5/2023,8:30,MCAP HEAT,Montipora,70.7
9/5/2023,8:45,MCAP HEAT,Montipora,70.9
9/5/2023,10:15,MCAP HEAT,Montipora,268.1
9/5/2023,10:30,MCAP HEAT,Montipora,297.8
9/5/2023,10:45,MCAP HEAT,Montipora,298.3
9/5/2023,11:00,MCAP HEAT,Montipora,195.4
9/5/2023,11:15,MCAP HEAT,Montipora,299.8
9/5/2023,11:30,MCAP HEAT,Montipora,318.9
9/5/2023,11:45,MCAP HEAT,Montipora,324.3
9/5/2023,12:00,MCAP HEAT,Montipora,324.9
9/5/2023,12:15,MCAP HEAT,Montipora,329.9
9/5/2023,12:30,MCAP HEAT,Montipora,311.8
9/5/2023,12:45,MCAP HEAT,Montipora,206.3
9/5/2023,13:00,MCAP HEAT,Montipora,168
9/5/2023,13:15,MCAP HEAT,Montipora,210.8
9/5/2023,13:30,MCAP HEAT,Montipora,235
9/5/2023,13:45,MCAP HEAT,Montipora,239.2
9/5/2023,14:00,MCAP HEAT,Montipora,152.7
9/5/2023,14:15,MCAP HEAT,Montipora,137.7
9/5/2023,14:30,MCAP HEAT,Montipora,169.2
9/5/2023,14:45,MCAP HEAT,Montipora,115.2
9/5/2023,15:00,MCAP HEAT,Montipora,103.6
9/5/2023,15:15,MCAP HEAT,Montipora,71
9/5/2023,15:30,MCAP HEAT,Montipora,59.5
9/5/2023,15:45,MCAP HEAT,Montipora,61.6
9/5/2023,16:00,MCAP HEAT,Montipora,67.6
9/5/2023,16:15,MCAP HEAT,Montipora,47.5
9/5/2023,16:30,MCAP HEAT,Montipora,48.3
9/5/2023,16:45,MCAP HEAT,Montipora,61.6
9/5/2023,17:00,MCAP HEAT,Montipora,44.1
9/5/2023,17:15,MCAP HEAT,Montipora,33.9
9/5/2023,17:30,MCAP HEAT,Montipora,33.5
9/5/2023,17:45,MCAP HEAT,Montipora,18.4
9/5/2023,18:00,MCAP HEAT,Montipora,12.1
9/5/2023,18:15,MCAP HEAT,Montipora,9.5
9/5/2023,18:30,MCAP HEAT,Montipora,4.9
9/5/2023,18:45,MCAP HEAT,Montipora,1.9
9/5/2023,19:00,MCAP HEAT,Montipora,0.3
9/5/2023,19:15,MCAP HEAT,Montipora,0
9/5/2023,19:30,MCAP HEAT,Montipora,0
9/5/2023,19:45,MCAP HEAT,Montipora,0
9/5/2023,20:00,MCAP HEAT,Montipora,0
9/5/2023,20:15,MCAP HEAT,Montipora,0
9/5/2023,20:30,MCAP HEAT,Montipora,0
9/5/2023,20:45,MCAP HEAT,Montipora,0
9/5/2023,21:00,MCAP HEAT,Montipora,0
9/5/2023,21:15,MCAP HEAT,Montipora,0
9/5/2023,21:30,MCAP HEAT,Montipora,0
9/5/2023,21:45,MCAP HEAT,Montipora,0
9/5/2023,22:00,MCAP HEAT,Montipora,0
9/5/2023,22:15,MCAP HEAT,Montipora,0
9/5/2023,22:30,MCAP HEAT,Montipora,0
9/5/2023,22:45,MCAP HEAT,Montipora,0
9/5/2023,23:00,MCAP HEAT,Montipora,0
9/5/2023,23:15,MCAP HEAT,Montipora,0
9/5/2023,23:30,MCAP HEAT,Montipora,0
9/5/2023,23:45,MCAP HEAT,Montipora,0
9/6/2023,0:00,MCAP HEAT,Montipora,0
9/6/2023,0:15,MCAP HEAT,Montipora,0
9/6/2023,0:30,MCAP HEAT,Montipora,0
9/6/2023,0:45,MCAP HEAT,Montipora,0
9/6/2023,1:00,MCAP HEAT,Montipora,0
9/6/2023,1:15,MCAP HEAT,Montipora,0
9/6/2023,1:30,MCAP HEAT,Montipora,0
9/6/2023,1:45,MCAP HEAT,Montipora,0
9/6/2023,2:00,MCAP HEAT,Montipora,0
9/6/2023,2:15,MCAP HEAT,Montipora,0
9/6/2023,2:30,MCAP HEAT,Montipora,0
9/6/2023,2:45,MCAP HEAT,Montipora,0
9/6/2023,3:00,MCAP HEAT,Montipora,0
9/6/2023,3:15,MCAP HEAT,Montipora,0
9/6/2023,3:30,MCAP HEAT,Montipora,0
9/6/2023,3:45,MCAP HEAT,Montipora,0
9/6/2023,4:00,MCAP HEAT,Montipora,0
9/6/2023,4:15,MCAP HEAT,Montipora,0
9/6/2023,4:30,MCAP HEAT,Montipora,0
9/6/2023,4:45,MCAP HEAT,Montipora,0
9/6/2023,5:00,MCAP HEAT,Montipora,0
9/6/2023,5:15,MCAP HEAT,Montipora,0
9/6/2023,5:30,MCAP HEAT,Montipora,0
9/6/2023,5:45,MCAP HEAT,Montipora,0
9/6/2023,6:00,MCAP HEAT,Montipora,0
9/6/2023,6:15,MCAP HEAT,Montipora,0.2
9/6/2023,6:30,MCAP HEAT,Montipora,1.2
9/6/2023,6:45,MCAP HEAT,Montipora,5.1
9/6/2023,7:00,MCAP HEAT,Montipora,16
9/6/2023,7:15,MCAP HEAT,Montipora,42.2
9/6/2023,7:30,MCAP HEAT,Montipora,76.5
9/6/2023,7:45,MCAP HEAT,Montipora,39.3
9/6/2023,8:00,MCAP HEAT,Montipora,66.5
9/6/2023,8:15,MCAP HEAT,Montipora,79.8
9/6/2023,8:30,MCAP HEAT,Montipora,106.3
9/6/2023,8:45,MCAP HEAT,Montipora,114
9/6/2023,9:00,MCAP HEAT,Montipora,92.2
9/6/2023,9:15,MCAP HEAT,Montipora,49.3
9/6/2023,9:30,MCAP HEAT,Montipora,57.1
9/6/2023,9:45,MCAP HEAT,Montipora,53.2
9/6/2023,10:00,MCAP HEAT,Montipora,65.3
9/6/2023,10:15,MCAP HEAT,Montipora,131
9/6/2023,10:30,MCAP HEAT,Montipora,258.8
9/6/2023,10:45,MCAP HEAT,Montipora,282.7
9/6/2023,11:00,MCAP HEAT,Montipora,227.9
9/6/2023,11:15,MCAP HEAT,Montipora,151.9
9/6/2023,11:30,MCAP HEAT,Montipora,122.2
9/6/2023,11:45,MCAP HEAT,Montipora,60.3
9/6/2023,12:00,MCAP HEAT,Montipora,68.5
9/6/2023,12:15,MCAP HEAT,Montipora,70.2
9/6/2023,12:30,MCAP HEAT,Montipora,192.1
9/6/2023,12:45,MCAP HEAT,Montipora,215.6
9/6/2023,13:00,MCAP HEAT,Montipora,204
9/6/2023,13:15,MCAP HEAT,Montipora,167
9/6/2023,13:30,MCAP HEAT,Montipora,306.5
9/6/2023,13:45,MCAP HEAT,Montipora,174.6
9/6/2023,14:00,MCAP HEAT,Montipora,231.3
9/6/2023,14:15,MCAP HEAT,Montipora,258.8
9/6/2023,14:30,MCAP HEAT,Montipora,138.1
9/6/2023,14:45,MCAP HEAT,Montipora,75.3
9/6/2023,15:00,MCAP HEAT,Montipora,76.6
9/6/2023,15:15,MCAP HEAT,Montipora,57
9/6/2023,15:30,MCAP HEAT,Montipora,49.3
9/6/2023,15:45,MCAP HEAT,Montipora,56.4
9/6/2023,16:00,MCAP HEAT,Montipora,54.2
9/6/2023,16:15,MCAP HEAT,Montipora,39.7
9/6/2023,16:30,MCAP HEAT,Montipora,32.3
9/6/2023,16:45,MCAP HEAT,Montipora,29.9
9/6/2023,17:00,MCAP HEAT,Montipora,24.3
9/6/2023,17:15,MCAP HEAT,Montipora,25.1
9/6/2023,17:30,MCAP HEAT,Montipora,22.3
9/6/2023,17:45,MCAP HEAT,Montipora,20.8
9/6/2023,18:00,MCAP HEAT,Montipora,15.7
9/6/2023,18:15,MCAP HEAT,Montipora,7.8
9/6/2023,18:30,MCAP HEAT,Montipora,5.6
9/6/2023,18:45,MCAP HEAT,Montipora,2.9
9/6/2023,19:00,MCAP HEAT,Montipora,0.6
9/6/2023,19:15,MCAP HEAT,Montipora,0
9/6/2023,19:30,MCAP HEAT,Montipora,0
9/6/2023,19:45,MCAP HEAT,Montipora,0
9/6/2023,20:00,MCAP HEAT,Montipora,0
9/6/2023,20:15,MCAP HEAT,Montipora,0
9/6/2023,20:30,MCAP HEAT,Montipora,0
9/6/2023,20:45,MCAP HEAT,Montipora,0
9/6/2023,21:00,MCAP HEAT,Montipora,0
9/6/2023,21:15,MCAP HEAT,Montipora,0
9/6/2023,21:30,MCAP HEAT,Montipora,0
9/6/2023,21:45,MCAP HEAT,Montipora,0
9/6/2023,22:00,MCAP HEAT,Montipora,0
9/6/2023,22:15,MCAP HEAT,Montipora,0
9/6/2023,22:30,MCAP HEAT,Montipora,0
9/6/2023,22:45,MCAP HEAT,Montipora,0
9/6/2023,23:00,MCAP HEAT,Montipora,0
9/6/2023,23:15,MCAP HEAT,Montipora,0
9/6/2023,23:30,MCAP HEAT,Montipora,0
9/6/2023,23:45,MCAP HEAT,Montipora,0
9/7/2023,0:00,MCAP HEAT,Montipora,0
9/7/2023,0:15,MCAP HEAT,Montipora,0
9/7/2023,0:30,MCAP HEAT,Montipora,0
9/7/2023,0:45,MCAP HEAT,Montipora,0
9/7/2023,1:00,MCAP HEAT,Montipora,0
9/7/2023,1:15,MCAP HEAT,Montipora,0
9/7/2023,1:30,MCAP HEAT,Montipora,0
9/7/2023,1:45,MCAP HEAT,Montipora,0
9/7/2023,2:00,MCAP HEAT,Montipora,0
9/7/2023,2:15,MCAP HEAT,Montipora,0
9/7/2023,2:30,MCAP HEAT,Montipora,0
9/7/2023,2:45,MCAP HEAT,Montipora,0
9/7/2023,3:00,MCAP HEAT,Montipora,0
9/7/2023,3:15,MCAP HEAT,Montipora,0
9/7/2023,3:30,MCAP HEAT,Montipora,0
9/7/2023,3:45,MCAP HEAT,Montipora,0
9/7/2023,4:00,MCAP HEAT,Montipora,0
9/7/2023,4:15,MCAP HEAT,Montipora,0
9/7/2023,4:30,MCAP HEAT,Montipora,0
9/7/2023,4:45,MCAP HEAT,Montipora,0
9/7/2023,5:00,MCAP HEAT,Montipora,0
9/7/2023,5:15,MCAP HEAT,Montipora,0
9/7/2023,5:30,MCAP HEAT,Montipora,0
9/7/2023,5:45,MCAP HEAT,Montipora,0
9/7/2023,6:00,MCAP HEAT,Montipora,0
9/7/2023,6:15,MCAP HEAT,Montipora,0.2
9/7/2023,6:30,MCAP HEAT,Montipora,2.4
9/7/2023,6:45,MCAP HEAT,Montipora,6.9
9/7/2023,7:00,MCAP HEAT,Montipora,20.5
9/7/2023,7:15,MCAP HEAT,Montipora,83.9
9/7/2023,7:30,MCAP HEAT,Montipora,65.5
9/7/2023,7:45,MCAP HEAT,Montipora,144.8
9/7/2023,8:00,MCAP HEAT,Montipora,43.3
9/7/2023,8:15,MCAP HEAT,Montipora,102.9
9/7/2023,8:30,MCAP HEAT,Montipora,73.8
9/7/2023,8:45,MCAP HEAT,Montipora,86.6
9/7/2023,9:00,MCAP HEAT,Montipora,76.7
9/7/2023,9:15,MCAP HEAT,Montipora,91.9
9/7/2023,9:30,MCAP HEAT,Montipora,130.2
9/7/2023,9:45,MCAP HEAT,Montipora,238.8
9/7/2023,10:00,MCAP HEAT,Montipora,180.2
9/7/2023,10:15,MCAP HEAT,Montipora,136.7
9/7/2023,10:30,MCAP HEAT,Montipora,181.2
9/7/2023,10:45,MCAP HEAT,Montipora,198.1
9/7/2023,11:00,MCAP HEAT,Montipora,77.8
9/7/2023,11:15,MCAP HEAT,Montipora,126.6
9/7/2023,11:30,MCAP HEAT,Montipora,104.4
9/7/2023,11:45,MCAP HEAT,Montipora,132.2
9/7/2023,12:00,MCAP HEAT,Montipora,172.3
9/7/2023,12:15,MCAP HEAT,Montipora,179.4
9/7/2023,12:30,MCAP HEAT,Montipora,314.8
9/7/2023,12:45,MCAP HEAT,Montipora,259.1
9/7/2023,13:00,MCAP HEAT,Montipora,294.3
9/7/2023,13:15,MCAP HEAT,Montipora,304.7
9/7/2023,13:30,MCAP HEAT,Montipora,328.8
9/7/2023,13:45,MCAP HEAT,Montipora,349.8
9/7/2023,14:00,MCAP HEAT,Montipora,283.5
9/7/2023,14:15,MCAP HEAT,Montipora,280.4
9/7/2023,14:30,MCAP HEAT,Montipora,312
9/7/2023,14:45,MCAP HEAT,Montipora,152.3
9/7/2023,15:00,MCAP HEAT,Montipora,47.3
9/7/2023,15:15,MCAP HEAT,Montipora,27.8
9/7/2023,15:30,MCAP HEAT,Montipora,32.2
9/7/2023,15:45,MCAP HEAT,Montipora,24.4
9/7/2023,16:00,MCAP HEAT,Montipora,34.8
9/7/2023,16:15,MCAP HEAT,Montipora,37.5
9/7/2023,16:30,MCAP HEAT,Montipora,36.9
9/7/2023,16:45,MCAP HEAT,Montipora,39.8
9/7/2023,17:00,MCAP HEAT,Montipora,31.7
9/7/2023,17:15,MCAP HEAT,Montipora,25
9/7/2023,17:30,MCAP HEAT,Montipora,28.9
9/7/2023,17:45,MCAP HEAT,Montipora,11.6
9/7/2023,18:00,MCAP HEAT,Montipora,11.8
9/7/2023,18:15,MCAP HEAT,Montipora,8.8
9/7/2023,18:30,MCAP HEAT,Montipora,5.1
9/7/2023,18:45,MCAP HEAT,Montipora,2.5
9/7/2023,19:00,MCAP HEAT,Montipora,0.3
9/7/2023,19:15,MCAP HEAT,Montipora,0
9/7/2023,19:30,MCAP HEAT,Montipora,0
9/7/2023,19:45,MCAP HEAT,Montipora,0
9/7/2023,20:00,MCAP HEAT,Montipora,0
9/7/2023,20:15,MCAP HEAT,Montipora,0
9/7/2023,20:30,MCAP HEAT,Montipora,0
9/7/2023,20:45,MCAP HEAT,Montipora,0
9/7/2023,21:00,MCAP HEAT,Montipora,0
9/7/2023,21:15,MCAP HEAT,Montipora,0
9/7/2023,21:30,MCAP HEAT,Montipora,0
9/7/2023,21:45,MCAP HEAT,Montipora,0
9/7/2023,22:00,MCAP HEAT,Montipora,0
9/7/2023,22:15,MCAP HEAT,Montipora,0
9/7/2023,22:30,MCAP HEAT,Montipora,0
9/7/2023,22:45,MCAP HEAT,Montipora,0
9/7/2023,23:00,MCAP HEAT,Montipora,0
9/7/2023,23:15,MCAP HEAT,Montipora,0
9/7/2023,23:30,MCAP HEAT,Montipora,0
9/7/2023,23:45,MCAP HEAT,Montipora,0
9/8/2023,0:00,MCAP HEAT,Montipora,0
9/8/2023,0:15,MCAP HEAT,Montipora,0
9/8/2023,0:30,MCAP HEAT,Montipora,0
9/8/2023,0:45,MCAP HEAT,Montipora,0
9/8/2023,1:00,MCAP HEAT,Montipora,0
9/8/2023,1:15,MCAP HEAT,Montipora,0
9/8/2023,1:30,MCAP HEAT,Montipora,0
9/8/2023,1:45,MCAP HEAT,Montipora,0
9/8/2023,2:00,MCAP HEAT,Montipora,0
9/8/2023,2:15,MCAP HEAT,Montipora,0
9/8/2023,2:30,MCAP HEAT,Montipora,0
9/8/2023,2:45,MCAP HEAT,Montipora,0
9/8/2023,3:00,MCAP HEAT,Montipora,0
9/8/2023,3:15,MCAP HEAT,Montipora,0
9/8/2023,3:30,MCAP HEAT,Montipora,0
9/8/2023,3:45,MCAP HEAT,Montipora,0
9/8/2023,4:00,MCAP HEAT,Montipora,0
9/8/2023,4:15,MCAP HEAT,Montipora,0
9/8/2023,4:30,MCAP HEAT,Montipora,0
9/8/2023,4:45,MCAP HEAT,Montipora,0
9/8/2023,5:00,MCAP HEAT,Montipora,0
9/8/2023,5:15,MCAP HEAT,Montipora,0
9/8/2023,5:30,MCAP HEAT,Montipora,0
9/8/2023,5:45,MCAP HEAT,Montipora,0
9/8/2023,6:00,MCAP HEAT,Montipora,0
9/8/2023,6:15,MCAP HEAT,Montipora,0.2
9/8/2023,6:30,MCAP HEAT,Montipora,2.5
9/8/2023,6:45,MCAP HEAT,Montipora,7.8
9/8/2023,7:00,MCAP HEAT,Montipora,19.3
9/8/2023,7:15,MCAP HEAT,Montipora,78.3
9/8/2023,7:30,MCAP HEAT,Montipora,126.5
9/8/2023,7:45,MCAP HEAT,Montipora,47.8
9/8/2023,8:00,MCAP HEAT,Montipora,45.1
9/8/2023,8:15,MCAP HEAT,Montipora,47.8
9/8/2023,8:30,MCAP HEAT,Montipora,81.1
9/8/2023,8:45,MCAP HEAT,Montipora,91.4
9/8/2023,9:00,MCAP HEAT,Montipora,95.6
9/8/2023,9:15,MCAP HEAT,Montipora,80.6
9/8/2023,9:30,MCAP HEAT,Montipora,92.3
9/8/2023,9:45,MCAP HEAT,Montipora,279.6
9/8/2023,10:00,MCAP HEAT,Montipora,321.1
9/8/2023,10:15,MCAP HEAT,Montipora,272.8
9/8/2023,10:30,MCAP HEAT,Montipora,272.7
9/8/2023,10:45,MCAP HEAT,Montipora,243.7
9/8/2023,11:00,MCAP HEAT,Montipora,133.7
9/8/2023,11:15,MCAP HEAT,Montipora,179.5
9/8/2023,11:30,MCAP HEAT,Montipora,234
9/8/2023,11:45,MCAP HEAT,Montipora,364.4
9/8/2023,12:00,MCAP HEAT,Montipora,379.4
9/8/2023,12:15,MCAP HEAT,Montipora,371.7
9/8/2023,12:30,MCAP HEAT,Montipora,161
9/8/2023,12:45,MCAP HEAT,Montipora,162.9
9/8/2023,13:00,MCAP HEAT,Montipora,117.6
9/8/2023,13:15,MCAP HEAT,Montipora,92.9
9/8/2023,13:30,MCAP HEAT,Montipora,284
9/8/2023,13:45,MCAP HEAT,Montipora,101.3
9/8/2023,14:00,MCAP HEAT,Montipora,81.5
9/8/2023,14:15,MCAP HEAT,Montipora,100.7
9/8/2023,14:30,MCAP HEAT,Montipora,55.4
9/8/2023,14:45,MCAP HEAT,Montipora,61.5
9/8/2023,15:00,MCAP HEAT,Montipora,52.7
9/8/2023,15:15,MCAP HEAT,Montipora,54.6
9/8/2023,15:30,MCAP HEAT,Montipora,44.9
9/8/2023,15:45,MCAP HEAT,Montipora,65.2
9/8/2023,16:00,MCAP HEAT,Montipora,65.1
9/8/2023,16:15,MCAP HEAT,Montipora,44.2
9/8/2023,16:30,MCAP HEAT,Montipora,27.7
9/8/2023,16:45,MCAP HEAT,Montipora,21.1
9/8/2023,17:00,MCAP HEAT,Montipora,17
9/8/2023,17:15,MCAP HEAT,Montipora,19.4
9/8/2023,17:30,MCAP HEAT,Montipora,22
9/8/2023,17:45,MCAP HEAT,Montipora,18.5
9/8/2023,18:00,MCAP HEAT,Montipora,13.8
9/8/2023,18:15,MCAP HEAT,Montipora,11.3
9/8/2023,18:30,MCAP HEAT,Montipora,7
9/8/2023,18:45,MCAP HEAT,Montipora,2.1
9/8/2023,19:00,MCAP HEAT,Montipora,0.2
9/8/2023,19:15,MCAP HEAT,Montipora,0
9/8/2023,19:30,MCAP HEAT,Montipora,0
9/8/2023,19:45,MCAP HEAT,Montipora,0
9/8/2023,20:00,MCAP HEAT,Montipora,0
9/8/2023,20:15,MCAP HEAT,Montipora,0
9/8/2023,20:30,MCAP HEAT,Montipora,0
9/8/2023,20:45,MCAP HEAT,Montipora,0
9/8/2023,21:00,MCAP HEAT,Montipora,0
9/8/2023,21:15,MCAP HEAT,Montipora,0
9/8/2023,21:30,MCAP HEAT,Montipora,0
9/8/2023,21:45,MCAP HEAT,Montipora,0
9/8/2023,22:00,MCAP HEAT,Montipora,0
9/8/2023,22:15,MCAP HEAT,Montipora,0
9/8/2023,22:30,MCAP HEAT,Montipora,0
9/8/2023,22:45,MCAP HEAT,Montipora,0
9/8/2023,23:00,MCAP HEAT,Montipora,0
9/8/2023,23:15,MCAP HEAT,Montipora,0
9/8/2023,23:30,MCAP HEAT,Montipora,0
9/8/2023,23:45,MCAP HEAT,Montipora,0
9/9/2023,0:00,MCAP HEAT,Montipora,0
9/9/2023,0:15,MCAP HEAT,Montipora,0
9/9/2023,0:30,MCAP HEAT,Montipora,0
9/9/2023,0:45,MCAP HEAT,Montipora,0
9/9/2023,1:00,MCAP HEAT,Montipora,0
9/9/2023,1:15,MCAP HEAT,Montipora,0
9/9/2023,1:30,MCAP HEAT,Montipora,0
9/9/2023,1:45,MCAP HEAT,Montipora,0
9/9/2023,2:00,MCAP HEAT,Montipora,0
9/9/2023,2:15,MCAP HEAT,Montipora,0
9/9/2023,2:30,MCAP HEAT,Montipora,0
9/9/2023,2:45,MCAP HEAT,Montipora,0
9/9/2023,3:00,MCAP HEAT,Montipora,0
9/9/2023,3:15,MCAP HEAT,Montipora,0
9/9/2023,3:30,MCAP HEAT,Montipora,0
9/9/2023,3:45,MCAP HEAT,Montipora,0
9/9/2023,4:00,MCAP HEAT,Montipora,0
9/9/2023,4:15,MCAP HEAT,Montipora,0
9/9/2023,4:30,MCAP HEAT,Montipora,0
9/9/2023,4:45,MCAP HEAT,Montipora,0
9/9/2023,5:00,MCAP HEAT,Montipora,0
9/9/2023,5:15,MCAP HEAT,Montipora,0
9/9/2023,5:30,MCAP HEAT,Montipora,0
9/9/2023,5:45,MCAP HEAT,Montipora,0
9/9/2023,6:00,MCAP HEAT,Montipora,0
9/9/2023,6:15,MCAP HEAT,Montipora,0.1
9/9/2023,6:30,MCAP HEAT,Montipora,2.2
9/9/2023,6:45,MCAP HEAT,Montipora,10.1
9/9/2023,7:00,MCAP HEAT,Montipora,32.2
9/9/2023,7:15,MCAP HEAT,Montipora,65.9
9/9/2023,7:30,MCAP HEAT,Montipora,37.3
9/9/2023,7:45,MCAP HEAT,Montipora,48.4
9/9/2023,8:00,MCAP HEAT,Montipora,175.2
9/9/2023,8:15,MCAP HEAT,Montipora,151.9
9/9/2023,8:30,MCAP HEAT,Montipora,94.6
9/9/2023,8:45,MCAP HEAT,Montipora,115.4
9/9/2023,9:00,MCAP HEAT,Montipora,76.4
9/9/2023,9:15,MCAP HEAT,Montipora,118.5
9/9/2023,9:30,MCAP HEAT,Montipora,79.3
9/9/2023,9:45,MCAP HEAT,Montipora,130.3
9/9/2023,10:00,MCAP HEAT,Montipora,213.2
9/9/2023,10:15,MCAP HEAT,Montipora,282.5
9/9/2023,10:30,MCAP HEAT,Montipora,172.4
9/9/2023,10:45,MCAP HEAT,Montipora,185.7
9/9/2023,11:00,MCAP HEAT,Montipora,79
9/9/2023,11:15,MCAP HEAT,Montipora,110.7
9/9/2023,11:30,MCAP HEAT,Montipora,239.1
9/9/2023,11:45,MCAP HEAT,Montipora,144.6
9/9/2023,12:00,MCAP HEAT,Montipora,152.7
9/9/2023,12:15,MCAP HEAT,Montipora,164.5
9/9/2023,12:30,MCAP HEAT,Montipora,173.7
9/9/2023,12:45,MCAP HEAT,Montipora,125.3
9/9/2023,13:00,MCAP HEAT,Montipora,137
9/9/2023,13:15,MCAP HEAT,Montipora,165.3
9/9/2023,13:30,MCAP HEAT,Montipora,152.7
9/9/2023,13:45,MCAP HEAT,Montipora,133.4
9/9/2023,14:00,MCAP HEAT,Montipora,108.4
9/9/2023,14:15,MCAP HEAT,Montipora,135.2
9/9/2023,14:30,MCAP HEAT,Montipora,116.6
9/9/2023,14:45,MCAP HEAT,Montipora,71.8
9/9/2023,15:00,MCAP HEAT,Montipora,74.8
9/9/2023,15:15,MCAP HEAT,Montipora,44.7
9/9/2023,15:30,MCAP HEAT,Montipora,46.3
9/9/2023,15:45,MCAP HEAT,Montipora,69.1
9/9/2023,16:00,MCAP HEAT,Montipora,52.3
9/9/2023,16:15,MCAP HEAT,Montipora,64.6
9/9/2023,16:30,MCAP HEAT,Montipora,59.2
9/9/2023,16:45,MCAP HEAT,Montipora,52.4
9/9/2023,17:00,MCAP HEAT,Montipora,52
9/9/2023,17:15,MCAP HEAT,Montipora,51.3
9/9/2023,17:30,MCAP HEAT,Montipora,31.4
9/9/2023,17:45,MCAP HEAT,Montipora,25.8
9/9/2023,18:00,MCAP HEAT,Montipora,12.4
9/9/2023,18:15,MCAP HEAT,Montipora,11.5
9/9/2023,18:30,MCAP HEAT,Montipora,6.8
9/9/2023,18:45,MCAP HEAT,Montipora,1.9
9/9/2023,19:00,MCAP HEAT,Montipora,0.2
9/9/2023,19:15,MCAP HEAT,Montipora,0
9/9/2023,19:30,MCAP HEAT,Montipora,0
9/9/2023,19:45,MCAP HEAT,Montipora,0
9/9/2023,20:00,MCAP HEAT,Montipora,0
9/9/2023,20:15,MCAP HEAT,Montipora,0
9/9/2023,20:30,MCAP HEAT,Montipora,0
9/9/2023,20:45,MCAP HEAT,Montipora,0
9/9/2023,21:00,MCAP HEAT,Montipora,0
9/9/2023,21:15,MCAP HEAT,Montipora,0
9/9/2023,21:30,MCAP HEAT,Montipora,0
9/9/2023,21:45,MCAP HEAT,Montipora,0
9/9/2023,22:00,MCAP HEAT,Montipora,0
9/9/2023,22:15,MCAP HEAT,Montipora,0
9/9/2023,22:30,MCAP HEAT,Montipora,0
9/9/2023,22:45,MCAP HEAT,Montipora,0
9/9/2023,23:00,MCAP HEAT,Montipora,0
9/9/2023,23:15,MCAP HEAT,Montipora,0
9/9/2023,23:30,MCAP HEAT,Montipora,0
9/9/2023,23:45,MCAP HEAT,Montipora,0
9/10/2023,0:00,MCAP HEAT,Montipora,0
9/10/2023,0:15,MCAP HEAT,Montipora,0
9/10/2023,0:30,MCAP HEAT,Montipora,0
9/10/2023,0:45,MCAP HEAT,Montipora,0
9/10/2023,1:00,MCAP HEAT,Montipora,0
9/10/2023,1:15,MCAP HEAT,Montipora,0
9/10/2023,1:30,MCAP HEAT,Montipora,0
9/10/2023,1:45,MCAP HEAT,Montipora,0
9/10/2023,2:00,MCAP HEAT,Montipora,0
9/10/2023,2:15,MCAP HEAT,Montipora,0
9/10/2023,2:30,MCAP HEAT,Montipora,0
9/10/2023,2:45,MCAP HEAT,Montipora,0
9/10/2023,3:00,MCAP HEAT,Montipora,0
9/10/2023,3:15,MCAP HEAT,Montipora,0
9/10/2023,3:30,MCAP HEAT,Montipora,0
9/10/2023,3:45,MCAP HEAT,Montipora,0
9/10/2023,4:00,MCAP HEAT,Montipora,0
9/10/2023,4:15,MCAP HEAT,Montipora,0
9/10/2023,4:30,MCAP HEAT,Montipora,0
9/10/2023,4:45,MCAP HEAT,Montipora,0
9/10/2023,5:00,MCAP HEAT,Montipora,0
9/10/2023,5:15,MCAP HEAT,Montipora,0
9/10/2023,5:30,MCAP HEAT,Montipora,0
9/10/2023,5:45,MCAP HEAT,Montipora,0
9/10/2023,6:00,MCAP HEAT,Montipora,0
9/10/2023,6:15,MCAP HEAT,Montipora,0.1
9/10/2023,6:30,MCAP HEAT,Montipora,1.3
9/10/2023,6:45,MCAP HEAT,Montipora,9.2
9/10/2023,7:00,MCAP HEAT,Montipora,30.4
9/10/2023,7:15,MCAP HEAT,Montipora,67
9/10/2023,7:30,MCAP HEAT,Montipora,88.5
9/10/2023,7:45,MCAP HEAT,Montipora,96.8
9/10/2023,8:00,MCAP HEAT,Montipora,97.5
9/10/2023,8:15,MCAP HEAT,Montipora,46.5
9/10/2023,8:30,MCAP HEAT,Montipora,78.8
9/10/2023,8:45,MCAP HEAT,Montipora,91.5
9/10/2023,9:00,MCAP HEAT,Montipora,91.1
9/10/2023,9:15,MCAP HEAT,Montipora,111.9
9/10/2023,9:30,MCAP HEAT,Montipora,79.8
9/10/2023,9:45,MCAP HEAT,Montipora,74.4
9/10/2023,10:00,MCAP HEAT,Montipora,226.1
9/10/2023,10:15,MCAP HEAT,Montipora,289.6
9/10/2023,10:30,MCAP HEAT,Montipora,220.8
9/10/2023,10:45,MCAP HEAT,Montipora,284.1
9/10/2023,11:00,MCAP HEAT,Montipora,160.9
9/10/2023,11:15,MCAP HEAT,Montipora,260.4
9/10/2023,11:30,MCAP HEAT,Montipora,312.8
9/10/2023,11:45,MCAP HEAT,Montipora,330.1
9/10/2023,12:00,MCAP HEAT,Montipora,313.1
9/10/2023,12:15,MCAP HEAT,Montipora,325.5
9/10/2023,12:30,MCAP HEAT,Montipora,359
9/10/2023,12:45,MCAP HEAT,Montipora,340.5
9/10/2023,13:00,MCAP HEAT,Montipora,293.6
9/10/2023,13:15,MCAP HEAT,Montipora,355.7
9/10/2023,13:30,MCAP HEAT,Montipora,356
9/10/2023,13:45,MCAP HEAT,Montipora,252.5
9/10/2023,14:00,MCAP HEAT,Montipora,130.4
9/10/2023,14:15,MCAP HEAT,Montipora,138.7
9/10/2023,14:30,MCAP HEAT,Montipora,85.7
9/10/2023,14:45,MCAP HEAT,Montipora,70.7
9/10/2023,15:00,MCAP HEAT,Montipora,58.4
9/10/2023,15:15,MCAP HEAT,Montipora,56.2
9/10/2023,15:30,MCAP HEAT,Montipora,34.5
9/10/2023,15:45,MCAP HEAT,Montipora,37.9
9/10/2023,16:00,MCAP HEAT,Montipora,48.7
9/10/2023,16:15,MCAP HEAT,Montipora,37.7
9/10/2023,16:30,MCAP HEAT,Montipora,31
9/10/2023,16:45,MCAP HEAT,Montipora,24.7
9/10/2023,17:00,MCAP HEAT,Montipora,28.3
9/10/2023,17:15,MCAP HEAT,Montipora,23.7
9/10/2023,17:30,MCAP HEAT,Montipora,17.6
9/10/2023,17:45,MCAP HEAT,Montipora,14.4
9/10/2023,18:00,MCAP HEAT,Montipora,12.5
9/10/2023,18:15,MCAP HEAT,Montipora,9.3
9/10/2023,18:30,MCAP HEAT,Montipora,4.8
9/10/2023,18:45,MCAP HEAT,Montipora,1.7
9/10/2023,19:00,MCAP HEAT,Montipora,0.1
9/10/2023,19:15,MCAP HEAT,Montipora,0
9/10/2023,19:30,MCAP HEAT,Montipora,0
9/10/2023,19:45,MCAP HEAT,Montipora,0
9/10/2023,20:00,MCAP HEAT,Montipora,0
9/10/2023,20:15,MCAP HEAT,Montipora,0
9/10/2023,20:30,MCAP HEAT,Montipora,0
9/10/2023,20:45,MCAP HEAT,Montipora,0
9/10/2023,21:00,MCAP HEAT,Montipora,0
9/10/2023,21:15,MCAP HEAT,Montipora,0
9/10/2023,21:30,MCAP HEAT,Montipora,0
9/10/2023,21:45,MCAP HEAT,Montipora,0
9/10/2023,22:00,MCAP HEAT,Montipora,0
9/10/2023,22:15,MCAP HEAT,Montipora,0
9/10/2023,22:30,MCAP HEAT,Montipora,0
9/10/2023,22:45,MCAP HEAT,Montipora,0
9/10/2023,23:00,MCAP HEAT,Montipora,0
9/10/2023,23:15,MCAP HEAT,Montipora,0
9/10/2023,23:30,MCAP HEAT,Montipora,0
9/10/2023,23:45,MCAP HEAT,Montipora,0
9/11/2023,0:00,MCAP HEAT,Montipora,0
9/11/2023,0:15,MCAP HEAT,Montipora,0
9/11/2023,0:30,MCAP HEAT,Montipora,0
9/11/2023,0:45,MCAP HEAT,Montipora,0
9/11/2023,1:00,MCAP HEAT,Montipora,0
9/11/2023,1:15,MCAP HEAT,Montipora,0
9/11/2023,1:30,MCAP HEAT,Montipora,0
9/11/2023,1:45,MCAP HEAT,Montipora,0
9/11/2023,2:00,MCAP HEAT,Montipora,0
9/11/2023,2:15,MCAP HEAT,Montipora,0
9/11/2023,2:30,MCAP HEAT,Montipora,0
9/11/2023,2:45,MCAP HEAT,Montipora,0
9/11/2023,3:00,MCAP HEAT,Montipora,0
9/11/2023,3:15,MCAP HEAT,Montipora,0
9/11/2023,3:30,MCAP HEAT,Montipora,0
9/11/2023,3:45,MCAP HEAT,Montipora,0
9/11/2023,4:00,MCAP HEAT,Montipora,0
9/11/2023,4:15,MCAP HEAT,Montipora,0
9/11/2023,4:30,MCAP HEAT,Montipora,0
9/11/2023,4:45,MCAP HEAT,Montipora,0
9/11/2023,5:00,MCAP HEAT,Montipora,0
9/11/2023,5:15,MCAP HEAT,Montipora,0
9/11/2023,5:30,MCAP HEAT,Montipora,0
9/11/2023,5:45,MCAP HEAT,Montipora,0
9/11/2023,6:00,MCAP HEAT,Montipora,0
9/11/2023,6:15,MCAP HEAT,Montipora,0.2
9/11/2023,6:30,MCAP HEAT,Montipora,1.7
9/11/2023,6:45,MCAP HEAT,Montipora,6.2
9/11/2023,7:00,MCAP HEAT,Montipora,10.8
9/11/2023,7:15,MCAP HEAT,Montipora,28
9/11/2023,7:30,MCAP HEAT,Montipora,71.6
9/11/2023,7:45,MCAP HEAT,Montipora,105.4
9/11/2023,8:00,MCAP HEAT,Montipora,152.8
9/11/2023,8:15,MCAP HEAT,Montipora,121
9/11/2023,8:30,MCAP HEAT,Montipora,59.7
9/11/2023,8:45,MCAP HEAT,Montipora,81.9
9/11/2023,9:00,MCAP HEAT,Montipora,85.6
9/11/2023,9:15,MCAP HEAT,Montipora,93.5
9/11/2023,9:30,MCAP HEAT,Montipora,93.8
9/11/2023,9:45,MCAP HEAT,Montipora,138.1
9/11/2023,10:00,MCAP HEAT,Montipora,245.8
9/11/2023,10:15,MCAP HEAT,Montipora,291.6
9/11/2023,10:30,MCAP HEAT,Montipora,194.9
9/11/2023,10:45,MCAP HEAT,Montipora,250.6
9/11/2023,11:00,MCAP HEAT,Montipora,145.9
9/11/2023,11:15,MCAP HEAT,Montipora,217.9
9/11/2023,11:30,MCAP HEAT,Montipora,292
9/11/2023,11:45,MCAP HEAT,Montipora,330.6
9/11/2023,12:00,MCAP HEAT,Montipora,325.2
9/11/2023,12:15,MCAP HEAT,Montipora,137.2
9/11/2023,12:30,MCAP HEAT,Montipora,240.8
9/11/2023,12:45,MCAP HEAT,Montipora,359.8
9/11/2023,13:00,MCAP HEAT,Montipora,374.9
9/11/2023,13:15,MCAP HEAT,Montipora,357.4
9/11/2023,13:30,MCAP HEAT,Montipora,355.7
9/11/2023,13:45,MCAP HEAT,Montipora,317.5
9/11/2023,14:00,MCAP HEAT,Montipora,286.6
9/11/2023,14:15,MCAP HEAT,Montipora,193.9
9/11/2023,14:30,MCAP HEAT,Montipora,145.9
9/11/2023,14:45,MCAP HEAT,Montipora,108.9
9/11/2023,15:00,MCAP HEAT,Montipora,73.6
9/11/2023,15:15,MCAP HEAT,Montipora,65.2
9/11/2023,15:30,MCAP HEAT,Montipora,54.9
9/11/2023,15:45,MCAP HEAT,Montipora,45.8
9/11/2023,16:00,MCAP HEAT,Montipora,39.1
9/11/2023,16:15,MCAP HEAT,Montipora,53.9
9/11/2023,16:30,MCAP HEAT,Montipora,56.9
9/11/2023,16:45,MCAP HEAT,Montipora,39.5
9/11/2023,17:00,MCAP HEAT,Montipora,28.9
9/11/2023,17:15,MCAP HEAT,Montipora,24.9
9/11/2023,17:30,MCAP HEAT,Montipora,22.5
9/11/2023,17:45,MCAP HEAT,Montipora,16.6
9/11/2023,18:00,MCAP HEAT,Montipora,11.1
9/11/2023,18:15,MCAP HEAT,Montipora,6.5
9/11/2023,18:30,MCAP HEAT,Montipora,4
9/11/2023,18:45,MCAP HEAT,Montipora,1.4
9/11/2023,19:00,MCAP HEAT,Montipora,0.1
9/11/2023,19:15,MCAP HEAT,Montipora,0
9/11/2023,19:30,MCAP HEAT,Montipora,0
9/11/2023,19:45,MCAP HEAT,Montipora,0
9/11/2023,20:00,MCAP HEAT,Montipora,0
9/11/2023,20:15,MCAP HEAT,Montipora,0
9/11/2023,20:30,MCAP HEAT,Montipora,0
9/11/2023,20:45,MCAP HEAT,Montipora,0
9/11/2023,21:00,MCAP HEAT,Montipora,0
9/11/2023,21:15,MCAP HEAT,Montipora,0
9/11/2023,21:30,MCAP HEAT,Montipora,0
9/11/2023,21:45,MCAP HEAT,Montipora,0
9/11/2023,22:00,MCAP HEAT,Montipora,0
9/11/2023,22:15,MCAP HEAT,Montipora,0
9/11/2023,22:30,MCAP HEAT,Montipora,0
9/11/2023,22:45,MCAP HEAT,Montipora,0
9/11/2023,23:00,MCAP HEAT,Montipora,0
9/11/2023,23:15,MCAP HEAT,Montipora,0
9/11/2023,23:30,MCAP HEAT,Montipora,0
9/11/2023,23:45,MCAP HEAT,Montipora,0
9/12/2023,0:00,MCAP HEAT,Montipora,0
9/12/2023,0:15,MCAP HEAT,Montipora,0
9/12/2023,0:30,MCAP HEAT,Montipora,0
9/12/2023,0:45,MCAP HEAT,Montipora,0
9/12/2023,1:00,MCAP HEAT,Montipora,0
9/12/2023,1:15,MCAP HEAT,Montipora,0
9/12/2023,1:30,MCAP HEAT,Montipora,0
9/12/2023,1:45,MCAP HEAT,Montipora,0
9/12/2023,2:00,MCAP HEAT,Montipora,0
9/12/2023,2:15,MCAP HEAT,Montipora,0
9/12/2023,2:30,MCAP HEAT,Montipora,0
9/12/2023,2:45,MCAP HEAT,Montipora,0
9/12/2023,3:00,MCAP HEAT,Montipora,0
9/12/2023,3:15,MCAP HEAT,Montipora,0
9/12/2023,3:30,MCAP HEAT,Montipora,0
9/12/2023,3:45,MCAP HEAT,Montipora,0
9/12/2023,4:00,MCAP HEAT,Montipora,0
9/12/2023,4:15,MCAP HEAT,Montipora,0
9/12/2023,4:30,MCAP HEAT,Montipora,0
9/12/2023,4:45,MCAP HEAT,Montipora,0
9/12/2023,5:00,MCAP HEAT,Montipora,0
9/12/2023,5:15,MCAP HEAT,Montipora,0
9/12/2023,5:30,MCAP HEAT,Montipora,0
9/12/2023,5:45,MCAP HEAT,Montipora,0
9/12/2023,6:00,MCAP HEAT,Montipora,0
9/12/2023,6:15,MCAP HEAT,Montipora,0
9/12/2023,6:30,MCAP HEAT,Montipora,0.7
9/12/2023,6:45,MCAP HEAT,Montipora,3.3
9/12/2023,7:00,MCAP HEAT,Montipora,8.9
9/12/2023,7:15,MCAP HEAT,Montipora,14.4
9/12/2023,7:30,MCAP HEAT,Montipora,21.7
9/12/2023,7:45,MCAP HEAT,Montipora,33.7
9/12/2023,8:00,MCAP HEAT,Montipora,39
9/12/2023,8:15,MCAP HEAT,Montipora,51.9
9/12/2023,8:30,MCAP HEAT,Montipora,78.1
9/12/2023,8:45,MCAP HEAT,Montipora,119
9/12/2023,9:00,MCAP HEAT,Montipora,97.7
9/12/2023,9:15,MCAP HEAT,Montipora,77.9
9/12/2023,9:30,MCAP HEAT,Montipora,111
9/12/2023,9:45,MCAP HEAT,Montipora,203.9
9/12/2023,10:00,MCAP HEAT,Montipora,246.6
9/12/2023,10:15,MCAP HEAT,Montipora,255.4
9/12/2023,10:30,MCAP HEAT,Montipora,178.6
9/12/2023,10:45,MCAP HEAT,Montipora,254.6
9/12/2023,11:00,MCAP HEAT,Montipora,157.5
9/12/2023,11:15,MCAP HEAT,Montipora,248.6
9/12/2023,11:30,MCAP HEAT,Montipora,309.7
9/12/2023,11:45,MCAP HEAT,Montipora,318
9/12/2023,12:00,MCAP HEAT,Montipora,321.5
9/12/2023,12:15,MCAP HEAT,Montipora,350.9
9/12/2023,12:30,MCAP HEAT,Montipora,316.9
9/12/2023,12:45,MCAP HEAT,Montipora,351.9
9/12/2023,13:00,MCAP HEAT,Montipora,265.3
9/12/2023,13:15,MCAP HEAT,Montipora,335.5
9/12/2023,13:30,MCAP HEAT,Montipora,235.6
9/12/2023,13:45,MCAP HEAT,Montipora,118.7
9/12/2023,14:00,MCAP HEAT,Montipora,107
9/12/2023,14:15,MCAP HEAT,Montipora,94.9
9/12/2023,14:30,MCAP HEAT,Montipora,67.1
9/12/2023,14:45,MCAP HEAT,Montipora,73.3
9/12/2023,15:00,MCAP HEAT,Montipora,49.7
9/12/2023,15:15,MCAP HEAT,Montipora,48.9
9/12/2023,15:30,MCAP HEAT,Montipora,40.5
9/12/2023,15:45,MCAP HEAT,Montipora,40.4
9/12/2023,16:00,MCAP HEAT,Montipora,47
9/12/2023,16:15,MCAP HEAT,Montipora,46.5
9/12/2023,16:30,MCAP HEAT,Montipora,52.3
9/12/2023,16:45,MCAP HEAT,Montipora,22
9/12/2023,17:00,MCAP HEAT,Montipora,19.9
9/12/2023,17:15,MCAP HEAT,Montipora,16.6
9/12/2023,17:30,MCAP HEAT,Montipora,13.6
9/12/2023,17:45,MCAP HEAT,Montipora,14.4
9/12/2023,18:00,MCAP HEAT,Montipora,12.2
9/12/2023,18:15,MCAP HEAT,Montipora,5.9
9/12/2023,18:30,MCAP HEAT,Montipora,3.1
9/12/2023,18:45,MCAP HEAT,Montipora,1.1
9/12/2023,19:00,MCAP HEAT,Montipora,0.1
9/12/2023,19:15,MCAP HEAT,Montipora,0
9/12/2023,19:30,MCAP HEAT,Montipora,0
9/12/2023,19:45,MCAP HEAT,Montipora,0
9/12/2023,20:00,MCAP HEAT,Montipora,0
9/12/2023,20:15,MCAP HEAT,Montipora,0
9/12/2023,20:30,MCAP HEAT,Montipora,0
9/12/2023,20:45,MCAP HEAT,Montipora,0
9/12/2023,21:00,MCAP HEAT,Montipora,0
9/12/2023,21:15,MCAP HEAT,Montipora,0
9/12/2023,21:30,MCAP HEAT,Montipora,0
9/12/2023,21:45,MCAP HEAT,Montipora,0
9/12/2023,22:00,MCAP HEAT,Montipora,0
9/12/2023,22:15,MCAP HEAT,Montipora,0
9/12/2023,22:30,MCAP HEAT,Montipora,0
9/12/2023,22:45,MCAP HEAT,Montipora,0
9/12/2023,23:00,MCAP HEAT,Montipora,0
9/12/2023,23:15,MCAP HEAT,Montipora,0
9/12/2023,23:30,MCAP HEAT,Montipora,0
9/12/2023,23:45,MCAP HEAT,Montipora,0
9/13/2023,0:00,MCAP HEAT,Montipora,0
9/13/2023,0:15,MCAP HEAT,Montipora,0
9/13/2023,0:30,MCAP HEAT,Montipora,0
9/13/2023,0:45,MCAP HEAT,Montipora,0
9/13/2023,1:00,MCAP HEAT,Montipora,0
9/13/2023,1:15,MCAP HEAT,Montipora,0
9/13/2023,1:30,MCAP HEAT,Montipora,0
9/13/2023,1:45,MCAP HEAT,Montipora,0
9/13/2023,2:00,MCAP HEAT,Montipora,0
9/13/2023,2:15,MCAP HEAT,Montipora,0
9/13/2023,2:30,MCAP HEAT,Montipora,0
9/13/2023,2:45,MCAP HEAT,Montipora,0
9/13/2023,3:00,MCAP HEAT,Montipora,0
9/13/2023,3:15,MCAP HEAT,Montipora,0
9/13/2023,3:30,MCAP HEAT,Montipora,0
9/13/2023,3:45,MCAP HEAT,Montipora,0
9/13/2023,4:00,MCAP HEAT,Montipora,0
9/13/2023,4:15,MCAP HEAT,Montipora,0
9/13/2023,4:30,MCAP HEAT,Montipora,0
9/13/2023,4:45,MCAP HEAT,Montipora,0
9/13/2023,5:00,MCAP HEAT,Montipora,0
9/13/2023,5:15,MCAP HEAT,Montipora,0
9/13/2023,5:30,MCAP HEAT,Montipora,0
9/13/2023,5:45,MCAP HEAT,Montipora,0
9/13/2023,6:00,MCAP HEAT,Montipora,0
9/13/2023,6:15,MCAP HEAT,Montipora,0.1
9/13/2023,6:30,MCAP HEAT,Montipora,1.3
9/13/2023,6:45,MCAP HEAT,Montipora,8
9/13/2023,7:00,MCAP HEAT,Montipora,22.8
9/13/2023,7:15,MCAP HEAT,Montipora,56.9
9/13/2023,7:30,MCAP HEAT,Montipora,87.9
9/13/2023,7:45,MCAP HEAT,Montipora,38.7
9/13/2023,8:00,MCAP HEAT,Montipora,74.3
9/13/2023,8:15,MCAP HEAT,Montipora,87.3
9/13/2023,8:30,MCAP HEAT,Montipora,85.6
9/13/2023,8:45,MCAP HEAT,Montipora,82.1
9/13/2023,9:00,MCAP HEAT,Montipora,85
9/13/2023,9:15,MCAP HEAT,Montipora,83.9
9/13/2023,9:30,MCAP HEAT,Montipora,92.2
9/13/2023,9:45,MCAP HEAT,Montipora,140.7
9/13/2023,10:00,MCAP HEAT,Montipora,204.8
9/13/2023,10:15,MCAP HEAT,Montipora,168.4
9/13/2023,10:30,MCAP HEAT,Montipora,113.7
9/13/2023,10:45,MCAP HEAT,Montipora,95.3
9/13/2023,11:00,MCAP HEAT,Montipora,111.2
9/13/2023,11:15,MCAP HEAT,Montipora,205.6
9/13/2023,11:30,MCAP HEAT,Montipora,210.2
9/13/2023,11:45,MCAP HEAT,Montipora,134.8
9/13/2023,12:00,MCAP HEAT,Montipora,161.4
9/13/2023,12:15,MCAP HEAT,Montipora,159.5
9/13/2023,12:30,MCAP HEAT,Montipora,175.5
9/13/2023,12:45,MCAP HEAT,Montipora,198.4
9/13/2023,13:00,MCAP HEAT,Montipora,134.8
9/13/2023,13:15,MCAP HEAT,Montipora,154.8
9/13/2023,13:30,MCAP HEAT,Montipora,203.5
9/13/2023,13:45,MCAP HEAT,Montipora,197.5
9/13/2023,14:00,MCAP HEAT,Montipora,151.8
9/13/2023,14:15,MCAP HEAT,Montipora,126.6
9/13/2023,14:30,MCAP HEAT,Montipora,99
9/13/2023,14:45,MCAP HEAT,Montipora,86.6
9/13/2023,15:00,MCAP HEAT,Montipora,81.1
9/13/2023,15:15,MCAP HEAT,Montipora,74.2
9/13/2023,15:30,MCAP HEAT,Montipora,63.8
9/13/2023,15:45,MCAP HEAT,Montipora,56.6
9/13/2023,16:00,MCAP HEAT,Montipora,34.8
9/13/2023,16:15,MCAP HEAT,Montipora,37.7
9/13/2023,16:30,MCAP HEAT,Montipora,33.6
9/13/2023,16:45,MCAP HEAT,Montipora,26.1
9/13/2023,17:00,MCAP HEAT,Montipora,25.6
9/13/2023,17:15,MCAP HEAT,Montipora,20
9/13/2023,17:30,MCAP HEAT,Montipora,15.3
9/13/2023,17:45,MCAP HEAT,Montipora,11.4
9/13/2023,18:00,MCAP HEAT,Montipora,8.3
9/13/2023,18:15,MCAP HEAT,Montipora,3.9
9/13/2023,18:30,MCAP HEAT,Montipora,2.7
9/13/2023,18:45,MCAP HEAT,Montipora,0.9
9/13/2023,19:00,MCAP HEAT,Montipora,0
9/13/2023,19:15,MCAP HEAT,Montipora,0
9/13/2023,19:30,MCAP HEAT,Montipora,0
9/13/2023,19:45,MCAP HEAT,Montipora,0
9/13/2023,20:00,MCAP HEAT,Montipora,0
9/13/2023,20:15,MCAP HEAT,Montipora,0
9/13/2023,20:30,MCAP HEAT,Montipora,0
9/13/2023,20:45,MCAP HEAT,Montipora,0
9/13/2023,21:00,MCAP HEAT,Montipora,0
9/13/2023,21:15,MCAP HEAT,Montipora,0
9/13/2023,21:30,MCAP HEAT,Montipora,0
9/13/2023,21:45,MCAP HEAT,Montipora,0
9/13/2023,22:00,MCAP HEAT,Montipora,0
9/13/2023,22:15,MCAP HEAT,Montipora,0
9/13/2023,22:30,MCAP HEAT,Montipora,0
9/13/2023,22:45,MCAP HEAT,Montipora,0
9/13/2023,23:00,MCAP HEAT,Montipora,0
9/13/2023,23:15,MCAP HEAT,Montipora,0
9/13/2023,23:30,MCAP HEAT,Montipora,0
9/13/2023,23:45,MCAP HEAT,Montipora,0
9/14/2023,0:00,MCAP HEAT,Montipora,0
9/14/2023,0:15,MCAP HEAT,Montipora,0
9/14/2023,0:30,MCAP HEAT,Montipora,0
9/14/2023,0:45,MCAP HEAT,Montipora,0
9/14/2023,1:00,MCAP HEAT,Montipora,0
9/14/2023,1:15,MCAP HEAT,Montipora,0
9/14/2023,1:30,MCAP HEAT,Montipora,0
9/14/2023,1:45,MCAP HEAT,Montipora,0
9/14/2023,2:00,MCAP HEAT,Montipora,0
9/14/2023,2:15,MCAP HEAT,Montipora,0
9/14/2023,2:30,MCAP HEAT,Montipora,0
9/14/2023,2:45,MCAP HEAT,Montipora,0
9/14/2023,3:00,MCAP HEAT,Montipora,0
9/14/2023,3:15,MCAP HEAT,Montipora,0
9/14/2023,3:30,MCAP HEAT,Montipora,0
9/14/2023,3:45,MCAP HEAT,Montipora,0
9/14/2023,4:00,MCAP HEAT,Montipora,0
9/14/2023,4:15,MCAP HEAT,Montipora,0
9/14/2023,4:30,MCAP HEAT,Montipora,0
9/14/2023,4:45,MCAP HEAT,Montipora,0
9/14/2023,5:00,MCAP HEAT,Montipora,0
9/14/2023,5:15,MCAP HEAT,Montipora,0
9/14/2023,5:30,MCAP HEAT,Montipora,0
9/14/2023,5:45,MCAP HEAT,Montipora,0
9/14/2023,6:00,MCAP HEAT,Montipora,0
9/14/2023,6:15,MCAP HEAT,Montipora,0
9/14/2023,6:30,MCAP HEAT,Montipora,0.7
9/14/2023,6:45,MCAP HEAT,Montipora,2.2
9/14/2023,7:00,MCAP HEAT,Montipora,19.1
9/14/2023,7:15,MCAP HEAT,Montipora,16.3
9/14/2023,7:30,MCAP HEAT,Montipora,27.1
9/14/2023,7:45,MCAP HEAT,Montipora,14.9
9/14/2023,8:00,MCAP HEAT,Montipora,23.6
9/14/2023,8:15,MCAP HEAT,Montipora,30.9
9/14/2023,8:30,MCAP HEAT,Montipora,36.8
9/14/2023,8:45,MCAP HEAT,Montipora,58.5
9/14/2023,9:00,MCAP HEAT,Montipora,90.2
9/14/2023,9:15,MCAP HEAT,Montipora,98.7
9/14/2023,9:30,MCAP HEAT,Montipora,91.4
9/14/2023,9:45,MCAP HEAT,Montipora,158.8
9/14/2023,10:00,MCAP HEAT,Montipora,215.5
9/14/2023,10:15,MCAP HEAT,Montipora,180.7
9/14/2023,10:30,MCAP HEAT,Montipora,140.9
9/14/2023,10:45,MCAP HEAT,Montipora,165
9/14/2023,11:00,MCAP HEAT,Montipora,105.1
9/14/2023,11:15,MCAP HEAT,Montipora,205.1
9/14/2023,11:30,MCAP HEAT,Montipora,202.1
9/14/2023,11:45,MCAP HEAT,Montipora,209.8
9/14/2023,12:00,MCAP HEAT,Montipora,255.7
9/14/2023,12:15,MCAP HEAT,Montipora,163.7
9/14/2023,12:30,MCAP HEAT,Montipora,132.9
9/14/2023,12:45,MCAP HEAT,Montipora,272.6
9/14/2023,13:00,MCAP HEAT,Montipora,130.7
9/14/2023,13:15,MCAP HEAT,Montipora,217
9/14/2023,13:30,MCAP HEAT,Montipora,69
9/14/2023,13:45,MCAP HEAT,Montipora,105.9
9/14/2023,14:00,MCAP HEAT,Montipora,81.4
9/14/2023,14:15,MCAP HEAT,Montipora,81.3
9/14/2023,14:30,MCAP HEAT,Montipora,93.7
9/14/2023,14:45,MCAP HEAT,Montipora,87.1
9/14/2023,15:00,MCAP HEAT,Montipora,69.8
9/14/2023,15:15,MCAP HEAT,Montipora,61.5
9/14/2023,15:30,MCAP HEAT,Montipora,52.2
9/14/2023,15:45,MCAP HEAT,Montipora,66.7
9/14/2023,16:00,MCAP HEAT,Montipora,35.3
9/14/2023,16:15,MCAP HEAT,Montipora,21.7
9/14/2023,16:30,MCAP HEAT,Montipora,30.7
9/14/2023,16:45,MCAP HEAT,Montipora,17.2
9/14/2023,17:00,MCAP HEAT,Montipora,14.1
9/14/2023,17:15,MCAP HEAT,Montipora,18.3
9/14/2023,17:30,MCAP HEAT,Montipora,13
9/14/2023,17:45,MCAP HEAT,Montipora,12.5
9/14/2023,18:00,MCAP HEAT,Montipora,8.8
9/14/2023,18:15,MCAP HEAT,Montipora,5.7
9/14/2023,18:30,MCAP HEAT,Montipora,2
9/14/2023,18:45,MCAP HEAT,Montipora,0.4
9/14/2023,19:00,MCAP HEAT,Montipora,0
9/14/2023,19:15,MCAP HEAT,Montipora,0
9/14/2023,19:30,MCAP HEAT,Montipora,0
9/14/2023,19:45,MCAP HEAT,Montipora,0
9/14/2023,20:00,MCAP HEAT,Montipora,0
9/14/2023,20:15,MCAP HEAT,Montipora,0
9/14/2023,20:30,MCAP HEAT,Montipora,0
9/14/2023,20:45,MCAP HEAT,Montipora,0
9/14/2023,21:00,MCAP HEAT,Montipora,0
9/14/2023,21:15,MCAP HEAT,Montipora,0
9/14/2023,21:30,MCAP HEAT,Montipora,0
9/14/2023,21:45,MCAP HEAT,Montipora,0
9/14/2023,22:00,MCAP HEAT,Montipora,0
9/14/2023,22:15,MCAP HEAT,Montipora,0
9/14/2023,22:30,MCAP HEAT,Montipora,0
9/14/2023,22:45,MCAP HEAT,Montipora,0
9/14/2023,23:00,MCAP HEAT,Montipora,0
9/14/2023,23:15,MCAP HEAT,Montipora,0
9/14/2023,23:30,MCAP HEAT,Montipora,0
9/14/2023,23:45,MCAP HEAT,Montipora,0
9/15/2023,0:00,MCAP HEAT,Montipora,0
9/15/2023,0:15,MCAP HEAT,Montipora,0
9/15/2023,0:30,MCAP HEAT,Montipora,0
9/15/2023,0:45,MCAP HEAT,Montipora,0
9/15/2023,1:00,MCAP HEAT,Montipora,0
9/15/2023,1:15,MCAP HEAT,Montipora,0
9/15/2023,1:30,MCAP HEAT,Montipora,0
9/15/2023,1:45,MCAP HEAT,Montipora,0
9/15/2023,2:00,MCAP HEAT,Montipora,0
9/15/2023,2:15,MCAP HEAT,Montipora,0
9/15/2023,2:30,MCAP HEAT,Montipora,0
9/15/2023,2:45,MCAP HEAT,Montipora,0
9/15/2023,3:00,MCAP HEAT,Montipora,0
9/15/2023,3:15,MCAP HEAT,Montipora,0
9/15/2023,3:30,MCAP HEAT,Montipora,0
9/15/2023,3:45,MCAP HEAT,Montipora,0
9/15/2023,4:00,MCAP HEAT,Montipora,0
9/15/2023,4:15,MCAP HEAT,Montipora,0
9/15/2023,4:30,MCAP HEAT,Montipora,0
9/15/2023,4:45,MCAP HEAT,Montipora,0
9/15/2023,5:00,MCAP HEAT,Montipora,0
9/15/2023,5:15,MCAP HEAT,Montipora,0
9/15/2023,5:30,MCAP HEAT,Montipora,0
9/15/2023,5:45,MCAP HEAT,Montipora,0
9/15/2023,6:00,MCAP HEAT,Montipora,0
9/15/2023,6:15,MCAP HEAT,Montipora,0
9/15/2023,6:30,MCAP HEAT,Montipora,1
9/15/2023,6:45,MCAP HEAT,Montipora,3.4
9/15/2023,7:00,MCAP HEAT,Montipora,5.8
9/15/2023,7:15,MCAP HEAT,Montipora,10
9/15/2023,7:30,MCAP HEAT,Montipora,10.7
9/15/2023,7:45,MCAP HEAT,Montipora,27.7
9/15/2023,8:00,MCAP HEAT,Montipora,88.8
9/15/2023,8:15,MCAP HEAT,Montipora,123
9/15/2023,8:30,MCAP HEAT,Montipora,44
9/15/2023,8:45,MCAP HEAT,Montipora,104.9
9/15/2023,9:00,MCAP HEAT,Montipora,98.2
9/15/2023,9:15,MCAP HEAT,Montipora,72.7
9/15/2023,9:30,MCAP HEAT,Montipora,84.5
9/15/2023,9:45,MCAP HEAT,Montipora,136.5
9/15/2023,10:00,MCAP HEAT,Montipora,200.6
9/15/2023,10:15,MCAP HEAT,Montipora,215.7
9/15/2023,10:30,MCAP HEAT,Montipora,221.3
9/15/2023,10:45,MCAP HEAT,Montipora,92.9
9/15/2023,11:00,MCAP HEAT,Montipora,98.6
9/15/2023,11:15,MCAP HEAT,Montipora,65.4
9/15/2023,11:30,MCAP HEAT,Montipora,74
9/15/2023,11:45,MCAP HEAT,Montipora,77.4
9/15/2023,12:00,MCAP HEAT,Montipora,60.7
9/15/2023,12:15,MCAP HEAT,Montipora,112.7
9/15/2023,12:30,MCAP HEAT,Montipora,163.3
9/15/2023,12:45,MCAP HEAT,Montipora,86
9/15/2023,13:00,MCAP HEAT,Montipora,74.5
9/15/2023,13:15,MCAP HEAT,Montipora,86.2
9/15/2023,13:30,MCAP HEAT,Montipora,107
9/15/2023,13:45,MCAP HEAT,Montipora,74
9/15/2023,14:00,MCAP HEAT,Montipora,69.3
9/15/2023,14:15,MCAP HEAT,Montipora,38.8
9/15/2023,14:30,MCAP HEAT,Montipora,62.5
9/15/2023,14:45,MCAP HEAT,Montipora,98.8
9/15/2023,15:00,MCAP HEAT,Montipora,108.3
9/15/2023,15:15,MCAP HEAT,Montipora,42.5
9/15/2023,15:30,MCAP HEAT,Montipora,39.3
9/15/2023,15:45,MCAP HEAT,Montipora,45.3
9/15/2023,16:00,MCAP HEAT,Montipora,104.6
9/15/2023,16:15,MCAP HEAT,Montipora,148.8
9/15/2023,16:30,MCAP HEAT,Montipora,82.2
9/15/2023,16:45,MCAP HEAT,Montipora,21.4
9/15/2023,17:00,MCAP HEAT,Montipora,17.3
9/15/2023,17:15,MCAP HEAT,Montipora,19.4
9/15/2023,17:30,MCAP HEAT,Montipora,17
9/15/2023,17:45,MCAP HEAT,Montipora,11.4
9/15/2023,18:00,MCAP HEAT,Montipora,8.4
9/15/2023,18:15,MCAP HEAT,Montipora,5.5
9/15/2023,18:30,MCAP HEAT,Montipora,3
9/15/2023,18:45,MCAP HEAT,Montipora,0.7
9/15/2023,19:00,MCAP HEAT,Montipora,0
9/15/2023,19:15,MCAP HEAT,Montipora,0
9/15/2023,19:30,MCAP HEAT,Montipora,0
9/15/2023,19:45,MCAP HEAT,Montipora,0
9/15/2023,20:00,MCAP HEAT,Montipora,0
9/15/2023,20:15,MCAP HEAT,Montipora,0
9/15/2023,20:30,MCAP HEAT,Montipora,0
9/15/2023,20:45,MCAP HEAT,Montipora,0
9/15/2023,21:00,MCAP HEAT,Montipora,0
9/15/2023,21:15,MCAP HEAT,Montipora,0
9/15/2023,21:30,MCAP HEAT,Montipora,0
9/15/2023,21:45,MCAP HEAT,Montipora,0
9/15/2023,22:00,MCAP HEAT,Montipora,0
9/15/2023,22:15,MCAP HEAT,Montipora,0
9/15/2023,22:30,MCAP HEAT,Montipora,0
9/15/2023,22:45,MCAP HEAT,Montipora,0
9/15/2023,23:00,MCAP HEAT,Montipora,0
9/15/2023,23:15,MCAP HEAT,Montipora,0
9/15/2023,23:30,MCAP HEAT,Montipora,0
9/15/2023,23:45,MCAP HEAT,Montipora,0
9/16/2023,0:00,MCAP HEAT,Montipora,0
9/16/2023,0:15,MCAP HEAT,Montipora,0
9/16/2023,0:30,MCAP HEAT,Montipora,0
9/16/2023,0:45,MCAP HEAT,Montipora,0
9/16/2023,1:00,MCAP HEAT,Montipora,0
9/16/2023,1:15,MCAP HEAT,Montipora,0
9/16/2023,1:30,MCAP HEAT,Montipora,0
9/16/2023,1:45,MCAP HEAT,Montipora,0
9/16/2023,2:00,MCAP HEAT,Montipora,0
9/16/2023,2:15,MCAP HEAT,Montipora,0
9/16/2023,2:30,MCAP HEAT,Montipora,0
9/16/2023,2:45,MCAP HEAT,Montipora,0
9/16/2023,3:00,MCAP HEAT,Montipora,0
9/16/2023,3:15,MCAP HEAT,Montipora,0
9/16/2023,3:30,MCAP HEAT,Montipora,0
9/16/2023,3:45,MCAP HEAT,Montipora,0
9/16/2023,4:00,MCAP HEAT,Montipora,0
9/16/2023,4:15,MCAP HEAT,Montipora,0
9/16/2023,4:30,MCAP HEAT,Montipora,0
9/16/2023,4:45,MCAP HEAT,Montipora,0
9/16/2023,5:00,MCAP HEAT,Montipora,0
9/16/2023,5:15,MCAP HEAT,Montipora,0
9/16/2023,5:30,MCAP HEAT,Montipora,0
9/16/2023,5:45,MCAP HEAT,Montipora,0
9/16/2023,6:00,MCAP HEAT,Montipora,0
9/16/2023,6:15,MCAP HEAT,Montipora,0.1
9/16/2023,6:30,MCAP HEAT,Montipora,1.5
9/16/2023,6:45,MCAP HEAT,Montipora,9.5
9/16/2023,7:00,MCAP HEAT,Montipora,22.3
9/16/2023,7:15,MCAP HEAT,Montipora,57.5
9/16/2023,7:30,MCAP HEAT,Montipora,100.7
9/16/2023,7:45,MCAP HEAT,Montipora,125
9/16/2023,8:00,MCAP HEAT,Montipora,134.1
9/16/2023,8:15,MCAP HEAT,Montipora,217.8
9/16/2023,8:30,MCAP HEAT,Montipora,74.7
9/16/2023,8:45,MCAP HEAT,Montipora,78.6
9/16/2023,9:00,MCAP HEAT,Montipora,93.6
9/16/2023,9:15,MCAP HEAT,Montipora,87.4
9/16/2023,9:30,MCAP HEAT,Montipora,94
9/16/2023,9:45,MCAP HEAT,Montipora,152
9/16/2023,10:00,MCAP HEAT,Montipora,181.1
9/16/2023,10:15,MCAP HEAT,Montipora,245.8
9/16/2023,10:30,MCAP HEAT,Montipora,151.3
9/16/2023,10:45,MCAP HEAT,Montipora,111.4
9/16/2023,11:00,MCAP HEAT,Montipora,121.5
9/16/2023,11:15,MCAP HEAT,Montipora,147.2
9/16/2023,11:30,MCAP HEAT,Montipora,121.8
9/16/2023,11:45,MCAP HEAT,Montipora,224.3
9/16/2023,12:00,MCAP HEAT,Montipora,300.4
9/16/2023,12:15,MCAP HEAT,Montipora,307.1
9/16/2023,12:30,MCAP HEAT,Montipora,310
9/16/2023,12:45,MCAP HEAT,Montipora,309.4
9/16/2023,13:00,MCAP HEAT,Montipora,247.1
9/16/2023,13:15,MCAP HEAT,Montipora,185.6
9/16/2023,13:30,MCAP HEAT,Montipora,97.6
9/16/2023,13:45,MCAP HEAT,Montipora,77.6
9/16/2023,14:00,MCAP HEAT,Montipora,82.9
9/16/2023,14:15,MCAP HEAT,Montipora,60.2
9/16/2023,14:30,MCAP HEAT,Montipora,61.9
9/16/2023,14:45,MCAP HEAT,Montipora,76.9
9/16/2023,15:00,MCAP HEAT,Montipora,106.3
9/16/2023,15:15,MCAP HEAT,Montipora,45.7
9/16/2023,15:30,MCAP HEAT,Montipora,36.2
9/16/2023,15:45,MCAP HEAT,Montipora,43.4
9/16/2023,16:00,MCAP HEAT,Montipora,103.9
9/16/2023,16:15,MCAP HEAT,Montipora,95.3
9/16/2023,16:30,MCAP HEAT,Montipora,36.7
9/16/2023,16:45,MCAP HEAT,Montipora,34.3
9/16/2023,17:00,MCAP HEAT,Montipora,18.4
9/16/2023,17:15,MCAP HEAT,Montipora,20.6
9/16/2023,17:30,MCAP HEAT,Montipora,16.8
9/16/2023,17:45,MCAP HEAT,Montipora,9.1
9/16/2023,18:00,MCAP HEAT,Montipora,6.2
9/16/2023,18:15,MCAP HEAT,Montipora,4.1
9/16/2023,18:30,MCAP HEAT,Montipora,2.4
9/16/2023,18:45,MCAP HEAT,Montipora,0.8
9/16/2023,19:00,MCAP HEAT,Montipora,0
9/16/2023,19:15,MCAP HEAT,Montipora,0
9/16/2023,19:30,MCAP HEAT,Montipora,0
9/16/2023,19:45,MCAP HEAT,Montipora,0
9/16/2023,20:00,MCAP HEAT,Montipora,0
9/16/2023,20:15,MCAP HEAT,Montipora,0
9/16/2023,20:30,MCAP HEAT,Montipora,0
9/16/2023,20:45,MCAP HEAT,Montipora,0
9/16/2023,21:00,MCAP HEAT,Montipora,0
9/16/2023,21:15,MCAP HEAT,Montipora,0
9/16/2023,21:30,MCAP HEAT,Montipora,0
9/16/2023,21:45,MCAP HEAT,Montipora,0
9/16/2023,22:00,MCAP HEAT,Montipora,0
9/16/2023,22:15,MCAP HEAT,Montipora,0
9/16/2023,22:30,MCAP HEAT,Montipora,0
9/16/2023,22:45,MCAP HEAT,Montipora,0
9/16/2023,23:00,MCAP HEAT,Montipora,0
9/16/2023,23:15,MCAP HEAT,Montipora,0
9/16/2023,23:30,MCAP HEAT,Montipora,0
9/16/2023,23:45,MCAP HEAT,Montipora,0
9/17/2023,0:00,MCAP HEAT,Montipora,0
9/17/2023,0:15,MCAP HEAT,Montipora,0
9/17/2023,0:30,MCAP HEAT,Montipora,0
9/17/2023,0:45,MCAP HEAT,Montipora,0
9/17/2023,1:00,MCAP HEAT,Montipora,0
9/17/2023,1:15,MCAP HEAT,Montipora,0
9/17/2023,1:30,MCAP HEAT,Montipora,0
9/17/2023,1:45,MCAP HEAT,Montipora,0
9/17/2023,2:00,MCAP HEAT,Montipora,0
9/17/2023,2:15,MCAP HEAT,Montipora,0
9/17/2023,2:30,MCAP HEAT,Montipora,0
9/17/2023,2:45,MCAP HEAT,Montipora,0
9/17/2023,3:00,MCAP HEAT,Montipora,0
9/17/2023,3:15,MCAP HEAT,Montipora,0
9/17/2023,3:30,MCAP HEAT,Montipora,0
9/17/2023,3:45,MCAP HEAT,Montipora,0
9/17/2023,4:00,MCAP HEAT,Montipora,0
9/17/2023,4:15,MCAP HEAT,Montipora,0
9/17/2023,4:30,MCAP HEAT,Montipora,0
9/17/2023,4:45,MCAP HEAT,Montipora,0
9/17/2023,5:00,MCAP HEAT,Montipora,0
9/17/2023,5:15,MCAP HEAT,Montipora,0
9/17/2023,5:30,MCAP HEAT,Montipora,0
9/17/2023,5:45,MCAP HEAT,Montipora,0
9/17/2023,6:00,MCAP HEAT,Montipora,0
9/17/2023,6:15,MCAP HEAT,Montipora,0.1
9/17/2023,6:30,MCAP HEAT,Montipora,1.6
9/17/2023,6:45,MCAP HEAT,Montipora,8.2
9/17/2023,7:00,MCAP HEAT,Montipora,18.6
9/17/2023,7:15,MCAP HEAT,Montipora,41.8
9/17/2023,7:30,MCAP HEAT,Montipora,92.7
9/17/2023,7:45,MCAP HEAT,Montipora,55.4
9/17/2023,8:00,MCAP HEAT,Montipora,54.3
9/17/2023,8:15,MCAP HEAT,Montipora,81.6
9/17/2023,8:30,MCAP HEAT,Montipora,87.8
9/17/2023,8:45,MCAP HEAT,Montipora,92.6
9/17/2023,9:00,MCAP HEAT,Montipora,107.9
9/17/2023,9:15,MCAP HEAT,Montipora,50.6
9/17/2023,9:30,MCAP HEAT,Montipora,49.7
9/17/2023,9:45,MCAP HEAT,Montipora,103.1
9/17/2023,10:00,MCAP HEAT,Montipora,102.3
9/17/2023,10:15,MCAP HEAT,Montipora,118.2
9/17/2023,10:30,MCAP HEAT,Montipora,169.5
9/17/2023,10:45,MCAP HEAT,Montipora,111
9/17/2023,11:00,MCAP HEAT,Montipora,61.9
9/17/2023,11:15,MCAP HEAT,Montipora,128.6
9/17/2023,11:30,MCAP HEAT,Montipora,138.7
9/17/2023,11:45,MCAP HEAT,Montipora,223.7
9/17/2023,12:00,MCAP HEAT,Montipora,241.9
9/17/2023,12:15,MCAP HEAT,Montipora,252.3
9/17/2023,12:30,MCAP HEAT,Montipora,296.4
9/17/2023,12:45,MCAP HEAT,Montipora,180.3
9/17/2023,13:00,MCAP HEAT,Montipora,119.9
9/17/2023,13:15,MCAP HEAT,Montipora,114.8
9/17/2023,13:30,MCAP HEAT,Montipora,106.7
9/17/2023,13:45,MCAP HEAT,Montipora,82.7
9/17/2023,14:00,MCAP HEAT,Montipora,96.6
9/17/2023,14:15,MCAP HEAT,Montipora,64.1
9/17/2023,14:30,MCAP HEAT,Montipora,57.9
9/17/2023,14:45,MCAP HEAT,Montipora,71.1
9/17/2023,15:00,MCAP HEAT,Montipora,69.5
9/17/2023,15:15,MCAP HEAT,Montipora,45.3
9/17/2023,15:30,MCAP HEAT,Montipora,58.4
9/17/2023,15:45,MCAP HEAT,Montipora,44.9
9/17/2023,16:00,MCAP HEAT,Montipora,76.5
9/17/2023,16:15,MCAP HEAT,Montipora,40.3
9/17/2023,16:30,MCAP HEAT,Montipora,44.4
9/17/2023,16:45,MCAP HEAT,Montipora,34.8
9/17/2023,17:00,MCAP HEAT,Montipora,33.6
9/17/2023,17:15,MCAP HEAT,Montipora,29.4
9/17/2023,17:30,MCAP HEAT,Montipora,21.1
9/17/2023,17:45,MCAP HEAT,Montipora,11.8
9/17/2023,18:00,MCAP HEAT,Montipora,5.9
9/17/2023,18:15,MCAP HEAT,Montipora,3.6
9/17/2023,18:30,MCAP HEAT,Montipora,1.1
9/17/2023,18:45,MCAP HEAT,Montipora,0.2
9/17/2023,19:00,MCAP HEAT,Montipora,0
9/17/2023,19:15,MCAP HEAT,Montipora,0
9/17/2023,19:30,MCAP HEAT,Montipora,0
9/17/2023,19:45,MCAP HEAT,Montipora,0
9/17/2023,20:00,MCAP HEAT,Montipora,0
9/17/2023,20:15,MCAP HEAT,Montipora,0
9/17/2023,20:30,MCAP HEAT,Montipora,0
9/17/2023,20:45,MCAP HEAT,Montipora,0
9/17/2023,21:00,MCAP HEAT,Montipora,0
9/17/2023,21:15,MCAP HEAT,Montipora,0
9/17/2023,21:30,MCAP HEAT,Montipora,0
9/17/2023,21:45,MCAP HEAT,Montipora,0
9/17/2023,22:00,MCAP HEAT,Montipora,0
9/17/2023,22:15,MCAP HEAT,Montipora,0
9/17/2023,22:30,MCAP HEAT,Montipora,0
9/17/2023,22:45,MCAP HEAT,Montipora,0
9/17/2023,23:00,MCAP HEAT,Montipora,0
9/17/2023,23:15,MCAP HEAT,Montipora,0
9/17/2023,23:30,MCAP HEAT,Montipora,0
9/17/2023,23:45,MCAP HEAT,Montipora,0
9/18/2023,0:00,MCAP HEAT,Montipora,0
9/18/2023,0:15,MCAP HEAT,Montipora,0
9/18/2023,0:30,MCAP HEAT,Montipora,0
9/18/2023,0:45,MCAP HEAT,Montipora,0
9/18/2023,1:00,MCAP HEAT,Montipora,0
9/18/2023,1:15,MCAP HEAT,Montipora,0
9/18/2023,1:30,MCAP HEAT,Montipora,0
9/18/2023,1:45,MCAP HEAT,Montipora,0
9/18/2023,2:00,MCAP HEAT,Montipora,0
9/18/2023,2:15,MCAP HEAT,Montipora,0
9/18/2023,2:30,MCAP HEAT,Montipora,0
9/18/2023,2:45,MCAP HEAT,Montipora,0
9/18/2023,3:00,MCAP HEAT,Montipora,0
9/18/2023,3:15,MCAP HEAT,Montipora,0
9/18/2023,3:30,MCAP HEAT,Montipora,0
9/18/2023,3:45,MCAP HEAT,Montipora,0
9/18/2023,4:00,MCAP HEAT,Montipora,0
9/18/2023,4:15,MCAP HEAT,Montipora,0
9/18/2023,4:30,MCAP HEAT,Montipora,0
9/18/2023,4:45,MCAP HEAT,Montipora,0
9/18/2023,5:00,MCAP HEAT,Montipora,0
9/18/2023,5:15,MCAP HEAT,Montipora,0
9/18/2023,5:30,MCAP HEAT,Montipora,0
9/18/2023,5:45,MCAP HEAT,Montipora,0
9/18/2023,6:00,MCAP HEAT,Montipora,0
9/18/2023,6:15,MCAP HEAT,Montipora,0.1
9/18/2023,6:30,MCAP HEAT,Montipora,1.4
9/18/2023,6:45,MCAP HEAT,Montipora,7.8
9/18/2023,7:00,MCAP HEAT,Montipora,11
9/18/2023,7:15,MCAP HEAT,Montipora,11.6
9/18/2023,7:30,MCAP HEAT,Montipora,41.1
9/18/2023,7:45,MCAP HEAT,Montipora,97.6
9/18/2023,8:00,MCAP HEAT,Montipora,131.7
9/18/2023,8:15,MCAP HEAT,Montipora,205.1
9/18/2023,8:30,MCAP HEAT,Montipora,75.2
9/18/2023,8:45,MCAP HEAT,Montipora,59.1
9/18/2023,9:00,MCAP HEAT,Montipora,105.4
9/18/2023,9:15,MCAP HEAT,Montipora,59.1
9/18/2023,9:30,MCAP HEAT,Montipora,110.5
9/18/2023,9:45,MCAP HEAT,Montipora,169.3
9/18/2023,10:00,MCAP HEAT,Montipora,191.6
9/18/2023,10:15,MCAP HEAT,Montipora,146.9
9/18/2023,10:30,MCAP HEAT,Montipora,112.9
9/18/2023,10:45,MCAP HEAT,Montipora,65
9/18/2023,11:00,MCAP HEAT,Montipora,81.6
9/18/2023,11:15,MCAP HEAT,Montipora,110.6
9/18/2023,11:30,MCAP HEAT,Montipora,129.6
9/18/2023,11:45,MCAP HEAT,Montipora,179.8
9/18/2023,12:00,MCAP HEAT,Montipora,197.9
9/18/2023,12:15,MCAP HEAT,Montipora,192.4
9/18/2023,12:30,MCAP HEAT,Montipora,161.6
9/18/2023,12:45,MCAP HEAT,Montipora,157.3
9/18/2023,13:00,MCAP HEAT,Montipora,161.1
9/18/2023,13:15,MCAP HEAT,Montipora,117.7
9/18/2023,13:30,MCAP HEAT,Montipora,62.4
9/18/2023,13:45,MCAP HEAT,Montipora,92.7
9/18/2023,14:00,MCAP HEAT,Montipora,7.4
9/18/2023,14:15,MCAP HEAT,Montipora,3.9
9/18/2023,14:30,MCAP HEAT,Montipora,3.7
9/18/2023,14:45,MCAP HEAT,Montipora,3
9/18/2023,15:00,MCAP HEAT,Montipora,3.3
9/18/2023,15:15,MCAP HEAT,Montipora,3.6
9/18/2023,15:30,MCAP HEAT,Montipora,3.5
9/18/2023,15:45,MCAP HEAT,Montipora,3.5
9/18/2023,16:00,MCAP HEAT,Montipora,3.5
9/18/2023,16:15,MCAP HEAT,Montipora,3.5
9/18/2023,16:30,MCAP HEAT,Montipora,3.8
9/18/2023,16:45,MCAP HEAT,Montipora,3.6
9/18/2023,17:00,MCAP HEAT,Montipora,3.6
9/18/2023,17:15,MCAP HEAT,Montipora,3.7
9/18/2023,17:30,MCAP HEAT,Montipora,3.2
9/18/2023,17:45,MCAP HEAT,Montipora,0.1
9/18/2023,18:00,MCAP HEAT,Montipora,0.1
9/18/2023,18:15,MCAP HEAT,Montipora,0
9/18/2023,18:30,MCAP HEAT,Montipora,0
9/18/2023,18:45,MCAP HEAT,Montipora,0
9/18/2023,19:00,MCAP HEAT,Montipora,0
9/18/2023,19:15,MCAP HEAT,Montipora,0
9/18/2023,19:30,MCAP HEAT,Montipora,0
9/18/2023,19:45,MCAP HEAT,Montipora,0
9/18/2023,20:00,MCAP HEAT,Montipora,0
9/18/2023,20:15,MCAP HEAT,Montipora,0
9/18/2023,20:30,MCAP HEAT,Montipora,0
9/18/2023,20:45,MCAP HEAT,Montipora,0
9/18/2023,21:00,MCAP HEAT,Montipora,0
9/18/2023,21:15,MCAP HEAT,Montipora,0
9/18/2023,21:30,MCAP HEAT,Montipora,0
9/18/2023,21:45,MCAP HEAT,Montipora,0
9/18/2023,22:00,MCAP HEAT,Montipora,0
9/18/2023,22:15,MCAP HEAT,Montipora,0
9/18/2023,22:30,MCAP HEAT,Montipora,0
9/18/2023,22:45,MCAP HEAT,Montipora,0
9/18/2023,23:00,MCAP HEAT,Montipora,0
9/18/2023,23:15,MCAP HEAT,Montipora,0
9/18/2023,23:30,MCAP HEAT,Montipora,0
9/18/2023,23:45,MCAP HEAT,Montipora,0
9/19/2023,0:00,MCAP HEAT,Montipora,0
9/19/2023,0:15,MCAP HEAT,Montipora,0
9/19/2023,0:30,MCAP HEAT,Montipora,0
9/19/2023,0:45,MCAP HEAT,Montipora,0
9/19/2023,1:00,MCAP HEAT,Montipora,0
9/19/2023,1:15,MCAP HEAT,Montipora,0
9/19/2023,1:30,MCAP HEAT,Montipora,0
9/19/2023,1:45,MCAP HEAT,Montipora,0
9/19/2023,2:00,MCAP HEAT,Montipora,0
9/19/2023,2:15,MCAP HEAT,Montipora,0
9/19/2023,2:30,MCAP HEAT,Montipora,0
9/19/2023,2:45,MCAP HEAT,Montipora,0
9/19/2023,3:00,MCAP HEAT,Montipora,0
9/19/2023,3:15,MCAP HEAT,Montipora,0
9/19/2023,3:30,MCAP HEAT,Montipora,0
9/19/2023,3:45,MCAP HEAT,Montipora,0
9/19/2023,4:00,MCAP HEAT,Montipora,0
9/19/2023,4:15,MCAP HEAT,Montipora,0
9/19/2023,4:30,MCAP HEAT,Montipora,0
9/19/2023,4:45,MCAP HEAT,Montipora,0
9/19/2023,5:00,MCAP HEAT,Montipora,0
9/19/2023,5:15,MCAP HEAT,Montipora,0
9/19/2023,5:30,MCAP HEAT,Montipora,0
9/19/2023,5:45,MCAP HEAT,Montipora,0
9/19/2023,6:00,MCAP HEAT,Montipora,0
9/19/2023,6:15,MCAP HEAT,Montipora,0
9/19/2023,6:30,MCAP HEAT,Montipora,0
9/19/2023,6:45,MCAP HEAT,Montipora,0.1
9/19/2023,7:00,MCAP HEAT,Montipora,0.2
9/19/2023,7:15,MCAP HEAT,Montipora,0.3
9/19/2023,7:30,MCAP HEAT,Montipora,0.8
9/19/2023,7:45,MCAP HEAT,Montipora,1.3
9/19/2023,8:00,MCAP HEAT,Montipora,1.5
9/19/2023,8:15,MCAP HEAT,Montipora,1.7
9/19/2023,8:30,MCAP HEAT,Montipora,1.5
9/19/2023,8:45,MCAP HEAT,Montipora,0.9
9/19/2023,9:00,MCAP HEAT,Montipora,1.3
9/19/2023,9:15,MCAP HEAT,Montipora,4.1
9/19/2023,9:30,MCAP HEAT,Montipora,4.3
9/19/2023,9:45,MCAP HEAT,Montipora,3.9
9/19/2023,10:00,MCAP HEAT,Montipora,3.9
9/19/2023,10:15,MCAP HEAT,Montipora,4.1
9/19/2023,10:30,MCAP HEAT,Montipora,4
9/19/2023,10:45,MCAP HEAT,Montipora,4
9/19/2023,11:00,MCAP HEAT,Montipora,3.9
9/19/2023,11:15,MCAP HEAT,Montipora,4
9/19/2023,11:30,MCAP HEAT,Montipora,3.6
